vendor_id,month,internal_supplier_candidate,ncr_count_1m,ncr_count_3m,ncr_count_6m,severe_ncr_count_3m,severe_ncr_count_6m,max_severity_6m,exposure_qty_3m,exposure_qty_6m,ncr_rate_3m,severe_rate_3m,loss_rate_3m,material_value_sum_3m,material_value_sum_6m,material_value_max_6m,material_value_missing_count_3m,material_value_missing_count_6m,days_since_last_ncr,recent_severe_flag,supplier_fault_share_6m,internal_fault_share_6m,unknown_fault_share_6m,responsibility_known_count_6m,ncr_rate_change,severe_rate_change,exposure_3m_missing,ncr_rate_3m_missing,severe_rate_3m_missing,loss_rate_3m_missing,days_since_last_ncr_missing,responsibility_share_6m_missing,future_material_value_3m,future_ncr_count_3m,future_severe_ncr_count_3m,future_severe_material_value_3m,future_gr_exposure_3m,future_gr_exposure_raw_3m,future_loss_rate_3m,future_window_end_month,has_complete_future_window,high_future_loss_flag,risk_score,score_decile
1000200000,2025-01,True,89.0,317.0,638.0,0.0,1.0,4.0,0.0,0.0,,,,142822986.5,343773139.58,18437099.72,0.0,0.0,1.0,False,0.4780564263322884,0.4968652037617554,0.0250783699059561,622.0,,,True,True,True,True,False,False,149049953.85,293.0,231.0,149032604.51999998,129756.88,129756.88,1148.6774741541708,2025-04,True,1,0.9710230692277998,10
1000200000,2025-02,True,73.0,293.0,630.0,0.0,0.0,3.0,0.0,0.0,,,,95476110.33,289677621.32,18437099.72,0.0,0.0,1.0,False,0.5079365079365079,0.4873015873015873,0.0047619047619047,627.0,,,True,True,True,True,False,False,159905483.39000002,304.0,243.0,159889226.01999998,105828.42000000001,105828.42000000001,1510.973823630518,2025-05,True,1,0.9688330226241422,10
1000200000,2025-03,True,75.0,237.0,606.0,0.0,0.0,3.0,48450.0,48450.0,0.004891640866873,0.0,1810.5695942208465,87722096.84,298487296.96999997,18437099.72,0.0,0.0,1.0,False,0.4768976897689769,0.5214521452145214,0.0016501650165016,605.0,,,False,False,False,False,False,False,147975937.3,244.0,199.0,147958592.56,78793.3,78793.3,1878.0030700190243,2025-06,True,1,0.9530934415302557,10
1000200000,2025-04,True,147.0,295.0,612.0,1.0,1.0,4.0,110107.0,110107.0,0.0026792120391982,9.082074709146556e-06,1085.8219027854725,119556592.25,262379578.75,18437099.72,1.0,1.0,1.0,True,0.3888888888888889,0.6078431372549019,0.0032679738562091,610.0,,,False,False,False,False,False,False,132170417.61,238.0,198.0,132159399.31,92083.42000000001,92083.42000000001,1435.3179138229896,2025-07,True,1,0.8393284373368012,9
1000200000,2025-05,True,71.0,293.0,586.0,1.0,1.0,4.0,129756.88,129756.88,0.0022580690904405,7.706720445189495e-06,1148.686326690346,149049953.85000002,244526064.18,10841445.92,1.0,1.0,1.0,True,0.3703071672354949,0.6262798634812287,0.0034129692832764,584.0,,,False,False,False,False,False,False,123459726.79,232.0,191.0,123452438.89,70600.88,70600.88,1748.6747773572035,2025-08,True,1,0.8754835565751263,10
1000200000,2025-06,True,86.0,304.0,541.0,1.0,1.0,4.0,105828.42,154278.42,0.0028725743047094,9.449257581281095e-06,1510.988101211376,159905483.39000002,247627580.23,10841445.92,1.0,1.0,2.0,True,0.3493530499075785,0.6414048059149723,0.0092421441774491,536.0,-0.0020190665621636,9.449257581281095e-06,False,False,False,False,False,False,86834869.64,199.0,157.0,86811626.03,45534.0,45534.0,1906.991756670693,2025-09,True,1,0.870076431790952,10
1000200000,2025-07,True,87.0,244.0,539.0,0.0,1.0,4.0,78793.3,188900.3,0.0030967099994542,0.0,1878.0269045718355,147975937.3,267532529.55,10841445.92,0.0,1.0,1.0,False,0.3283858998144712,0.6623376623376623,0.0092764378478664,534.0,0.000417497960256,-9.082074709146556e-06,False,False,False,False,False,False,83639953.06,209.0,151.0,83579241.57,39569.0,39569.0,2113.7213308061664,2025-10,True,1,0.9820604876182539,10
1000200000,2025-08,True,65.0,238.0,531.0,0.0,1.0,4.0,92083.42,221840.3,0.0025846129520384,0.0,1435.3335009711843,132170417.61,281220371.46000004,10841445.92,0.0,1.0,1.0,False,0.32015065913371,0.6685499058380414,0.0112994350282485,525.0,0.0003265438615979,-7.706720445189495e-06,False,False,False,False,False,False,49640691.55,145.0,99.0,49563813.45999999,14239.82,14239.82,3485.802892670506,2025-11,True,1,0.983317996842455,10
1000200000,2025-09,True,80.0,232.0,536.0,0.0,1.0,4.0,70600.88,176429.3,0.0032860780205572,0.0,1748.6995458130266,123459726.79,283365210.18,8917912.5,0.0,1.0,3.0,False,0.3600746268656716,0.6268656716417911,0.0130597014925373,529.0,0.0004135037158477,-9.449257581281095e-06,False,False,False,False,False,False,56594308.519999996,132.0,85.0,56520954.919999994,6644.82,6644.82,8515.775106758834,2025-12,True,1,0.9798532982025896,10
1000200000,2025-10,True,54.0,199.0,443.0,0.0,0.0,3.0,45534.0,124327.3,0.0043703606096543,0.0,1907.0336372820311,86834869.64,234810806.94,8917912.5,0.0,0.0,1.0,False,0.3972911963882618,0.5869074492099323,0.0158013544018058,436.0,0.0012736506102,0.0,False,False,False,False,False,False,32112496.18,66.0,43.0,32073658.939999998,0.0,-21130.46,32112496.18,2026-01,True,1,0.9606536650114651,10
1000200000,2025-11,True,75.0,209.0,447.0,1.0,1.0,4.0,39569.0,131652.41999999998,0.005281912608355,2.527230913088529e-05,2113.7747494250552,83639953.06,215810370.67,3821962.5,1.0,1.0,1.0,True,0.4183445190156599,0.5637583892617449,0.017897091722595,439.0,0.0026972996563165,2.527230913088529e-05,False,False,False,False,False,False,22562687.19,58.0,37.0,22540414.61,2662.7200000000003,2662.7200000000003,8470.367452284774,2026-02,True,1,0.9080540983008459,10
1000501600,2025-01,False,2.0,6.0,7.0,0.0,0.0,3.0,0.0,0.0,,,,18143.12,19349.86,9938.04,0.0,0.0,2.0,False,0.0,0.8571428571428571,0.1428571428571428,6.0,,,True,True,True,True,False,False,1229.09,5.0,0.0,0.0,10.0,10.0,111.73545454545454,2025-04,True,0,0.8291378531794252,9
1000501600,2025-02,False,6.0,11.0,13.0,0.0,0.0,3.0,0.0,0.0,,,,100563.95,102977.43,31828.95,0.0,0.0,6.0,False,0.0,0.8461538461538461,0.1538461538461538,11.0,,,True,True,True,True,False,False,0.03,3.0,0.0,0.0,10.0,10.0,0.002727272727272727,2025-05,True,0,0.7833697970644886,9
1000501600,2025-03,False,2.0,10.0,15.0,0.0,0.0,3.0,0.0,0.0,,,,101791.22000000002,104206.49,31828.95,0.0,0.0,17.0,False,0.0666666666666666,0.8,0.1333333333333333,13.0,,,True,True,True,True,False,False,0.01,1.0,0.0,0.0,0.0,0.0,0.01,2025-06,True,0,0.8029582710820296,9
1000501600,2025-04,False,3.0,11.0,17.0,0.0,0.0,3.0,10.0,10.0,1.1,0.0,8485.666000000001,84856.66,102999.78,31828.95,0.0,0.0,11.0,False,0.2352941176470588,0.6470588235294118,0.1176470588235294,15.0,,,False,False,False,False,False,False,0.01,1.0,0.0,0.0,0.0,0.0,0.01,2025-07,True,0,0.8964705932158915,10
1000501600,2025-06,False,0.0,3.0,13.0,0.0,0.0,3.0,10.0,10.0,0.3,0.0,0.003,0.03,101791.25,31828.95,0.0,0.0,72.0,False,0.3076923076923077,0.5384615384615384,0.1538461538461538,11.0,,,False,False,False,False,False,False,0.0,0.0,0.0,0.0,0.0,0.0,0.0,2025-09,True,0,0.49280387334411385,7
1000501600,2025-10,False,0.0,0.0,1.0,0.0,0.0,3.0,0.0,0.0,,,,0.0,0.01,0.01,0.0,0.0,118.0,False,1.0,0.0,0.0,1.0,,,True,True,True,True,False,False,9912.65,2.0,1.0,769.0,2.0,2.0,3304.2166666666667,2026-01,True,1,0.12570229957019904,4
1000501600,2025-11,False,0.0,0.0,1.0,0.0,0.0,3.0,18.0,18.0,0.0,0.0,0.0,0.0,0.01,0.01,0.0,0.0,149.0,False,1.0,0.0,0.0,1.0,,,False,False,False,False,False,False,0.0,0.0,0.0,0.0,2.0,2.0,0.0,2026-02,True,0,0.05331292228638309,3
1000502000,2025-03,False,0.0,1.0,4.0,0.0,0.0,3.0,0.0,0.0,,,,798.97,1141.0500000004656,798.97,0.0,0.0,86.0,False,0.75,0.25,0.0,4.0,,,True,True,True,True,False,False,343.07,2.0,0.0,0.0,0.0,0.0,343.07,2025-06,True,1,0.5571015520146098,8
1000502000,2025-04,False,0.0,0.0,4.0,0.0,0.0,3.0,4.0,4.0,0.0,0.0,0.0,0.0,1141.0500000004656,798.97,0.0,0.0,117.0,False,0.75,0.25,0.0,4.0,,,False,False,False,False,False,False,31829.95,2.0,1.0,31828.95,0.0,0.0,31829.95,2025-07,True,1,0.286355609370504,6
1000502000,2025-05,False,1.0,1.0,5.0,0.0,0.0,3.0,4.0,4.0,0.25,0.0,85.5175,342.07,1483.1200000004656,798.97,0.0,0.0,9.0,False,0.8,0.2,0.0,5.0,,,False,False,False,False,False,False,31828.95,1.0,1.0,31828.95,0.0,0.0,31828.95,2025-08,True,1,0.6347303078964105,8
1000502000,2025-07,False,0.0,2.0,2.0,0.0,0.0,3.0,0.0,4.0,,,,343.07,343.07000000046565,342.07,0.0,0.0,32.0,False,0.5,0.5,0.0,2.0,,,True,True,True,True,False,False,31828.95,1.0,1.0,31828.95,0.0,0.0,31828.95,2025-10,True,1,0.47037095513963895,7
1000502000,2025-10,False,0.0,1.0,3.0,0.0,0.0,3.0,0.0,0.0,,,,31828.95,32172.020000000462,31828.95,0.0,0.0,86.0,False,0.6666666666666666,0.3333333333333333,0.0,3.0,,,True,True,True,True,False,False,31828.95,1.0,1.0,31828.95,0.0,0.0,31828.95,2026-01,True,1,0.8222736574268616,9
1000502000,2025-11,False,1.0,1.0,3.0,0.0,0.0,3.0,0.0,0.0,,,,31828.95,63658.90000000047,31828.95,0.0,0.0,16.0,False,0.6666666666666666,0.3333333333333333,0.0,3.0,,,True,True,True,True,False,False,528.22,2.0,0.0,0.0,0.0,0.0,528.22,2026-02,True,1,0.8435033161335886,9
1001000024,2025-06,False,0.0,0.0,0.0,0.0,0.0,0.0,0.0,0.0,,,,0.0,0.0,0.0,0.0,0.0,221.0,False,,,,0.0,,,True,True,True,True,False,True,17552.0,1.0,1.0,17552.0,0.0,0.0,17552.0,2025-09,True,1,0.19986821837523328,5
1001000024,2025-08,False,0.0,5.0,5.0,0.0,0.0,3.0,0.0,0.0,,,,1438.14,1438.14,1002.34,0.0,0.0,35.0,False,0.8,0.2,0.0,5.0,,,True,True,True,True,False,False,0.0,0.0,0.0,0.0,0.0,0.0,0.0,2025-11,True,0,0.49123295939171974,7
1001000025,2025-03,False,0.0,0.0,0.0,0.0,0.0,0.0,0.0,0.0,,,,0.0,0.0,0.0,0.0,0.0,290.0,False,,,,0.0,,,True,True,True,True,False,True,0.0,0.0,0.0,0.0,24.0,24.0,0.0,2025-06,True,0,0.19028639718184182,5
1001000025,2025-06,False,0.0,1.0,1.0,0.0,0.0,3.0,64.0,64.0,0.015625,0.0,17.140625,1097.0,1097.0,1097.0,0.0,0.0,66.0,False,1.0,0.0,0.0,1.0,,,False,False,False,False,False,False,2194.0,2.0,2.0,2194.0,16.0,16.0,129.05882352941177,2025-09,True,0,0.4700062038309468,7
1001000025,2025-07,False,0.0,0.0,1.0,0.0,0.0,3.0,24.0,88.0,0.0,0.0,0.0,0.0,1097.0,1097.0,0.0,0.0,96.0,False,1.0,0.0,0.0,1.0,-0.015625,0.0,False,False,False,False,False,False,1097.0,1.0,1.0,1097.0,16.0,16.0,64.52941176470588,2025-10,True,0,0.23510431570783047,5
1001000025,2025-08,False,1.0,1.0,2.0,0.0,0.0,3.0,24.0,88.0,0.0416666666666666,0.0,45.708333333333336,1097.0,2194.0,1097.0,0.0,0.0,30.0,False,1.0,0.0,0.0,2.0,0.0260416666666666,0.0,False,False,False,False,False,False,1097.0,1.0,1.0,1097.0,16.0,16.0,64.52941176470588,2025-11,True,0,0.5155466020756222,7
1001000025,2025-09,False,1.0,2.0,3.0,0.0,0.0,3.0,24.0,88.0,0.0833333333333333,0.0,91.41666666666669,2194.0,3291.0,1097.0,0.0,0.0,18.0,False,1.0,0.0,0.0,3.0,0.0677083333333333,0.0,False,False,False,False,False,False,1097.0,1.0,1.0,1097.0,0.0,0.0,1097.0,2025-12,True,1,0.5484895847996567,7
1001000025,2025-11,False,0.0,1.0,2.0,0.0,0.0,3.0,16.0,40.0,0.0625,0.0,68.5625,1097.0,2194.0,1097.0,0.0,0.0,79.0,False,1.0,0.0,0.0,2.0,0.0208333333333333,0.0,False,False,False,False,False,False,0.0,0.0,0.0,0.0,0.0,0.0,0.0,2026-02,True,0,0.5838950432764771,8
2000000501,2025-02,False,0.0,0.0,1.0,0.0,0.0,3.0,0.0,0.0,,,,0.0,2364.65,2364.65,0.0,0.0,135.0,False,0.0,1.0,0.0,1.0,,,True,True,True,True,False,False,70870.68,2.0,2.0,70870.68,0.0,0.0,70870.68,2025-05,True,1,0.5497436800140181,7
2000000501,2025-04,False,0.0,1.0,1.0,0.0,0.0,3.0,0.0,0.0,,,,2704.26,2704.26,2704.26,0.0,0.0,55.0,False,0.0,1.0,0.0,1.0,,,True,True,True,True,False,False,3.05,1.0,1.0,3.05,0.0,0.0,3.05,2025-07,True,0,0.7253165518682796,9
2000000501,2025-07,False,0.0,2.0,3.0,0.0,0.0,3.0,0.0,0.0,,,,70870.68,73574.93999999999,38419.56,0.0,0.0,67.0,False,0.6666666666666666,0.3333333333333333,0.0,3.0,,,True,True,True,True,False,False,1.8,1.0,1.0,1.8,0.0,0.0,1.8,2025-10,True,0,0.8339514648286247,9
2000000501,2025-09,False,0.0,1.0,3.0,0.0,0.0,3.0,0.0,0.0,,,,3.05,70873.73,38419.56,0.0,0.0,38.0,False,1.0,0.0,0.0,3.0,,,True,True,True,True,False,False,0.0,0.0,0.0,0.0,0.0,-1.0,0.0,2025-12,True,0,0.6787311817768177,8
2000000532,2025-02,False,0.0,1.0,1.0,0.0,0.0,3.0,0.0,0.0,,,,20.32,20.32,20.32,0.0,0.0,60.0,False,0.0,1.0,0.0,1.0,,,True,True,True,True,False,False,429.02000000000004,4.0,3.0,429.02000000000004,0.0,0.0,429.02000000000004,2025-05,True,1,0.3140084524781581,6
2000000532,2025-05,False,0.0,2.0,3.0,0.0,0.0,3.0,0.0,0.0,,,,185.56,205.88,170.84,0.0,0.0,76.0,False,0.0,1.0,0.0,3.0,,,True,True,True,True,False,False,0.0,1.0,0.0,0.0,0.0,0.0,0.0,2025-08,True,0,0.4252809460960723,7
2000000532,2025-06,False,4.0,4.0,7.0,0.0,0.0,3.0,0.0,0.0,,,,429.02,634.9000000000001,314.16,0.0,0.0,10.0,False,0.2857142857142857,0.7142857142857143,0.0,7.0,,,True,True,True,True,False,False,0.0,1.0,1.0,0.0,0.0,0.0,0.0,2025-09,True,0,0.3398477284297358,6
2000000532,2025-09,False,0.0,1.0,5.0,0.0,0.0,3.0,0.0,0.0,,,,0.0,429.02,314.16,0.0,0.0,69.0,False,0.6,0.4,0.0,5.0,,,True,True,True,True,False,False,1190.49,10.0,10.0,1190.49,0.0,0.0,1190.49,2025-12,True,1,0.3356673560326797,6
2000000532,2025-10,False,1.0,1.0,6.0,0.0,0.0,3.0,0.0,0.0,,,,0.0,429.02,314.16,0.0,0.0,21.0,False,0.6666666666666666,0.3333333333333333,0.0,6.0,,,True,True,True,True,False,False,0.0,0.0,0.0,0.0,0.0,0.0,0.0,2026-01,True,0,0.3167943557224848,6
2000000692,2025-01,False,1.0,4.0,9.0,0.0,0.0,3.0,0.0,0.0,,,,49075.68,144196.31999999998,31706.88,0.0,0.0,28.0,False,1.0,0.0,0.0,9.0,,,True,True,True,True,False,False,43049.44,4.0,3.0,29479.440000000002,2415.0,2415.0,17.818476821192053,2025-04,True,0,0.7541165104750132,9
2000000692,2025-03,False,0.0,5.0,8.0,0.0,0.0,3.0,0.0,0.0,,,,43105.44,76327.68,15853.44,0.0,0.0,57.0,False,1.0,0.0,0.0,8.0,,,True,True,True,True,False,False,29514.04,4.0,3.0,13660.6,2574.0,2574.0,11.461763106796116,2025-06,True,0,0.7352427810256783,9
2000000692,2025-04,False,2.0,6.0,10.0,0.0,0.0,3.0,144.0,144.0,0.0416666666666666,0.0,393.5794444444445,56675.44,105751.12,15853.44,0.0,0.0,21.0,False,1.0,0.0,0.0,10.0,,,False,False,False,False,False,False,79301.8,4.0,3.0,63448.36,303.0,303.0,260.86118421052635,2025-07,True,0,0.688786159392205,8
2000000692,2025-05,False,2.0,4.0,11.0,0.0,0.0,3.0,2415.0,2415.0,0.0016563146997929,0.0,17.82585507246377,43049.44,103523.68,15853.44,0.0,0.0,2.0,False,1.0,0.0,0.0,11.0,,,False,False,False,False,False,False,142680.96,6.0,3.0,95120.64,0.0,0.0,142680.96,2025-08,True,1,0.570036283140246,8
2000000692,2025-07,False,0.0,4.0,10.0,0.0,0.0,3.0,2574.0,2718.0,0.0015540015540015,0.0,11.466216006216008,29514.04,86189.48000000001,15853.44,0.0,0.0,41.0,False,0.9,0.1,0.0,10.0,-0.0401126651126651,0.0,False,False,False,False,False,False,95120.64,5.0,1.0,31706.88,127.0,127.0,743.13,2025-10,True,1,0.5203952172661782,7
2000000692,2025-08,False,2.0,4.0,8.0,0.0,0.0,3.0,303.0,2718.0,0.0132013201320132,0.0,261.72211221122114,79301.8,122351.24,31706.88,0.0,0.0,3.0,False,0.875,0.125,0.0,8.0,0.0115450054322202,0.0,False,False,False,False,False,False,31706.88,2.0,0.0,0.0,493.0,493.0,64.18396761133603,2025-11,True,0,0.7637542671766129,9
2000000692,2025-09,False,4.0,6.0,12.0,0.0,0.0,3.0,0.0,2718.0,,,,142680.96,201618.44,31706.88,0.0,0.0,11.0,False,0.9166666666666666,0.0833333333333333,0.0,12.0,,,True,True,True,True,False,False,95120.64,5.0,1.0,31706.88,370.0,370.0,256.3898652291105,2025-12,True,0,0.5975332207085758,8
2000000692,2025-10,False,0.0,6.0,10.0,0.0,0.0,3.0,123.0,2697.0,0.048780487804878,0.0,1160.007804878049,142680.96000000002,172195.0,31706.88,0.0,0.0,41.0,False,0.9,0.1,0.0,10.0,0.0472264862508765,0.0,False,False,False,False,False,False,79267.2,4.0,1.0,31706.88,366.0,366.0,215.9869209809264,2026-01,True,0,0.8095455598384119,9
2000000692,2025-11,False,1.0,5.0,9.0,0.0,0.0,3.0,127.0,430.0,0.0393700787401574,0.0,748.9814173228347,95120.64,174422.44,31706.88,0.0,0.0,28.0,False,0.8888888888888888,0.1111111111111111,0.0,9.0,0.0261687586081442,0.0,False,False,False,False,False,False,95120.64,5.0,1.0,31706.88,0.0,0.0,95120.64,2026-02,True,1,0.7847418544765593,9
2000001452,2025-01,False,5.0,12.0,21.0,0.0,0.0,3.0,0.0,0.0,,,,11243.96,23649.61,1946.59,0.0,0.0,9.0,False,0.9523809523809524,0.0476190476190476,0.0,21.0,,,True,True,True,True,False,False,291.87,2.0,2.0,291.87,1325.0,1325.0,0.2201131221719457,2025-04,True,0,0.40827755218654777,6
2000001452,2025-02,False,3.0,9.0,22.0,0.0,0.0,3.0,0.0,0.0,,,,5550.93,27083.550000000003,3793.84,0.0,0.0,2.0,False,0.9545454545454546,0.0454545454545454,0.0,22.0,,,True,True,True,True,False,False,294.71,4.0,4.0,294.71,1017.0,1017.0,0.28949901768172887,2025-05,True,0,0.554924262493968,7
2000001452,2025-03,False,0.0,8.0,21.0,0.0,0.0,3.0,308.0,308.0,0.0259740259740259,0.0,17.41288961038961,5363.17,25136.96,3793.84,0.0,0.0,30.0,False,0.9523809523809524,0.0476190476190476,0.0,21.0,,,False,False,False,False,False,False,482.86,6.0,6.0,482.86,2684.0,2684.0,0.17983612662942272,2025-06,True,0,0.41776122476906835,6
2000001452,2025-04,False,1.0,4.0,16.0,0.0,0.0,3.0,612.0,612.0,0.0065359477124183,0.0,6.9159803921568646,4232.580000000001,15476.54,3793.84,0.0,0.0,22.0,False,0.9375,0.0625,0.0,16.0,,,False,False,False,False,False,False,482.99,6.0,6.0,482.99,3040.0,3040.0,0.1588260440644525,2025-07,True,0,0.3430304630166496,6
2000001452,2025-05,False,1.0,2.0,11.0,0.0,0.0,3.0,1325.0,1325.0,0.0015094339622641,0.0,0.2202792452830188,291.87,5842.8,3793.84,0.0,0.0,21.0,False,0.9090909090909092,0.0909090909090909,0.0,11.0,,,False,False,False,False,False,False,1474.58,6.0,6.0,1474.58,3072.0,3072.0,0.47985030914415877,2025-08,True,0,0.21029948901776382,5
2000001452,2025-06,False,2.0,4.0,12.0,0.0,0.0,3.0,1017.0,1325.0,0.0039331366764995,0.0,0.2897836774827925,294.71,5657.88,3793.84,0.0,0.0,11.0,False,0.75,0.25,0.0,12.0,-0.0220408892975264,0.0,False,False,False,False,False,False,4991.849999999999,5.0,3.0,1098.6699999999998,1101.0,1101.0,4.529809437386569,2025-09,True,0,0.17545799415724514,4
2000001452,2025-07,False,3.0,6.0,10.0,0.0,0.0,3.0,2684.0,3296.0,0.0022354694485842,0.0,0.179903129657228,482.86,4715.4400000000005,3793.84,0.0,0.0,4.0,False,0.8,0.2,0.0,10.0,-0.004300478263834,0.0,False,False,False,False,False,False,8773.83,5.0,2.0,994.43,32.0,32.0,265.87363636363636,2025-10,True,0,0.14047636040577177,4
2000001452,2025-08,False,1.0,6.0,8.0,0.0,0.0,3.0,3040.0,4365.0,0.0019736842105263,0.0,0.1588782894736842,482.99,774.86,268.43,0.0,0.0,9.0,False,0.625,0.375,0.0,8.0,0.0004642502482621,0.0,False,False,False,False,False,False,7779.4,3.0,0.0,0.0,0.0,0.0,7779.4,2025-11,True,1,0.10468929389103131,4
2000001452,2025-09,False,2.0,6.0,10.0,0.0,0.0,3.0,3072.0,4089.0,0.001953125,0.0,0.4800065104166666,1474.58,1769.29,540.29,0.0,0.0,21.0,False,0.7,0.3,0.0,10.0,-0.0019800116764995,0.0,False,False,False,False,False,False,7772.389999999999,4.0,2.0,3571.9700000000003,840.0,840.0,9.241843043995242,2025-12,True,0,0.10249669492700858,4
2000001452,2025-10,False,2.0,5.0,11.0,0.0,0.0,3.0,1101.0,3785.0,0.0045413260672116,0.0,4.533923705722071,4991.849999999999,5474.71,1946.59,0.0,0.0,1.0,False,0.7272727272727273,0.2727272727272727,0.0,11.0,0.0023058566186274,0.0,False,False,False,False,False,False,3886.17,3.0,2.0,3571.9700000000003,840.0,840.0,4.62089179548157,2026-01,True,0,0.3203002961733146,6
2000001844,2025-01,False,0.0,3.0,9.0,0.0,0.0,3.0,0.0,0.0,,,,2256.42,3404.1899999999982,1797.18,0.0,0.0,58.0,False,0.4444444444444444,0.5555555555555556,0.0,9.0,,,True,True,True,True,False,False,4308.469999999999,7.0,3.0,608.04,0.0,0.0,4308.469999999999,2025-04,True,1,0.5888611918183653,8
2000001844,2025-02,False,10.0,11.0,15.0,0.0,0.0,3.0,0.0,0.0,,,,8752.03,10640.239999999998,3264.73,0.0,0.0,3.0,False,0.2,0.8,0.0,15.0,,,True,True,True,True,False,False,1814.79,5.0,3.0,608.04,0.0,0.0,1814.79,2025-05,True,1,0.4301029379797549,7
2000001844,2025-03,False,3.0,13.0,17.0,0.0,0.0,3.0,0.0,0.0,,,,10820.81,13124.69,3264.73,0.0,0.0,4.0,False,0.1176470588235294,0.8823529411764706,0.0,17.0,,,True,True,True,True,False,False,1478.0,8.0,3.0,138.09,0.0,0.0,1478.0,2025-06,True,1,0.5313724337003012,7
2000001844,2025-04,False,1.0,14.0,17.0,0.0,0.0,3.0,0.0,0.0,,,,11290.76,13547.18,3264.73,0.0,0.0,1.0,False,0.1764705882352941,0.8235294117647058,0.0,17.0,,,True,True,True,True,False,False,266.30999999999995,6.0,1.0,0.0,0.0,0.0,266.30999999999995,2025-07,True,0,0.6479312850989704,8
2000001844,2025-05,False,3.0,7.0,18.0,0.0,0.0,3.0,0.0,0.0,,,,4308.47,13060.5,3264.73,0.0,0.0,16.0,False,0.1666666666666666,0.8333333333333334,0.0,18.0,,,True,True,True,True,False,False,266.29999999999995,7.0,3.0,0.0,0.0,0.0,266.29999999999995,2025-08,True,0,0.5035075111881029,7
2000001844,2025-06,False,1.0,5.0,18.0,0.0,0.0,3.0,0.0,0.0,,,,1814.79,12635.6,3264.73,0.0,0.0,24.0,False,0.1666666666666666,0.8333333333333334,0.0,18.0,,,True,True,True,True,False,False,133.14,3.0,2.0,0.0,0.0,0.0,133.14,2025-09,True,0,0.5720981337198676,8
2000001844,2025-07,False,4.0,8.0,22.0,0.0,0.0,3.0,0.0,0.0,,,,1478.0,12768.76,3264.73,0.0,0.0,5.0,False,0.1363636363636363,0.8636363636363636,0.0,22.0,,,True,True,True,True,False,False,4537.71,6.0,2.0,0.0,0.0,0.0,4537.71,2025-10,True,1,0.48944156667002064,7
2000001844,2025-08,False,1.0,6.0,13.0,0.0,0.0,3.0,0.0,0.0,,,,266.30999999999995,4574.78,1329.13,0.0,0.0,4.0,False,0.0769230769230769,0.9230769230769232,0.0,13.0,,,True,True,True,True,False,False,5012.21,5.0,1.0,474.5,0.0,-3.0,5012.21,2025-11,True,1,0.5409529967584065,7
2000001844,2025-10,False,0.0,3.0,11.0,0.0,0.0,3.0,0.0,0.0,,,,133.14,1611.14,1206.74,0.0,0.0,51.0,False,0.1818181818181818,0.8181818181818182,0.0,11.0,,,True,True,True,True,False,False,9361.95,7.0,1.0,474.5,0.0,-3.0,9361.95,2026-01,True,1,0.49433062049194476,7
2000001844,2025-11,False,4.0,6.0,12.0,0.0,0.0,3.0,0.0,0.0,,,,4537.71,4804.02,3472.58,0.0,0.0,5.0,False,0.25,0.75,0.0,12.0,,,True,True,True,True,False,False,8887.45,7.0,0.0,0.0,0.0,0.0,8887.45,2026-02,True,1,0.5189925076258067,7
2000002674,2025-11,False,0.0,0.0,0.0,0.0,0.0,0.0,0.0,0.0,,,,0.0,0.0,0.0,0.0,0.0,1258.0,False,,,,0.0,,,True,True,True,True,False,True,0.0,0.0,0.0,0.0,0.0,0.0,0.0,2026-02,True,0,0.14449347760426337,4
2000004072,2025-04,False,0.0,0.0,2.0,0.0,0.0,2.0,0.0,0.0,,,,0.0,155.16,155.16,0.0,0.0,136.0,False,0.5,0.5,0.0,2.0,,,True,True,True,True,False,False,0.0,0.0,0.0,0.0,0.0,0.0,0.0,2025-07,True,0,0.3536314323112869,6
2000004072,2025-08,False,0.0,0.0,1.0,0.0,0.0,2.0,0.0,0.0,,,,0.0,0.0,0.0,0.0,0.0,115.0,False,1.0,0.0,0.0,1.0,,,True,True,True,True,False,False,0.0,0.0,0.0,0.0,0.0,0.0,0.0,2025-11,True,0,0.12884892794478797,4
2000004123,2025-02,True,0.0,3.0,5.0,0.0,0.0,3.0,0.0,0.0,,,,823.3499999999998,1760.74,937.38,0.0,0.0,44.0,False,0.2,0.8,0.0,5.0,,,True,True,True,True,False,False,135.22,1.0,1.0,135.22,0.0,0.0,135.22,2025-05,True,0,0.961290369115916,10
2000004123,2025-03,True,1.0,2.0,5.0,0.0,0.0,3.0,0.0,0.0,,,,1625.7799999999995,2573.62,937.38,0.0,0.0,9.0,False,0.4,0.6,0.0,5.0,,,True,True,True,True,False,False,58.87,1.0,1.0,58.87,0.0,0.0,58.87,2025-06,True,0,0.9695198885889421,10
2000004123,2025-06,True,0.0,1.0,3.0,0.0,0.0,3.0,0.0,0.0,,,,135.21999999999977,1761.0,812.89,0.0,0.0,76.0,False,1.0,0.0,0.0,3.0,,,True,True,True,True,False,False,0.0,0.0,0.0,0.0,0.0,0.0,0.0,2025-09,True,0,0.954321889755309,10
2000004123,2025-11,True,0.0,0.0,1.0,0.0,0.0,3.0,0.0,0.0,,,,0.0,58.87,58.87,0.0,0.0,142.0,False,0.0,1.0,0.0,1.0,,,True,True,True,True,False,False,0.01,1.0,1.0,0.01,0.0,0.0,0.01,2026-02,True,0,0.9051248527268682,10
2000010197,2025-04,False,0.0,0.0,1.0,0.0,0.0,2.0,0.0,0.0,,,,0.0,539.53,539.53,0.0,0.0,159.0,False,1.0,0.0,0.0,1.0,,,True,True,True,True,False,False,0.0,0.0,0.0,0.0,0.0,0.0,0.0,2025-07,True,0,0.39117432187307644,6
2000010197,2025-09,False,0.0,0.0,0.0,0.0,0.0,0.0,0.0,10.0,,,,0.0,0.0,0.0,0.0,0.0,312.0,False,,,,0.0,,,True,True,True,True,False,True,0.0,0.0,0.0,0.0,0.0,0.0,0.0,2025-12,True,0,0.16540089073015748,4
2000033413,2025-01,False,1.0,8.0,17.0,0.0,0.0,3.0,0.0,0.0,,,,364266.32,815926.23,109975.9,0.0,1.0,26.0,False,0.8823529411764706,0.0588235294117647,0.0588235294117647,16.0,,,True,True,True,True,False,False,439903.6,4.0,4.0,439903.6,35.0,35.0,12219.544444444444,2025-04,True,1,0.9416703726238191,10
2000033413,2025-03,False,0.0,4.0,14.0,0.0,0.0,3.0,0.0,0.0,,,,338512.35,697365.6799999999,109975.9,0.0,0.0,33.0,False,0.9285714285714286,0.0714285714285714,0.0,14.0,,,True,True,True,True,False,False,1012626.8700000001,13.0,13.0,1012626.8700000001,64.0,64.0,15578.874923076924,2025-06,True,1,0.8776404528078872,10
2000033413,2025-04,False,2.0,5.0,13.0,0.0,0.0,3.0,32.0,32.0,0.15625,0.0,17183.734375,549879.5,914145.82,109975.9,0.0,0.0,11.0,False,0.9230769230769232,0.0769230769230769,0.0,13.0,,,False,False,False,False,False,False,1035470.63,16.0,15.0,1029796.17,104.0,104.0,9861.625047619047,2025-07,True,1,0.9428595174401989,10
2000033413,2025-05,False,2.0,4.0,12.0,0.0,0.0,3.0,35.0,35.0,0.1142857142857142,0.0,12568.674285714284,439903.6,1015537.05,109975.9,0.0,0.0,16.0,False,0.9166666666666666,0.0833333333333333,0.0,12.0,,,False,False,False,False,False,False,595567.04,13.0,12.0,589892.58,70.0,70.0,8388.268169014085,2025-08,True,1,0.9395048360109503,10
2000033413,2025-06,False,5.0,9.0,13.0,0.0,0.0,3.0,69.0,69.0,0.1304347826086956,0.0,12875.24420289855,888391.85,1226904.2,109975.9,0.0,0.0,5.0,False,0.8461538461538461,0.1538461538461538,0.0,13.0,,,False,False,False,False,False,False,251380.21999999997,7.0,6.0,245705.75999999998,108.0,108.0,2306.2405504587155,2025-09,True,1,0.9107688442301722,10
2000033413,2025-07,False,6.0,13.0,18.0,0.0,0.0,3.0,64.0,96.0,0.203125,0.0,15822.294843750002,1012626.87,1562506.37,109975.9,0.0,0.0,6.0,False,0.8333333333333334,0.1666666666666666,0.0,18.0,0.046875,0.0,False,False,False,False,False,False,347097.04,9.0,9.0,347097.04,83.0,83.0,4132.107619047619,2025-10,True,1,0.8871124306335743,10
2000033413,2025-08,False,5.0,16.0,20.0,0.0,0.0,3.0,104.0,139.0,0.1538461538461538,0.0,9956.448365384616,1035470.63,1475374.2299999995,109975.9,0.0,0.0,2.0,False,0.75,0.25,0.0,20.0,0.0395604395604395,0.0,False,False,False,False,False,False,448488.29,9.0,9.0,448488.29,83.0,83.0,5339.14630952381,2025-11,True,1,0.8890218876816204,10
2000033413,2025-09,False,2.0,13.0,22.0,0.0,0.0,3.0,70.0,139.0,0.1857142857142857,0.0,8508.100571428571,595567.0399999999,1483958.89,109975.9,0.0,0.0,17.0,False,0.7727272727272727,0.2272727272727272,0.0,22.0,0.05527950310559,0.0,False,False,False,False,False,False,457072.94999999995,11.0,11.0,457072.94999999995,64.0,64.0,7031.8915384615375,2025-12,True,1,0.8814987529269172,10
2000033413,2025-10,False,0.0,7.0,20.0,0.0,0.0,3.0,108.0,172.0,0.0648148148148148,0.0,2327.5946296296293,251380.21999999997,1264007.09,109975.9,0.0,0.0,47.0,False,0.75,0.25,0.0,20.0,-0.1383101851851851,0.0,False,False,False,False,False,False,338512.37,6.0,6.0,338512.37,99.0,99.0,3385.1237,2026-01,True,1,0.9087094460296384,10
2000033413,2025-11,False,7.0,9.0,25.0,0.0,0.0,3.0,83.0,187.0,0.108433734939759,0.0,4181.892048192772,347097.04000000004,1382567.67,109975.9,0.0,0.0,2.0,False,0.84,0.16,0.0,25.0,-0.0454124189063948,0.0,False,False,False,False,False,False,338512.36,5.0,5.0,338512.36,99.0,99.0,3385.1236,2026-02,True,1,0.8738899751407652,10
2000033414,2025-05,False,0.0,0.0,0.0,0.0,0.0,0.0,0.0,0.0,,,,0.0,0.0,0.0,0.0,0.0,461.0,False,,,,0.0,,,True,True,True,True,False,True,0.0,0.0,0.0,0.0,0.0,0.0,0.0,2025-08,True,0,0.17474158887465235,4
2000033415,2025-02,False,0.0,1.0,3.0,0.0,0.0,3.0,0.0,0.0,,,,14340.96,14363.9,14340.96,0.0,0.0,37.0,False,1.0,0.0,0.0,3.0,,,True,True,True,True,False,False,199.76000000000002,2.0,2.0,199.76000000000002,1388.0,1388.0,0.14381569474442046,2025-05,True,0,0.7928782434946539,9
2000033415,2025-03,False,3.0,4.0,4.0,0.0,0.0,3.0,0.0,0.0,,,,14576.14,14576.14,14340.96,0.0,0.0,3.0,False,0.5,0.5,0.0,4.0,,,True,True,True,True,False,False,199.76000000000002,2.0,2.0,199.76000000000002,1527.0,1527.0,0.13073298429319374,2025-06,True,0,0.7043790104350015,8
2000033415,2025-04,False,0.0,3.0,4.0,0.0,0.0,3.0,82.0,82.0,0.0365853658536585,0.0,2.8680487804878045,235.18,14576.14,14340.96,0.0,0.0,34.0,False,0.5,0.5,0.0,4.0,,,False,False,False,False,False,False,1770.3500000000001,5.0,5.0,1770.3500000000001,1462.0,1462.0,1.210082023239918,2025-07,True,0,0.4574872806186129,7
2000033415,2025-05,False,0.0,3.0,4.0,0.0,0.0,3.0,150.0,150.0,0.02,0.0,1.5678666666666663,235.18,14576.14,14340.96,0.0,0.0,64.0,False,0.5,0.5,0.0,4.0,,,False,False,False,False,False,False,1570.5900000000001,3.0,3.0,1570.5900000000001,224.0,224.0,6.9804,2025-08,True,0,0.3799851692986501,6
2000033415,2025-06,False,2.0,2.0,6.0,0.0,0.0,3.0,1388.0,1388.0,0.0014409221902017,0.0,0.1439193083573487,199.76,14775.9,14340.96,0.0,0.0,13.0,False,0.5,0.5,0.0,6.0,,,False,False,False,False,False,False,1570.5900000000001,3.0,3.0,1570.5900000000001,13.0,13.0,112.18500000000002,2025-09,True,0,0.25680476015477893,5
2000033415,2025-07,False,0.0,2.0,5.0,0.0,0.0,3.0,1527.0,1609.0,0.0013097576948264,0.0,0.1308185985592665,199.76,434.94,210.48,0.0,0.0,43.0,False,0.4,0.6,0.0,5.0,-0.035275608158832,0.0,False,False,False,False,False,False,226.66,1.0,1.0,226.66,48.0,48.0,4.6257142857142854,2025-10,True,0,0.154339317979131,4
2000033415,2025-09,False,0.0,3.0,5.0,0.0,0.0,3.0,224.0,1612.0,0.0133928571428571,0.0,7.011562500000001,1570.59,1770.35,1151.94,0.0,0.0,53.0,False,0.4,0.6,0.0,5.0,0.0119519349526554,0.0,False,False,False,False,False,False,226.66,1.0,1.0,226.66,142.0,142.0,1.585034965034965,2025-12,True,0,0.3261708484734838,6
2000033415,2025-10,False,0.0,3.0,5.0,0.0,0.0,3.0,13.0,1540.0,0.2307692307692307,0.0,120.8146153846154,1570.59,1770.35,1151.94,0.0,0.0,83.0,False,0.4,0.6,0.0,5.0,0.2294594730744043,0.0,False,False,False,False,False,False,0.0,0.0,0.0,0.0,126.0,126.0,0.0,2026-01,True,0,0.458511030774282,7
2000033415,2025-11,False,1.0,1.0,6.0,0.0,0.0,3.0,48.0,1510.0,0.0208333333333333,0.0,4.722083333333333,226.66,1997.01,1151.94,0.0,0.0,25.0,False,0.5,0.5,0.0,6.0,0.0174133606931144,0.0,False,False,False,False,False,False,0.0,0.0,0.0,0.0,30.0,30.0,0.0,2026-02,True,0,0.33347490190407053,6
2000033418,2025-01,False,2.0,9.0,14.0,0.0,0.0,3.0,0.0,0.0,,,,126851.96,146825.76,35783.71,0.0,0.0,21.0,False,0.6428571428571429,0.3571428571428571,0.0,14.0,,,True,True,True,True,False,False,14634.82,6.0,5.0,11535.82,167.0,167.0,87.1120238095238,2025-04,True,0,0.6971384640060634,8
2000033418,2025-02,False,2.0,9.0,14.0,0.0,0.0,3.0,0.0,0.0,,,,129664.55999999998,140793.0,35783.71,0.0,0.0,2.0,False,0.6428571428571429,0.3571428571428571,0.0,14.0,,,True,True,True,True,False,False,12693.970000000001,8.0,7.0,12693.960000000001,162.0,162.0,77.87711656441718,2025-05,True,0,0.7822995682883,9
2000033418,2025-03,False,2.0,6.0,14.0,0.0,0.0,3.0,51.0,51.0,0.1176470588235294,0.0,1576.0903921568622,80380.60999999997,141486.77999999997,35783.71,0.0,0.0,3.0,False,0.6428571428571429,0.3571428571428571,0.0,14.0,,,False,False,False,False,False,False,8723.240000000002,6.0,5.0,8723.230000000001,67.0,67.0,128.28294117647062,2025-06,True,0,0.8652107293820847,10
2000033418,2025-04,False,2.0,6.0,15.0,0.0,0.0,3.0,148.0,148.0,0.0405405405405405,0.0,86.37783783783775,12783.919999999986,139635.88,35783.71,0.0,0.0,13.0,False,0.5333333333333333,0.4666666666666667,0.0,15.0,,,False,False,False,False,False,False,2029.88,4.0,3.0,2029.8700000000001,52.0,52.0,38.29962264150944,2025-07,True,0,0.6498772744597144,8
2000033418,2025-05,False,2.0,6.0,15.0,0.0,0.0,3.0,167.0,167.0,0.0359281437125748,0.0,87.63365269461069,14634.819999999983,144299.38,35783.71,0.0,0.0,14.0,False,0.5333333333333333,0.4666666666666667,0.0,15.0,,,False,False,False,False,False,False,2173.4,2.0,2.0,2173.4,7.0,7.0,271.675,2025-08,True,1,0.6475460943955976,8
2000033418,2025-06,False,4.0,8.0,14.0,0.0,0.0,3.0,162.0,213.0,0.0493827160493827,0.0,78.35783950617275,12693.969999999988,93074.58,35783.71,0.0,0.0,10.0,False,0.5,0.5,0.0,14.0,-0.0682643427741467,0.0,False,False,False,False,False,False,611555.88,5.0,5.0,611555.88,5.0,5.0,101925.98,2025-09,True,1,0.5634695199888013,8
2000033418,2025-07,False,0.0,6.0,12.0,0.0,0.0,3.0,67.0,215.0,0.0895522388059701,0.0,130.19761194029832,8723.239999999987,21507.16,5821.63,0.0,0.0,40.0,False,0.5,0.5,0.0,12.0,0.0490116982654296,0.0,False,False,False,False,False,False,613630.56,7.0,6.0,612571.15,10.0,10.0,55784.59636363637,2025-10,True,1,0.6221161774909948,8
2000033418,2025-08,False,0.0,4.0,10.0,0.0,0.0,3.0,52.0,219.0,0.0769230769230769,0.0,39.03615384615357,2029.8799999999856,16664.7,5821.63,0.0,0.0,71.0,False,0.5,0.5,0.0,10.0,0.040994933210502,0.0,False,False,False,False,False,False,612615.29,6.0,5.0,611555.88,14.0,14.0,40841.01933333334,2025-11,True,1,0.5314044731058468,7
2000033418,2025-09,False,2.0,2.0,10.0,0.0,0.0,3.0,7.0,169.0,0.2857142857142857,0.0,310.4857142857122,2173.3999999999855,14867.37,5821.63,0.0,0.0,12.0,False,0.6,0.4,0.0,10.0,0.2363315696649029,0.0,False,False,False,False,False,False,4390.9400000000005,4.0,3.0,3331.53,15.0,15.0,274.43375000000003,2025-12,True,1,0.6672341708325843,8
2000033418,2025-10,False,3.0,5.0,11.0,0.0,0.0,3.0,5.0,72.0,1.0,0.0,122311.176,611555.88,620279.12,572539.36,0.0,0.0,1.0,False,0.7272727272727273,0.2727272727272727,0.0,11.0,0.9104477611940298,0.0,False,False,False,False,False,False,42070.700000000004,5.0,5.0,42070.700000000004,6.0,6.0,6010.1,2026-01,True,1,0.9591681462313809,10
2000033418,2025-11,False,2.0,7.0,11.0,0.0,0.0,3.0,10.0,62.0,0.7,0.0,61363.056,613630.56,615660.4400000001,572539.36,0.0,0.0,5.0,False,0.8181818181818182,0.1818181818181818,0.0,11.0,0.6230769230769231,0.0,False,False,False,False,False,False,40912.57,4.0,4.0,40912.57,1.0,1.0,20456.285,2026-02,True,1,0.9445306303886425,10
2000033422,2025-01,False,2.0,5.0,10.0,0.0,0.0,3.0,0.0,0.0,,,,8586.94999999997,21879.17,4489.84,0.0,0.0,9.0,False,0.7,0.3,0.0,10.0,,,True,True,True,True,False,False,43446.869999999995,22.0,14.0,35438.729999999996,563.0,563.0,77.0334574468085,2025-04,True,0,0.6202258667068793,8
2000033422,2025-02,False,9.0,12.0,18.0,0.0,0.0,3.0,0.0,0.0,,,,24705.369999999966,38116.2,4489.84,0.0,0.0,1.0,False,0.3888888888888889,0.6111111111111112,0.0,18.0,,,True,True,True,True,False,False,35987.95999999999,20.0,12.0,27979.820000000003,1021.0,1021.0,35.213268101761244,2025-05,True,0,0.5390836943295436,7
2000033422,2025-03,False,4.0,15.0,20.0,0.0,0.0,3.0,0.0,0.0,,,,34807.10999999997,46214.3,4489.84,0.0,0.0,3.0,False,0.25,0.75,0.0,20.0,,,True,True,True,True,False,False,42255.05,20.0,12.0,34246.91,1053.0,1053.0,40.09018026565465,2025-06,True,0,0.5774492355252017,8
2000033422,2025-04,False,6.0,19.0,24.0,0.0,0.0,3.0,130.0,130.0,0.1461538461538461,0.0,348.491769230769,45303.92999999997,53890.88,6734.76,0.0,0.0,7.0,False,0.2916666666666667,0.7083333333333334,0.0,24.0,,,False,False,False,False,False,False,25507.75,10.0,9.0,24449.47,621.0,621.0,41.00924437299035,2025-07,True,0,0.49850987721674656,7
2000033422,2025-05,False,12.0,22.0,34.0,0.0,0.0,3.0,563.0,563.0,0.039076376554174,0.0,77.17028419182942,43446.869999999966,68152.23999999999,6734.76,0.0,0.0,3.0,False,0.5294117647058824,0.4705882352941176,0.0,34.0,,,False,False,False,False,False,False,30149.170000000002,11.0,10.0,29090.89,187.0,187.0,160.3679255319149,2025-08,True,0,0.3117671959003424,6
2000033422,2025-06,False,2.0,20.0,35.0,0.0,0.0,3.0,1021.0,1021.0,0.019588638589618,0.0,35.24775710088146,35987.95999999997,70795.07,6734.76,0.0,0.0,2.0,False,0.4857142857142857,0.5142857142857142,0.0,35.0,,,False,False,False,False,False,False,9470.74,5.0,4.0,8412.460000000001,170.0,170.0,55.38444444444444,2025-09,True,0,0.4337187552228343,7
2000033422,2025-07,False,6.0,20.0,39.0,0.0,0.0,3.0,1053.0,1183.0,0.0189933523266856,0.0,40.12825261158592,42255.049999999974,87558.98,9329.98,0.0,0.0,15.0,False,0.5641025641025641,0.4358974358974359,0.0,39.0,-0.1271604938271605,0.0,False,False,False,False,False,False,37242.33,11.0,4.0,9047.17,503.0,503.0,73.89351190476191,2025-10,True,0,0.29399209525755077,6
2000033422,2025-08,False,2.0,10.0,32.0,0.0,0.0,3.0,621.0,1184.0,0.0161030595813204,0.0,41.07528180354264,25507.749999999975,68954.62000000001,9329.98,0.0,0.0,2.0,False,0.6875,0.3125,0.0,32.0,-0.0229733169728536,0.0,False,False,False,False,False,False,32721.42,9.0,2.0,4526.26,615.0,615.0,53.11918831168831,2025-11,True,0,0.5223873345714571,7
2000033422,2025-09,False,3.0,11.0,31.0,0.0,0.0,3.0,187.0,1208.0,0.0588235294117647,0.0,161.22550802139023,30149.169999999976,66137.13,9329.98,0.0,0.0,26.0,False,0.8064516129032258,0.1935483870967742,0.0,31.0,0.0392348908221466,0.0,False,False,False,False,False,False,32721.42,9.0,2.0,4526.26,470.0,470.0,69.47222929936305,2025-12,True,0,0.43699666781197966,7
2000033422,2025-10,False,0.0,5.0,25.0,0.0,0.0,3.0,170.0,1223.0,0.0294117647058823,0.0,55.710235294117496,9470.739999999974,51725.79,9329.98,0.0,0.0,56.0,False,0.84,0.16,0.0,25.0,0.0104184123791966,0.0,False,False,False,False,False,False,3891.55,2.0,1.0,2827.32,136.0,136.0,28.405474452554746,2026-01,True,0,0.5537847348744392,7
2000033422,2025-11,False,8.0,11.0,21.0,0.0,0.0,3.0,503.0,1124.0,0.0218687872763419,0.0,74.04041749502977,37242.32999999997,62750.08,11017.2,0.0,0.0,4.0,False,0.7619047619047619,0.238095238095238,0.0,21.0,0.0057657276950215,0.0,False,False,False,False,False,False,1064.23,1.0,0.0,0.0,0.0,0.0,1064.23,2026-02,True,1,0.4011319318813132,6
2000033424,2025-05,False,0.0,0.0,0.0,0.0,0.0,0.0,0.0,0.0,,,,0.0,0.0,0.0,0.0,0.0,346.0,False,,,,0.0,,,True,True,True,True,False,True,0.0,0.0,0.0,0.0,1536.0,1536.0,0.0,2025-08,True,0,0.18424621083482584,5
2000033424,2025-07,False,0.0,0.0,0.0,0.0,0.0,0.0,40.0,40.0,0.0,0.0,0.0,0.0,0.0,0.0,0.0,0.0,407.0,False,,,,0.0,,,False,False,False,False,False,True,0.0,0.0,0.0,0.0,3072.0,3072.0,0.0,2025-10,True,0,0.07367019125267833,3
2000033424,2025-09,False,0.0,0.0,0.0,0.0,0.0,0.0,1536.0,1576.0,0.0,0.0,0.0,0.0,0.0,0.0,0.0,0.0,469.0,False,,,,0.0,0.0,0.0,False,False,False,False,False,True,0.0,0.0,0.0,0.0,3072.0,3072.0,0.0,2025-12,True,0,0.041438842013002034,3
2000033424,2025-10,False,0.0,0.0,0.0,0.0,0.0,0.0,3072.0,3112.0,0.0,0.0,0.0,0.0,0.0,0.0,0.0,0.0,499.0,False,,,,0.0,0.0,0.0,False,False,False,False,False,True,0.0,0.0,0.0,0.0,1536.0,1536.0,0.0,2026-01,True,0,0.03681216557516364,3
2000033430,2025-03,False,0.0,0.0,1.0,0.0,0.0,3.0,0.0,0.0,,,,0.0,1556.56,1556.56,0.0,0.0,151.0,False,0.0,1.0,0.0,1.0,,,True,True,True,True,False,False,7782.799999999999,6.0,2.0,3113.12,40.0,40.0,189.82439024390243,2025-06,True,0,0.5180380696825201,7
2000033430,2025-04,False,2.0,2.0,3.0,0.0,0.0,3.0,32.0,32.0,0.0625,0.0,389.14,12452.48,14009.04,6226.24,0.0,0.0,7.0,False,0.6666666666666666,0.3333333333333333,0.0,3.0,,,False,False,False,False,False,False,6226.24,5.0,2.0,3113.12,40.0,40.0,151.85951219512194,2025-07,True,0,0.7811711599865866,9
2000033430,2025-05,False,1.0,3.0,3.0,0.0,0.0,3.0,32.0,32.0,0.09375,0.0,437.7825,14009.04,14009.04,6226.24,0.0,0.0,28.0,False,1.0,0.0,0.0,3.0,,,False,False,False,False,False,False,29574.640000000003,2.0,2.0,29574.640000000003,40.0,40.0,721.3326829268293,2025-08,True,1,0.7239164048585564,9
2000033430,2025-06,False,4.0,7.0,7.0,0.0,0.0,3.0,32.0,32.0,0.21875,0.0,583.71,18678.72,18678.72,6226.24,1.0,1.0,16.0,False,0.8571428571428571,0.0,0.1428571428571428,6.0,,,False,False,False,False,False,False,140090.40000000002,5.0,5.0,140090.40000000002,71.0,71.0,1945.7000000000003,2025-09,True,1,0.7622025035763033,9
2000033430,2025-08,False,0.0,5.0,8.0,0.0,0.0,3.0,40.0,72.0,0.125,0.0,155.656,6226.24,20235.28,6226.24,1.0,1.0,58.0,False,0.875,0.0,0.125,7.0,0.03125,0.0,False,False,False,False,False,False,112072.32,4.0,4.0,112072.32,71.0,71.0,1556.5600000000002,2025-11,True,1,0.7719597557984784,9
2000033430,2025-09,False,1.0,2.0,9.0,0.0,0.0,3.0,40.0,72.0,0.05,0.0,739.366,29574.64,48253.36,28018.08,0.0,1.0,28.0,False,0.8888888888888888,0.0,0.1111111111111111,8.0,-0.16875,0.0,False,False,False,False,False,False,1556.56,1.0,1.0,1556.56,0.0,0.0,1556.56,2025-12,True,1,0.9611702670609561,10
2000033432,2025-02,False,0.0,0.0,0.0,0.0,0.0,0.0,0.0,0.0,,,,0.0,0.0,0.0,0.0,0.0,,False,,,,0.0,,,True,True,True,True,True,True,0.0,0.0,0.0,0.0,0.0,0.0,0.0,2025-05,True,0,0.01581855837460036,1
2000033432,2025-03,False,0.0,0.0,0.0,0.0,0.0,0.0,0.0,0.0,,,,0.0,0.0,0.0,0.0,0.0,,False,,,,0.0,,,True,True,True,True,True,True,0.0,0.0,0.0,0.0,0.0,0.0,0.0,2025-06,True,0,0.01581855837460036,1
2000033432,2025-04,False,0.0,0.0,0.0,0.0,0.0,0.0,0.0,0.0,,,,0.0,0.0,0.0,0.0,0.0,,False,,,,0.0,,,True,True,True,True,True,True,0.0,0.0,0.0,0.0,0.0,0.0,0.0,2025-07,True,0,0.01581855837460036,1
2000033432,2025-05,False,0.0,0.0,0.0,0.0,0.0,0.0,0.0,0.0,,,,0.0,0.0,0.0,0.0,0.0,,False,,,,0.0,,,True,True,True,True,True,True,0.0,0.0,0.0,0.0,0.0,0.0,0.0,2025-08,True,0,0.01581855837460036,1
2000033432,2025-10,False,0.0,0.0,0.0,0.0,0.0,0.0,0.0,0.0,,,,0.0,0.0,0.0,0.0,0.0,,False,,,,0.0,,,True,True,True,True,True,True,0.0,0.0,0.0,0.0,0.0,0.0,0.0,2026-01,True,0,0.01581855837460036,1
2000033432,2025-11,False,0.0,0.0,0.0,0.0,0.0,0.0,0.0,0.0,,,,0.0,0.0,0.0,0.0,0.0,,False,,,,0.0,,,True,True,True,True,True,True,0.0,0.0,0.0,0.0,0.0,0.0,0.0,2026-02,True,0,0.01581855837460036,1
2000033434,2025-01,False,0.0,0.0,1.0,0.0,0.0,3.0,0.0,0.0,,,,0.0,61.85,61.85,0.0,0.0,145.0,False,0.0,1.0,0.0,1.0,,,True,True,True,True,False,False,300.88,2.0,2.0,300.88,69.0,69.0,4.298285714285714,2025-04,True,0,0.3306976397978608,6
2000033434,2025-03,False,0.0,1.0,1.0,0.0,0.0,3.0,0.0,0.0,,,,150.44000000000045,150.44,150.44,0.0,0.0,39.0,False,1.0,0.0,0.0,1.0,,,True,True,True,True,False,False,300.88,2.0,2.0,300.88,371.0,371.0,0.8088172043010753,2025-06,True,0,0.4369647434022237,7
2000033434,2025-04,False,1.0,2.0,2.0,0.0,0.0,3.0,69.0,69.0,0.0289855072463768,0.0,4.360579710144934,300.88000000000045,300.88,150.44,0.0,0.0,21.0,False,1.0,0.0,0.0,2.0,,,False,False,False,False,False,False,150.44,1.0,1.0,150.44,605.0,605.0,0.24825082508250826,2025-07,True,0,0.22703297033968842,5
2000033434,2025-05,False,1.0,2.0,3.0,0.0,0.0,3.0,69.0,69.0,0.0289855072463768,0.0,4.360579710144934,300.88000000000045,451.32,150.44,0.0,0.0,24.0,False,1.0,0.0,0.0,3.0,,,False,False,False,False,False,False,9714.34,2.0,2.0,9714.34,500.0,500.0,19.3899001996008,2025-08,True,0,0.22952281089044993,5
2000033434,2025-06,False,0.0,2.0,3.0,0.0,0.0,3.0,219.0,219.0,0.0091324200913242,0.0,1.3738812785388148,300.88000000000045,451.32,150.44,0.0,0.0,55.0,False,1.0,0.0,0.0,3.0,,,False,False,False,False,False,False,9563.9,1.0,1.0,9563.9,357.0,357.0,26.71480446927374,2025-09,True,0,0.1936150610701444,5
2000033434,2025-07,False,1.0,2.0,4.0,0.0,0.0,3.0,371.0,440.0,0.0053908355795148,0.0,0.8109973045822114,300.88000000000045,601.76,150.44,0.0,0.0,27.0,False,0.75,0.25,0.0,4.0,-0.0235946716668619,0.0,False,False,False,False,False,False,9563.9,1.0,1.0,9563.9,153.0,153.0,62.10324675324675,2025-10,True,0,0.16417669694265927,4
2000033434,2025-08,False,0.0,1.0,3.0,0.0,0.0,3.0,605.0,674.0,0.0016528925619834,0.0,0.2486611570247941,150.44000000000045,451.32,150.44,0.0,0.0,58.0,False,0.6666666666666666,0.3333333333333333,0.0,3.0,-0.0273326146843933,0.0,False,False,False,False,False,False,0.0,0.0,0.0,0.0,108.0,108.0,0.0,2025-11,True,0,0.18178436100827466,5
2000033434,2025-09,False,1.0,2.0,4.0,0.0,0.0,3.0,500.0,719.0,0.004,0.0,19.42868,9714.34,10015.22,9563.9,0.0,0.0,25.0,False,0.75,0.25,0.0,4.0,-0.0051324200913242,0.0,False,False,False,False,False,False,568.62,1.0,1.0,568.62,30.0,30.0,18.34258064516129,2025-12,True,0,0.5108299888368447,7
2000033434,2025-10,False,0.0,1.0,3.0,0.0,0.0,3.0,357.0,728.0,0.0028011204481792,0.0,26.789635854341736,9563.9,9864.78,9563.9,0.0,0.0,55.0,False,0.6666666666666666,0.3333333333333333,0.0,3.0,-0.0025897151313355,0.0,False,False,False,False,False,False,719.06,2.0,2.0,719.06,0.0,0.0,719.06,2026-01,True,1,0.6282631599063826,8
2000033435,2025-02,False,0.0,0.0,0.0,0.0,0.0,0.0,0.0,0.0,,,,0.0,0.0,0.0,0.0,0.0,,False,,,,0.0,,,True,True,True,True,True,True,0.0,0.0,0.0,0.0,454.0,454.0,0.0,2025-05,True,0,0.01581855837460036,2
2000033435,2025-03,False,0.0,0.0,0.0,0.0,0.0,0.0,376.0,376.0,0.0,0.0,0.0,0.0,0.0,0.0,0.0,0.0,,False,,,,0.0,,,False,False,False,False,True,True,0.0,0.0,0.0,0.0,131.0,131.0,0.0,2025-06,True,0,0.0041092789505330855,1
2000033435,2025-04,False,0.0,0.0,0.0,0.0,0.0,0.0,719.0,719.0,0.0,0.0,0.0,0.0,0.0,0.0,0.0,0.0,,False,,,,0.0,,,False,False,False,False,True,True,0.0,0.0,0.0,0.0,100.0,100.0,0.0,2025-07,True,0,0.0037093494180656782,1
2000033435,2025-06,False,0.0,0.0,0.0,0.0,0.0,0.0,454.0,830.0,0.0,0.0,0.0,0.0,0.0,0.0,0.0,0.0,,False,,,,0.0,0.0,0.0,False,False,False,False,True,True,0.0,0.0,0.0,0.0,238.0,238.0,0.0,2025-09,True,0,0.0038370097124673518,1
2000033435,2025-07,False,0.0,0.0,0.0,0.0,0.0,0.0,131.0,850.0,0.0,0.0,0.0,0.0,0.0,0.0,0.0,0.0,,False,,,,0.0,0.0,0.0,False,False,False,False,True,True,0.0,0.0,0.0,0.0,158.0,158.0,0.0,2025-10,True,0,0.004305224805886728,1
2000033435,2025-08,False,0.0,0.0,0.0,0.0,0.0,0.0,100.0,930.0,0.0,0.0,0.0,0.0,0.0,0.0,0.0,0.0,,False,,,,0.0,0.0,0.0,False,False,False,False,True,True,0.0,0.0,0.0,0.0,42.0,42.0,0.0,2025-11,True,0,0.004389921193122568,1
2000033435,2025-09,False,0.0,0.0,0.0,0.0,0.0,0.0,216.0,670.0,0.0,0.0,0.0,0.0,0.0,0.0,0.0,0.0,,False,,,,0.0,0.0,0.0,False,False,False,False,True,True,0.0,0.0,0.0,0.0,305.0,305.0,0.0,2025-12,True,0,0.004171074812274193,1
2000033435,2025-11,False,0.0,0.0,0.0,0.0,0.0,0.0,158.0,258.0,0.0,0.0,0.0,0.0,0.0,0.0,0.0,0.0,,False,,,,0.0,0.0,0.0,False,False,False,False,True,True,0.0,0.0,0.0,0.0,305.0,305.0,0.0,2026-02,True,0,0.004564683807730817,1
2000033439,2025-02,False,0.0,2.0,9.0,0.0,0.0,3.0,0.0,0.0,,,,34518.11,126504.15,31665.05,0.0,0.0,75.0,False,0.5555555555555556,0.1111111111111111,0.3333333333333333,6.0,,,True,True,True,True,False,False,421303.82999999996,17.0,10.0,384739.05999999994,0.0,0.0,421303.82999999996,2025-05,True,1,0.9439030444114161,10
2000033439,2025-03,False,3.0,3.0,10.0,0.0,0.0,3.0,0.0,0.0,,,,35252.63,98426.68,31665.05,0.0,0.0,5.0,False,0.7,0.1,0.2,8.0,,,True,True,True,True,False,False,516298.98000000004,20.0,13.0,479734.21,0.0,0.0,516298.98000000004,2025-06,True,1,0.8826099081862294,10
2000033439,2025-04,False,1.0,4.0,10.0,0.0,0.0,3.0,0.0,0.0,,,,66917.68,126996.67,31665.05,0.0,0.0,8.0,False,0.7,0.1,0.2,8.0,,,True,True,True,True,False,False,437323.19,16.0,13.0,411645.65,0.0,0.0,437323.19,2025-07,True,1,0.9039740674217412,10
2000033439,2025-05,False,8.0,12.0,14.0,0.0,0.0,3.0,0.0,0.0,,,,249447.8,283965.91,126660.2,0.0,0.0,2.0,False,0.6428571428571429,0.2857142857142857,0.0714285714285714,13.0,,,True,True,True,True,False,False,368954.07,15.0,12.0,348369.81,0.0,0.0,368954.07,2025-08,True,1,0.7705694619695554,9
2000033439,2025-06,False,8.0,17.0,20.0,0.0,0.0,3.0,0.0,0.0,,,,421303.83,456556.46,126660.2,0.0,0.0,3.0,False,0.8,0.2,0.0,20.0,,,True,True,True,True,False,False,337289.02,13.0,10.0,316704.76,0.0,0.0,337289.02,2025-09,True,1,0.6843812598307754,8
2000033439,2025-07,False,4.0,20.0,24.0,0.0,0.0,3.0,0.0,0.0,,,,516298.98,583216.66,126660.2,0.0,0.0,4.0,False,0.8333333333333334,0.1666666666666666,0.0,24.0,,,True,True,True,True,False,False,233734.69,9.0,7.0,221709.61,0.0,0.0,233734.69,2025-10,True,1,0.7222319191619384,9
2000033439,2025-08,False,4.0,16.0,28.0,0.0,0.0,3.0,0.0,0.0,,,,437323.19,686770.99,126660.2,0.0,0.0,21.0,False,0.8571428571428571,0.1428571428571428,0.0,28.0,,,True,True,True,True,False,False,94995.15,2.0,2.0,94995.15,0.0,0.0,94995.15,2025-11,True,1,0.6724935734411281,8
2000033439,2025-09,False,7.0,15.0,32.0,0.0,0.0,3.0,0.0,0.0,,,,368954.07,790257.9,126660.2,0.0,0.0,6.0,False,0.8125,0.1875,0.0,32.0,,,True,True,True,True,False,False,69036.22,4.0,3.0,66183.16,0.0,0.0,69036.22,2025-12,True,1,0.6895751227681095,8
2000033440,2025-01,False,16.0,20.0,71.0,0.0,0.0,3.0,0.0,0.0,,,,327.09,794.5699999999999,102.84,0.0,0.0,1.0,False,0.647887323943662,0.352112676056338,0.0,71.0,,,True,True,True,True,False,False,469.69,53.0,47.0,455.71999999999997,1813.0,1813.0,0.2589250275633958,2025-04,True,0,0.12858039969821936,4
2000033440,2025-02,False,16.0,34.0,87.0,0.0,0.0,3.0,0.0,0.0,,,,1003.2,1471.67,179.52,0.0,0.0,1.0,False,0.5402298850574713,0.4597701149425287,0.0,87.0,,,True,True,True,True,False,False,483.26,51.0,51.0,483.26,41655.0,41655.0,0.011601209909736893,2025-05,True,0,0.13158857224703194,4
2000033440,2025-03,False,18.0,50.0,105.0,0.0,0.0,3.0,0.0,0.0,,,,1071.07,1544.8200000000002,179.52,0.0,0.0,4.0,False,0.4571428571428571,0.5428571428571428,0.0,105.0,,,True,True,True,True,False,False,361.44,38.0,37.0,361.44,41450.0,41450.0,0.008719693131649418,2025-06,True,0,0.09014569305737952,4
2000033440,2025-04,False,18.0,52.0,72.0,0.0,0.0,3.0,205.0,205.0,0.2536585365853658,0.0,4.391365853658536,900.23,1227.3200000000002,179.52,0.0,0.0,1.0,False,0.125,0.875,0.0,72.0,,,False,False,False,False,False,False,1570.3400000000001,74.0,20.0,114.88,39842.0,39842.0,0.03941319679742992,2025-07,True,0,0.04649193083608706,3
2000033440,2025-05,False,17.0,53.0,87.0,0.0,0.0,3.0,1813.0,1813.0,0.0292333149476006,0.0,0.2590678433535576,469.6899999999999,1472.89,179.52,0.0,0.0,1.0,False,0.2873563218390804,0.7126436781609196,0.0,87.0,,,False,False,False,False,False,False,2087.63,81.0,6.0,29.520000000000003,28062.0,28062.0,0.07439083490717315,2025-08,True,0,0.02369007496131771,3
2000033440,2025-06,False,16.0,51.0,101.0,0.0,0.0,3.0,41655.0,41655.0,0.0012243428159884,0.0,0.0116014884167566,483.2599999999999,1554.3300000000002,179.52,0.0,0.0,4.0,False,0.2475247524752475,0.7524752475247525,0.0,101.0,,,False,False,False,False,False,False,2103.3100000000004,79.0,2.0,1.36,28062.0,28062.0,0.07494957773580874,2025-09,True,0,0.012061268564119687,1
2000033440,2025-07,False,5.0,38.0,90.0,0.0,0.0,3.0,41450.0,41655.0,0.0009167671893848,0.0,0.0087199034981905,361.4399999999999,1261.67,179.52,0.0,0.0,28.0,False,0.3333333333333333,0.6666666666666666,0.0,90.0,-0.252741769395981,0.0,False,False,False,False,False,False,700.97,34.0,2.0,1.36,28484.0,28484.0,0.02460839038090223,2025-10,True,0,0.016531781576204652,3
2000033440,2025-08,False,53.0,74.0,127.0,0.0,0.0,3.0,39842.0,41655.0,0.0018573364790924,0.0,0.0394141860348376,1570.34,2040.03,427.44,0.0,0.0,2.0,False,0.3543307086614173,0.6456692913385826,0.0,127.0,-0.0273759784685082,0.0,False,False,False,False,False,False,104.48,15.0,0.0,0.0,1451.0,1451.0,0.07195592286501377,2025-11,True,0,0.0084255375677974,1
2000033440,2025-09,False,23.0,81.0,132.0,0.0,0.0,3.0,28062.0,69717.0,0.0028864656831302,0.0,0.0743934858527546,2087.63,2570.89,427.44,0.0,0.0,4.0,False,0.3787878787878788,0.6212121212121212,0.0,132.0,0.0016621228671417,0.0,False,False,False,False,False,False,99.9,19.0,0.0,0.0,4101.0,4101.0,0.024353973671379817,2025-12,True,0,0.010857987784865686,1
2000033440,2025-10,False,3.0,79.0,117.0,0.0,0.0,3.0,28062.0,69512.0,0.002815194925522,0.0,0.0749522485924025,2103.31,2464.75,427.44,0.0,0.0,8.0,False,0.376068376068376,0.6239316239316239,0.0,117.0,0.0018984277361372,0.0,False,False,False,False,False,False,1334.21,56.0,0.0,0.0,3679.0,3679.0,0.36255706521739134,2026-01,True,0,0.021794877379364277,3
2000033440,2025-11,False,8.0,34.0,108.0,0.0,0.0,3.0,28484.0,68326.0,0.0011936525768852,0.0,0.0246092543182137,700.9699999999998,2271.31,427.44,0.0,0.0,3.0,False,0.2592592592592592,0.7407407407407407,0.0,108.0,-0.0006636839022071,0.0,False,False,False,False,False,False,1351.01,54.0,0.0,0.0,3309.0,3309.0,0.40816012084592146,2026-02,True,0,0.024586131208985118,3
2000033451,2025-02,False,0.0,2.0,13.0,0.0,0.0,3.0,0.0,0.0,,,,2031.8,6607.6900000000005,1625.44,0.0,0.0,40.0,False,0.9230769230769232,0.0769230769230769,0.0,13.0,,,True,True,True,True,False,False,5601.009999999999,7.0,6.0,5588.259999999999,132.0,132.0,42.11285714285714,2025-05,True,0,0.6265605195068057,8
2000033451,2025-03,False,0.0,2.0,10.0,0.0,0.0,3.0,124.0,124.0,0.0161290322580645,0.0,16.385483870967743,2031.8,5314.630000000001,1625.44,0.0,0.0,68.0,False,0.9,0.1,0.0,10.0,,,False,False,False,False,False,False,9489.849999999999,10.0,9.0,9477.099999999999,36.0,36.0,256.4824324324324,2025-06,True,0,0.454204427595584,7
2000033451,2025-04,False,2.0,2.0,8.0,0.0,0.0,3.0,220.0,220.0,0.009090909090909,0.0,3.862318181818182,849.71,4541.42,1625.44,0.0,0.0,20.0,False,1.0,0.0,0.0,8.0,,,False,False,False,False,False,False,9906.619999999999,10.0,10.0,9906.619999999999,108.0,108.0,90.88642201834861,2025-07,True,0,0.28474232249302756,5
2000033451,2025-05,False,1.0,3.0,5.0,0.0,0.0,3.0,220.0,220.0,0.0136363636363636,0.0,3.920272727272728,862.46,2894.26,1625.44,0.0,0.0,23.0,False,1.0,0.0,0.0,5.0,,,False,False,False,False,False,False,6003.95,8.0,8.0,6003.95,72.0,72.0,82.2458904109589,2025-08,True,0,0.2787608836177721,5
2000033451,2025-06,False,4.0,7.0,9.0,0.0,0.0,3.0,132.0,256.0,0.053030303030303,0.0,42.43189393939394,5601.009999999999,7632.81,3436.16,0.0,0.0,4.0,False,0.7777777777777778,0.2222222222222222,0.0,9.0,0.0369012707722385,0.0,False,False,False,False,False,False,1708.75,4.0,4.0,1708.75,172.0,172.0,9.877167630057803,2025-09,True,0,0.3902250307754362,6
2000033451,2025-07,False,5.0,10.0,12.0,0.0,0.0,3.0,36.0,256.0,0.2777777777777778,0.0,263.6069444444444,9489.85,10339.56,3436.16,0.0,0.0,5.0,False,0.6666666666666666,0.3333333333333333,0.0,12.0,0.2686868686868687,0.0,False,False,False,False,False,False,4308.700000000001,8.0,8.0,4308.700000000001,100.0,100.0,42.66039603960397,2025-10,True,0,0.42469959270617036,7
2000033451,2025-08,False,1.0,10.0,13.0,0.0,0.0,3.0,108.0,328.0,0.0925925925925925,0.0,91.72796296296296,9906.62,10769.08,3436.16,0.0,0.0,30.0,False,0.6923076923076923,0.3076923076923077,0.0,13.0,0.0789562289562289,0.0,False,False,False,False,False,False,4345.6900000000005,8.0,7.0,3902.34,100.0,100.0,43.02663366336634,2025-11,True,0,0.4126821033611277,6
2000033451,2025-09,False,2.0,8.0,15.0,0.0,0.0,3.0,72.0,204.0,0.1111111111111111,0.0,83.38819444444444,6003.95,11604.96,3436.16,0.0,0.0,17.0,False,0.7333333333333333,0.2666666666666666,0.0,15.0,0.058080808080808,0.0,False,False,False,False,False,False,3902.34,7.0,6.0,3458.9900000000002,0.0,0.0,3902.34,2025-12,True,1,0.42054334384066006,7
2000033451,2025-10,False,1.0,4.0,14.0,0.0,0.0,3.0,172.0,208.0,0.0232558139534883,0.0,9.934593023255816,1708.75,11198.6,3436.16,0.0,0.0,26.0,False,0.7142857142857143,0.2857142857142857,0.0,14.0,-0.2545219638242894,0.0,False,False,False,False,False,False,1316.22,3.0,2.0,872.87,0.0,0.0,1316.22,2026-01,True,1,0.4126748347787923,6
2000033451,2025-11,False,5.0,8.0,18.0,0.0,0.0,3.0,100.0,208.0,0.08,0.0,43.08700000000001,4308.700000000001,14215.32,3436.16,0.0,0.0,4.0,False,0.7222222222222222,0.2777777777777778,0.0,18.0,-0.0125925925925925,0.0,False,False,False,False,False,False,443.35,1.0,1.0,443.35,0.0,0.0,443.35,2026-02,True,1,0.3826125369477659,6
2000033463,2025-01,False,1.0,3.0,4.0,0.0,0.0,3.0,0.0,0.0,,,,12731.3,13105.750000000002,11982.4,0.0,0.0,2.0,False,0.5,0.5,0.0,4.0,,,True,True,True,True,False,False,3537.29,3.0,2.0,3162.84,0.0,0.0,3537.29,2025-04,True,1,0.7888441985414194,9
2000033463,2025-02,False,1.0,2.0,5.0,0.0,0.0,3.0,0.0,0.0,,,,3537.29,16268.59,11982.4,0.0,0.0,17.0,False,0.6,0.4,0.0,5.0,,,True,True,True,True,False,False,8492.54,5.0,1.0,1581.42,0.0,0.0,8492.54,2025-05,True,1,0.7130969085152019,9
2000033463,2025-03,False,2.0,4.0,7.0,0.0,0.0,3.0,0.0,0.0,,,,5493.16,18224.460000000003,11982.4,0.0,0.0,4.0,False,0.4285714285714285,0.5714285714285714,0.0,7.0,,,True,True,True,True,False,False,10220.32,7.0,2.0,3309.2,0.0,0.0,10220.32,2025-06,True,1,0.6998230656704681,8
2000033463,2025-05,False,0.0,3.0,5.0,0.0,0.0,3.0,0.0,0.0,,,,3537.29,7074.58,3162.84,0.0,0.0,35.0,False,0.4,0.6,0.0,5.0,,,True,True,True,True,False,False,5036.98,4.0,2.0,3309.2,0.0,0.0,5036.98,2025-08,True,1,0.6747469769984672,8
2000033463,2025-06,False,4.0,5.0,9.0,0.0,0.0,3.0,0.0,0.0,,,,8492.539999999999,13985.7,3162.84,0.0,0.0,1.0,False,0.6666666666666666,0.3333333333333333,0.0,9.0,,,True,True,True,True,False,False,1727.78,1.0,0.0,0.0,0.0,0.0,1727.78,2025-09,True,1,0.6298437171336977,8
2000033463,2025-07,False,3.0,7.0,11.0,0.0,0.0,3.0,0.0,0.0,,,,10220.32,16920.449999999997,3162.84,1.0,1.0,25.0,False,0.6363636363636364,0.2727272727272727,0.0909090909090909,10.0,,,True,True,True,True,False,False,0.0,0.0,0.0,0.0,0.0,0.0,0.0,2025-10,True,0,0.6238903079157596,8
2000033464,2025-01,False,17.0,58.0,116.0,0.0,0.0,3.0,0.0,0.0,,,,445584.20000000007,724742.0,101010.0,0.0,0.0,5.0,False,0.9051724137931034,0.0948275862068965,0.0,116.0,,,True,True,True,True,False,False,91178.75000000001,39.0,31.0,78361.31000000001,21573.0,21573.0,4.226325669787708,2025-04,True,0,0.41933350870141717,7
2000033464,2025-02,False,23.0,53.0,115.0,0.0,0.0,3.0,0.0,0.0,,,,188773.39000000007,622608.73,63548.8,0.0,0.0,2.0,False,0.9217391304347826,0.0782608695652174,0.0,115.0,,,True,True,True,True,False,False,98002.26000000001,41.0,32.0,86260.08,21972.0,21972.0,4.460121967869658,2025-05,True,0,0.39567739268860425,6
2000033464,2025-03,False,15.0,55.0,109.0,0.0,0.0,3.0,32.0,32.0,1.71875,0.0,4163.075312500002,133218.41000000006,569681.84,63548.8,0.0,0.0,8.0,False,0.8990825688073395,0.1009174311926605,0.0,109.0,,,False,False,False,False,False,False,95653.3,42.0,35.0,90125.17,1230.0,1230.0,77.70373679935012,2025-06,True,0,0.5094890429284018,7
2000033464,2025-04,False,15.0,53.0,111.0,0.0,0.0,3.0,21368.0,21368.0,0.0024803444402845,0.0,6.40972435417447,136962.99000000008,582547.1900000001,63548.8,0.0,0.0,1.0,False,0.8828828828828829,0.1171171171171171,0.0,111.0,,,False,False,False,False,False,False,110414.63,44.0,40.0,105628.48999999999,1572.0,1572.0,70.1936617927527,2025-07,True,0,0.14818009066895396,4
2000033464,2025-05,False,9.0,39.0,92.0,0.0,0.0,3.0,21573.0,21573.0,0.0018078153247114,0.0,4.226521577898302,91178.75000000006,279952.14,23830.8,0.0,0.0,9.0,False,0.8478260869565217,0.1521739130434782,0.0,92.0,,,False,False,False,False,False,False,86367.42,36.0,33.0,80506.02,1321.0,1321.0,65.33087745839637,2025-08,True,0,0.11444441006101237,4
2000033464,2025-06,False,17.0,41.0,96.0,0.0,0.0,3.0,21972.0,22004.0,0.0018660112870926,0.0,4.46032495903878,98002.26000000008,231220.67,12304.62,0.0,0.0,3.0,False,0.8541666666666666,0.1458333333333333,0.0,96.0,-1.7168839887129073,0.0,False,False,False,False,False,False,70067.89,27.0,24.0,63483.32000000001,838.0,838.0,83.51357568533969,2025-09,True,0,0.18847787201170393,5
2000033464,2025-07,False,16.0,42.0,95.0,0.0,0.0,3.0,1230.0,22598.0,0.0341463414634146,0.0,77.76691056910575,95653.30000000006,232616.29,12304.62,0.0,0.0,4.0,False,0.8631578947368421,0.1368421052631579,0.0,95.0,0.03166599702313,0.0,False,False,False,False,False,False,66862.64000000001,30.0,25.0,53181.69,2401.0,2401.0,27.836236469608664,2025-10,True,0,0.1915738740503145,5
2000033464,2025-08,False,11.0,44.0,83.0,0.0,0.0,3.0,1572.0,23145.0,0.0279898218829516,0.0,70.23831424936391,110414.63000000006,201593.38,12304.62,0.0,0.0,1.0,False,0.8313253012048193,0.1686746987951807,0.0,83.0,0.0261820065582402,0.0,False,False,False,False,False,False,64296.090000000004,25.0,20.0,51310.71000000001,2226.0,2226.0,28.871167489896724,2025-11,True,0,0.24500914640943028,5
2000033464,2025-09,False,9.0,36.0,77.0,0.0,0.0,3.0,1321.0,23293.0,0.0272520817562452,0.0,65.38033308099928,86367.42000000006,184369.68,12304.62,0.0,0.0,6.0,False,0.8181818181818182,0.1818181818181818,0.0,77.0,0.0253860704691526,0.0,False,False,False,False,False,False,77780.52,27.0,22.0,66417.39000000001,2115.0,2115.0,36.7582797731569,2025-12,True,0,0.2217507865476184,5
2000033464,2025-10,False,7.0,27.0,69.0,0.0,0.0,3.0,838.0,2068.0,0.0322195704057279,0.0,83.61323389021487,70067.89000000006,165721.19,12304.62,0.0,0.0,2.0,False,0.855072463768116,0.144927536231884,0.0,69.0,-0.0019267710576867,0.0,False,False,False,False,False,False,59354.72,19.0,16.0,54919.28,9.0,9.0,5935.472,2026-01,True,1,0.35615670351259693,6
2000033464,2025-11,False,14.0,30.0,74.0,0.0,0.0,3.0,2401.0,3973.0,0.0124947938359017,0.0,27.847830070803855,66862.64000000006,177277.27,12304.62,0.0,0.0,3.0,False,0.8648648648648649,0.1351351351351351,0.0,74.0,-0.0154950280470499,0.0,False,False,False,False,False,False,54594.61,20.0,16.0,49216.84,12.0,12.0,4199.585384615385,2026-02,True,1,0.20438071764459717,5
2000033467,2025-02,False,0.0,0.0,0.0,0.0,0.0,0.0,0.0,0.0,,,,0.0,0.0,0.0,0.0,0.0,933.0,False,,,,0.0,,,True,True,True,True,False,True,0.0,0.0,0.0,0.0,12.0,12.0,0.0,2025-05,True,0,0.1530179595166165,4
2000033467,2025-03,False,1.0,1.0,1.0,0.0,0.0,3.0,0.0,0.0,,,,36.19,36.19,36.19,0.0,0.0,4.0,False,1.0,0.0,0.0,1.0,,,True,True,True,True,False,False,0.0,0.0,0.0,0.0,12.0,12.0,0.0,2025-06,True,0,0.35294317873559,6
2000033467,2025-04,False,0.0,1.0,1.0,0.0,0.0,3.0,0.0,0.0,,,,36.19,36.19,36.19,0.0,0.0,35.0,False,1.0,0.0,0.0,1.0,,,True,True,True,True,False,False,0.0,0.0,0.0,0.0,0.0,0.0,0.0,2025-07,True,0,0.32471282775080534,6
2000033467,2025-07,False,0.0,0.0,1.0,0.0,0.0,3.0,12.0,12.0,0.0,0.0,0.0,0.0,36.19,36.19,0.0,0.0,126.0,False,1.0,0.0,0.0,1.0,,,False,False,False,False,False,False,0.0,0.0,0.0,0.0,0.0,0.0,0.0,2025-10,True,0,0.1305984188721124,4
2000033474,2025-01,False,11.0,44.0,58.0,0.0,0.0,3.0,0.0,0.0,,,,449432.74,1353090.81,505838.08,0.0,0.0,14.0,False,0.8793103448275862,0.1206896551724138,0.0,58.0,,,True,True,True,True,False,False,51463.75,10.0,7.0,43461.62,11044.0,11044.0,4.659461294703486,2025-04,True,0,0.5223319917819476,7
2000033474,2025-02,False,13.0,34.0,69.0,0.0,0.0,3.0,0.0,0.0,,,,403213.68000000005,1534256.45,505838.08,0.0,0.0,2.0,False,0.8115942028985508,0.1884057971014492,0.0,69.0,,,True,True,True,True,False,False,46943.380000000005,13.0,10.0,40458.92,11100.0,11100.0,4.228752364651833,2025-05,True,0,0.6280187713309356,8
2000033474,2025-03,False,3.0,27.0,71.0,0.0,0.0,3.0,0.0,0.0,,,,372862.92,1562047.04,505838.08,0.0,0.0,15.0,False,0.8309859154929577,0.1690140845070422,0.0,71.0,,,True,True,True,True,False,False,45826.600000000006,12.0,9.0,37748.32,11107.0,11107.0,4.125549153763054,2025-06,True,0,0.6950302864285293,8
2000033474,2025-04,False,3.0,19.0,63.0,0.0,0.0,3.0,100.0,100.0,0.19,0.0,2223.3303,222333.03000000003,671765.77,63288.94,0.0,0.0,1.0,False,0.7936507936507936,0.2063492063492063,0.0,63.0,,,False,False,False,False,False,False,33360.58,11.0,8.0,25282.3,3293.0,3293.0,10.127680631451124,2025-07,True,0,0.8280400600586866,9
2000033474,2025-05,False,4.0,10.0,44.0,0.0,0.0,3.0,11044.0,11044.0,0.000905469032959,0.0,4.659883194494748,51463.75,454677.43000000005,63288.94,0.0,0.0,1.0,False,0.75,0.25,0.0,44.0,,,False,False,False,False,False,False,14981.579999999998,7.0,5.0,9337.49,3240.0,3240.0,4.622517741437827,2025-08,True,0,0.3992779521619665,6
2000033474,2025-06,False,6.0,13.0,40.0,0.0,0.0,3.0,11100.0,11100.0,0.0011711711711711,0.0,4.229133333333333,46943.380000000005,419806.3000000001,63288.94,0.0,0.0,3.0,False,0.725,0.275,0.0,40.0,,,False,False,False,False,False,False,46007.09,11.0,9.0,44111.31,3843.0,3843.0,11.968545785639957,2025-09,True,0,0.29514179581871075,6
2000033474,2025-07,False,2.0,12.0,31.0,0.0,0.0,3.0,11107.0,11207.0,0.0010803997479067,0.0,4.125920590618529,45826.6,268159.63000000006,63288.94,0.0,0.0,15.0,False,0.6774193548387096,0.3225806451612903,0.0,31.0,-0.1889196002520932,0.0,False,False,False,False,False,False,46881.990000000005,12.0,9.0,42508.380000000005,713.0,713.0,65.66105042016808,2025-10,True,0,0.33810680251578273,6
2000033474,2025-08,False,3.0,11.0,21.0,0.0,0.0,3.0,3293.0,14337.0,0.0033404190707561,0.0,10.130756149407835,33360.58,84824.33,14305.62,0.0,0.0,1.0,False,0.7619047619047619,0.238095238095238,0.0,21.0,0.002434950037797,0.0,False,False,False,False,False,False,56242.5,14.0,7.0,37413.51,730.0,730.0,76.93912448700411,2025-11,True,0,0.3754475165120627,6
2000033474,2025-09,False,2.0,7.0,20.0,0.0,0.0,3.0,3240.0,14340.0,0.0021604938271604,0.0,4.623944444444445,14981.58,61924.96,12170.95,0.0,0.0,18.0,False,0.7,0.3,0.0,20.0,0.0009893226559893,0.0,False,False,False,False,False,False,25935.260000000002,10.0,3.0,3357.96,20.0,20.0,1235.0123809523811,2025-12,True,1,0.2778654548948195,5
2000033474,2025-10,False,6.0,11.0,23.0,0.0,0.0,3.0,3843.0,14950.0,0.0028623471246422,0.0,11.971660161332291,46007.09,91833.69,14605.14,0.0,0.0,6.0,False,0.6521739130434783,0.3478260869565217,0.0,23.0,0.0017819473767354,0.0,False,False,False,False,False,False,25586.280000000002,8.0,3.0,7152.8099999999995,120.0,120.0,211.45685950413224,2026-01,True,0,0.2771691962662945,5
2000033474,2025-11,False,4.0,12.0,23.0,0.0,0.0,3.0,713.0,4006.0,0.0168302945301542,0.0,65.75314165497895,46881.98999999999,80242.57,14605.14,0.0,0.0,5.0,False,0.6956521739130435,0.3043478260869565,0.0,23.0,0.0134898754593981,0.0,False,False,False,False,False,False,11537.830000000002,5.0,4.0,7559.74,100.0,100.0,114.23594059405943,2026-02,True,0,0.43666349085122547,7
2000033475,2025-01,False,0.0,1.0,5.0,0.0,2.0,4.0,0.0,0.0,,,,18219.22,54825.40000000001,18219.22,0.0,0.0,44.0,False,0.6,0.4,0.0,5.0,,,True,True,True,True,False,False,218630.64,7.0,7.0,218630.64,60.0,60.0,3584.108852459017,2025-04,True,1,0.8490097562457223,10
2000033475,2025-02,False,11.0,12.0,16.0,0.0,2.0,4.0,0.0,0.0,,,,218630.64,255236.82,18219.22,0.0,0.0,1.0,False,0.3125,0.6875,0.0,16.0,,,True,True,True,True,False,False,200411.42,6.0,6.0,200411.42,96.0,96.0,2066.097113402062,2025-05,True,1,0.701421977518706,8
2000033475,2025-03,False,1.0,12.0,15.0,0.0,2.0,4.0,0.0,0.0,,,,218630.64,255069.08000000005,18219.22,0.0,0.0,13.0,False,0.4,0.6,0.0,15.0,,,True,True,True,True,False,False,54657.66,1.0,1.0,54657.66,363.0,363.0,150.1584065934066,2025-06,True,0,0.7721311114792465,9
2000033475,2025-04,False,5.0,17.0,18.0,0.0,0.0,3.0,47.0,47.0,0.3617021276595745,0.0,7752.859574468085,364384.4,382603.62000000005,36438.44,0.0,0.0,8.0,False,0.3888888888888889,0.5555555555555556,0.0555555555555555,17.0,,,False,False,False,False,False,False,0.0,0.0,0.0,0.0,620.0,620.0,0.0,2025-07,True,0,0.8548975999755231,10
2000033475,2025-05,False,1.0,7.0,19.0,0.0,0.0,3.0,60.0,60.0,0.1166666666666666,0.0,3643.844,218630.64,437261.28,54657.66,0.0,0.0,29.0,False,0.4210526315789473,0.5263157894736842,0.0526315789473684,18.0,,,False,False,False,False,False,False,0.0,0.0,0.0,0.0,584.0,584.0,0.0,2025-08,True,0,0.904280714344138,10
2000033475,2025-06,False,0.0,6.0,18.0,0.0,0.0,3.0,96.0,96.0,0.0625,0.0,2087.6189583333335,200411.42,419042.06000000006,54657.66,0.0,0.0,60.0,False,0.3888888888888889,0.5555555555555556,0.0555555555555555,17.0,,,False,False,False,False,False,False,18219.22,1.0,0.0,0.0,274.0,274.0,66.25170909090909,2025-09,True,0,0.9087091250314914,10
2000033475,2025-07,False,0.0,1.0,18.0,0.0,0.0,3.0,363.0,410.0,0.0027548209366391,0.0,150.57206611570248,54657.66,419042.06000000006,54657.66,0.0,0.0,90.0,False,0.3888888888888889,0.5555555555555556,0.0555555555555555,17.0,-0.3589473067229354,0.0,False,False,False,False,False,False,18219.22,1.0,0.0,0.0,4.0,4.0,3643.844,2025-10,True,1,0.8968365662207511,10
2000033475,2025-09,False,0.0,0.0,6.0,0.0,0.0,3.0,584.0,680.0,0.0,0.0,0.0,0.0,200411.42000000004,54657.66,0.0,0.0,152.0,False,0.6666666666666666,0.1666666666666666,0.1666666666666666,5.0,-0.0625,0.0,False,False,False,False,False,False,72876.88,4.0,2.0,36438.44,0.0,0.0,72876.88,2025-12,True,1,0.5313156082061251,7
2000033475,2025-11,False,0.0,1.0,1.0,0.0,0.0,3.0,4.0,624.0,0.25,0.0,4554.805,18219.22,18219.22000000003,18219.22,0.0,0.0,54.0,False,1.0,0.0,0.0,1.0,0.25,0.0,False,False,False,False,False,False,18219.22,1.0,1.0,18219.22,75.0,75.0,239.72657894736844,2026-02,True,0,0.8807830918161624,10
2000033479,2025-02,False,0.0,0.0,0.0,0.0,0.0,0.0,0.0,0.0,,,,0.0,0.0,0.0,0.0,0.0,220.0,False,,,,0.0,,,True,True,True,True,False,True,0.0,0.0,0.0,0.0,288.0,288.0,0.0,2025-05,True,0,0.20003108120085475,5
2000033479,2025-03,False,0.0,0.0,0.0,0.0,0.0,0.0,290.0,290.0,0.0,0.0,0.0,0.0,0.0,0.0,0.0,0.0,248.0,False,,,,0.0,,,False,False,False,False,False,True,0.0,0.0,0.0,0.0,480.0,480.0,0.0,2025-06,True,0,0.061132644525424745,3
2000033479,2025-05,False,0.0,0.0,0.0,0.0,0.0,0.0,418.0,418.0,0.0,0.0,0.0,0.0,0.0,0.0,0.0,0.0,309.0,False,,,,0.0,,,False,False,False,False,False,True,0.0,0.0,0.0,0.0,488.0,488.0,0.0,2025-08,True,0,0.055254904748090986,3
2000033479,2025-06,False,0.0,0.0,0.0,0.0,0.0,0.0,288.0,578.0,0.0,0.0,0.0,0.0,0.0,0.0,0.0,0.0,340.0,False,,,,0.0,0.0,0.0,False,False,False,False,False,True,0.0,0.0,0.0,0.0,304.0,304.0,0.0,2025-09,True,0,0.054871219233717274,3
2000033479,2025-07,False,0.0,0.0,0.0,0.0,0.0,0.0,480.0,898.0,0.0,0.0,0.0,0.0,0.0,0.0,0.0,0.0,370.0,False,,,,0.0,0.0,0.0,False,False,False,False,False,True,0.0,0.0,0.0,0.0,136.0,136.0,0.0,2025-10,True,0,0.050124407473566564,3
2000033479,2025-09,False,0.0,0.0,0.0,0.0,0.0,0.0,488.0,776.0,0.0,0.0,0.0,0.0,0.0,0.0,0.0,0.0,432.0,False,,,,0.0,0.0,0.0,False,False,False,False,False,True,0.0,0.0,0.0,0.0,207.0,207.0,0.0,2025-12,True,0,0.048852350155750415,3
2000033484,2025-05,False,0.0,0.0,0.0,0.0,0.0,0.0,0.0,0.0,,,,0.0,0.0,0.0,0.0,0.0,531.0,False,,,,0.0,,,True,True,True,True,False,True,0.0,0.0,0.0,0.0,0.0,0.0,0.0,2025-08,True,0,0.17020115613390124,4
2000033485,2025-05,False,0.0,0.0,0.0,0.0,0.0,0.0,0.0,0.0,,,,0.0,0.0,0.0,0.0,0.0,1444.0,False,,,,0.0,,,True,True,True,True,False,True,0.0,0.0,0.0,0.0,46.0,46.0,0.0,2025-08,True,0,0.1406946857395032,4
2000033485,2025-08,False,0.0,0.0,0.0,0.0,0.0,0.0,1226.0,1226.0,0.0,0.0,0.0,0.0,0.0,0.0,0.0,0.0,1536.0,False,,,,0.0,,,False,False,False,False,False,True,0.0,0.0,0.0,0.0,0.0,0.0,0.0,2025-11,True,0,0.0332238446047591,3
2000033486,2025-01,False,30.0,73.0,159.0,0.0,0.0,3.0,0.0,0.0,,,,2475690.23,4928103.02,395200.0,0.0,2.0,6.0,False,0.7610062893081762,0.2075471698113207,0.0314465408805031,154.0,,,True,True,True,True,False,False,3296112.48,86.0,63.0,3029349.21,32968.0,32968.0,99.97611331857199,2025-04,True,0,0.8581367934947018,10
2000033486,2025-02,False,43.0,83.0,168.0,1.0,1.0,4.0,0.0,0.0,,,,2709795.86,5640765.27,395200.0,0.0,1.0,1.0,True,0.7261904761904762,0.238095238095238,0.0357142857142857,162.0,,,True,True,True,True,False,False,2942736.3200000003,83.0,58.0,2651737.55,34171.0,34171.0,86.11542549455696,2025-05,True,0,0.5806445923108484,8
2000033486,2025-03,False,24.0,97.0,163.0,1.0,1.0,4.0,5373.0,5373.0,0.0180532291085054,0.0001861157640052,592.2304150381536,3182054.0199999996,5739314.149999999,395200.0,0.0,0.0,1.0,True,0.7055214723926381,0.263803680981595,0.0306748466257668,158.0,,,False,False,False,False,False,False,2450092.33,70.0,51.0,2250118.95,32930.0,32930.0,74.40078740396586,2025-06,True,0,0.20108187808606945,5
2000033486,2025-04,False,31.0,98.0,171.0,1.0,1.0,4.0,15055.0,15055.0,0.0065094652939222,6.642311524410495e-05,225.985111258718,3402205.8499999996,5877896.08,210738.2,0.0,0.0,4.0,True,0.6783625730994152,0.2923976608187134,0.0292397660818713,166.0,,,False,False,False,False,False,False,1854670.1099999999,57.0,40.0,1666100.21,19967.0,19967.0,92.88211688701922,2025-07,True,0,0.13168533110506744,4
2000033486,2025-05,False,31.0,86.0,169.0,0.0,1.0,4.0,32968.0,32968.0,0.0026085901480223,0.0,99.97914583838876,3296112.48,6005908.34,210738.2,0.0,0.0,1.0,False,0.6627218934911243,0.3076923076923077,0.029585798816568,164.0,,,False,False,False,False,False,False,1765796.44,61.0,45.0,1615831.89,14544.0,14544.0,121.40229907184599,2025-08,True,0,0.31054936123199617,6
2000033486,2025-06,False,21.0,83.0,180.0,0.0,1.0,4.0,34171.0,39544.0,0.0024289602294343,0.0,86.11794562640837,2942736.3200000003,6124790.34,210738.2,0.0,0.0,1.0,False,0.6722222222222223,0.3,0.0277777777777777,175.0,-0.0156242688790711,-0.0001861157640052,False,False,False,False,False,False,1727328.1,71.0,41.0,1342155.47,13449.0,13449.0,128.4258810408922,2025-09,True,0,0.1873081237851242,5
2000033486,2025-07,False,18.0,70.0,168.0,0.0,1.0,4.0,32930.0,47985.0,0.0021257212268448,0.0,74.40304676586699,2450092.33,5852298.180000001,105369.1,0.0,0.0,4.0,False,0.6726190476190477,0.2976190476190476,0.0297619047619047,163.0,-0.0043837440670774,-6.642311524410495e-05,False,False,False,False,False,False,2081132.29,73.0,44.0,1714072.95,8693.0,8693.0,239.3756947319991,2025-10,True,0,0.24342768687824048,5
2000033486,2025-08,False,18.0,57.0,143.0,0.0,0.0,3.0,19967.0,52935.0,0.0028547102719487,0.0,92.8867686683027,1854670.11,5150782.59,105369.1,0.0,0.0,1.0,False,0.7202797202797203,0.2657342657342657,0.0139860139860139,141.0,0.0002461201239263,0.0,False,False,False,False,False,False,2291452.0,66.0,39.0,1926964.81,13918.0,13918.0,164.62763129535168,2025-11,True,0,0.35072338311057344,6
2000033486,2025-09,False,25.0,61.0,144.0,0.0,0.0,3.0,14544.0,48715.0,0.0041941694169416,0.0,121.41064631463146,1765796.44,4708532.76,105369.1,0.0,0.0,4.0,False,0.6805555555555556,0.3055555555555556,0.0138888888888888,142.0,0.0017652091875073,0.0,False,False,False,False,False,False,2258881.64,64.0,43.0,2091569.04,14190.0,14190.0,159.17705869917555,2025-12,True,0,0.2851265938171868,6
2000033486,2025-10,False,28.0,71.0,141.0,0.0,0.0,3.0,13449.0,46379.0,0.0052792029147148,0.0,128.4354301435051,1727328.1,4177420.43,105369.1,0.0,0.0,4.0,False,0.6382978723404256,0.3475177304964539,0.0141843971631205,139.0,0.00315348168787,0.0,False,False,False,False,False,False,1666252.29,66.0,39.0,1407857.46,13997.0,13997.0,119.03502571795971,2026-01,True,0,0.2628294116987226,5
2000033486,2025-11,False,20.0,73.0,130.0,0.0,0.0,3.0,8693.0,28660.0,0.0083975612561831,0.0,239.40323133555736,2081132.29,3935802.4,123442.6,0.0,0.0,10.0,False,0.6384615384615384,0.3461538461538461,0.0153846153846153,128.0,0.0055428509842344,0.0,False,False,False,False,False,False,1124102.91,52.0,28.0,886299.4199999999,7774.0,7774.0,144.57915241157556,2026-02,True,0,0.3026175650697608,6
2000033502,2025-01,False,1.0,10.0,17.0,0.0,0.0,3.0,0.0,0.0,,,,686400.02,1247321.32,83200.0,0.0,0.0,16.0,False,0.1176470588235294,0.8823529411764706,0.0,17.0,,,True,True,True,True,False,False,208000.04,6.0,3.0,208000.0,59.0,59.0,3466.6673333333333,2025-04,True,1,0.8523771557787948,10
2000033502,2025-02,False,1.0,5.0,15.0,0.0,0.0,3.0,0.0,0.0,,,,218060.67,1050060.67,83200.0,0.0,0.0,8.0,False,0.1333333333333333,0.8666666666666667,0.0,15.0,,,True,True,True,True,False,False,208000.04,7.0,4.0,208000.0,64.0,64.0,3200.0006153846157,2025-05,True,1,0.8863459671370483,10
2000033502,2025-03,False,1.0,3.0,14.0,0.0,0.0,3.0,16.0,16.0,0.1875,0.0,4528.791875,72460.67,925260.67,83200.0,0.0,0.0,1.0,False,0.2142857142857142,0.7857142857142857,0.0,14.0,,,False,False,False,False,False,False,376383.77,10.0,6.0,374400.0,52.0,52.0,7101.580566037736,2025-06,True,1,0.9659630475444675,10
2000033502,2025-04,False,0.0,2.0,12.0,0.0,0.0,3.0,44.0,44.0,0.0454545454545454,0.0,1646.8329545454544,72460.65,758860.67,83200.0,0.0,0.0,32.0,False,0.25,0.75,0.0,12.0,,,False,False,False,False,False,False,209983.72999999998,5.0,4.0,208000.0,1092.0,1092.0,192.11686184812442,2025-07,True,0,0.9430411239005423,10
2000033502,2025-05,False,5.0,6.0,11.0,0.0,0.0,3.0,59.0,59.0,0.1016949152542373,0.0,3525.4244067796612,208000.04,426060.71,83200.0,0.0,0.0,2.0,False,0.4545454545454545,0.5454545454545454,0.0,11.0,,,False,False,False,False,False,False,396505.02999999997,7.0,6.0,394521.3,1092.0,1092.0,362.76763952424517,2025-08,True,1,0.8982087324098272,10
2000033502,2025-06,False,2.0,7.0,10.0,0.0,0.0,3.0,64.0,80.0,0.109375,0.0,3250.000625,208000.04,280460.71,83200.0,0.0,0.0,16.0,False,0.4,0.6,0.0,10.0,-0.078125,0.0,False,False,False,False,False,False,372363.9,7.0,6.0,351563.9,1100.0,1100.0,338.20517711171664,2025-09,True,1,0.8812739587679915,10
2000033502,2025-07,False,3.0,10.0,12.0,0.0,0.0,3.0,52.0,96.0,0.1923076923076923,0.0,7238.149423076923,376383.77,448844.42,83200.0,0.0,0.0,15.0,False,0.3333333333333333,0.6666666666666666,0.0,12.0,0.1468531468531468,0.0,False,False,False,False,False,False,372363.9,7.0,6.0,351563.9,122.0,122.0,3027.348780487805,2025-10,True,1,0.8666172960268484,10
2000033502,2025-08,False,0.0,5.0,11.0,0.0,0.0,3.0,1092.0,1151.0,0.0045787545787545,0.0,192.29279304029305,209983.73,417983.77,83200.0,0.0,0.0,46.0,False,0.3636363636363636,0.6363636363636364,0.0,11.0,-0.0971161606754827,0.0,False,False,False,False,False,False,144242.6,3.0,2.0,123442.6,125.0,125.0,1144.7825396825397,2025-11,True,1,0.8152367124342484,9
2000033502,2025-09,False,4.0,7.0,14.0,0.0,0.0,3.0,1092.0,1156.0,0.0064102564102564,0.0,363.09984432234427,396505.03,604505.0700000001,83200.0,0.0,0.0,26.0,False,0.3571428571428571,0.6428571428571429,0.0,14.0,-0.1029647435897435,0.0,False,False,False,False,False,False,0.0,0.0,0.0,0.0,105.0,105.0,0.0,2025-12,True,0,0.7264563899429035,9
2000033502,2025-10,False,3.0,7.0,17.0,0.0,0.0,3.0,1100.0,1152.0,0.0063636363636363,0.0,338.5126363636364,372363.9,748747.67,83200.0,0.0,0.0,7.0,False,0.2941176470588235,0.7058823529411765,0.0,17.0,-0.1859440559440559,0.0,False,False,False,False,False,False,0.0,0.0,0.0,0.0,32.0,32.0,0.0,2026-01,True,0,0.8059203962050664,9
2000033502,2025-11,False,0.0,7.0,12.0,0.0,0.0,3.0,122.0,1214.0,0.0573770491803278,0.0,3052.1631147540984,372363.9,582347.63,83200.0,0.0,0.0,38.0,False,0.25,0.75,0.0,12.0,0.0527982946015732,0.0,False,False,False,False,False,False,0.0,0.0,0.0,0.0,16.0,16.0,0.0,2026-02,True,0,0.9000035128971546,10
2000033506,2025-04,False,0.0,0.0,3.0,0.0,0.0,3.0,0.0,0.0,,,,0.0,17121.100000000057,15907.26,0.0,0.0,127.0,False,0.6666666666666666,0.3333333333333333,0.0,3.0,,,True,True,True,True,False,False,0.0,0.0,0.0,0.0,0.0,0.0,0.0,2025-07,True,0,0.6148341404187461,8
2000033507,2025-01,False,15.0,40.0,92.0,0.0,0.0,3.0,0.0,0.0,,,,76528.46,154594.94,45668.99,0.0,0.0,1.0,False,0.8804347826086957,0.1195652173913043,0.0,92.0,,,True,True,True,True,False,False,28341.86,50.0,49.0,26687.54,434.0,434.0,65.15370114942529,2025-04,True,0,0.4197564152114955,7
2000033507,2025-02,False,10.0,38.0,86.0,0.0,0.0,3.0,0.0,0.0,,,,78816.33,155206.52000000002,45668.99,0.0,0.0,2.0,False,0.8837209302325582,0.1162790697674418,0.0,86.0,,,True,True,True,True,False,False,34373.79,49.0,49.0,34373.79,6271.0,6271.0,5.480514987244898,2025-05,True,0,0.4477244860548529,7
2000033507,2025-03,False,12.0,37.0,77.0,0.0,0.0,3.0,5.0,5.0,7.4,0.0,5476.483999999999,27382.419999999995,148955.52000000002,45668.99,0.0,0.0,1.0,False,0.8961038961038961,0.1038961038961039,0.0,77.0,,,False,False,False,False,False,False,33394.2,40.0,40.0,33394.2,10321.0,10321.0,3.2352451075372985,2025-06,True,0,0.5841188547472566,8
2000033507,2025-04,False,18.0,40.0,80.0,0.0,0.0,3.0,441.0,441.0,0.0907029478458049,0.0,56.70938775510202,25008.839999999993,101537.30000000002,45668.99,0.0,0.0,1.0,False,0.875,0.125,0.0,80.0,,,False,False,False,False,False,False,29545.7,33.0,33.0,29545.7,10510.0,10510.0,2.810931405194558,2025-07,True,0,0.24712771876878403,5
2000033507,2025-05,False,20.0,50.0,88.0,0.0,0.0,3.0,434.0,434.0,0.1152073732718894,0.0,65.30382488479262,28341.859999999993,107158.19,45668.99,0.0,0.0,3.0,False,0.8863636363636364,0.1136363636363636,0.0,88.0,,,False,False,False,False,False,False,34159.97,43.0,42.0,33826.090000000004,4830.0,4830.0,7.070993583109088,2025-08,True,0,0.19981794861691032,5
2000033507,2025-06,False,11.0,49.0,86.0,0.0,0.0,3.0,6271.0,6276.0,0.0078137458140647,0.0,5.481388933184499,34373.78999999999,61756.21,2943.57,0.0,0.0,2.0,False,0.8837209302325582,0.1162790697674418,0.0,86.0,-7.392186254185936,0.0,False,False,False,False,False,False,38685.340000000004,47.0,46.0,38351.46000000001,415.0,415.0,92.99360576923078,2025-09,True,0,0.34013319911993317,6
2000033507,2025-07,False,9.0,40.0,80.0,0.0,0.0,3.0,10321.0,10762.0,0.003875593450247,0.0,3.2355585699060168,33394.2,58403.03999999999,2943.57,0.0,0.0,1.0,False,0.8875,0.1125,0.0,80.0,-0.0868273543955579,0.0,False,False,False,False,False,False,42352.93,50.0,49.0,42019.05,493.0,493.0,85.73467611336032,2025-10,True,0,0.10790072798618583,4
2000033507,2025-08,False,13.0,33.0,83.0,0.0,0.0,3.0,10510.0,10944.0,0.0031398667935299,0.0,2.8111988582302563,29545.699999999993,57887.56,2943.57,0.0,0.0,1.0,False,0.8674698795180723,0.1325301204819277,0.0,83.0,-0.1120675064783594,0.0,False,False,False,False,False,False,27830.710000000003,31.0,31.0,27830.710000000003,362.0,362.0,76.6686225895317,2025-11,True,0,0.10048612439777298,4
2000033507,2025-09,False,21.0,43.0,92.0,0.0,0.0,3.0,4830.0,11101.0,0.0089026915113871,0.0,7.072457556935817,34159.969999999994,68533.76000000001,2943.57,0.0,0.0,3.0,False,0.8586956521739131,0.1413043478260869,0.0,92.0,0.0010889456973224,0.0,False,False,False,False,False,False,27829.43,29.0,29.0,27829.43,315.0,315.0,88.0678164556962,2025-12,True,0,0.07599933041075828,3
2000033507,2025-10,False,13.0,47.0,87.0,0.0,0.0,3.0,415.0,10736.0,0.1132530120481927,0.0,93.21768674698794,38685.34,72079.54000000001,5237.1,0.0,0.0,5.0,False,0.8735632183908046,0.1264367816091954,0.0,87.0,0.1093774185979457,0.0,False,False,False,False,False,False,25430.550000000003,26.0,25.0,24930.750000000004,87.0,87.0,288.98352272727277,2026-01,True,1,0.15603414881056185,4
2000033507,2025-11,False,16.0,50.0,83.0,0.0,0.0,3.0,493.0,11003.0,0.101419878296146,0.0,85.90858012170384,42352.92999999999,71898.63,5237.1,0.0,0.0,1.0,False,0.8795180722891566,0.1204819277108433,0.0,83.0,0.098280011502616,0.0,False,False,False,False,False,False,26772.089999999997,30.0,29.0,26272.290000000005,56.0,56.0,469.68578947368417,2026-02,True,1,0.17157720099399046,4
2000033509,2025-02,False,0.0,1.0,14.0,0.0,0.0,3.0,0.0,0.0,,,,53728.83999999995,206660.58,53728.84,0.0,0.0,60.0,False,0.7857142857142857,0.1428571428571428,0.0714285714285714,13.0,,,True,True,True,True,False,False,47055.93,5.0,4.0,47055.92,15.0,15.0,2940.995625,2025-05,True,1,0.8965512647106886,10
2000033509,2025-03,False,2.0,3.0,10.0,0.0,0.0,3.0,0.0,0.0,,,,78925.02999999996,161272.88999999998,53728.84,0.0,0.0,5.0,False,0.7,0.2,0.1,9.0,,,True,True,True,True,False,False,94111.84,8.0,8.0,94111.84,13.0,13.0,6722.274285714286,2025-06,True,1,0.8787974923563345,10
2000033509,2025-04,False,1.0,3.0,8.0,0.0,0.0,3.0,5.0,5.0,0.6,0.0,5039.239999999991,25196.199999999953,125980.96,53728.84,0.0,0.0,18.0,False,0.75,0.125,0.125,7.0,,,False,False,False,False,False,False,105875.82,9.0,9.0,105875.82,16.0,16.0,6227.989411764706,2025-07,True,1,0.9458538890790966,10
2000033509,2025-05,False,1.0,4.0,5.0,0.0,0.0,3.0,9.0,9.0,0.4444444444444444,0.0,4106.686666666662,36960.17999999996,90689.02,53728.84,0.0,0.0,27.0,False,0.8,0.0,0.2,4.0,,,False,False,False,False,False,False,84016.09,7.0,7.0,84016.09,14.0,14.0,5601.072666666666,2025-08,True,1,0.9454049360090669,10
2000033509,2025-06,False,3.0,5.0,8.0,0.0,0.0,3.0,15.0,15.0,0.3333333333333333,0.0,3137.0619999999976,47055.92999999997,125980.96000000002,53728.84,0.0,0.0,30.0,False,0.875,0.0,0.125,7.0,,,False,False,False,False,False,False,75588.56999999999,6.0,5.0,62156.36,14.0,14.0,5039.237999999999,2025-09,True,1,0.88560220526424,10
2000033509,2025-07,False,4.0,8.0,11.0,0.0,0.0,3.0,13.0,18.0,0.6153846153846154,0.0,7239.372307692305,94111.83999999995,119308.04,13432.21,0.0,0.0,7.0,False,1.0,0.0,0.0,11.0,0.0153846153846154,0.0,False,False,False,False,False,False,78925.03,6.0,5.0,65492.81999999999,7.0,7.0,9865.62875,2025-10,True,1,0.8286108558609534,9
2000033509,2025-08,False,2.0,9.0,13.0,0.0,0.0,3.0,16.0,25.0,0.5625,0.0,6617.238749999998,105875.81999999996,142836.0,13432.21,0.0,0.0,2.0,False,1.0,0.0,0.0,13.0,0.1180555555555555,0.0,False,False,False,False,False,False,77256.79999999999,6.0,4.0,52060.61,6.0,6.0,11036.685714285713,2025-11,True,1,0.8683421431629185,10
2000033509,2025-09,False,1.0,7.0,12.0,0.0,0.0,2.0,14.0,29.0,0.5,0.0,6001.149285714283,84016.08999999997,131072.02000000002,13432.21,0.0,0.0,15.0,False,1.0,0.0,0.0,12.0,0.1666666666666666,0.0,False,False,False,False,False,False,50392.37999999999,4.0,3.0,38628.399999999994,5.0,5.0,8398.729999999998,2025-12,True,1,0.8531171548056907,10
2000033509,2025-10,False,3.0,6.0,14.0,0.0,0.0,3.0,14.0,27.0,0.4285714285714285,0.0,5399.183571428568,75588.56999999995,169700.41,13432.21,0.0,0.0,14.0,False,1.0,0.0,0.0,14.0,-0.1868131868131868,0.0,False,False,False,False,False,False,35291.94,3.0,1.0,11763.98,10.0,10.0,3208.358181818182,2026-01,True,1,0.852633025145591,10
2000033509,2025-11,False,2.0,6.0,15.0,0.0,0.0,3.0,7.0,23.0,0.8571428571428571,0.0,11275.00428571428,78925.02999999996,184800.85,13432.21,0.0,0.0,18.0,False,0.9333333333333332,0.0666666666666666,0.0,15.0,0.2946428571428571,0.0,False,False,False,False,False,False,23527.96,2.0,1.0,11763.98,7.0,7.0,2940.995,2026-02,True,1,0.8463916719482009,10
2000033510,2025-01,False,3.0,6.0,8.0,0.0,0.0,3.0,0.0,0.0,,,,9575.749999999996,15676.66,3406.81,1.0,1.0,16.0,False,0.5,0.375,0.125,7.0,,,True,True,True,True,False,False,10651.25,4.0,1.0,3465.9,306.0,306.0,34.69462540716612,2025-04,True,0,0.6992740863749245,8
2000033510,2025-02,False,2.0,7.0,9.0,0.0,0.0,3.0,0.0,0.0,,,,11394.839999999997,17113.73,3406.81,1.0,1.0,4.0,False,0.4444444444444444,0.4444444444444444,0.1111111111111111,8.0,,,True,True,True,True,False,False,20704.15,8.0,5.0,13548.19,970.0,970.0,21.322502574665297,2025-05,True,0,0.763499651576874,9
2000033510,2025-03,False,2.0,7.0,10.0,0.0,0.0,3.0,86.0,86.0,0.0813953488372093,0.0,165.15081395348835,14202.969999999998,20167.91,4311.21,1.0,1.0,3.0,False,0.4,0.5,0.1,9.0,,,False,False,False,False,False,False,15801.18,6.0,4.0,10082.29,2134.0,2134.0,7.401021077283373,2025-06,True,0,0.7710499564181914,9
2000033510,2025-04,False,2.0,6.0,12.0,0.0,0.0,3.0,214.0,214.0,0.02803738317757,0.0,72.40714953271026,15495.129999999996,25070.88,4311.21,0.0,1.0,1.0,False,0.5,0.4166666666666667,0.0833333333333333,11.0,,,False,False,False,False,False,False,27576.86,10.0,7.0,18392.07,2146.0,2146.0,12.844368886818817,2025-07,True,0,0.8797627215503271,10
2000033510,2025-05,False,0.0,4.0,11.0,0.0,0.0,3.0,306.0,306.0,0.0130718954248366,0.0,34.8080065359477,10651.249999999996,22046.09,4311.21,0.0,1.0,31.0,False,0.5454545454545454,0.3636363636363636,0.0909090909090909,10.0,,,False,False,False,False,False,False,32603.57,10.0,6.0,15715.18,1447.0,1447.0,22.516277624309392,2025-08,True,0,0.8575052744524616,10
2000033510,2025-06,False,6.0,8.0,15.0,0.0,0.0,3.0,970.0,1056.0,0.0082474226804123,0.0,21.344484536082472,20704.15,34907.119999999995,5748.28,0.0,1.0,3.0,False,0.5333333333333333,0.4,0.0666666666666666,14.0,-0.0731479261567969,0.0,False,False,False,False,False,False,82631.95999999999,19.0,8.0,22587.89,277.0,277.0,297.23726618705035,2025-09,True,1,0.7099990270366198,9
2000033510,2025-07,False,0.0,6.0,12.0,0.0,0.0,3.0,2134.0,2348.0,0.0028116213683223,0.0,7.4044892221180865,15801.179999999997,31296.31,5748.28,0.0,0.0,33.0,False,0.5,0.5,0.0,12.0,-0.0252257618092476,0.0,False,False,False,False,False,False,76900.69,17.0,5.0,14278.11,277.0,277.0,276.6211870503597,2025-10,True,1,0.4173717106100807,6
2000033510,2025-08,False,4.0,10.0,14.0,0.0,0.0,3.0,2146.0,2452.0,0.0046598322460391,0.0,12.850354147250698,27576.859999999997,38228.11,5748.28,0.0,0.0,3.0,False,0.5,0.5,0.0,14.0,-0.0084120631787974,0.0,False,False,False,False,False,False,57051.770000000004,12.0,3.0,7851.68,226.0,226.0,251.3293832599119,2025-11,True,0,0.3436468557080983,6
2000033510,2025-09,False,6.0,10.0,18.0,0.0,0.0,3.0,1447.0,2417.0,0.0069108500345542,0.0,22.53183828610919,32603.569999999996,53307.72,6931.8,0.0,0.0,12.0,False,0.3888888888888889,0.6111111111111112,0.0,18.0,-0.0013365726458581,0.0,False,False,False,False,False,False,23574.06,9.0,5.0,13067.789999999999,256.0,256.0,91.727859922179,2025-12,True,0,0.30585008737255853,6
2000033510,2025-10,False,9.0,19.0,25.0,0.0,0.0,3.0,277.0,2411.0,0.0685920577617328,0.0,298.31032490974724,82631.95999999999,98433.14,15123.95,0.0,0.0,14.0,False,0.4,0.6,0.0,25.0,0.0657804363934104,0.0,False,False,False,False,False,False,17529.65,7.0,5.0,13067.789999999999,152.0,152.0,114.57287581699347,2026-01,True,0,0.3935883028174914,6
2000033510,2025-11,False,2.0,17.0,27.0,0.0,0.0,3.0,277.0,2423.0,0.0613718411552346,0.0,277.6198194945849,76900.69,104477.55,15123.95,0.0,0.0,15.0,False,0.4444444444444444,0.5555555555555556,0.0,27.0,0.0567120089091955,0.0,False,False,False,False,False,False,22373.53,9.0,6.0,14504.86,159.0,159.0,139.8345625,2026-02,True,0,0.5343951468783764,7
2000033511,2025-02,False,0.0,1.0,4.0,0.0,0.0,3.0,0.0,0.0,,,,62.41,242.26,64.22,0.0,0.0,60.0,False,0.0,1.0,0.0,4.0,,,True,True,True,True,False,False,118.18,2.0,2.0,118.18,191.0,191.0,0.6155208333333334,2025-05,True,0,0.4394589089327128,7
2000033511,2025-03,False,0.0,1.0,4.0,0.0,0.0,3.0,156.0,156.0,0.0064102564102564,0.0,0.4000641025641025,62.41,242.26,64.22,0.0,0.0,88.0,False,0.0,1.0,0.0,4.0,,,False,False,False,False,False,False,64.25,1.0,1.0,64.25,239.0,239.0,0.2677083333333333,2025-06,True,0,0.1857147148675009,5
2000033511,2025-04,False,1.0,1.0,4.0,0.0,0.0,3.0,156.0,156.0,0.0064102564102564,0.0,0.3457051282051282,53.93,244.78,64.22,0.0,0.0,1.0,False,0.0,1.0,0.0,4.0,,,False,False,False,False,False,False,0.0,0.0,0.0,0.0,92.0,92.0,0.0,2025-07,True,0,0.2759831144254736,5
2000033511,2025-05,False,1.0,2.0,3.0,0.0,0.0,3.0,303.0,303.0,0.0066006600660066,0.0,0.39003300330033,118.18,180.59,64.25,0.0,0.0,22.0,False,0.0,1.0,0.0,3.0,,,False,False,False,False,False,False,0.0,0.0,0.0,0.0,1096.0,1096.0,0.0,2025-08,True,0,0.14623655965263302,4
2000033511,2025-06,False,0.0,2.0,3.0,0.0,0.0,3.0,191.0,347.0,0.0104712041884816,0.0,0.6187434554973822,118.18,180.59,64.25,0.0,0.0,53.0,False,0.0,1.0,0.0,3.0,0.0040609477782252,0.0,False,False,False,False,False,False,0.0,0.0,0.0,0.0,1048.0,1048.0,0.0,2025-09,True,0,0.17159153766771373,4
2000033511,2025-08,False,0.0,0.0,2.0,0.0,0.0,3.0,92.0,395.0,0.0,0.0,0.0,0.0,118.18,64.25,0.0,0.0,114.0,False,0.0,1.0,0.0,2.0,-0.0066006600660066,0.0,False,False,False,False,False,False,0.0,0.0,0.0,0.0,1071.0,1071.0,0.0,2025-11,True,0,0.1415737332587698,4
2000033511,2025-10,False,0.0,0.0,1.0,0.0,0.0,3.0,1048.0,1287.0,0.0,0.0,0.0,0.0,64.25,64.25,0.0,0.0,175.0,False,0.0,1.0,0.0,1.0,-0.00418410041841,0.0,False,False,False,False,False,False,0.0,0.0,0.0,0.0,1139.0,1139.0,0.0,2026-01,True,0,0.09358440147512759,4
2000033511,2025-11,False,0.0,0.0,0.0,0.0,0.0,0.0,1600.0,1692.0,0.0,0.0,0.0,0.0,0.0,0.0,0.0,0.0,206.0,False,,,,0.0,0.0,0.0,False,False,False,False,False,True,0.0,0.0,0.0,0.0,620.0,620.0,0.0,2026-02,True,0,0.0490455435879994,3
2000033514,2025-03,False,0.0,0.0,0.0,0.0,0.0,0.0,0.0,0.0,,,,0.0,0.0,0.0,0.0,0.0,,False,,,,0.0,,,True,True,True,True,True,True,0.0,0.0,0.0,0.0,0.0,0.0,0.0,2025-06,True,0,0.01581855837460036,2
2000033514,2025-08,False,0.0,0.0,0.0,0.0,0.0,0.0,0.0,0.0,,,,0.0,0.0,0.0,0.0,0.0,,False,,,,0.0,,,True,True,True,True,True,True,0.0,0.0,0.0,0.0,0.0,0.0,0.0,2025-11,True,0,0.01581855837460036,2
2000033514,2025-11,False,0.0,0.0,0.0,0.0,0.0,0.0,0.0,0.0,,,,0.0,0.0,0.0,0.0,0.0,,False,,,,0.0,,,True,True,True,True,True,True,0.0,0.0,0.0,0.0,0.0,0.0,0.0,2026-02,True,0,0.01581855837460036,2
2000033515,2025-05,False,0.0,0.0,0.0,0.0,0.0,0.0,0.0,0.0,,,,0.0,0.0,0.0,0.0,0.0,503.0,False,,,,0.0,,,True,True,True,True,False,True,0.0,0.0,0.0,0.0,0.0,0.0,0.0,2025-08,True,0,0.1719300599506725,4
2000033516,2025-04,False,0.0,0.0,0.0,0.0,0.0,0.0,0.0,0.0,,,,0.0,0.0,0.0,0.0,0.0,,False,,,,0.0,,,True,True,True,True,True,True,0.0,0.0,0.0,0.0,101.0,101.0,0.0,2025-07,True,0,0.01581855837460036,2
2000033516,2025-05,False,0.0,0.0,0.0,0.0,0.0,0.0,-17.0,-17.0,,,,0.0,0.0,0.0,0.0,0.0,,False,,,,0.0,,,True,True,True,True,True,True,0.0,0.0,0.0,0.0,0.0,0.0,0.0,2025-08,True,0,0.02480914402473056,3
2000033518,2025-04,False,0.0,0.0,0.0,0.0,0.0,0.0,0.0,0.0,,,,0.0,0.0,0.0,0.0,0.0,425.0,False,,,,0.0,,,True,True,True,True,False,True,0.0,0.0,0.0,0.0,0.0,0.0,0.0,2025-07,True,0,0.17739546482563276,4
2000033524,2025-01,False,3.0,9.0,14.0,0.0,0.0,3.0,0.0,0.0,,,,65386.86,102202.24000000006,8243.9,0.0,0.0,6.0,False,0.7857142857142857,0.1428571428571428,0.0714285714285714,13.0,,,True,True,True,True,False,False,30773.54,4.0,4.0,30773.54,49.0,49.0,615.4708,2025-04,True,1,0.7167966647337127,9
2000033524,2025-02,False,2.0,6.0,15.0,0.0,0.0,3.0,0.0,0.0,,,,47261.34,110446.14000000009,8243.9,0.0,0.0,1.0,False,0.8,0.1333333333333333,0.0666666666666666,14.0,,,True,True,True,True,False,False,51101.119999999995,7.0,7.0,51101.12,58.0,58.0,866.1206779661017,2025-05,True,1,0.8137463194744848,9
2000033524,2025-03,False,2.0,7.0,14.0,0.0,0.0,3.0,0.0,0.0,,,,55505.24,106606.36000000004,8243.9,0.0,0.0,22.0,False,0.9285714285714286,0.0714285714285714,0.0,14.0,,,True,True,True,True,False,False,42857.22,6.0,5.0,36815.380000000005,55.0,55.0,765.3075,2025-06,True,1,0.6415755682173566,8
2000033524,2025-04,False,2.0,6.0,15.0,0.0,0.0,3.0,21.0,21.0,0.2857142857142857,0.0,2250.54,47261.34,112648.20000000006,8243.9,0.0,0.0,6.0,False,0.9333333333333332,0.0666666666666666,0.0,15.0,,,False,False,False,False,False,False,48899.06,7.0,6.0,42857.22,42.0,42.0,1137.187441860465,2025-07,True,1,0.8319393919654684,9
2000033524,2025-05,False,0.0,4.0,10.0,0.0,0.0,3.0,49.0,49.0,0.0816326530612244,0.0,628.0314285714286,30773.54,78034.88000000006,8243.9,0.0,0.0,36.0,False,1.0,0.0,0.0,10.0,,,False,False,False,False,False,False,20327.58,3.0,2.0,14285.74,49.0,49.0,406.5516,2025-08,True,1,0.8083705967591502,9
2000033524,2025-06,False,5.0,7.0,14.0,0.0,0.0,3.0,58.0,58.0,0.1206896551724138,0.0,881.0537931034482,51101.119999999995,106606.36000000004,8243.9,0.0,0.0,10.0,False,0.9285714285714286,0.0714285714285714,0.0,14.0,,,False,False,False,False,False,False,22529.64,3.0,3.0,22529.64,40.0,40.0,549.5034146341463,2025-09,True,1,0.6878871190498261,8
2000033524,2025-07,False,1.0,6.0,12.0,0.0,0.0,3.0,55.0,76.0,0.109090909090909,0.0,779.2221818181819,42857.22,90118.56000000006,8243.9,0.0,0.0,27.0,False,0.9166666666666666,0.0833333333333333,0.0,12.0,-0.1766233766233766,0.0,False,False,False,False,False,False,36815.380000000005,4.0,4.0,36815.380000000005,25.0,25.0,1415.976153846154,2025-10,True,1,0.7697828639004082,9
2000033524,2025-08,False,1.0,7.0,11.0,0.0,0.0,3.0,42.0,91.0,0.1666666666666666,0.0,1164.2633333333335,48899.060000000005,79672.60000000005,8243.9,0.0,0.0,2.0,False,0.8181818181818182,0.1818181818181818,0.0,11.0,0.0850340136054421,0.0,False,False,False,False,False,False,40655.16,5.0,4.0,34613.32000000001,12.0,12.0,3127.32,2025-11,True,1,0.8282995505575097,9
2000033524,2025-09,False,1.0,3.0,10.0,0.0,0.0,3.0,49.0,107.0,0.0612244897959183,0.0,414.8485714285716,20327.58000000001,71428.70000000006,8243.9,0.0,0.0,11.0,False,0.8,0.2,0.0,10.0,-0.0594651653764954,0.0,False,False,False,False,False,False,32411.260000000002,4.0,3.0,26369.420000000002,3.0,3.0,8102.8150000000005,2025-12,True,1,0.8007486842903002,9
2000033524,2025-10,False,1.0,3.0,9.0,0.0,0.0,3.0,40.0,95.0,0.075,0.0,563.2410000000002,22529.640000000007,65386.86000000006,8243.9,0.0,0.0,16.0,False,0.7777777777777778,0.2222222222222222,0.0,9.0,-0.034090909090909,0.0,False,False,False,False,False,False,12083.68,2.0,1.0,6041.84,3.0,3.0,3020.92,2026-01,True,1,0.8011407571536926,9
2000033524,2025-11,False,2.0,4.0,11.0,0.0,0.0,3.0,25.0,67.0,0.16,0.0,1472.6152000000002,36815.380000000005,85714.44000000006,12083.68,0.0,0.0,3.0,False,0.7272727272727273,0.2727272727272727,0.0,11.0,-0.0066666666666666,0.0,False,False,False,False,False,False,0.0,0.0,0.0,0.0,0.0,0.0,0.0,2026-02,True,0,0.8565446218211874,10
2000034089,2025-05,False,0.0,0.0,0.0,0.0,0.0,0.0,0.0,0.0,,,,0.0,0.0,0.0,0.0,0.0,,False,,,,0.0,,,True,True,True,True,True,True,0.0,0.0,0.0,0.0,0.0,0.0,0.0,2025-08,True,0,0.01581855837460036,2
2000034091,2025-01,False,23.0,57.0,137.0,0.0,0.0,3.0,0.0,0.0,,,,778821.84,1782907.8099999998,126660.2,0.0,1.0,1.0,False,0.6788321167883211,0.3138686131386861,0.0072992700729927,136.0,,,True,True,True,True,False,False,782907.1,70.0,41.0,674113.3599999999,39925.0,39925.0,19.60895406502029,2025-04,True,0,0.771621854106081,9
2000034091,2025-02,False,28.0,65.0,129.0,0.0,0.0,3.0,0.0,0.0,,,,788760.2899999999,1567460.87,126660.2,0.0,0.0,1.0,False,0.7829457364341085,0.2170542635658914,0.0,129.0,,,True,True,True,True,False,False,824504.94,67.0,36.0,699976.7499999999,42264.0,42264.0,19.5079839110375,2025-05,True,0,0.4685938548305096,7
2000034091,2025-03,False,20.0,71.0,138.0,0.0,0.0,3.0,9212.0,9212.0,0.0077073382544507,0.0,75.94755536257055,699628.88,1500612.77,63330.1,0.0,0.0,1.0,False,0.782608695652174,0.217391304347826,0.0,138.0,,,False,False,False,False,False,False,1148263.47,72.0,41.0,1017906.9299999999,24594.0,24594.0,46.68686602968083,2025-06,True,0,0.26051288190926103,5
2000034091,2025-04,False,20.0,68.0,125.0,0.0,0.0,3.0,27372.0,27372.0,0.0024842905158556,0.0,23.235658336986702,636006.4400000001,1414828.28,63330.1,0.0,0.0,6.0,False,0.744,0.256,0.0,125.0,,,False,False,False,False,False,False,975440.95,56.0,35.0,896614.4999999999,61223.0,61223.0,15.932329641970469,2025-07,True,0,0.15084191238193606,4
2000034091,2025-05,False,30.0,70.0,135.0,0.0,0.0,3.0,39925.0,39925.0,0.001753287413901,0.0,19.60944520976831,782907.1,1571667.3899999997,63330.1,0.0,0.0,2.0,False,0.725925925925926,0.2740740740740741,0.0,135.0,,,False,False,False,False,False,False,866518.4299999999,46.0,27.0,794282.2999999999,94844.58,94844.58,9.136097117019053,2025-08,True,0,0.14354143436820088,4
2000034091,2025-06,False,17.0,67.0,138.0,0.0,0.0,3.0,42264.0,51476.0,0.0015852735188339,0.0,19.50844548551959,824504.94,1524133.82,126660.2,0.0,0.0,2.0,False,0.717391304347826,0.2753623188405797,0.0072463768115942,137.0,-0.0061220647356167,0.0,False,False,False,False,False,False,586723.48,36.0,23.0,543144.5599999999,106317.58,106317.58,5.518541349969121,2025-09,True,0,0.1918794549346204,5
2000034091,2025-07,False,25.0,72.0,140.0,0.0,0.0,3.0,24594.0,51966.0,0.0029275433032446,0.0,46.68876433276409,1148263.47,1784269.91,126660.2,2.0,2.0,1.0,False,0.7785714285714286,0.2,0.0214285714285714,137.0,0.000443252787389,0.0,False,False,False,False,False,False,623377.73,32.0,20.0,588429.3099999999,92270.58,92270.58,6.7559017630347284,2025-10,True,0,0.2878394621581603,6
2000034091,2025-08,False,14.0,56.0,126.0,0.0,0.0,3.0,61223.0,101148.0,0.0009146889240971,0.0,15.932589876353656,975440.95,1758348.05,126660.2,2.0,2.0,2.0,False,0.7936507936507936,0.1825396825396825,0.0238095238095238,123.0,-0.0008385984898039,0.0,False,False,False,False,False,False,640638.09,29.0,21.0,618169.96,71962.0,71962.0,8.902326056445673,2025-11,True,0,0.2733669245015827,5
2000034091,2025-09,False,7.0,46.0,113.0,0.0,0.0,3.0,94844.58,137108.58000000002,0.000485003992848,0.0,9.136193444053418,866518.43,1691023.37,126660.2,2.0,2.0,6.0,False,0.8053097345132744,0.168141592920354,0.0265486725663716,110.0,-0.0011002695259859,0.0,False,False,False,False,False,False,562407.39,26.0,22.0,555063.51,76497.0,76497.0,7.3519227953672,2025-12,True,0,0.27745244990262513,5
2000034091,2025-10,False,15.0,36.0,108.0,0.0,0.0,3.0,106317.58,130911.58,0.0003386081586883,0.0,5.518593256167042,586723.48,1734986.95,126660.2,0.0,2.0,1.0,False,0.7870370370370371,0.1851851851851851,0.0277777777777777,105.0,-0.0025889351445563,0.0,False,False,False,False,False,False,310344.22000000003,28.0,27.0,307149.11000000004,52211.0,52211.0,5.943925151306214,2026-01,True,0,0.6115033555189122,8
2000034091,2025-11,False,10.0,32.0,88.0,0.0,0.0,3.0,92270.58,153493.58000000002,0.0003468061000591,0.0,6.755974981407942,623377.73,1598818.68,189990.3,0.0,2.0,1.0,False,0.8295454545454546,0.1363636363636363,0.034090909090909,85.0,-0.0005678828240379,0.0,False,False,False,False,False,False,169623.71000000002,30.0,27.0,159069.78000000006,27379.0,27379.0,6.195168371073777,2026-02,True,0,0.6860374250484126,8
2000034092,2025-02,False,0.0,0.0,2.0,0.0,0.0,3.0,0.0,0.0,,,,0.0,485.6200000000001,242.81,0.0,0.0,144.0,False,0.5,0.5,0.0,2.0,,,True,True,True,True,False,False,0.0,0.0,0.0,0.0,1524.0,1524.0,0.0,2025-05,True,0,0.3948748503781544,6
2000034092,2025-04,False,0.0,1.0,1.0,0.0,0.0,3.0,0.0,0.0,,,,128.59,128.59000000000012,128.59,0.0,0.0,40.0,False,0.0,1.0,0.0,1.0,,,True,True,True,True,False,False,242.81,1.0,1.0,242.81,0.0,0.0,242.81,2025-07,True,0,0.4884920566381703,7
2000034092,2025-06,False,0.0,0.0,1.0,0.0,0.0,3.0,1524.0,1524.0,0.0,0.0,0.0,0.0,128.59000000000012,128.59,0.0,0.0,101.0,False,0.0,1.0,0.0,1.0,,,False,False,False,False,False,False,0.0,0.0,0.0,0.0,0.0,0.0,0.0,2025-09,True,0,0.1162221960298167,4
2000034092,2025-11,False,0.0,0.0,1.0,0.0,0.0,2.0,0.0,0.0,,,,0.0,242.81000000000012,242.81,0.0,0.0,127.0,False,1.0,0.0,0.0,1.0,,,True,True,True,True,False,False,0.0,0.0,0.0,0.0,0.0,0.0,0.0,2026-02,True,0,0.3573068404334188,6
2000034094,2025-01,False,0.0,1.0,3.0,0.0,0.0,3.0,0.0,0.0,,,,30.939999999992725,51952.27999999999,25960.67,0.0,0.0,49.0,False,0.3333333333333333,0.6666666666666666,0.0,3.0,,,True,True,True,True,False,False,63276.71000000001,4.0,4.0,63276.71000000001,5225.0,5225.0,12.108057787983162,2025-04,True,0,0.7350908224146858,9
2000034094,2025-02,False,3.0,4.0,5.0,0.0,0.0,3.0,0.0,0.0,,,,46365.55,72326.22,25960.67,0.0,0.0,17.0,False,0.8,0.2,0.0,5.0,,,True,True,True,True,False,False,80952.84,7.0,5.0,64392.34,5225.0,5225.0,15.490401836969001,2025-05,True,0,0.7038790254482507,8
2000034094,2025-03,False,1.0,4.0,5.0,0.0,0.0,3.0,0.0,0.0,,,,72295.28,72326.22,25960.67,0.0,0.0,9.0,False,0.8,0.2,0.0,5.0,,,True,True,True,True,False,False,50063.100000000006,5.0,3.0,33502.6,575.0,575.0,86.91510416666668,2025-06,True,0,0.7969975832957555,9
2000034094,2025-04,False,2.0,6.0,7.0,0.0,0.0,3.0,5215.0,5215.0,0.0011505273250239,0.0,19.786197507190792,103185.02,103215.96,25960.67,0.0,0.0,19.0,False,0.8571428571428571,0.1428571428571428,0.0,7.0,,,False,False,False,False,False,False,69597.47,5.0,3.0,53036.97,565.0,565.0,122.96372791519435,2025-07,True,0,0.44773436317794646,7
2000034094,2025-05,False,1.0,4.0,8.0,0.0,0.0,3.0,5225.0,5225.0,0.0007655502392344,0.0,12.110375119617224,63276.70999999999,109642.26,25960.67,0.0,0.0,22.0,False,0.875,0.125,0.0,8.0,,,False,False,False,False,False,False,68083.64,3.0,3.0,68083.64,1842.0,1842.0,36.941747151383616,2025-08,True,0,0.48977484678240096,7
2000034094,2025-06,False,4.0,7.0,11.0,0.0,0.0,3.0,5225.0,5225.0,0.0013397129186602,0.0,15.493366507177033,80952.84,153248.12,25960.67,0.0,0.0,20.0,False,0.9090909090909092,0.0909090909090909,0.0,11.0,,,False,False,False,False,False,False,110223.04999999999,6.0,6.0,110223.05,1551.0,1551.0,71.02000644329897,2025-09,True,0,0.35853485383252176,6
2000034094,2025-07,False,0.0,5.0,11.0,0.0,0.0,3.0,575.0,5790.0,0.008695652173913,0.0,87.0662608695652,50063.09999999999,153248.12,25960.67,0.0,0.0,50.0,False,0.9090909090909092,0.0909090909090909,0.0,11.0,0.007545124848889,0.0,False,False,False,False,False,False,125667.92000000001,7.0,7.0,125667.92000000001,1954.0,1954.0,64.28026598465473,2025-10,True,0,0.6473427719300905,8
2000034094,2025-08,False,1.0,5.0,9.0,0.0,0.0,3.0,565.0,5790.0,0.0088495575221238,0.0,123.1813628318584,69597.47,132874.18,25960.67,0.0,0.0,15.0,False,0.8888888888888888,0.1111111111111111,0.0,9.0,0.0080840072828894,0.0,False,False,False,False,False,False,83544.95,5.0,5.0,83544.95000000001,678.0,678.0,123.04116347569955,2025-11,True,0,0.6587368635899752,8
2000034094,2025-09,False,2.0,3.0,10.0,0.0,0.0,3.0,1842.0,7067.0,0.001628664495114,0.0,36.96180238870792,68083.63999999998,149036.47999999998,25960.67,0.0,0.0,10.0,False,0.9,0.1,0.0,10.0,0.0002889515764537,0.0,False,False,False,False,False,False,41405.54,2.0,2.0,41405.54,404.0,404.0,102.2359012345679,2025-12,True,0,0.5976826327005842,8
2000034094,2025-10,False,3.0,6.0,11.0,0.0,0.0,3.0,1551.0,2126.0,0.0038684719535783,0.0,71.0657962604771,110223.05,160286.15,25960.67,0.0,0.0,9.0,False,0.7272727272727273,0.2727272727272727,0.0,11.0,-0.0048271802203347,0.0,False,False,False,False,False,False,0.0,0.0,0.0,0.0,1.0,1.0,0.0,2026-01,True,0,0.5842935829431283,8
2000034094,2025-11,False,2.0,7.0,12.0,0.0,0.0,3.0,1954.0,2519.0,0.003582395087001,0.0,64.31316274309108,125667.91999999998,195265.39,25960.67,0.0,0.0,4.0,False,0.75,0.25,0.0,12.0,-0.0052671624351228,0.0,False,False,False,False,False,False,0.0,0.0,0.0,0.0,0.0,0.0,0.0,2026-02,True,0,0.6320416395742626,8
2000034098,2025-02,False,0.0,0.0,0.0,0.0,0.0,0.0,0.0,0.0,,,,0.0,0.0,0.0,0.0,0.0,,False,,,,0.0,,,True,True,True,True,True,True,0.0,0.0,0.0,0.0,1400.0,1400.0,0.0,2025-05,True,0,0.01581855837460036,2
2000034098,2025-03,False,0.0,0.0,0.0,0.0,0.0,0.0,1000.0,1000.0,0.0,0.0,0.0,0.0,0.0,0.0,0.0,0.0,,False,,,,0.0,,,False,False,False,False,True,True,0.0,0.0,0.0,0.0,1400.0,1400.0,0.0,2025-06,True,0,0.0035208276452273215,1
2000034098,2025-04,False,0.0,0.0,0.0,0.0,0.0,0.0,1000.0,1000.0,0.0,0.0,0.0,0.0,0.0,0.0,0.0,0.0,,False,,,,0.0,,,False,False,False,False,True,True,0.0,0.0,0.0,0.0,1300.0,1300.0,0.0,2025-07,True,0,0.0035208276452273215,1
2000034098,2025-05,False,0.0,0.0,0.0,0.0,0.0,0.0,1100.0,1100.0,0.0,0.0,0.0,0.0,0.0,0.0,0.0,0.0,,False,,,,0.0,,,False,False,False,False,True,True,0.0,0.0,0.0,0.0,50.0,50.0,0.0,2025-08,True,0,0.003468149101044517,1
2000034098,2025-07,False,0.0,0.0,0.0,0.0,0.0,0.0,1400.0,2400.0,0.0,0.0,0.0,0.0,0.0,0.0,0.0,0.0,,False,,,,0.0,0.0,0.0,False,False,False,False,True,True,0.0,0.0,0.0,0.0,50.0,50.0,0.0,2025-10,True,0,0.003224306330812456,1
2000034098,2025-08,False,0.0,0.0,0.0,0.0,0.0,0.0,1300.0,2400.0,0.0,0.0,0.0,0.0,0.0,0.0,0.0,0.0,,False,,,,0.0,0.0,0.0,False,False,False,False,True,True,0.0,0.0,0.0,0.0,0.0,0.0,0.0,2025-11,True,0,0.0032469125136836076,1
2000034098,2025-09,False,0.0,0.0,0.0,0.0,0.0,0.0,50.0,1450.0,0.0,0.0,0.0,0.0,0.0,0.0,0.0,0.0,,False,,,,0.0,0.0,0.0,False,False,False,False,True,True,0.0,0.0,0.0,0.0,0.0,0.0,0.0,2025-12,True,0,0.0045509140315625335,1
2000034106,2025-03,False,0.0,0.0,0.0,0.0,0.0,0.0,0.0,0.0,,,,0.0,0.0,0.0,0.0,0.0,,False,,,,0.0,,,True,True,True,True,True,True,0.0,0.0,0.0,0.0,0.0,0.0,0.0,2025-06,True,0,0.01581855837460036,2
2000034120,2025-02,False,0.0,0.0,0.0,0.0,0.0,0.0,0.0,0.0,,,,0.0,0.0,0.0,0.0,0.0,,False,,,,0.0,,,True,True,True,True,True,True,0.0,0.0,0.0,0.0,1000.0,1000.0,0.0,2025-05,True,0,0.01581855837460036,2
2000034120,2025-03,False,0.0,0.0,0.0,0.0,0.0,0.0,0.0,0.0,,,,0.0,0.0,0.0,0.0,0.0,,False,,,,0.0,,,True,True,True,True,True,True,0.0,0.0,0.0,0.0,1000.0,1000.0,0.0,2025-06,True,0,0.01581855837460036,2
2000034120,2025-04,False,0.0,0.0,0.0,0.0,0.0,0.0,0.0,0.0,,,,0.0,0.0,0.0,0.0,0.0,,False,,,,0.0,,,True,True,True,True,True,True,0.0,0.0,0.0,0.0,0.0,0.0,0.0,2025-07,True,0,0.01581855837460036,2
2000034120,2025-05,False,0.0,0.0,0.0,0.0,0.0,0.0,1000.0,1000.0,0.0,0.0,0.0,0.0,0.0,0.0,0.0,0.0,,False,,,,0.0,,,False,False,False,False,True,True,0.0,0.0,0.0,0.0,0.0,0.0,0.0,2025-08,True,0,0.0035208276452273215,1
2000034120,2025-06,False,0.0,0.0,0.0,0.0,0.0,0.0,1000.0,1000.0,0.0,0.0,0.0,0.0,0.0,0.0,0.0,0.0,,False,,,,0.0,,,False,False,False,False,True,True,0.0,0.0,0.0,0.0,0.0,0.0,0.0,2025-09,True,0,0.0035208276452273215,1
2000034120,2025-07,False,0.0,0.0,0.0,0.0,0.0,0.0,1000.0,1000.0,0.0,0.0,0.0,0.0,0.0,0.0,0.0,0.0,,False,,,,0.0,,,False,False,False,False,True,True,0.0,0.0,0.0,0.0,0.0,0.0,0.0,2025-10,True,0,0.0035208276452273215,1
2000034120,2025-08,False,0.0,0.0,0.0,0.0,0.0,0.0,0.0,1000.0,,,,0.0,0.0,0.0,0.0,0.0,,False,,,,0.0,,,True,True,True,True,True,True,0.0,0.0,0.0,0.0,0.0,0.0,0.0,2025-11,True,0,0.010208126255967221,1
2000034120,2025-09,False,0.0,0.0,0.0,0.0,0.0,0.0,0.0,1000.0,,,,0.0,0.0,0.0,0.0,0.0,,False,,,,0.0,,,True,True,True,True,True,True,0.0,0.0,0.0,0.0,0.0,0.0,0.0,2025-12,True,0,0.010208126255967221,1
2000034120,2025-10,False,0.0,0.0,0.0,0.0,0.0,0.0,0.0,1000.0,,,,0.0,0.0,0.0,0.0,0.0,,False,,,,0.0,,,True,True,True,True,True,True,0.0,0.0,0.0,0.0,0.0,0.0,0.0,2026-01,True,0,0.010208126255967221,1
2000034129,2025-01,False,2.0,8.0,15.0,0.0,0.0,3.0,0.0,0.0,,,,2689.32,3876.69,659.2,0.0,0.0,15.0,False,0.4666666666666667,0.5333333333333333,0.0,15.0,,,True,True,True,True,False,False,2070.8599999999997,8.0,8.0,2070.8599999999997,180.0,180.0,11.441215469613258,2025-04,True,0,0.4119165627620411,6
2000034129,2025-02,False,1.0,8.0,13.0,0.0,0.0,3.0,0.0,0.0,,,,2746.96,3605.47,659.2,0.0,0.0,23.0,False,0.5384615384615384,0.4615384615384615,0.0,13.0,,,True,True,True,True,False,False,5306.1,10.0,10.0,5306.1,204.0,204.0,25.883414634146344,2025-05,True,0,0.43040981065884004,7
2000034129,2025-03,False,2.0,5.0,13.0,0.0,0.0,3.0,8.0,8.0,0.625,0.0,181.39875,1451.19,3480.98,659.2,0.0,0.0,18.0,False,0.4615384615384615,0.5384615384615384,0.0,13.0,,,False,False,False,False,False,False,6001.299999999999,7.0,7.0,6001.299999999999,287.0,287.0,20.83784722222222,2025-06,True,0,0.4940006871924035,7
2000034129,2025-04,False,4.0,7.0,15.0,0.0,0.0,3.0,177.0,177.0,0.03954802259887,0.0,8.871977401129945,1570.34,4259.66,659.2,0.0,0.0,7.0,False,0.5333333333333333,0.4666666666666667,0.0,15.0,,,False,False,False,False,False,False,5387.530000000001,6.0,6.0,5387.530000000001,444.0,444.0,12.106808988764046,2025-07,True,0,0.2323350954290431,5
2000034129,2025-05,False,2.0,8.0,16.0,0.0,0.0,3.0,180.0,180.0,0.0444444444444444,0.0,11.50477777777778,2070.86,4817.82,659.2,0.0,0.0,15.0,False,0.5625,0.4375,0.0,16.0,,,False,False,False,False,False,False,1957.74,2.0,2.0,1957.74,412.0,412.0,4.740290556900726,2025-08,True,0,0.2514186332599543,5
2000034129,2025-06,False,4.0,10.0,15.0,0.0,0.0,3.0,204.0,212.0,0.0490196078431372,0.0,26.01029411764706,5306.1,6757.29,2561.8,0.0,0.0,10.0,False,0.5333333333333333,0.4666666666666667,0.0,15.0,-0.5759803921568627,0.0,False,False,False,False,False,False,304.34,1.0,1.0,304.34,264.0,264.0,1.1484528301886792,2025-09,True,0,0.3630517598589607,6
2000034129,2025-07,False,1.0,7.0,14.0,0.0,0.0,3.0,287.0,464.0,0.024390243902439,0.0,20.910452961672476,6001.300000000001,7571.639999999999,2561.8,0.0,0.0,15.0,False,0.6428571428571429,0.3571428571428571,0.0,14.0,-0.015157778696431,0.0,False,False,False,False,False,False,0.0,0.0,0.0,0.0,104.0,104.0,0.0,2025-10,True,0,0.3750309904197213,6
2000034129,2025-09,False,0.0,2.0,12.0,0.0,0.0,3.0,412.0,616.0,0.0048543689320388,0.0,4.751796116504855,1957.7400000000005,7263.84,2561.8,0.0,0.0,53.0,False,0.6666666666666666,0.3333333333333333,0.0,12.0,-0.0441652389110984,0.0,False,False,False,False,False,False,304.34,1.0,1.0,304.34,17.0,17.0,16.907777777777778,2025-12,True,0,0.3989276596615516,6
2000034130,2025-02,False,0.0,0.0,0.0,0.0,0.0,0.0,0.0,0.0,,,,0.0,0.0,0.0,0.0,0.0,,False,,,,0.0,,,True,True,True,True,True,True,0.0,0.0,0.0,0.0,0.0,0.0,0.0,2025-05,True,0,0.01581855837460036,2
2000034130,2025-03,False,0.0,0.0,0.0,0.0,0.0,0.0,0.0,0.0,,,,0.0,0.0,0.0,0.0,0.0,,False,,,,0.0,,,True,True,True,True,True,True,0.0,0.0,0.0,0.0,0.0,0.0,0.0,2025-06,True,0,0.01581855837460036,2
2000034130,2025-04,False,0.0,0.0,0.0,0.0,0.0,0.0,0.0,0.0,,,,0.0,0.0,0.0,0.0,0.0,,False,,,,0.0,,,True,True,True,True,True,True,0.0,0.0,0.0,0.0,0.0,0.0,0.0,2025-07,True,0,0.01581855837460036,2
2000034130,2025-05,False,0.0,0.0,0.0,0.0,0.0,0.0,0.0,0.0,,,,0.0,0.0,0.0,0.0,0.0,,False,,,,0.0,,,True,True,True,True,True,True,0.0,0.0,0.0,0.0,0.0,0.0,0.0,2025-08,True,0,0.01581855837460036,2
2000034130,2025-06,False,0.0,0.0,0.0,0.0,0.0,0.0,0.0,0.0,,,,0.0,0.0,0.0,0.0,0.0,,False,,,,0.0,,,True,True,True,True,True,True,0.0,0.0,0.0,0.0,0.0,0.0,0.0,2025-09,True,0,0.01581855837460036,2
2000034130,2025-07,False,0.0,0.0,0.0,0.0,0.0,0.0,0.0,0.0,,,,0.0,0.0,0.0,0.0,0.0,,False,,,,0.0,,,True,True,True,True,True,True,0.0,0.0,0.0,0.0,0.0,0.0,0.0,2025-10,True,0,0.01581855837460036,2
2000034130,2025-08,False,0.0,0.0,0.0,0.0,0.0,0.0,0.0,0.0,,,,0.0,0.0,0.0,0.0,0.0,,False,,,,0.0,,,True,True,True,True,True,True,0.0,0.0,0.0,0.0,0.0,0.0,0.0,2025-11,True,0,0.01581855837460036,2
2000034130,2025-09,False,0.0,0.0,0.0,0.0,0.0,0.0,0.0,0.0,,,,0.0,0.0,0.0,0.0,0.0,,False,,,,0.0,,,True,True,True,True,True,True,0.0,0.0,0.0,0.0,0.0,0.0,0.0,2025-12,True,0,0.01581855837460036,2
2000034130,2025-10,False,0.0,0.0,0.0,0.0,0.0,0.0,0.0,0.0,,,,0.0,0.0,0.0,0.0,0.0,,False,,,,0.0,,,True,True,True,True,True,True,0.0,0.0,0.0,0.0,0.0,0.0,0.0,2026-01,True,0,0.01581855837460036,2
2000034134,2025-01,False,10.0,19.0,25.0,0.0,0.0,3.0,0.0,0.0,,,,159627.74,213584.32,31286.32,0.0,0.0,8.0,False,0.8,0.2,0.0,25.0,,,True,True,True,True,False,False,117978.39000000001,25.0,14.0,78634.31999999999,484.0,484.0,243.25441237113404,2025-04,True,0,0.5190277457588266,7
2000034134,2025-02,False,2.0,13.0,27.0,0.0,0.0,3.0,0.0,0.0,,,,62092.91,215570.37,31286.32,0.0,0.0,9.0,False,0.7777777777777778,0.2222222222222222,0.0,27.0,,,True,True,True,True,False,False,149298.15000000002,19.0,15.0,122602.07999999999,503.0,503.0,296.22648809523815,2025-05,True,1,0.6745051962502498,8
2000034134,2025-03,False,11.0,23.0,34.0,0.0,0.0,3.0,1.0,1.0,23.0,0.0,69029.23,69029.23,206450.22,31286.32,1.0,1.0,8.0,False,0.7352941176470589,0.2352941176470588,0.0294117647058823,33.0,,,False,False,False,False,False,False,129681.33,16.0,14.0,112914.84,261.0,261.0,494.96690839694656,2025-06,True,1,0.780611661393726,9
2000034134,2025-04,False,9.0,22.0,41.0,0.0,0.0,3.0,439.0,439.0,0.0501138952164009,0.0,229.11378132118455,100580.95,260208.69000000003,42160.0,1.0,1.0,14.0,False,0.7804878048780488,0.1951219512195122,0.024390243902439,40.0,,,False,False,False,False,False,False,124462.29,18.0,16.0,112000.09,263.0,263.0,471.44806818181814,2025-07,True,1,0.4965100963104995,7
2000034134,2025-05,False,5.0,25.0,38.0,0.0,0.0,3.0,484.0,484.0,0.0516528925619834,0.0,243.75700413223143,117978.39,180071.3,42160.0,1.0,1.0,7.0,False,0.7631578947368421,0.2105263157894736,0.0263157894736842,37.0,,,False,False,False,False,False,False,138182.78,17.0,14.0,121809.79000000001,374.0,374.0,368.48741333333334,2025-08,True,1,0.5687526449392792,8
2000034134,2025-06,False,5.0,19.0,42.0,0.0,0.0,3.0,503.0,504.0,0.0377733598409542,0.0,296.815407554672,149298.15000000002,218327.38,42160.0,0.0,1.0,11.0,False,0.7619047619047619,0.2142857142857142,0.0238095238095238,41.0,-22.962226640159045,0.0,False,False,False,False,False,False,112866.17,19.0,9.0,56229.590000000004,1360.0,1360.0,82.92885378398236,2025-09,True,0,0.9762991746359538,10
2000034134,2025-07,False,6.0,16.0,38.0,0.0,0.0,3.0,261.0,700.0,0.0613026819923371,0.0,496.86333333333334,129681.33,230262.28000000003,42160.0,0.0,1.0,5.0,False,0.7368421052631579,0.2368421052631578,0.0263157894736842,37.0,0.0111887867759362,0.0,False,False,False,False,False,False,185119.37,23.0,10.0,135965.91,1336.0,1336.0,138.45876589379208,2025-10,True,0,0.8371774750186758,9
2000034134,2025-08,False,7.0,18.0,43.0,0.0,0.0,3.0,263.0,747.0,0.0684410646387832,0.0,473.2406463878326,124462.29,242440.68,42160.0,0.0,1.0,2.0,False,0.7441860465116279,0.2325581395348837,0.0232558139534883,42.0,0.0167881720767998,0.0,False,False,False,False,False,False,172868.61,23.0,10.0,121394.84,1271.0,1271.0,135.90299528301887,2025-11,True,0,0.8369927073611341,9
2000034134,2025-09,False,4.0,17.0,36.0,0.0,0.0,3.0,374.0,877.0,0.0454545454545454,0.0,369.4726737967914,138182.78,287480.93,42160.0,0.0,0.0,4.0,False,0.8333333333333334,0.1666666666666666,0.0,36.0,0.0076811856135911,0.0,False,False,False,False,False,False,159609.19,18.0,11.0,142167.90999999997,102.0,102.0,1549.603786407767,2025-12,True,1,0.6214557918763718,8
2000034134,2025-10,False,8.0,19.0,35.0,0.0,0.0,3.0,1360.0,1621.0,0.0139705882352941,0.0,82.98983088235293,112866.17,242547.5,37386.6,0.0,0.0,12.0,False,0.8571428571428571,0.1428571428571428,0.0,35.0,-0.047332093757043,0.0,False,False,False,False,False,False,81831.48000000001,11.0,8.0,68960.09999999999,82.0,82.0,985.9214457831326,2026-01,True,1,0.36772614802065035,6
2000034134,2025-11,False,11.0,23.0,41.0,0.0,0.0,3.0,1336.0,1599.0,0.0172155688622754,0.0,138.56240269461077,185119.37,309581.66000000003,37386.6,0.0,0.0,5.0,False,0.902439024390244,0.0975609756097561,0.0,41.0,-0.0512254957765078,0.0,False,False,False,False,False,False,35874.57,9.0,5.0,29234.29,17.0,17.0,1993.0316666666668,2026-02,True,1,0.39935215749377095,6
2000034135,2025-01,False,3.0,8.0,19.0,0.0,0.0,3.0,0.0,0.0,,,,51036.759999999995,127095.12,54868.0,0.0,0.0,12.0,False,0.7368421052631579,0.2631578947368421,0.0,19.0,,,True,True,True,True,False,False,3430.5600000000004,13.0,12.0,2087.6099999999997,1557.0,1557.0,2.2018998716302955,2025-04,True,0,0.6781084797733589,8
2000034135,2025-02,False,1.0,6.0,18.0,0.0,0.0,3.0,0.0,0.0,,,,865.1899999999999,127064.68,54868.0,0.0,0.0,8.0,False,0.6666666666666666,0.3333333333333333,0.0,18.0,,,True,True,True,True,False,False,4185.39,12.0,11.0,2842.4399999999996,1344.0,1344.0,3.1118141263940524,2025-05,True,0,0.6978983706517686,8
2000034135,2025-03,False,3.0,7.0,17.0,0.0,0.0,3.0,240.0,240.0,0.0291666666666666,0.0,4.9037083333333324,1176.89,126235.64,54868.0,0.0,0.0,25.0,False,0.5882352941176471,0.4117647058823529,0.0,17.0,,,False,False,False,False,False,False,2534.92,9.0,9.0,2534.92,773.0,773.0,3.275090439276486,2025-06,True,0,0.3444325434983489,6
2000034135,2025-04,False,5.0,9.0,17.0,0.0,0.0,3.0,833.0,833.0,0.0108043217286914,0.0,3.1898319327731093,2657.13,53693.89,50100.0,0.0,0.0,1.0,False,0.4117647058823529,0.5882352941176471,0.0,17.0,,,False,False,False,False,False,False,1846.7199999999998,7.0,7.0,1846.7199999999998,126.0,126.0,14.541102362204724,2025-07,True,0,0.3471556800878737,6
2000034135,2025-05,False,5.0,13.0,19.0,0.0,0.0,3.0,1557.0,1557.0,0.00834938985228,0.0,2.2033140655105976,3430.5600000000004,4295.75,1342.95,0.0,0.0,3.0,False,0.5789473684210527,0.4210526315789473,0.0,19.0,,,False,False,False,False,False,False,1775.24,10.0,10.0,1775.24,114.0,114.0,15.43686956521739,2025-08,True,0,0.13476726069983735,4
2000034135,2025-06,False,2.0,12.0,19.0,0.0,0.0,3.0,1344.0,1584.0,0.0089285714285714,0.0,3.1141294642857145,4185.39,5362.280000000001,1342.95,0.0,0.0,24.0,False,0.5789473684210527,0.4210526315789473,0.0,19.0,-0.0202380952380952,0.0,False,False,False,False,False,False,2682.55,12.0,12.0,2682.55,116.0,116.0,22.92777777777778,2025-09,True,0,0.14453204158818686,4
2000034135,2025-07,False,2.0,9.0,18.0,0.0,0.0,3.0,773.0,1606.0,0.0116429495472186,0.0,3.279327296248383,2534.92,5192.05,1342.95,0.0,0.0,19.0,False,0.6111111111111112,0.3888888888888889,0.0,18.0,0.0008386278185271,0.0,False,False,False,False,False,False,2405.4700000000003,9.0,9.0,2405.4700000000003,51.0,51.0,46.259038461538466,2025-10,True,0,0.16558271323192003,4
2000034135,2025-08,False,3.0,7.0,20.0,0.0,0.0,3.0,126.0,1683.0,0.0555555555555555,0.0,14.65650793650794,1846.7200000000005,5277.280000000001,1342.95,0.0,0.0,8.0,False,0.65,0.35,0.0,20.0,0.0472061657032755,0.0,False,False,False,False,False,False,1360.77,5.0,5.0,1360.77,42.0,42.0,31.64581395348837,2025-11,True,0,0.24926971656289618,5
2000034135,2025-09,False,5.0,10.0,22.0,0.0,0.0,3.0,114.0,1458.0,0.087719298245614,0.0,15.572280701754387,1775.2400000000002,5960.63,1342.95,0.0,0.0,4.0,False,0.5909090909090909,0.4090909090909091,0.0,22.0,0.0787907268170426,0.0,False,False,False,False,False,False,191.85,1.0,1.0,191.85,42.0,42.0,4.461627906976744,2025-12,True,0,0.21519085720037706,5
2000034135,2025-10,False,4.0,12.0,21.0,0.0,0.0,3.0,116.0,889.0,0.1034482758620689,0.0,23.12543103448276,2682.55,5217.47,1116.18,0.0,0.0,1.0,False,0.7619047619047619,0.238095238095238,0.0,21.0,0.0918053263148503,0.0,False,False,False,False,False,False,191.85,1.0,1.0,191.85,86.0,86.0,2.2051724137931035,2026-01,True,0,0.2642496159821924,5
2000034135,2025-11,False,0.0,9.0,16.0,0.0,0.0,3.0,51.0,177.0,0.1764705882352941,0.0,47.166078431372554,2405.4700000000003,4252.1900000000005,1116.18,0.0,0.0,32.0,False,0.6875,0.3125,0.0,16.0,0.1209150326797385,0.0,False,False,False,False,False,False,0.0,0.0,0.0,0.0,622.0,622.0,0.0,2026-02,True,0,0.37890126008920244,6
2000034140,2025-03,False,0.0,0.0,0.0,0.0,0.0,0.0,0.0,0.0,,,,0.0,0.0,0.0,0.0,0.0,802.0,False,,,,0.0,,,True,True,True,True,False,True,0.0,0.0,0.0,0.0,0.0,0.0,0.0,2025-06,True,0,0.15748709995741447,4
2000034142,2025-01,False,9.0,21.0,26.0,0.0,0.0,3.0,0.0,0.0,,,,54986.65000000004,370813.05,245781.36,0.0,0.0,6.0,False,0.6153846153846154,0.3461538461538461,0.0384615384615384,25.0,,,True,True,True,True,False,False,78668.67,19.0,19.0,78668.67,7563.0,7563.0,10.4004058699101,2025-04,True,0,0.617315846436963,8
2000034142,2025-02,False,2.0,20.0,28.0,0.0,0.0,3.0,0.0,0.0,,,,93362.39000000004,409188.79,245781.36,0.0,0.0,16.0,False,0.6428571428571429,0.3214285714285714,0.0357142857142857,27.0,,,True,True,True,True,False,False,125996.42,15.0,14.0,125996.42,12898.0,12898.0,9.76792154430576,2025-05,True,0,0.7126532646338397,9
2000034142,2025-03,False,11.0,22.0,37.0,0.0,0.0,3.0,378.0,378.0,0.0582010582010582,0.0,390.71621693121705,147690.73000000004,394454.3599999999,245781.36,0.0,0.0,12.0,False,0.7567567567567568,0.2432432432432432,0.0,37.0,,,False,False,False,False,False,False,125443.73999999999,13.0,12.0,125443.73999999999,8681.0,8681.0,14.448714581893572,2025-06,True,0,0.5146904451718193,7
2000034142,2025-04,False,5.0,18.0,39.0,0.0,0.0,3.0,6018.0,6018.0,0.0029910269192422,0.0,15.59761548687272,93866.45000000004,148853.1,51011.44,0.0,0.0,5.0,False,0.6923076923076923,0.3076923076923077,0.0,39.0,,,False,False,False,False,False,False,102265.78,13.0,12.0,102265.78,7507.0,7507.0,13.620908364411294,2025-07,True,0,0.3121859215507837,6
2000034142,2025-05,False,3.0,19.0,39.0,0.0,0.0,3.0,7563.0,7563.0,0.0025122305963242,0.0,10.401781039270135,78668.67000000003,172031.06,51011.44,0.0,0.0,13.0,False,0.717948717948718,0.282051282051282,0.0,39.0,,,False,False,False,False,False,False,0.0,10.0,6.0,0.0,2394.0,2394.0,0.0,2025-08,True,0,0.2803885492660538,5
2000034142,2025-06,False,7.0,15.0,37.0,0.0,0.0,3.0,12898.0,13276.0,0.0011629710032563,0.0,9.768678864940304,125996.42000000004,273687.15,51011.44,0.0,0.0,10.0,False,0.6486486486486487,0.3513513513513513,0.0,37.0,-0.0570380871978018,0.0,False,False,False,False,False,False,170231.85,13.0,7.0,170192.57000000004,1172.0,1172.0,145.1251918158568,2025-09,True,0,0.2680140197520283,5
2000034142,2025-07,False,3.0,13.0,31.0,0.0,0.0,3.0,8681.0,14699.0,0.0014975233268056,0.0,14.450378988595787,125443.74000000003,219310.18999999997,51011.44,0.0,0.0,5.0,False,0.6129032258064516,0.3870967741935484,0.0,31.0,-0.0014935035924366,0.0,False,False,False,False,False,False,204688.08000000002,30.0,14.0,204277.40000000002,3189.0,3189.0,64.16554231974922,2025-10,True,0,0.3949881811981287,6
2000034142,2025-08,False,3.0,13.0,32.0,0.0,0.0,3.0,7507.0,15070.0,0.0017317170640735,0.0,13.622722792060747,102265.78000000004,180934.45,51011.44,0.0,0.0,10.0,False,0.625,0.375,0.0,32.0,-0.0007805135322506,0.0,False,False,False,False,False,False,290021.41000000003,34.0,16.0,289373.67000000004,3075.0,3075.0,94.28524382314696,2025-11,True,0,0.3495795339157311,6
2000034142,2025-09,False,4.0,10.0,25.0,0.0,0.0,3.0,2394.0,15292.0,0.0041771094402673,0.0,0.0,0.0,125996.41999999998,51011.44,0.0,0.0,7.0,False,0.52,0.48,0.0,25.0,0.003014138437011,0.0,False,False,False,False,False,False,273518.66000000003,40.0,19.0,272447.12,3867.0,3867.0,70.7132006204757,2025-12,True,0,0.08970638196982764,4
2000034142,2025-10,False,6.0,13.0,26.0,0.0,0.0,3.0,1172.0,9853.0,0.0110921501706484,0.0,145.2490187713311,170231.85000000003,295675.58999999997,102022.88,0.0,0.0,7.0,False,0.6923076923076923,0.3076923076923077,0.0,26.0,0.0095946268438427,0.0,False,False,False,False,False,False,290238.3,27.0,11.0,289373.73000000004,1774.0,1774.0,163.5145352112676,2026-01,True,0,0.5185547448055619,7
2000034142,2025-11,False,20.0,30.0,43.0,0.0,0.0,3.0,3189.0,10696.0,0.0094073377234242,0.0,64.18566321730951,204688.08000000005,306953.86,102022.88,0.0,0.0,1.0,False,0.5813953488372093,0.4186046511627907,0.0,43.0,0.0076756206593507,0.0,False,False,False,False,False,False,204904.97,19.0,9.0,204277.46000000002,1298.0,1298.0,157.74054657428792,2026-02,True,0,0.31603090344432544,6
2000034144,2025-02,False,0.0,0.0,0.0,0.0,0.0,0.0,0.0,0.0,,,,0.0,0.0,0.0,0.0,0.0,,False,,,,0.0,,,True,True,True,True,True,True,0.0,0.0,0.0,0.0,250.0,250.0,0.0,2025-05,True,0,0.01581855837460036,2
2000034144,2025-03,False,0.0,0.0,0.0,0.0,0.0,0.0,0.0,0.0,,,,0.0,0.0,0.0,0.0,0.0,,False,,,,0.0,,,True,True,True,True,True,True,0.0,0.0,0.0,0.0,50.0,50.0,0.0,2025-06,True,0,0.01581855837460036,2
2000034144,2025-04,False,0.0,0.0,0.0,0.0,0.0,0.0,200.0,200.0,0.0,0.0,0.0,0.0,0.0,0.0,0.0,0.0,,False,,,,0.0,,,False,False,False,False,True,True,0.0,0.0,0.0,0.0,0.0,0.0,0.0,2025-07,True,0,0.004539143035169701,1
2000034144,2025-05,False,0.0,0.0,0.0,0.0,0.0,0.0,250.0,250.0,0.0,0.0,0.0,0.0,0.0,0.0,0.0,0.0,,False,,,,0.0,,,False,False,False,False,True,True,0.0,0.0,0.0,0.0,0.0,0.0,0.0,2025-08,True,0,0.004382424294155932,1
2000034144,2025-06,False,0.0,0.0,0.0,0.0,0.0,0.0,250.0,250.0,0.0,0.0,0.0,0.0,0.0,0.0,0.0,0.0,,False,,,,0.0,,,False,False,False,False,True,True,0.0,0.0,0.0,0.0,0.0,0.0,0.0,2025-09,True,0,0.004382424294155932,1
2000034144,2025-07,False,0.0,0.0,0.0,0.0,0.0,0.0,50.0,250.0,0.0,0.0,0.0,0.0,0.0,0.0,0.0,0.0,,False,,,,0.0,0.0,0.0,False,False,False,False,True,True,0.0,0.0,0.0,0.0,77.0,77.0,0.0,2025-10,True,0,0.005090947630814327,1
2000034144,2025-08,False,0.0,0.0,0.0,0.0,0.0,0.0,0.0,250.0,,,,0.0,0.0,0.0,0.0,0.0,,False,,,,0.0,,,True,True,True,True,True,True,0.0,0.0,0.0,0.0,77.0,77.0,0.0,2025-11,True,0,0.011145910064753684,1
2000034144,2025-09,False,0.0,0.0,0.0,0.0,0.0,0.0,0.0,250.0,,,,0.0,0.0,0.0,0.0,0.0,,False,,,,0.0,,,True,True,True,True,True,True,0.0,0.0,0.0,0.0,77.0,77.0,0.0,2025-12,True,0,0.011145910064753684,1
2000034144,2025-10,False,0.0,0.0,0.0,0.0,0.0,0.0,0.0,50.0,,,,0.0,0.0,0.0,0.0,0.0,,False,,,,0.0,,,True,True,True,True,True,True,0.0,0.0,0.0,0.0,0.0,0.0,0.0,2026-01,True,0,0.012332226333728706,1
2000034144,2025-11,False,0.0,0.0,0.0,0.0,0.0,0.0,77.0,77.0,0.0,0.0,0.0,0.0,0.0,0.0,0.0,0.0,,False,,,,0.0,,,False,False,False,False,True,True,0.0,0.0,0.0,0.0,0.0,0.0,0.0,2026-02,True,0,0.005271903899660013,1
2000034146,2025-03,False,0.0,0.0,0.0,0.0,0.0,0.0,0.0,0.0,,,,0.0,0.0,0.0,0.0,0.0,,False,,,,0.0,,,True,True,True,True,True,True,0.0,0.0,0.0,0.0,0.0,0.0,0.0,2025-06,True,0,0.01581855837460036,2
2000034146,2025-05,False,0.0,0.0,0.0,0.0,0.0,0.0,0.0,0.0,,,,0.0,0.0,0.0,0.0,0.0,,False,,,,0.0,,,True,True,True,True,True,True,0.0,0.0,0.0,0.0,0.0,0.0,0.0,2025-08,True,0,0.01581855837460036,2
2000034146,2025-06,False,0.0,0.0,0.0,0.0,0.0,0.0,0.0,0.0,,,,0.0,0.0,0.0,0.0,0.0,,False,,,,0.0,,,True,True,True,True,True,True,0.0,0.0,0.0,0.0,0.0,0.0,0.0,2025-09,True,0,0.01581855837460036,2
2000034146,2025-08,False,0.0,0.0,0.0,0.0,0.0,0.0,0.0,0.0,,,,0.0,0.0,0.0,0.0,0.0,,False,,,,0.0,,,True,True,True,True,True,True,0.0,0.0,0.0,0.0,0.0,0.0,0.0,2025-11,True,0,0.01581855837460036,2
2000034146,2025-10,False,0.0,0.0,0.0,0.0,0.0,0.0,0.0,0.0,,,,0.0,0.0,0.0,0.0,0.0,,False,,,,0.0,,,True,True,True,True,True,True,0.0,0.0,0.0,0.0,0.0,0.0,0.0,2026-01,True,0,0.01581855837460036,2
2000034153,2025-01,False,10.0,14.0,15.0,0.0,0.0,2.0,0.0,0.0,,,,1087.0200000000002,1164.99,77.97,0.0,0.0,1.0,False,1.0,0.0,0.0,15.0,,,True,True,True,True,False,False,539.71,7.0,7.0,539.71,31.0,31.0,16.8659375,2025-04,True,0,0.20640242937433062,5
2000034153,2025-02,False,3.0,14.0,18.0,0.0,0.0,2.0,0.0,0.0,,,,1087.0200000000002,1397.38,77.97,0.0,0.0,3.0,False,1.0,0.0,0.0,18.0,,,True,True,True,True,False,False,386.81,5.0,5.0,386.81,31.0,31.0,12.0878125,2025-05,True,0,0.2648763621168167,5
2000034153,2025-04,False,0.0,7.0,21.0,0.0,0.0,2.0,0.0,0.0,,,,539.7100000000003,1626.7299999999998,77.97,0.0,0.0,42.0,False,1.0,0.0,0.0,21.0,,,True,True,True,True,False,False,1544.2,18.0,18.0,1544.2000000000003,0.0,0.0,1544.2,2025-07,True,1,0.3401749466933134,6
2000034153,2025-05,False,3.0,7.0,21.0,0.0,0.0,2.0,31.0,31.0,0.2258064516129032,0.0,17.410000000000007,539.7100000000003,1626.73,77.97,0.0,0.0,10.0,False,1.0,0.0,0.0,21.0,,,False,False,False,False,False,False,2416.7200000000003,26.0,26.0,2416.7200000000003,40.0,40.0,58.94439024390245,2025-08,True,0,0.2007090568762097,5
2000034153,2025-06,False,2.0,5.0,22.0,0.0,0.0,2.0,31.0,31.0,0.1612903225806451,0.0,12.47774193548388,386.81000000000023,1703.1799999999998,77.97,0.0,0.0,9.0,False,1.0,0.0,0.0,22.0,,,False,False,False,False,False,False,2028.39,21.0,21.0,2028.39,80.0,80.0,25.041851851851852,2025-09,True,0,0.23707939047544152,5
2000034153,2025-07,False,10.0,15.0,22.0,0.0,0.0,2.0,31.0,31.0,0.4838709677419355,0.0,37.38419354838711,1158.9100000000003,1698.62,77.97,0.0,0.0,4.0,False,1.0,0.0,0.0,22.0,,,False,False,False,False,False,False,1487.16,16.0,16.0,1487.16,80.0,80.0,18.36,2025-10,True,0,0.1392978212685027,4
2000034153,2025-08,False,6.0,18.0,25.0,0.0,0.0,2.0,0.0,31.0,,,,1544.2000000000005,2083.91,155.94,0.0,0.0,22.0,False,1.0,0.0,0.0,25.0,,,True,True,True,True,False,False,538.1899999999999,7.0,7.0,538.1899999999999,54.0,54.0,9.785272727272726,2025-11,True,0,0.13331003818132975,4
2000034153,2025-09,False,10.0,26.0,31.0,0.0,0.0,3.0,40.0,71.0,0.65,0.0,60.418000000000006,2416.7200000000003,2803.5299999999997,253.32,0.0,0.0,3.0,False,0.967741935483871,0.032258064516129,0.0,31.0,0.4887096774193549,0.0,False,False,False,False,False,False,154.42000000000002,3.0,3.0,154.42000000000002,46.0,46.0,3.2855319148936175,2025-12,True,0,0.10828776850312492,4
2000034153,2025-10,False,5.0,21.0,36.0,0.0,0.0,3.0,80.0,111.0,0.2625,0.0,25.354875000000003,2028.3900000000003,3187.3,253.32,0.0,0.0,5.0,False,0.9722222222222222,0.0277777777777777,0.0,36.0,-0.2213709677419355,0.0,False,False,False,False,False,False,77.97,2.0,2.0,77.97,310.0,310.0,0.25070739549839227,2026-01,True,0,0.16995415802005875,4
2000034153,2025-11,False,1.0,16.0,34.0,0.0,0.0,3.0,80.0,80.0,0.2,0.0,18.589500000000005,1487.1600000000003,3031.36,253.32,0.0,0.0,17.0,False,0.9705882352941176,0.0294117647058823,0.0,34.0,,,False,False,False,False,False,False,0.0,1.0,1.0,0.0,296.0,296.0,0.0,2026-02,True,0,0.19515223391756215,5
2000034165,2025-03,False,0.0,0.0,0.0,0.0,0.0,0.0,0.0,0.0,,,,0.0,0.0,0.0,0.0,0.0,253.0,False,,,,0.0,,,True,True,True,True,False,True,230.52,1.0,1.0,230.52,12682.0,12682.0,0.01817551052590081,2025-06,True,0,0.19505630676949068,5
2000034165,2025-04,False,0.0,0.0,0.0,0.0,0.0,0.0,102.0,102.0,0.0,0.0,0.0,0.0,0.0,0.0,0.0,0.0,284.0,False,,,,0.0,,,False,False,False,False,False,True,0.0,0.0,0.0,0.0,11182.0,11182.0,0.0,2025-07,True,0,0.06932698499381819,3
2000034165,2025-05,False,1.0,1.0,1.0,0.0,0.0,3.0,1602.0,1602.0,0.0006242197253433,0.0,0.1438951310861423,230.52,230.52,230.52,0.0,0.0,24.0,False,1.0,0.0,0.0,1.0,,,False,False,False,False,False,False,0.0,0.0,0.0,0.0,0.0,-197712.2,0.0,2025-08,True,0,0.13289795978304814,4
2000034165,2025-06,False,0.0,1.0,1.0,0.0,0.0,3.0,210496.2,210496.2,4.750679584714593e-06,0.0,0.0010951266578684,230.52,230.52,230.52,0.0,0.0,55.0,False,1.0,0.0,0.0,1.0,,,False,False,False,False,False,False,0.0,0.0,0.0,0.0,570.0,570.0,0.0,2025-09,True,0,0.0729742419365414,3
2000034165,2025-09,False,0.0,0.0,1.0,0.0,0.0,3.0,-197712.2,12784.0,,,,0.0,230.52,230.52,0.0,0.0,147.0,False,1.0,0.0,0.0,1.0,,,True,True,True,True,False,False,0.0,0.0,0.0,0.0,10075.0,10075.0,0.0,2025-12,True,0,0.47240286599344333,7
2000034165,2025-10,False,0.0,0.0,1.0,0.0,0.0,3.0,570.0,13252.0,0.0,0.0,0.0,0.0,230.52,230.52,0.0,0.0,177.0,False,1.0,0.0,0.0,1.0,-7.885191610156126e-05,0.0,False,False,False,False,False,False,0.0,0.0,0.0,0.0,75.0,75.0,0.0,2026-01,True,0,0.08891238098036114,4
2000034165,2025-11,False,0.0,0.0,0.0,0.0,0.0,0.0,10570.0,21752.0,0.0,0.0,0.0,0.0,0.0,0.0,0.0,0.0,208.0,False,,,,0.0,0.0,0.0,False,False,False,False,False,True,0.0,0.0,0.0,0.0,60.0,60.0,0.0,2026-02,True,0,0.0352462500736215,3
2000034167,2025-06,False,0.0,0.0,0.0,0.0,0.0,0.0,0.0,0.0,,,,0.0,0.0,0.0,0.0,0.0,,False,,,,0.0,,,True,True,True,True,True,True,0.0,0.0,0.0,0.0,0.0,0.0,0.0,2025-09,True,0,0.01581855837460036,2
2000034174,2025-04,False,0.0,0.0,1.0,0.0,0.0,3.0,0.0,0.0,,,,0.0,1.92,1.92,0.0,0.0,99.0,False,0.0,1.0,0.0,1.0,,,True,True,True,True,False,False,0.0,0.0,0.0,0.0,0.0,0.0,0.0,2025-07,True,0,0.2023836682780312,5
2000034174,2025-10,False,0.0,0.0,1.0,0.0,0.0,3.0,0.0,0.0,,,,0.0,1.92,1.92,0.0,0.0,159.0,False,0.0,1.0,0.0,1.0,,,True,True,True,True,False,False,4.03,1.0,0.0,0.0,0.0,0.0,4.03,2026-01,True,0,0.18581276624942908,5
2000034181,2025-02,False,0.0,0.0,0.0,0.0,0.0,0.0,0.0,0.0,,,,0.0,0.0,0.0,0.0,0.0,,False,,,,0.0,,,True,True,True,True,True,True,0.0,0.0,0.0,0.0,0.0,0.0,0.0,2025-05,True,0,0.01581855837460036,2
2000034181,2025-03,False,0.0,0.0,0.0,0.0,0.0,0.0,0.0,0.0,,,,0.0,0.0,0.0,0.0,0.0,,False,,,,0.0,,,True,True,True,True,True,True,0.0,0.0,0.0,0.0,0.0,0.0,0.0,2025-06,True,0,0.01581855837460036,2
2000034181,2025-04,False,0.0,0.0,0.0,0.0,0.0,0.0,0.0,0.0,,,,0.0,0.0,0.0,0.0,0.0,,False,,,,0.0,,,True,True,True,True,True,True,0.0,0.0,0.0,0.0,0.0,0.0,0.0,2025-07,True,0,0.01581855837460036,2
2000034181,2025-05,False,0.0,0.0,0.0,0.0,0.0,0.0,0.0,0.0,,,,0.0,0.0,0.0,0.0,0.0,,False,,,,0.0,,,True,True,True,True,True,True,0.0,0.0,0.0,0.0,55.0,55.0,0.0,2025-08,True,0,0.01581855837460036,2
2000034181,2025-06,False,0.0,0.0,0.0,0.0,0.0,0.0,0.0,0.0,,,,0.0,0.0,0.0,0.0,0.0,,False,,,,0.0,,,True,True,True,True,True,True,0.0,0.0,0.0,0.0,55.0,55.0,0.0,2025-09,True,0,0.01581855837460036,2
2000034181,2025-07,False,0.0,0.0,0.0,0.0,0.0,0.0,0.0,0.0,,,,0.0,0.0,0.0,0.0,0.0,,False,,,,0.0,,,True,True,True,True,True,True,0.0,0.0,0.0,0.0,110.0,110.0,0.0,2025-10,True,0,0.01581855837460036,2
2000034181,2025-08,False,0.0,0.0,0.0,0.0,0.0,0.0,0.0,0.0,,,,0.0,0.0,0.0,0.0,0.0,,False,,,,0.0,,,True,True,True,True,True,True,0.0,0.0,0.0,0.0,55.0,55.0,0.0,2025-11,True,0,0.01581855837460036,2
2000034181,2025-09,False,0.0,0.0,0.0,0.0,0.0,0.0,55.0,55.0,0.0,0.0,0.0,0.0,0.0,0.0,0.0,0.0,,False,,,,0.0,,,False,False,False,False,True,True,0.0,0.0,0.0,0.0,55.0,55.0,0.0,2025-12,True,0,0.005555290645547384,1
2000034181,2025-10,False,0.0,0.0,0.0,0.0,0.0,0.0,55.0,55.0,0.0,0.0,0.0,0.0,0.0,0.0,0.0,0.0,,False,,,,0.0,,,False,False,False,False,True,True,0.0,0.0,0.0,0.0,0.0,0.0,0.0,2026-01,True,0,0.005555290645547384,1
2000034181,2025-11,False,0.0,0.0,0.0,0.0,0.0,0.0,110.0,110.0,0.0,0.0,0.0,0.0,0.0,0.0,0.0,0.0,,False,,,,0.0,,,False,False,False,False,True,True,0.0,0.0,0.0,0.0,0.0,0.0,0.0,2026-02,True,0,0.004985954077618461,1
2000034186,2025-01,False,80.0,271.0,474.0,0.0,0.0,3.0,0.0,0.0,,,,2926563.0700000003,5248912.2700000005,187424.3,0.0,1.0,1.0,False,0.7320675105485233,0.2468354430379747,0.0210970464135021,464.0,,,True,True,True,True,False,False,2528766.48,174.0,118.0,2251885.6500000004,5264.0,5264.0,480.29752706552705,2025-04,True,1,0.5443691963389929,7
2000034186,2025-02,False,72.0,211.0,488.0,2.0,2.0,4.0,0.0,0.0,,,,2862794.12,5833761.540000001,187424.3,0.0,1.0,1.0,True,0.7704918032786885,0.2131147540983606,0.0163934426229508,480.0,,,True,True,True,True,False,False,2353650.17,194.0,138.0,2085150.1600000001,9065.0,9065.0,259.6128579307302,2025-05,True,0,0.2243592579645976,5
2000034186,2025-03,False,51.0,203.0,468.0,2.0,2.0,4.0,804.0,804.0,0.2524875621890547,0.0024875621890547,4037.850062189055,3246431.45,5460461.41,236151.0,3.0,3.0,1.0,True,0.7692307692307693,0.2158119658119658,0.0149572649572649,461.0,,,False,False,False,False,False,False,1802010.28,174.0,118.0,1580098.91,7276.0,7276.0,247.63093032843204,2025-06,True,0,0.001672278191450794,1
2000034186,2025-04,False,68.0,191.0,462.0,2.0,2.0,4.0,3958.0,3958.0,0.0482566953006569,0.0005053057099545,734.6917104598282,2907909.79,5834472.86,236151.0,3.0,3.0,1.0,True,0.7727272727272727,0.2012987012987013,0.0259740259740259,450.0,,,False,False,False,False,False,False,1823860.5900000003,194.0,130.0,1666107.1400000001,9266.0,9266.0,196.8124085464552,2025-07,True,0,0.04178942272602783,3
2000034186,2025-05,False,55.0,174.0,385.0,0.0,2.0,4.0,5264.0,5264.0,0.0330547112462006,0.0,480.3887689969605,2528766.48,5391560.6,236151.0,3.0,3.0,1.0,False,0.825974025974026,0.1428571428571428,0.0311688311688311,373.0,,,False,False,False,False,False,False,1511794.98,185.0,119.0,1368667.59,7910.0,7910.0,191.10036405005687,2025-08,True,0,0.3839083376099087,6
2000034186,2025-06,False,71.0,194.0,397.0,0.0,2.0,4.0,9065.0,9869.0,0.0214009928295642,0.0,259.6414969663541,2353650.17,5600081.62,236151.0,0.0,3.0,2.0,False,0.8261964735516373,0.1410579345088161,0.0327455919395466,384.0,-0.2310865693594904,-0.0024875621890547,False,False,False,False,False,False,1821357.35,222.0,130.0,1466541.6500000001,10481.0,10481.0,173.7604798702538,2025-09,True,0,6.343860009932819e-05,1
2000034186,2025-07,False,48.0,174.0,365.0,0.0,2.0,4.0,7276.0,11234.0,0.0239142385926333,0.0,247.66496426608023,1802010.28,4709920.07,236151.0,1.0,4.0,4.0,False,0.8246575342465754,0.1397260273972602,0.0356164383561643,352.0,-0.0243424567080235,-0.0005053057099545,False,False,False,False,False,False,1816861.19,214.0,125.0,1391431.8800000001,11420.0,11420.0,159.0807451186411,2025-10,True,0,0.1473295309305578,4
2000034186,2025-08,False,75.0,194.0,368.0,0.0,0.0,3.0,9266.0,14530.0,0.0209367580401467,0.0,196.8336488236564,1823860.5900000003,4352627.07,236151.0,2.0,5.0,1.0,False,0.8260869565217391,0.1385869565217391,0.0353260869565217,355.0,-0.0121179532060538,0.0,False,False,False,False,False,False,2073686.7999999998,205.0,114.0,1612189.75,36352.89,36352.89,57.041675595101374,2025-11,True,0,0.4823607263394635,7
2000034186,2025-09,False,62.0,185.0,379.0,0.0,0.0,3.0,7910.0,16975.0,0.0233881163084702,0.0,191.1245233881163,1511794.98,3865445.15,86776.88,2.0,2.0,3.0,False,0.8443271767810027,0.1319261213720316,0.0237467018469656,370.0,0.001987123478906,0.0,False,False,False,False,False,False,2058682.95,192.0,115.0,1673226.9,37924.89,37924.89,54.281730764920745,2025-12,True,0,0.19271135441094725,5
2000034186,2025-10,False,85.0,222.0,396.0,0.0,0.0,3.0,10481.0,17757.0,0.0211811850014311,0.0,173.77705848678562,1821357.35,3623367.63,86776.88,2.0,3.0,1.0,False,0.8181818181818182,0.1691919191919192,0.0126262626262626,391.0,-0.0027330535912021,0.0,False,False,False,False,False,False,1958276.3400000003,178.0,103.0,1440528.57,37468.89,37468.89,52.262665836488985,2026-01,True,0,0.24594498381082855,5
2000034186,2025-11,False,67.0,214.0,408.0,0.0,0.0,3.0,11420.0,20686.0,0.018739054290718,0.0,159.0946751313485,1816861.19,3640721.78,107099.6,1.0,3.0,2.0,False,0.8186274509803921,0.1691176470588235,0.0122549019607843,403.0,-0.0021977037494287,0.0,False,False,False,False,False,False,1394759.8199999998,156.0,89.0,918355.8400000001,12455.0,12455.0,111.97493737957609,2026-02,True,0,0.36164706271552766,6
2000034360,2025-02,False,0.0,0.0,1.0,0.0,0.0,3.0,0.0,0.0,,,,0.0,1902.62,1902.62,0.0,0.0,169.0,False,1.0,0.0,0.0,1.0,,,True,True,True,True,False,False,3843.58,2.0,2.0,3843.58,45.0,45.0,83.55608695652174,2025-05,True,0,0.45693567431566245,7
2000034360,2025-03,False,0.0,0.0,0.0,0.0,0.0,0.0,44.0,44.0,0.0,0.0,0.0,0.0,0.0,0.0,0.0,0.0,197.0,False,,,,0.0,,,False,False,False,False,False,True,1921.79,1.0,1.0,1921.79,26.0,26.0,71.1774074074074,2025-06,True,0,0.08444876663346837,4
2000034360,2025-04,False,1.0,1.0,1.0,0.0,0.0,3.0,63.0,63.0,0.0158730158730158,0.0,30.504603174603115,1921.7899999999963,1921.79,1921.79,0.0,0.0,21.0,False,1.0,0.0,0.0,1.0,,,False,False,False,False,False,False,0.0,0.0,0.0,0.0,0.0,0.0,0.0,2025-07,True,0,0.5334133162090486,7
2000034360,2025-08,False,0.0,0.0,2.0,0.0,0.0,3.0,0.0,89.0,,,,0.0,3843.58,1921.79,0.0,0.0,106.0,False,1.0,0.0,0.0,2.0,,,True,True,True,True,False,False,3425.9,2.0,2.0,3425.9,36.0,36.0,92.59189189189189,2025-11,True,0,0.4315357866164756,7
2000034360,2025-10,False,0.0,0.0,1.0,0.0,0.0,3.0,38.0,64.0,0.0,0.0,0.0,0.0,1921.79,1921.79,0.0,0.0,167.0,False,1.0,0.0,0.0,1.0,-0.0384615384615384,0.0,False,False,False,False,False,False,0.0,0.0,0.0,0.0,36.0,36.0,0.0,2026-01,True,0,0.23659702103862632,5
2000034360,2025-11,False,2.0,2.0,2.0,0.0,0.0,3.0,38.0,38.0,0.0526315789473684,0.0,90.15526315789464,3425.8999999999965,3425.9,1712.95,0.0,0.0,12.0,False,0.5,0.5,0.0,2.0,,,False,False,False,False,False,False,0.0,0.0,0.0,0.0,0.0,0.0,0.0,2026-02,True,0,0.6008008372474556,8
2000034434,2025-05,False,0.0,0.0,0.0,0.0,0.0,0.0,0.0,0.0,,,,0.0,0.0,0.0,0.0,0.0,458.0,False,,,,0.0,,,True,True,True,True,False,True,0.0,0.0,0.0,0.0,0.0,0.0,0.0,2025-08,True,0,0.17495354398844165,4
2000034444,2025-05,False,0.0,0.0,0.0,0.0,0.0,0.0,0.0,0.0,,,,0.0,0.0,0.0,0.0,0.0,,False,,,,0.0,,,True,True,True,True,True,True,0.0,0.0,0.0,0.0,0.0,0.0,0.0,2025-08,True,0,0.01581855837460036,2
2000034468,2025-04,False,0.0,0.0,0.0,0.0,0.0,0.0,0.0,0.0,,,,0.0,0.0,0.0,0.0,0.0,,False,,,,0.0,,,True,True,True,True,True,True,0.0,0.0,0.0,0.0,10143.0,10143.0,0.0,2025-07,True,0,0.01581855837460036,2
2000034468,2025-05,False,0.0,0.0,0.0,0.0,0.0,0.0,-19.0,-19.0,,,,0.0,0.0,0.0,0.0,0.0,,False,,,,0.0,,,True,True,True,True,True,True,0.0,0.0,0.0,0.0,0.0,0.0,0.0,2025-08,True,0,0.025217360732261353,3
2000034468,2025-10,False,0.0,0.0,0.0,0.0,0.0,0.0,0.0,10124.0,,,,0.0,0.0,0.0,0.0,0.0,,False,,,,0.0,,,True,True,True,True,True,True,0.0,0.0,0.0,0.0,0.0,0.0,0.0,2026-01,True,0,0.008810884531661685,1
2000034764,2025-01,False,6.0,33.0,94.0,0.0,0.0,3.0,0.0,0.0,,,,33866.42,39667.1,31839.45,0.0,0.0,13.0,False,0.1382978723404255,0.8617021276595744,0.0,94.0,,,True,True,True,True,False,False,858.58,32.0,27.0,732.17,237735.0,237735.0,0.003611485008580947,2025-04,True,0,0.3963966637153156,6
2000034764,2025-02,False,17.0,33.0,81.0,0.0,0.0,3.0,0.0,0.0,,,,2315.53,35752.84,31839.45,0.0,0.0,3.0,False,0.1604938271604938,0.8395061728395061,0.0,81.0,,,True,True,True,True,False,False,1037.64,46.0,42.0,979.8199999999999,174972.0,174972.0,0.005930286387042573,2025-05,True,0,0.29153474941540547,6
2000034764,2025-03,False,5.0,28.0,71.0,0.0,0.0,3.0,72272.0,72272.0,0.0003874252822669,0.0,0.0288804793004206,2087.25,35585.46,31839.45,0.0,0.0,10.0,False,0.1549295774647887,0.8450704225352113,0.0,71.0,,,False,False,False,False,False,False,839.2099999999999,36.0,29.0,758.23,182003.0,182003.0,0.004610942616645787,2025-06,True,0,0.06177708110052295,3
2000034764,2025-04,False,13.0,35.0,68.0,0.0,0.0,3.0,193003.0,193003.0,0.0001813443314352,0.0,0.0038717014761428,747.25,34613.67,31839.45,0.0,0.0,7.0,False,0.1176470588235294,0.8823529411764706,0.0,68.0,,,False,False,False,False,False,False,317.08,24.0,17.0,260.57,290820.0,290820.0,0.0010902926542443634,2025-07,True,0,0.03174598501545499,3
2000034764,2025-05,False,14.0,32.0,65.0,0.0,0.0,3.0,237735.0,237735.0,0.0001346036553305,0.0,0.0036115001998023,858.58,3174.11,804.6,0.0,0.0,2.0,False,0.1538461538461538,0.8461538461538461,0.0,65.0,,,False,False,False,False,False,False,216.72000000000003,30.0,0.0,0.0,316902.0,316902.0,0.0006838685654600936,2025-08,True,0,0.019582436656067122,3
2000034764,2025-06,False,19.0,46.0,74.0,0.0,0.0,3.0,174972.0,247244.0,0.0002628992067302,0.0,0.0059303202798162,1037.64,3124.8900000000003,804.6,0.0,0.0,5.0,False,0.2027027027027027,0.7972972972972973,0.0,74.0,-0.0001245260755367,0.0,False,False,False,False,False,False,422.68,47.0,0.0,0.0,227475.0,227475.0,0.0018581300884488914,2025-09,True,0,0.012640023231543092,1
2000034764,2025-07,False,3.0,36.0,71.0,0.0,0.0,3.0,182003.0,375006.0,0.0001977989373801,0.0,0.0046109679510777,839.21,1586.46,448.0,0.0,0.0,14.0,False,0.1830985915492957,0.8169014084507042,0.0,71.0,1.6454605944890403e-05,0.0,False,False,False,False,False,False,1614.04,64.0,2.0,979.76,78347.0,78347.0,0.020600908766018278,2025-10,True,0,0.01972461505452217,3
2000034764,2025-08,False,2.0,24.0,56.0,0.0,0.0,3.0,290820.0,528555.0,8.252527336496802e-05,0.0,0.0010902964032735,317.08,1175.66,448.0,0.0,0.0,2.0,False,0.1964285714285714,0.8035714285714286,0.0,56.0,-5.2078381965547054e-05,0.0,False,False,False,False,False,False,1491.1399999999999,46.0,3.0,984.68,66056.0,66056.0,0.02257353497736803,2025-11,True,0,0.03163688230804844,3
2000034764,2025-09,False,25.0,30.0,76.0,0.0,0.0,3.0,316902.0,491874.0,9.46664899558854e-05,0.0,0.0006838707234413,216.72000000000003,1254.36,448.0,0.0,0.0,3.0,False,0.1842105263157894,0.8157894736842105,0.0,76.0,-0.0001682327167743,0.0,False,False,False,False,False,False,1534.72,53.0,3.0,984.68,27721.0,27721.0,0.05536108505879807,2025-12,True,0,0.00954091158006902,1
2000034764,2025-10,False,20.0,47.0,83.0,0.0,0.0,3.0,227475.0,409478.0,0.0002066161116606,0.0,0.0018581382569513,422.68000000000006,1261.89,448.0,0.0,0.0,21.0,False,0.3253012048192771,0.6746987951807228,0.0,83.0,8.817174280468956e-06,0.0,False,False,False,False,False,False,752.98,52.0,1.0,4.92,23300.0,23300.0,0.032315351272477574,2026-01,True,0,0.006205718300527232,1
2000034764,2025-11,False,19.0,64.0,88.0,0.0,0.0,3.0,78347.0,369167.0,0.0008168787573231,0.0,0.0206011717104675,1614.04,1931.12,977.55,0.0,0.0,3.0,False,0.3863636363636363,0.6136363636363636,0.0,88.0,0.0007343534839582,0.0,False,False,False,False,False,False,700.02,45.0,0.0,0.0,0.0,0.0,700.02,2026-02,True,1,0.011600518169632663,1
2000034815,2025-02,False,0.0,0.0,0.0,0.0,0.0,0.0,0.0,0.0,,,,0.0,0.0,0.0,0.0,0.0,,False,,,,0.0,,,True,True,True,True,True,True,0.0,0.0,0.0,0.0,0.0,0.0,0.0,2025-05,True,0,0.01581855837460036,2
2000034892,2025-05,False,0.0,0.0,0.0,0.0,0.0,0.0,0.0,0.0,,,,0.0,0.0,0.0,0.0,0.0,,False,,,,0.0,,,True,True,True,True,True,True,0.0,0.0,0.0,0.0,0.0,0.0,0.0,2025-08,True,0,0.01581855837460036,2
2000034892,2025-07,False,0.0,0.0,0.0,0.0,0.0,0.0,144.0,144.0,0.0,0.0,0.0,0.0,0.0,0.0,0.0,0.0,,False,,,,0.0,,,False,False,False,False,True,True,0.0,0.0,0.0,0.0,0.0,0.0,0.0,2025-10,True,0,0.004779711920238686,1
2000035015,2025-02,False,0.0,0.0,0.0,0.0,0.0,0.0,0.0,0.0,,,,0.0,0.0,0.0,0.0,0.0,264.0,False,,,,0.0,,,True,True,True,True,False,True,0.0,0.0,0.0,0.0,5.0,5.0,0.0,2025-05,True,0,0.19355960497339214,5
2000035015,2025-03,False,1.0,1.0,1.0,0.0,0.0,2.0,1.0,1.0,1.0,0.0,1727.78,1727.78,1727.78,1727.78,0.0,0.0,18.0,False,1.0,0.0,0.0,1.0,,,False,False,False,False,False,False,0.0,0.0,0.0,0.0,11.0,11.0,0.0,2025-06,True,0,0.8030708019094362,9
2000035015,2025-04,False,0.0,1.0,1.0,0.0,0.0,2.0,1.0,1.0,1.0,0.0,1727.78,1727.78,1727.78,1727.78,0.0,0.0,49.0,False,1.0,0.0,0.0,1.0,,,False,False,False,False,False,False,1727.78,1.0,0.0,0.0,16.0,16.0,101.63411764705882,2025-07,True,0,0.818541829719671,9
2000035015,2025-05,False,0.0,1.0,1.0,0.0,0.0,2.0,4.0,4.0,0.25,0.0,431.945,1727.78,1727.78,1727.78,0.0,0.0,79.0,False,1.0,0.0,0.0,1.0,,,False,False,False,False,False,False,1727.78,1.0,0.0,0.0,22.0,22.0,75.12086956521739,2025-08,True,0,0.7444349202948675,9
2000035015,2025-06,False,0.0,0.0,1.0,0.0,0.0,2.0,5.0,6.0,0.0,0.0,0.0,0.0,1727.78,1727.78,0.0,0.0,110.0,False,1.0,0.0,0.0,1.0,-1.0,0.0,False,False,False,False,False,False,5183.34,3.0,0.0,0.0,16.0,16.0,304.9023529411765,2025-09,True,1,0.43459005084050994,7
2000035015,2025-07,False,0.0,0.0,1.0,0.0,0.0,2.0,11.0,12.0,0.0,0.0,0.0,0.0,1727.78,1727.78,0.0,0.0,140.0,False,1.0,0.0,0.0,1.0,-1.0,0.0,False,False,False,False,False,False,5183.34,3.0,1.0,1727.78,20.0,20.0,246.8257142857143,2025-10,True,0,0.39592838316661316,6
2000035015,2025-08,False,1.0,1.0,2.0,0.0,0.0,3.0,16.0,20.0,0.0625,0.0,107.98625,1727.78,3455.56,1727.78,0.0,0.0,7.0,False,1.0,0.0,0.0,2.0,-0.1875,0.0,False,False,False,False,False,False,5183.34,3.0,1.0,1727.78,24.0,24.0,207.33360000000002,2025-11,True,0,0.7284394246948153,9
2000035015,2025-09,False,0.0,1.0,1.0,0.0,0.0,3.0,22.0,27.0,0.0454545454545454,0.0,78.53545454545454,1727.78,1727.78,1727.78,0.0,0.0,38.0,False,1.0,0.0,0.0,1.0,0.0454545454545454,0.0,False,False,False,False,False,False,6472.04,4.0,4.0,6472.04,24.0,24.0,258.8816,2025-12,True,0,0.6444375273884035,8
2000035015,2025-10,False,2.0,3.0,3.0,0.0,0.0,3.0,16.0,27.0,0.1875,0.0,323.95875,5183.34,5183.34,1727.78,0.0,0.0,9.0,False,1.0,0.0,0.0,3.0,0.1875,0.0,False,False,False,False,False,False,4744.26,3.0,3.0,4744.26,12.0,12.0,364.94307692307694,2026-01,True,1,0.6209389525698186,8
2000035015,2025-11,False,1.0,3.0,4.0,0.0,0.0,3.0,20.0,36.0,0.15,0.0,259.16700000000003,5183.34,6911.12,1727.78,0.0,0.0,10.0,False,1.0,0.0,0.0,4.0,0.0875,0.0,False,False,False,False,False,False,4744.26,3.0,3.0,4744.26,0.0,0.0,4744.26,2026-02,True,1,0.6629430394172103,8
2000035201,2025-01,False,0.0,1.0,2.0,0.0,0.0,3.0,0.0,0.0,,,,5213.58,7924.01,5213.58,0.0,0.0,82.0,False,1.0,0.0,0.0,2.0,,,True,True,True,True,False,False,10841.72,1.0,1.0,10841.72,0.0,0.0,10841.72,2025-04,True,1,0.708040952346122,9
2000035201,2025-03,False,0.0,2.0,3.0,0.0,0.0,3.0,0.0,0.0,,,,8131.289999999999,13344.87,5420.86,0.0,0.0,36.0,False,1.0,0.0,0.0,3.0,,,True,True,True,True,False,False,16262.579999999998,3.0,3.0,16262.579999999998,0.0,0.0,16262.579999999998,2025-06,True,1,0.7262323890183948,9
2000035201,2025-05,False,0.0,1.0,3.0,0.0,0.0,3.0,0.0,0.0,,,,10841.72,18973.009999999995,10841.72,0.0,0.0,49.0,False,1.0,0.0,0.0,3.0,,,True,True,True,True,False,False,8131.289999999999,2.0,2.0,8131.289999999999,0.0,0.0,8131.289999999999,2025-08,True,1,0.7799042241533508,9
2000035201,2025-06,False,1.0,2.0,4.0,0.0,0.0,3.0,0.0,0.0,,,,18973.01,27104.299999999996,10841.72,0.0,0.0,20.0,False,1.0,0.0,0.0,4.0,,,True,True,True,True,False,False,0.0,0.0,0.0,0.0,0.0,0.0,0.0,2025-09,True,0,0.7384022288904246,9
2000035392,2025-01,False,1.0,3.0,6.0,0.0,0.0,3.0,0.0,0.0,,,,964.9,1610.2499999999982,418.5,0.0,0.0,2.0,False,0.8333333333333334,0.1666666666666666,0.0,6.0,,,True,True,True,True,False,False,493.40999999999997,3.0,3.0,493.41,4077.0,4077.0,0.12099313388916134,2025-04,True,0,0.5708408969853882,8
2000035392,2025-02,False,1.0,2.0,7.0,0.0,0.0,3.0,0.0,0.0,,,,396.97,1728.219999999998,418.5,0.0,0.0,5.0,False,0.8571428571428571,0.1428571428571428,0.0,7.0,,,True,True,True,True,False,False,559.5999999999999,4.0,4.0,559.6,1054.0,1054.0,0.5304265402843601,2025-05,True,0,0.542770104040037,7
2000035392,2025-03,False,0.0,2.0,6.0,0.0,0.0,3.0,3118.0,3118.0,0.0006414368184733,0.0,0.1273155869146889,396.97,1588.719999999998,418.5,0.0,0.0,33.0,False,0.8333333333333334,0.1666666666666666,0.0,6.0,,,False,False,False,False,False,False,66.19,1.0,1.0,66.19,1059.0,1059.0,0.06244339622641509,2025-06,True,0,0.17247884616753525,4
2000035392,2025-04,False,3.0,4.0,7.0,0.0,0.0,3.0,3182.0,3182.0,0.0012570710245128,0.0,0.1921370207416719,611.38,1576.2799999999982,418.5,0.0,0.0,22.0,False,0.8571428571428571,0.1428571428571428,0.0,7.0,,,False,False,False,False,False,False,260.36,2.0,2.0,260.36,185.0,185.0,1.3997849462365592,2025-07,True,0,0.08804091942913372,4
2000035392,2025-05,False,0.0,3.0,5.0,0.0,0.0,3.0,4077.0,4077.0,0.0007358351729212,0.0,0.1210228108903605,493.41,890.3799999999982,279.0,0.0,0.0,52.0,False,1.0,0.0,0.0,5.0,,,False,False,False,False,False,False,194.17,1.0,1.0,194.17,4835.0,4835.0,0.04015095119933829,2025-08,True,0,0.11974408899275309,4
2000035392,2025-06,False,1.0,4.0,6.0,0.0,0.0,3.0,1054.0,4172.0,0.0037950664136622,0.0,0.5309297912713472,559.5999999999999,956.569999999998,279.0,0.0,0.0,26.0,False,1.0,0.0,0.0,6.0,0.0031536295951888,0.0,False,False,False,False,False,False,1005.9599999999999,6.0,6.0,1005.9599999999999,4767.0,4767.0,0.21098154362416105,2025-09,True,0,0.11202025710815797,4
2000035392,2025-07,False,0.0,1.0,5.0,0.0,0.0,3.0,1059.0,4241.0,0.0009442870632672,0.0,0.0625023607176581,66.19,677.5699999999981,235.94,0.0,0.0,56.0,False,1.0,0.0,0.0,5.0,-0.0003127839612456,0.0,False,False,False,False,False,False,1588.4699999999998,7.0,7.0,1588.4699999999998,4746.0,4746.0,0.33462607962923946,2025-10,True,0,0.13867260159764333,4
2000035392,2025-08,False,1.0,2.0,5.0,0.0,0.0,3.0,185.0,4262.0,0.0108108108108108,0.0,1.4073513513513514,260.36,753.7699999999982,235.94,0.0,0.0,22.0,False,1.0,0.0,0.0,5.0,0.0100749756378895,0.0,False,False,False,False,False,False,1588.4699999999998,7.0,7.0,1588.4699999999998,1.0,1.0,794.2349999999999,2025-11,True,1,0.16142719559049837,4
2000035392,2025-09,False,0.0,1.0,5.0,0.0,0.0,3.0,4835.0,5889.0,0.0002068252326783,0.0,0.0401592554291623,194.17,753.7699999999982,235.94,0.0,0.0,53.0,False,1.0,0.0,0.0,5.0,-0.0035882411809838,0.0,False,False,False,False,False,False,776.68,2.0,2.0,776.68,2.0,2.0,258.8933333333333,2025-12,True,0,0.13654402505808877,4
2000035392,2025-10,False,5.0,6.0,7.0,0.0,0.0,3.0,4767.0,5826.0,0.001258653241032,0.0,0.2110258023914411,1005.96,1072.1499999999985,233.79,0.0,0.0,4.0,False,0.8571428571428571,0.1428571428571428,0.0,7.0,0.0003143661777648,0.0,False,False,False,False,False,False,117.97,1.0,1.0,117.97,2.0,2.0,39.32333333333333,2026-01,True,0,0.07708380463834427,3
2000035447,2025-07,False,0.0,0.0,0.0,0.0,0.0,0.0,0.0,0.0,,,,0.0,0.0,0.0,0.0,0.0,,False,,,,0.0,,,True,True,True,True,True,True,56.87,1.0,1.0,56.87,64.0,64.0,0.8749230769230769,2025-10,True,0,0.01581855837460036,2
2000035447,2025-08,False,0.0,0.0,0.0,0.0,0.0,0.0,64.0,64.0,0.0,0.0,0.0,0.0,0.0,0.0,0.0,0.0,,False,,,,0.0,,,False,False,False,False,True,True,0.0,0.0,0.0,0.0,128.0,128.0,0.0,2025-11,True,0,0.0054260033631420785,1
2000035447,2025-09,False,1.0,1.0,1.0,0.0,0.0,3.0,64.0,64.0,0.015625,0.0,0.88859375,56.87,56.87,56.87,0.0,0.0,21.0,False,0.0,1.0,0.0,1.0,,,False,False,False,False,False,False,0.0,0.0,0.0,0.0,128.0,128.0,0.0,2025-12,True,0,0.18841738295565574,5
2000035447,2025-11,False,0.0,1.0,1.0,0.0,0.0,3.0,64.0,128.0,0.015625,0.0,0.88859375,56.87,56.87,56.87,0.0,0.0,82.0,False,0.0,1.0,0.0,1.0,0.015625,0.0,False,False,False,False,False,False,0.0,0.0,0.0,0.0,64.0,64.0,0.0,2026-02,True,0,0.18292321214864288,5
2000036159,2025-01,False,12.0,26.0,38.0,0.0,0.0,3.0,0.0,0.0,,,,696321.7599999997,1016912.66,138280.9,0.0,1.0,1.0,False,0.5526315789473685,0.3947368421052631,0.0526315789473684,36.0,,,True,True,True,True,False,False,1553455.5999999999,90.0,82.0,1502731.1499999997,3080.0,3080.0,504.2049983771502,2025-04,True,1,0.8898497527700188,10
2000036159,2025-02,False,17.0,32.0,52.0,0.0,0.0,3.0,0.0,0.0,,,,375870.18999999977,1274936.73,138280.9,4.0,4.0,1.0,False,0.5576923076923077,0.3461538461538461,0.0961538461538461,47.0,,,True,True,True,True,False,False,1036709.8099999999,74.0,66.0,954181.33,3924.0,3924.0,264.1298878980892,2025-05,True,0,0.7853400165913705,9
2000036159,2025-03,False,28.0,57.0,75.0,0.0,0.0,3.0,250.0,250.0,0.228,0.0,4295.301239999999,1073825.3099999998,1765737.36,138280.9,4.0,4.0,1.0,False,0.6533333333333333,0.28,0.0666666666666666,70.0,,,False,False,False,False,False,False,1388731.95,70.0,64.0,1324368.72,8775.0,8775.0,158.2420180036463,2025-06,True,0,0.7781934623885942,9
2000036159,2025-04,False,12.0,57.0,83.0,0.0,0.0,3.0,1153.0,1153.0,0.049436253252385,0.0,1114.3369904596702,1284830.5499999998,1981152.31,138280.9,4.0,4.0,5.0,False,0.6626506024096386,0.2771084337349397,0.0602409638554216,78.0,,,False,False,False,False,False,False,1091087.8900000001,25.0,19.0,1006949.4400000001,6916.0,6916.0,157.74004481711728,2025-07,True,0,0.7079518362401478,9
2000036159,2025-05,False,50.0,90.0,122.0,0.0,0.0,3.0,3080.0,3080.0,0.0292207792207792,0.0,504.3687012987012,1553455.5999999996,1929325.79,171701.68,1.0,5.0,2.0,False,0.5983606557377049,0.3524590163934426,0.0491803278688524,116.0,,,False,False,False,False,False,False,1969140.03,25.0,22.0,1924009.3199999998,6162.0,6162.0,319.509983774136,2025-08,True,1,0.7951670138629346,9
2000036159,2025-06,False,12.0,74.0,131.0,0.0,0.0,3.0,3924.0,4174.0,0.0188583078491335,0.0,264.19719928644236,1036709.8099999996,2110535.12,171701.68,1.0,5.0,3.0,False,0.6259541984732825,0.3282442748091603,0.0458015267175572,125.0,-0.2091416921508664,0.0,False,False,False,False,False,False,1649448.29,28.0,22.0,1580889.5999999999,2251.0,2251.0,732.4370737122558,2025-09,True,1,0.872893012356741,10
2000036159,2025-07,False,8.0,70.0,127.0,0.0,0.0,3.0,8775.0,9928.0,0.0079772079772079,0.0,158.26005128205125,1388731.9499999995,2673562.5,636993.75,1.0,5.0,1.0,False,0.6299212598425197,0.3228346456692913,0.0472440944881889,121.0,-0.0414590452751771,0.0,False,False,False,False,False,False,1684404.3699999999,39.0,23.0,1593270.5099999998,2209.0,2209.0,762.1739230769231,2025-10,True,1,0.8933762107501456,10
2000036159,2025-08,False,5.0,25.0,115.0,0.0,0.0,3.0,6916.0,9996.0,0.0036148062463851,0.0,157.76285280508964,1091087.89,2644543.49,636993.75,0.0,1.0,9.0,False,0.6434782608695652,0.3478260869565217,0.008695652173913,114.0,-0.025605972974394,0.0,False,False,False,False,False,False,645717.0,30.0,16.0,579938.63,2231.0,2231.0,289.2997311827957,2025-11,True,1,0.808726910326274,9
2000036159,2025-09,False,12.0,25.0,99.0,0.0,0.0,3.0,6162.0,10086.0,0.0040571243102888,0.0,319.5618354430379,1969140.03,3005849.84,636993.75,0.0,1.0,3.0,False,0.6161616161616161,0.3737373737373737,0.0101010101010101,98.0,-0.0148011835388446,0.0,False,False,False,False,False,False,406972.18,24.0,12.0,364621.79000000004,396.0,396.0,1025.1188413098237,2025-12,True,1,0.82557083493341,9
2000036159,2025-10,False,11.0,28.0,98.0,0.0,0.0,3.0,2251.0,11026.0,0.0124389160373167,0.0,732.7624566859174,1649448.29,3038180.24,636993.75,0.0,1.0,5.0,False,0.6224489795918368,0.3673469387755102,0.010204081632653,97.0,0.0044617080601087,0.0,False,False,False,False,False,False,165068.26,13.0,8.0,143011.01,786.0,786.0,209.74365946632784,2026-01,True,0,0.8424906908026817,9
2000036159,2025-11,False,16.0,39.0,64.0,0.0,0.0,3.0,2209.0,9125.0,0.0176550475328202,0.0,762.5189542779539,1684404.37,2775492.26,636993.75,0.0,0.0,1.0,False,0.734375,0.265625,0.0,64.0,0.014040241286435,0.0,False,False,False,False,False,False,155180.64,11.0,6.0,133123.39,784.0,784.0,197.6823439490446,2026-02,True,0,0.6084144333584489,8
2000036161,2025-10,False,0.0,0.0,0.0,0.0,0.0,0.0,0.0,0.0,,,,0.0,0.0,0.0,0.0,0.0,414.0,False,,,,0.0,,,True,True,True,True,False,True,0.0,0.0,0.0,0.0,0.0,0.0,0.0,2026-01,True,0,0.17825798277140348,4
2000036531,2025-04,False,0.0,0.0,0.0,0.0,0.0,0.0,0.0,0.0,,,,0.0,0.0,0.0,0.0,0.0,217.0,False,,,,0.0,,,True,True,True,True,False,True,14862.59,2.0,0.0,0.0,0.0,0.0,14862.59,2025-07,True,1,0.20052473497576626,5
2000036531,2025-05,False,1.0,1.0,1.0,0.0,0.0,3.0,0.0,0.0,,,,1029.36,1029.36,1029.36,0.0,0.0,2.0,False,1.0,0.0,0.0,1.0,,,True,True,True,True,False,False,0.0,0.0,0.0,0.0,0.0,0.0,0.0,2025-08,True,0,0.6676754066165879,8
2000036531,2025-11,False,0.0,0.0,2.0,0.0,0.0,3.0,0.0,0.0,,,,0.0,14862.59,13833.23,0.0,0.0,162.0,False,1.0,0.0,0.0,2.0,,,True,True,True,True,False,False,0.0,0.0,0.0,0.0,0.0,0.0,0.0,2026-02,True,0,0.5762817928947919,8
2000036532,2025-05,False,0.0,0.0,0.0,0.0,0.0,0.0,0.0,0.0,,,,0.0,0.0,0.0,0.0,0.0,,False,,,,0.0,,,True,True,True,True,True,True,0.0,0.0,0.0,0.0,0.0,0.0,0.0,2025-08,True,0,0.01581855837460036,2
2000036608,2025-02,False,0.0,0.0,0.0,0.0,0.0,0.0,0.0,0.0,,,,0.0,0.0,0.0,0.0,0.0,,False,,,,0.0,,,True,True,True,True,True,True,0.0,0.0,0.0,0.0,219049.0,219049.0,0.0,2025-05,True,0,0.01581855837460036,2
2000036608,2025-03,False,0.0,0.0,0.0,0.0,0.0,0.0,10750.0,10750.0,0.0,0.0,0.0,0.0,0.0,0.0,0.0,0.0,,False,,,,0.0,,,False,False,False,False,True,True,0.0,0.0,0.0,0.0,174260.0,174260.0,0.0,2025-06,True,0,0.0024172624400189617,1
2000036608,2025-04,False,0.0,0.0,0.0,0.0,0.0,0.0,55539.0,55539.0,0.0,0.0,0.0,0.0,0.0,0.0,0.0,0.0,,False,,,,0.0,,,False,False,False,False,True,True,0.0,0.0,0.0,0.0,72500.0,72500.0,0.0,2025-07,True,0,0.0018632137559217925,1
2000036608,2025-05,False,0.0,0.0,0.0,0.0,0.0,0.0,157299.0,157299.0,0.0,0.0,0.0,0.0,0.0,0.0,0.0,0.0,,False,,,,0.0,,,False,False,False,False,True,True,0.0,0.0,0.0,0.0,0.0,0.0,0.0,2025-08,True,0,0.0015796300688737516,1
2000036608,2025-09,False,0.0,0.0,0.0,0.0,0.0,0.0,0.0,219049.0,,,,0.0,0.0,0.0,0.0,0.0,,False,,,,0.0,,,True,True,True,True,True,True,0.0,0.0,0.0,0.0,11012.0,11012.0,0.0,2025-12,True,0,0.007243719937402472,1
2000036608,2025-10,False,0.0,0.0,0.0,0.0,0.0,0.0,1000.0,175260.0,0.0,0.0,0.0,0.0,0.0,0.0,0.0,0.0,,False,,,,0.0,0.0,0.0,False,False,False,False,True,True,0.0,0.0,0.0,0.0,10315.0,10315.0,0.0,2026-01,True,0,0.0025287001734634984,1
2000036608,2025-11,False,0.0,0.0,0.0,0.0,0.0,0.0,12000.0,84500.0,0.0,0.0,0.0,0.0,0.0,0.0,0.0,0.0,,False,,,,0.0,0.0,0.0,False,False,False,False,True,True,0.0,0.0,0.0,0.0,10303.0,10303.0,0.0,2026-02,True,0,0.0020956639612511128,1
2000036747,2025-02,False,0.0,1.0,3.0,0.0,0.0,3.0,0.0,0.0,,,,1696.51,4245.15,1696.51,0.0,0.0,79.0,False,0.0,1.0,0.0,3.0,,,True,True,True,True,False,False,7645.92,4.0,0.0,0.0,1490.0,1490.0,5.12804828973843,2025-05,True,0,0.6939348402928531,8
2000036747,2025-03,False,0.0,0.0,3.0,0.0,0.0,3.0,124.0,124.0,0.0,0.0,0.0,0.0,4245.15,1696.51,0.0,0.0,107.0,False,0.0,1.0,0.0,3.0,,,False,False,False,False,False,False,7645.92,4.0,0.0,0.0,938.0,938.0,8.142619808306709,2025-06,True,0,0.28510857032955245,6
2000036747,2025-04,False,0.0,0.0,1.0,0.0,0.0,3.0,676.0,676.0,0.0,0.0,0.0,0.0,1696.51,1696.51,0.0,0.0,138.0,False,0.0,1.0,0.0,1.0,,,False,False,False,False,False,False,5097.28,2.0,0.0,0.0,943.0,943.0,5.399661016949152,2025-07,True,0,0.20761664454808348,5
2000036747,2025-05,False,2.0,2.0,3.0,0.0,0.0,3.0,676.0,676.0,0.0029585798816568,0.0,3.7701775147928993,2548.64,4245.15,1696.51,0.0,0.0,3.0,False,0.0,1.0,0.0,3.0,,,False,False,False,False,False,False,0.0,0.0,0.0,0.0,16005.0,16005.0,0.0,2025-08,True,0,0.42819074583588357,7
2000036747,2025-06,False,2.0,4.0,4.0,0.0,0.0,3.0,1490.0,1614.0,0.0026845637583892,0.0,5.1314899328859065,7645.92,7645.92,3822.96,0.0,0.0,1.0,False,0.25,0.75,0.0,4.0,0.0026845637583892,0.0,False,False,False,False,False,False,0.0,0.0,0.0,0.0,16005.0,16005.0,0.0,2025-09,True,0,0.4341573187732353,7
2000036747,2025-07,False,0.0,4.0,4.0,0.0,0.0,3.0,938.0,1614.0,0.0042643923240938,0.0,8.151300639658848,7645.919999999999,7645.92,3822.96,0.0,0.0,31.0,False,0.25,0.75,0.0,4.0,0.0042643923240938,0.0,False,False,False,False,False,False,83.32,1.0,1.0,83.32,16000.0,16000.0,0.005207174551590525,2025-10,True,0,0.4363889508659327,7
2000036747,2025-08,False,0.0,2.0,4.0,0.0,0.0,3.0,943.0,1619.0,0.0021208907741251,0.0,5.405387062566277,5097.279999999999,7645.92,3822.96,0.0,0.0,62.0,False,0.25,0.75,0.0,4.0,-0.0008376891075316,0.0,False,False,False,False,False,False,83.32,1.0,1.0,83.32,0.0,0.0,83.32,2025-11,True,0,0.43367920328261433,7
2000036747,2025-10,False,0.0,0.0,4.0,0.0,0.0,3.0,16005.0,16943.0,0.0,0.0,0.0,0.0,7645.92,3822.96,0.0,0.0,123.0,False,0.25,0.75,0.0,4.0,-0.0042643923240938,0.0,False,False,False,False,False,False,0.0,0.0,0.0,0.0,0.0,0.0,0.0,2026-01,True,0,0.16265572454042754,4
2000036747,2025-11,False,1.0,1.0,3.0,0.0,0.0,3.0,16000.0,16943.0,6.25e-05,0.0,0.0052074999999999,83.32,5180.6,3822.96,0.0,0.0,17.0,False,0.3333333333333333,0.6666666666666666,0.0,3.0,-0.0020583907741251,0.0,False,False,False,False,False,False,0.0,0.0,0.0,0.0,0.0,0.0,0.0,2026-02,True,0,0.19102183141180867,5
2000036760,2025-01,False,7.0,20.0,54.0,0.0,0.0,3.0,0.0,0.0,,,,2695.3900000002327,1472873.4,1462251.77,0.0,0.0,2.0,False,0.2222222222222222,0.7777777777777778,0.0,54.0,,,True,True,True,True,False,False,1067.68,24.0,0.0,0.0,0.0,0.0,1067.68,2025-04,True,1,0.6777095312156398,8
2000036760,2025-02,False,10.0,21.0,55.0,0.0,0.0,3.0,0.0,0.0,,,,639556.3700000003,2109780.49,1462251.77,0.0,0.0,3.0,False,0.2363636363636363,0.7636363636363637,0.0,55.0,,,True,True,True,True,False,False,1722.6999999999998,18.0,0.0,0.0,0.0,0.0,1722.6999999999998,2025-05,True,1,0.7640638732520071,9
2000036760,2025-03,False,9.0,26.0,52.0,0.0,0.0,3.0,0.0,0.0,,,,638759.2300000003,2105562.3200000003,1462251.77,0.0,0.0,2.0,False,0.2692307692307692,0.7307692307692307,0.0,52.0,,,True,True,True,True,False,False,2808.76,24.0,0.0,0.0,90.0,90.0,30.865494505494507,2025-06,True,0,0.7637850282141769,9
2000036760,2025-04,False,4.0,23.0,43.0,0.0,0.0,3.0,0.0,0.0,,,,638115.5100000004,640810.9000000001,636993.75,0.0,0.0,22.0,False,0.2325581395348837,0.7674418604651163,0.0,43.0,,,True,True,True,True,False,False,3312.74,20.0,0.0,0.0,91.0,91.0,36.008043478260866,2025-07,True,0,0.7020576813025202,8
2000036760,2025-05,False,11.0,24.0,45.0,0.0,0.0,3.0,0.0,0.0,,,,1067.680000000233,640624.0500000002,636993.75,0.0,0.0,1.0,False,0.3111111111111111,0.6888888888888889,0.0,45.0,,,True,True,True,True,False,False,3420.5,23.0,0.0,0.0,91.0,91.0,37.17934782608695,2025-08,True,0,0.5593016292570215,8
2000036760,2025-06,False,3.0,18.0,44.0,0.0,0.0,3.0,0.0,0.0,,,,1722.7000000002326,640481.93,636993.75,0.0,0.0,13.0,False,0.3409090909090909,0.6590909090909091,0.0,44.0,,,True,True,True,True,False,False,3484.38,22.0,0.0,0.0,1.0,1.0,1742.19,2025-09,True,1,0.6207439812516001,8
2000036760,2025-07,False,10.0,24.0,47.0,0.0,0.0,3.0,90.0,90.0,0.2666666666666666,0.0,31.208444444447032,2808.760000000233,640924.2700000001,636993.75,0.0,0.0,1.0,False,0.2978723404255319,0.7021276595744681,0.0,47.0,,,False,False,False,False,False,False,3079.6900000000005,22.0,0.0,0.0,0.0,0.0,3079.6900000000005,2025-10,True,1,0.48663805088530554,7
2000036760,2025-08,False,7.0,20.0,44.0,0.0,0.0,3.0,91.0,91.0,0.2197802197802197,0.0,36.40373626373882,3312.7400000002326,4380.42,472.45,0.0,0.0,8.0,False,0.2045454545454545,0.7954545454545454,0.0,44.0,,,False,False,False,False,False,False,2113.63,19.0,0.0,0.0,0.0,0.0,2113.63,2025-11,True,1,0.1828145707953098,5
2000036760,2025-09,False,6.0,23.0,41.0,0.0,0.0,3.0,91.0,91.0,0.2527472527472527,0.0,37.587912087914646,3420.500000000233,5143.2,472.45,0.0,0.0,12.0,False,0.1951219512195122,0.8048780487804879,0.0,41.0,,,False,False,False,False,False,False,1880.83,15.0,0.0,0.0,0.0,0.0,1880.83,2025-12,True,1,0.17483292019750546,4
2000036760,2025-10,False,9.0,22.0,46.0,0.0,0.0,3.0,1.0,91.0,22.0,0.0,3484.380000000233,3484.380000000233,6293.139999999999,472.45,0.0,0.0,8.0,False,0.1521739130434782,0.8478260869565217,0.0,46.0,21.733333333333334,0.0,False,False,False,False,False,False,1794.2300000000002,12.0,0.0,0.0,0.0,0.0,1794.2300000000002,2026-01,True,1,0.03552307817003832,3
2000036760,2025-11,False,7.0,22.0,42.0,0.0,0.0,3.0,0.0,91.0,,,,3079.6900000002333,6392.429999999999,472.45,0.0,0.0,9.0,False,0.0714285714285714,0.9285714285714286,0.0,42.0,,,True,True,True,True,False,False,2152.8,10.0,0.0,0.0,0.0,0.0,2152.8,2026-02,True,1,0.202971115679521,5
2000037176,2025-05,False,0.0,0.0,0.0,0.0,0.0,0.0,0.0,0.0,,,,0.0,0.0,0.0,0.0,0.0,,False,,,,0.0,,,True,True,True,True,True,True,0.0,0.0,0.0,0.0,0.0,0.0,0.0,2025-08,True,0,0.01581855837460036,2
2000037257,2025-04,False,0.0,0.0,0.0,0.0,0.0,0.0,0.0,0.0,,,,0.0,0.0,0.0,0.0,0.0,,False,,,,0.0,,,True,True,True,True,True,True,0.0,0.0,0.0,0.0,46.0,46.0,0.0,2025-07,True,0,0.01581855837460036,2
2000037257,2025-05,False,0.0,0.0,0.0,0.0,0.0,0.0,-18.0,-18.0,,,,0.0,0.0,0.0,0.0,0.0,,False,,,,0.0,,,True,True,True,True,True,True,0.0,0.0,0.0,0.0,0.0,0.0,0.0,2025-08,True,0,0.025017815230242137,3
2000037929,2025-04,False,0.0,0.0,0.0,0.0,0.0,0.0,0.0,0.0,,,,0.0,0.0,0.0,0.0,0.0,,False,,,,0.0,,,True,True,True,True,True,True,0.0,0.0,0.0,0.0,0.0,0.0,0.0,2025-07,True,0,0.01581855837460036,2
2000037929,2025-05,False,0.0,0.0,0.0,0.0,0.0,0.0,0.0,0.0,,,,0.0,0.0,0.0,0.0,0.0,,False,,,,0.0,,,True,True,True,True,True,True,0.0,0.0,0.0,0.0,0.0,0.0,0.0,2025-08,True,0,0.01581855837460036,2
2000037932,2025-03,False,0.0,0.0,0.0,0.0,0.0,0.0,0.0,0.0,,,,0.0,0.0,0.0,0.0,0.0,,False,,,,0.0,,,True,True,True,True,True,True,0.0,0.0,0.0,0.0,197.0,197.0,0.0,2025-06,True,0,0.01581855837460036,2
2000037932,2025-04,False,0.0,0.0,0.0,0.0,0.0,0.0,16.0,16.0,0.0,0.0,0.0,0.0,0.0,0.0,0.0,0.0,,False,,,,0.0,,,False,False,False,False,True,True,0.0,0.0,0.0,0.0,220.0,220.0,0.0,2025-07,True,0,0.006705935572886293,1
2000037932,2025-05,False,0.0,0.0,0.0,0.0,0.0,0.0,-7.0,-7.0,,,,0.0,0.0,0.0,0.0,0.0,,False,,,,0.0,,,True,True,True,True,True,True,0.0,0.0,0.0,0.0,0.0,0.0,0.0,2025-08,True,0,0.02187577535536941,3
2000037933,2025-05,False,0.0,0.0,0.0,0.0,0.0,0.0,0.0,0.0,,,,0.0,0.0,0.0,0.0,0.0,1487.0,False,,,,0.0,,,True,True,True,True,False,True,0.0,0.0,0.0,0.0,0.0,0.0,0.0,2025-08,True,0,0.13989711816458109,4
2000038267,2025-05,False,0.0,0.0,0.0,0.0,0.0,0.0,0.0,0.0,,,,0.0,0.0,0.0,0.0,0.0,,False,,,,0.0,,,True,True,True,True,True,True,0.0,0.0,0.0,0.0,0.0,0.0,0.0,2025-08,True,0,0.01581855837460036,2
2000038271,2025-04,False,0.0,0.0,0.0,0.0,0.0,0.0,0.0,0.0,,,,0.0,0.0,0.0,0.0,0.0,,False,,,,0.0,,,True,True,True,True,True,True,0.0,0.0,0.0,0.0,2228.0,2228.0,0.0,2025-07,True,0,0.01581855837460036,2
2000038271,2025-05,False,0.0,0.0,0.0,0.0,0.0,0.0,-48.0,-48.0,,,,0.0,0.0,0.0,0.0,0.0,,False,,,,0.0,,,True,True,True,True,True,True,0.0,0.0,0.0,0.0,0.0,0.0,0.0,2025-08,True,0,0.028963811705248452,3
2000038474,2025-04,False,0.0,0.0,0.0,0.0,0.0,0.0,0.0,0.0,,,,0.0,0.0,0.0,0.0,0.0,400.0,False,,,,0.0,,,True,True,True,True,False,True,0.0,0.0,0.0,0.0,0.0,0.0,0.0,2025-07,True,0,0.17939438608513888,4
2000038916,2025-05,False,0.0,0.0,1.0,0.0,0.0,3.0,0.0,0.0,,,,0.0,3910.79,3910.79,0.0,0.0,146.0,False,1.0,0.0,0.0,1.0,,,True,True,True,True,False,False,0.0,0.0,0.0,0.0,28377.0,28377.0,0.0,2025-08,True,0,0.5091271601730575,7
2000038916,2025-07,False,0.0,0.0,0.0,0.0,0.0,0.0,1945.0,1945.0,0.0,0.0,0.0,0.0,0.0,0.0,0.0,0.0,207.0,False,,,,0.0,,,False,False,False,False,False,True,0.0,0.0,0.0,0.0,0.0,0.0,0.0,2025-10,True,0,0.04774536480962386,3
2000038917,2025-05,False,0.0,0.0,0.0,0.0,0.0,0.0,0.0,0.0,,,,0.0,0.0,0.0,0.0,0.0,,False,,,,0.0,,,True,True,True,True,True,True,0.0,0.0,0.0,0.0,0.0,0.0,0.0,2025-08,True,0,0.01581855837460036,2
2000039130,2025-02,False,0.0,0.0,0.0,0.0,0.0,0.0,0.0,0.0,,,,0.0,0.0,0.0,0.0,0.0,,False,,,,0.0,,,True,True,True,True,True,True,0.0,0.0,0.0,0.0,0.0,0.0,0.0,2025-05,True,0,0.01581855837460036,2
2000039130,2025-03,False,0.0,0.0,0.0,0.0,0.0,0.0,0.0,0.0,,,,0.0,0.0,0.0,0.0,0.0,,False,,,,0.0,,,True,True,True,True,True,True,0.0,0.0,0.0,0.0,0.0,0.0,0.0,2025-06,True,0,0.01581855837460036,2
2000039130,2025-04,False,0.0,0.0,0.0,0.0,0.0,0.0,0.0,0.0,,,,0.0,0.0,0.0,0.0,0.0,,False,,,,0.0,,,True,True,True,True,True,True,0.0,0.0,0.0,0.0,0.0,0.0,0.0,2025-07,True,0,0.01581855837460036,2
2000039130,2025-05,False,0.0,0.0,0.0,0.0,0.0,0.0,0.0,0.0,,,,0.0,0.0,0.0,0.0,0.0,,False,,,,0.0,,,True,True,True,True,True,True,0.0,0.0,0.0,0.0,0.0,0.0,0.0,2025-08,True,0,0.01581855837460036,2
2000039130,2025-06,False,0.0,0.0,0.0,0.0,0.0,0.0,0.0,0.0,,,,0.0,0.0,0.0,0.0,0.0,,False,,,,0.0,,,True,True,True,True,True,True,0.0,0.0,0.0,0.0,0.0,0.0,0.0,2025-09,True,0,0.01581855837460036,2
2000039130,2025-07,False,0.0,0.0,0.0,0.0,0.0,0.0,0.0,0.0,,,,0.0,0.0,0.0,0.0,0.0,,False,,,,0.0,,,True,True,True,True,True,True,0.0,0.0,0.0,0.0,0.0,0.0,0.0,2025-10,True,0,0.01581855837460036,2
2000039130,2025-08,False,0.0,0.0,0.0,0.0,0.0,0.0,0.0,0.0,,,,0.0,0.0,0.0,0.0,0.0,,False,,,,0.0,,,True,True,True,True,True,True,0.0,0.0,0.0,0.0,0.0,0.0,0.0,2025-11,True,0,0.01581855837460036,2
2000039130,2025-09,False,0.0,0.0,0.0,0.0,0.0,0.0,0.0,0.0,,,,0.0,0.0,0.0,0.0,0.0,,False,,,,0.0,,,True,True,True,True,True,True,0.0,0.0,0.0,0.0,0.0,0.0,0.0,2025-12,True,0,0.01581855837460036,2
2000039130,2025-10,False,0.0,0.0,0.0,0.0,0.0,0.0,0.0,0.0,,,,0.0,0.0,0.0,0.0,0.0,,False,,,,0.0,,,True,True,True,True,True,True,0.0,0.0,0.0,0.0,0.0,0.0,0.0,2026-01,True,0,0.01581855837460036,2
2000039130,2025-11,False,0.0,0.0,0.0,0.0,0.0,0.0,0.0,0.0,,,,0.0,0.0,0.0,0.0,0.0,,False,,,,0.0,,,True,True,True,True,True,True,0.0,0.0,0.0,0.0,0.0,0.0,0.0,2026-02,True,0,0.01581855837460036,2
2000039499,2025-05,False,0.0,0.0,0.0,0.0,0.0,0.0,0.0,0.0,,,,0.0,0.0,0.0,0.0,0.0,,False,,,,0.0,,,True,True,True,True,True,True,0.0,0.0,0.0,0.0,0.0,0.0,0.0,2025-08,True,0,0.01581855837460036,2
2000039500,2025-05,False,0.0,0.0,0.0,0.0,0.0,0.0,0.0,0.0,,,,0.0,0.0,0.0,0.0,0.0,,False,,,,0.0,,,True,True,True,True,True,True,0.0,0.0,0.0,0.0,0.0,0.0,0.0,2025-08,True,0,0.01581855837460036,2
2000039501,2025-04,False,0.0,0.0,0.0,0.0,0.0,0.0,0.0,0.0,,,,0.0,0.0,0.0,0.0,0.0,551.0,False,,,,0.0,,,True,True,True,True,False,True,0.0,0.0,0.0,0.0,0.0,0.0,0.0,2025-07,True,0,0.1690290161351023,4
2000039502,2025-05,False,0.0,0.0,0.0,0.0,0.0,0.0,0.0,0.0,,,,0.0,0.0,0.0,0.0,0.0,,False,,,,0.0,,,True,True,True,True,True,True,0.0,0.0,0.0,0.0,0.0,0.0,0.0,2025-08,True,0,0.01581855837460036,2
2000039561,2025-02,False,0.0,6.0,15.0,0.0,0.0,3.0,0.0,0.0,,,,42542.46000000003,104371.6,11336.94,0.0,0.0,47.0,False,1.0,0.0,0.0,15.0,,,True,True,True,True,False,False,52391.34,16.0,12.0,25831.239999999998,93.0,93.0,557.3546808510638,2025-05,True,1,0.7237836167183448,9
2000039561,2025-03,False,4.0,5.0,16.0,0.0,0.0,3.0,142.0,142.0,0.0352112676056338,0.0,218.92788732394385,31087.760000000028,119299.7,11336.94,0.0,0.0,3.0,False,1.0,0.0,0.0,16.0,,,False,False,False,False,False,False,32161.989999999998,8.0,7.0,20825.05,88.0,88.0,361.37067415730337,2025-06,True,1,0.6881421601548415,8
2000039561,2025-04,False,8.0,12.0,23.0,0.0,0.0,3.0,147.0,147.0,0.0816326530612244,0.0,271.97394557823145,39980.17000000003,131756.61,11336.94,1.0,1.0,6.0,False,0.9130434782608696,0.0434782608695652,0.0434782608695652,22.0,,,False,False,False,False,False,False,25982.46,7.0,6.0,14645.52,41.0,41.0,618.63,2025-07,True,1,0.6092601258742845,8
2000039561,2025-05,False,2.0,14.0,20.0,0.0,0.0,3.0,200.0,200.0,0.07,0.0,231.77945000000017,46355.89000000003,88898.35,11336.94,1.0,1.0,2.0,False,0.9,0.05,0.05,19.0,,,False,False,False,False,False,False,4082.41,2.0,2.0,4082.41,37.0,37.0,107.43184210526316,2025-08,True,0,0.7274327141228759,9
2000039561,2025-07,False,0.0,8.0,20.0,0.0,0.0,3.0,88.0,235.0,0.0909090909090909,0.0,365.4771590909094,32161.99000000003,72142.16,11336.94,0.0,1.0,35.0,False,0.8,0.15,0.05,19.0,0.0092764378478664,0.0,False,False,False,False,False,False,58237.850000000006,7.0,3.0,31410.480000000003,74.0,74.0,776.5046666666667,2025-10,True,1,0.9013501724012112,10
2000039561,2025-08,False,1.0,7.0,21.0,0.0,0.0,3.0,41.0,241.0,0.1707317073170731,0.0,633.7185365853667,25982.460000000032,72338.34999999999,11336.94,0.0,1.0,21.0,False,0.8095238095238095,0.1428571428571428,0.0476190476190476,20.0,0.1007317073170731,0.0,False,False,False,False,False,False,69574.79000000001,8.0,3.0,31410.480000000003,89.0,89.0,773.0532222222223,2025-11,True,1,0.8939210366038156,10
2000039561,2025-09,False,1.0,2.0,18.0,0.0,0.0,3.0,37.0,130.0,0.054054054054054,0.0,110.3354054054062,4082.410000000029,56473.75,11336.94,0.0,1.0,27.0,False,0.7777777777777778,0.1666666666666666,0.0555555555555555,17.0,-0.1179889566986341,0.0,False,False,False,False,False,False,31034.309999999998,6.0,2.0,4206.94,60.0,60.0,508.7591803278688,2025-12,True,1,0.9033690207430681,10
2000039561,2025-10,False,2.0,4.0,12.0,0.0,0.0,3.0,70.0,158.0,0.0571428571428571,0.0,608.898428571429,42622.89000000003,74784.88,27203.54,0.0,0.0,16.0,False,0.8333333333333334,0.1666666666666666,0.0,12.0,-0.0337662337662337,0.0,False,False,False,False,False,False,15223.16,2.0,1.0,3886.22,50.0,50.0,298.49333333333334,2026-01,True,1,0.7686720368981617,9
2000039561,2025-11,False,4.0,7.0,14.0,0.0,0.0,3.0,74.0,115.0,0.0945945945945946,0.0,786.9979729729735,58237.850000000035,84220.31,27203.54,0.0,0.0,8.0,False,0.8571428571428571,0.1428571428571428,0.0,14.0,-0.0761371127224785,0.0,False,False,False,False,False,False,0.0,0.0,0.0,0.0,7.0,7.0,0.0,2026-02,True,0,0.7308996736329215,9
2000040241,2025-01,False,0.0,12.0,22.0,0.0,0.0,3.0,0.0,0.0,,,,3037.68,6072.99,1468.95,0.0,0.0,39.0,False,0.7272727272727273,0.2727272727272727,0.0,22.0,,,True,True,True,True,False,False,2197.84,5.0,5.0,2197.84,425.0,425.0,5.15924882629108,2025-04,True,0,0.4547422667497378,7
2000040241,2025-02,False,4.0,9.0,24.0,0.0,0.0,3.0,0.0,0.0,,,,11924.96,16539.42,9533.58,0.0,0.0,5.0,False,0.75,0.25,0.0,24.0,,,True,True,True,True,False,False,342.95,2.0,2.0,342.95,495.0,495.0,0.6914314516129032,2025-05,True,0,0.5270758484420403,7
2000040241,2025-03,False,4.0,8.0,25.0,0.0,0.0,3.0,0.0,0.0,,,,12626.65,17988.04,9533.58,0.0,0.0,9.0,False,0.72,0.28,0.0,25.0,,,True,True,True,True,False,False,714.11,3.0,3.0,714.11,273.0,273.0,2.606240875912409,2025-06,True,0,0.5179306878165885,7
2000040241,2025-04,False,1.0,9.0,21.0,0.0,0.0,3.0,400.0,400.0,0.0225,0.0,31.773674999999997,12709.47,15747.15,9533.58,0.0,0.0,11.0,False,0.6190476190476191,0.3809523809523809,0.0,21.0,,,False,False,False,False,False,False,918.21,5.0,5.0,918.21,264.0,264.0,3.464943396226415,2025-07,True,0,0.44884955941932386,7
2000040241,2025-05,False,0.0,5.0,14.0,0.0,0.0,3.0,425.0,425.0,0.0117647058823529,0.0,5.171388235294118,2197.84,14122.8,9533.58,0.0,0.0,41.0,False,0.7857142857142857,0.2142857142857142,0.0,14.0,,,False,False,False,False,False,False,658.08,4.0,4.0,658.08,302.0,302.0,2.171881188118812,2025-08,True,0,0.3752011230370396,6
2000040241,2025-06,False,1.0,2.0,10.0,0.0,0.0,3.0,495.0,495.0,0.004040404040404,0.0,0.6928282828282828,342.95,12969.6,9533.58,0.0,0.0,30.0,False,0.6,0.4,0.0,10.0,,,False,False,False,False,False,False,724.36,3.0,3.0,724.36,164.0,164.0,4.390060606060606,2025-09,True,0,0.29721239621266815,6
2000040241,2025-07,False,2.0,3.0,12.0,0.0,0.0,3.0,273.0,673.0,0.0109890109890109,0.0,2.615787545787546,714.11,13423.58,9533.58,0.0,0.0,27.0,False,0.5,0.5,0.0,12.0,-0.011510989010989,0.0,False,False,False,False,False,False,552.8199999999999,2.0,2.0,552.8199999999999,193.0,193.0,2.849587628865979,2025-10,True,0,0.2972819480111531,6
2000040241,2025-08,False,2.0,5.0,10.0,0.0,0.0,3.0,264.0,689.0,0.0189393939393939,0.0,3.478068181818182,918.21,3116.050000000002,1170.11,0.0,0.0,15.0,False,0.5,0.5,0.0,10.0,0.0071746880570409,0.0,False,False,False,False,False,False,552.8199999999999,2.0,2.0,552.8199999999999,127.0,127.0,4.3189062499999995,2025-11,True,0,0.2163388163052263,5
2000040241,2025-09,False,0.0,4.0,6.0,0.0,0.0,3.0,302.0,797.0,0.0132450331125827,0.0,2.1790728476821193,658.08,1001.0300000000018,260.13,0.0,0.0,46.0,False,0.3333333333333333,0.6666666666666666,0.0,6.0,0.0092046290721787,0.0,False,False,False,False,False,False,32.56,1.0,1.0,32.56,87.0,87.0,0.37000000000000005,2025-12,True,0,0.21362429422162507,5
2000040241,2025-10,False,1.0,3.0,6.0,0.0,0.0,3.0,164.0,437.0,0.0182926829268292,0.0,4.416829268292683,724.36,1438.4700000000018,520.26,0.0,0.0,7.0,False,0.3333333333333333,0.6666666666666666,0.0,6.0,0.0073036719378182,0.0,False,False,False,False,False,False,174.53,1.0,1.0,174.53,95.0,95.0,1.8180208333333334,2026-01,True,0,0.3169762463768306,6
2000040241,2025-11,False,1.0,2.0,7.0,0.0,0.0,3.0,193.0,457.0,0.0103626943005181,0.0,2.8643523316062174,552.8199999999999,1471.0300000000018,520.26,0.0,0.0,18.0,False,0.2857142857142857,0.7142857142857143,0.0,7.0,-0.0085766996388758,0.0,False,False,False,False,False,False,174.53,1.0,1.0,174.53,53.0,53.0,3.232037037037037,2026-02,True,0,0.2857909488077451,6
2000040242,2025-05,False,0.0,0.0,0.0,0.0,0.0,0.0,0.0,0.0,,,,0.0,0.0,0.0,0.0,0.0,,False,,,,0.0,,,True,True,True,True,True,True,0.0,0.0,0.0,0.0,0.0,0.0,0.0,2025-08,True,0,0.01581855837460036,2
2000040337,2025-05,False,0.0,0.0,0.0,0.0,0.0,0.0,0.0,0.0,,,,0.0,0.0,0.0,0.0,0.0,,False,,,,0.0,,,True,True,True,True,True,True,0.0,0.0,0.0,0.0,0.0,0.0,0.0,2025-08,True,0,0.01581855837460036,2
2000040738,2025-05,False,0.0,0.0,0.0,0.0,0.0,0.0,0.0,0.0,,,,0.0,0.0,0.0,0.0,0.0,,False,,,,0.0,,,True,True,True,True,True,True,0.0,0.0,0.0,0.0,0.0,0.0,0.0,2025-08,True,0,0.01581855837460036,2
2000040739,2025-05,False,0.0,0.0,0.0,0.0,0.0,0.0,0.0,0.0,,,,0.0,0.0,0.0,0.0,0.0,,False,,,,0.0,,,True,True,True,True,True,True,0.0,0.0,0.0,0.0,0.0,0.0,0.0,2025-08,True,0,0.01581855837460036,2
2000042178,2025-01,False,0.0,1.0,1.0,0.0,0.0,3.0,0.0,0.0,,,,57639.44,57639.44,57639.44,0.0,0.0,89.0,False,1.0,0.0,0.0,1.0,,,True,True,True,True,False,False,50434.51,4.0,2.0,36024.65,41.0,41.0,1200.8216666666667,2025-04,True,1,0.8442077169108635,9
2000042178,2025-02,False,1.0,1.0,2.0,0.0,0.0,3.0,0.0,0.0,,,,7204.93,64844.37,57639.44,0.0,0.0,9.0,False,1.0,0.0,0.0,2.0,,,True,True,True,True,False,False,266582.41000000003,3.0,2.0,259377.48,41.0,41.0,6347.200238095239,2025-05,True,1,0.8352645759567277,9
2000042178,2025-03,False,2.0,3.0,4.0,0.0,0.0,3.0,0.0,0.0,,,,21614.79,79254.23000000001,57639.44,0.0,0.0,18.0,False,0.5,0.5,0.0,4.0,,,True,True,True,True,False,False,237762.69,2.0,1.0,230557.76,1.0,1.0,118881.345,2025-06,True,1,0.7675100009714715,9
2000042178,2025-04,False,1.0,4.0,5.0,0.0,0.0,3.0,40.0,40.0,0.1,0.0,1260.86275,50434.51,108073.95,57639.44,0.0,0.0,13.0,False,0.6,0.4,0.0,5.0,,,False,False,False,False,False,False,230557.76,1.0,1.0,230557.76,0.0,0.0,230557.76,2025-07,True,1,0.8754215832731377,10
2000042178,2025-05,False,1.0,4.0,5.0,0.0,0.0,3.0,41.0,41.0,0.0975609756097561,0.0,1230.11,50434.51,57639.44,28819.72,0.0,0.0,23.0,False,0.6,0.4,0.0,5.0,,,False,False,False,False,False,False,0.0,0.0,0.0,0.0,0.0,0.0,0.0,2025-08,True,0,0.8401880136371116,9
2000042178,2025-08,False,0.0,1.0,5.0,0.0,0.0,3.0,0.0,41.0,,,,230557.76,280992.27,230557.76,0.0,0.0,78.0,False,0.6,0.4,0.0,5.0,,,True,True,True,True,False,False,0.0,0.0,0.0,0.0,0.0,0.0,0.0,2025-11,True,0,0.8851831293656723,10
2000044404,2025-05,True,0.0,0.0,0.0,0.0,0.0,0.0,0.0,0.0,,,,0.0,0.0,0.0,0.0,0.0,282.0,False,,,,0.0,,,True,True,True,True,False,True,1062265.26,2.0,2.0,1062265.26,0.0,0.0,1062265.26,2025-08,True,1,0.8214048721701734,9
2000044404,2025-07,True,0.0,1.0,1.0,0.0,0.0,3.0,0.0,0.0,,,,0.0,0.0,0.0,0.0,0.0,55.0,False,0.0,1.0,0.0,1.0,,,True,True,True,True,False,False,531136.07,2.0,1.0,531132.63,0.0,0.0,531136.07,2025-10,True,1,0.7522639372470502,9
2000044404,2025-08,True,1.0,2.0,2.0,0.0,0.0,3.0,0.0,0.0,,,,531132.63,531132.63,531132.63,0.0,0.0,30.0,False,0.0,1.0,0.0,2.0,,,True,True,True,True,False,False,3.44,1.0,0.0,0.0,0.0,0.0,3.44,2025-11,True,0,0.995545548746141,10
2000044404,2025-10,True,0.0,2.0,3.0,0.0,0.0,3.0,0.0,0.0,,,,1062265.26,1062265.26,531132.63,0.0,0.0,57.0,False,0.3333333333333333,0.6666666666666666,0.0,3.0,,,True,True,True,True,False,False,0.0,0.0,0.0,0.0,0.0,0.0,0.0,2026-01,True,0,0.9965388504091274,10
2000046101,2025-02,False,0.0,0.0,0.0,0.0,0.0,0.0,0.0,0.0,,,,0.0,0.0,0.0,0.0,0.0,,False,,,,0.0,,,True,True,True,True,True,True,0.0,0.0,0.0,0.0,0.0,0.0,0.0,2025-05,True,0,0.01581855837460036,2
2000046101,2025-04,False,0.0,0.0,0.0,0.0,0.0,0.0,0.0,0.0,,,,0.0,0.0,0.0,0.0,0.0,,False,,,,0.0,,,True,True,True,True,True,True,0.0,0.0,0.0,0.0,0.0,0.0,0.0,2025-07,True,0,0.01581855837460036,2
2000046781,2025-02,False,0.0,0.0,0.0,0.0,0.0,0.0,0.0,0.0,,,,0.0,0.0,0.0,0.0,0.0,,False,,,,0.0,,,True,True,True,True,True,True,0.0,0.0,0.0,0.0,0.0,0.0,0.0,2025-05,True,0,0.01581855837460036,2
2000046781,2025-03,False,0.0,0.0,0.0,0.0,0.0,0.0,0.0,0.0,,,,0.0,0.0,0.0,0.0,0.0,,False,,,,0.0,,,True,True,True,True,True,True,0.0,0.0,0.0,0.0,0.0,0.0,0.0,2025-06,True,0,0.01581855837460036,2
2000046781,2025-04,False,0.0,0.0,0.0,0.0,0.0,0.0,0.0,0.0,,,,0.0,0.0,0.0,0.0,0.0,,False,,,,0.0,,,True,True,True,True,True,True,0.0,0.0,0.0,0.0,0.0,0.0,0.0,2025-07,True,0,0.01581855837460036,2
2000046781,2025-05,False,0.0,0.0,0.0,0.0,0.0,0.0,0.0,0.0,,,,0.0,0.0,0.0,0.0,0.0,,False,,,,0.0,,,True,True,True,True,True,True,0.0,0.0,0.0,0.0,0.0,0.0,0.0,2025-08,True,0,0.01581855837460036,2
2000046781,2025-06,False,0.0,0.0,0.0,0.0,0.0,0.0,0.0,0.0,,,,0.0,0.0,0.0,0.0,0.0,,False,,,,0.0,,,True,True,True,True,True,True,0.0,0.0,0.0,0.0,0.0,0.0,0.0,2025-09,True,0,0.01581855837460036,2
2000046781,2025-07,False,0.0,0.0,0.0,0.0,0.0,0.0,0.0,0.0,,,,0.0,0.0,0.0,0.0,0.0,,False,,,,0.0,,,True,True,True,True,True,True,0.0,0.0,0.0,0.0,0.0,0.0,0.0,2025-10,True,0,0.01581855837460036,2
2000047746,2025-05,False,0.0,0.0,0.0,0.0,0.0,0.0,0.0,0.0,,,,0.0,0.0,0.0,0.0,0.0,245.0,False,,,,0.0,,,True,True,True,True,False,True,0.0,0.0,0.0,0.0,27.0,27.0,0.0,2025-08,True,0,0.19619190439005546,5
2000047746,2025-07,False,0.0,1.0,1.0,0.0,0.0,3.0,0.0,0.0,,,,2596.99,2596.99,2596.99,0.0,0.0,43.0,False,1.0,0.0,0.0,1.0,,,True,True,True,True,False,False,0.0,0.0,0.0,0.0,0.0,0.0,0.0,2025-10,True,0,0.6774589697103138,8
2000047996,2025-05,False,0.0,0.0,0.0,0.0,0.0,0.0,0.0,0.0,,,,0.0,0.0,0.0,0.0,0.0,638.0,False,,,,0.0,,,True,True,True,True,False,True,0.0,0.0,0.0,0.0,0.0,0.0,0.0,2025-08,True,0,0.16444381254856516,4
2000048498,2025-05,False,0.0,0.0,0.0,0.0,0.0,0.0,0.0,0.0,,,,0.0,0.0,0.0,0.0,0.0,353.0,False,,,,0.0,,,True,True,True,True,False,True,0.0,0.0,0.0,0.0,0.0,0.0,0.0,2025-08,True,0,0.18357025048148679,5
2000049283,2025-05,False,0.0,0.0,0.0,0.0,0.0,0.0,0.0,0.0,,,,0.0,0.0,0.0,0.0,0.0,,False,,,,0.0,,,True,True,True,True,True,True,0.0,0.0,0.0,0.0,0.0,0.0,0.0,2025-08,True,0,0.01581855837460036,2
2000049744,2025-05,False,0.0,0.0,0.0,0.0,0.0,0.0,0.0,0.0,,,,0.0,0.0,0.0,0.0,0.0,,False,,,,0.0,,,True,True,True,True,True,True,0.0,0.0,0.0,0.0,0.0,0.0,0.0,2025-08,True,0,0.01581855837460036,2
2000051688,2025-03,False,0.0,0.0,0.0,0.0,0.0,0.0,0.0,0.0,,,,0.0,0.0,0.0,0.0,0.0,390.0,False,,,,0.0,,,True,True,True,True,False,True,0.0,0.0,0.0,0.0,8.0,8.0,0.0,2025-06,True,0,0.18023427282691015,5
2000051688,2025-06,False,0.0,0.0,0.0,0.0,0.0,0.0,11.0,11.0,0.0,0.0,0.0,0.0,0.0,0.0,0.0,0.0,482.0,False,,,,0.0,,,False,False,False,False,False,True,0.02,2.0,1.0,0.02,83.0,83.0,0.0002380952380952381,2025-09,True,0,0.08513932495935332,4
2000051688,2025-07,False,0.0,0.0,0.0,0.0,0.0,0.0,8.0,19.0,0.0,0.0,0.0,0.0,0.0,0.0,0.0,0.0,512.0,False,,,,0.0,0.0,0.0,False,False,False,False,False,True,0.02,2.0,1.0,0.02,77.0,77.0,0.0002564102564102564,2025-10,True,0,0.08363783334116402,3
2000051688,2025-08,False,0.0,0.0,0.0,0.0,0.0,0.0,14.0,25.0,0.0,0.0,0.0,0.0,0.0,0.0,0.0,0.0,543.0,False,,,,0.0,0.0,0.0,False,False,False,False,False,True,0.0,0.0,0.0,0.0,9.0,9.0,0.0,2025-11,True,0,0.07781959882655065,3
2000051688,2025-09,False,2.0,2.0,2.0,0.0,0.0,3.0,82.0,93.0,0.024390243902439,0.0,0.0002439024390243,0.02,0.02,0.02,0.0,0.0,17.0,False,1.0,0.0,0.0,2.0,0.024390243902439,0.0,False,False,False,False,False,False,0.0,0.0,0.0,0.0,0.0,0.0,0.0,2025-12,True,0,0.022909182886641417,3
2000051819,2025-02,False,0.0,0.0,0.0,0.0,0.0,0.0,0.0,0.0,,,,0.0,0.0,0.0,0.0,0.0,,False,,,,0.0,,,True,True,True,True,True,True,0.0,0.0,0.0,0.0,27533.0,27533.0,0.0,2025-05,True,0,0.01581855837460036,2
2000051819,2025-04,False,0.0,0.0,0.0,0.0,0.0,0.0,130.0,130.0,0.0,0.0,0.0,0.0,0.0,0.0,0.0,0.0,,False,,,,0.0,,,False,False,False,False,True,True,0.0,0.0,0.0,0.0,27852.0,27852.0,0.0,2025-07,True,0,0.004857063655836973,1
2000051819,2025-05,False,0.0,0.0,0.0,0.0,0.0,0.0,324.0,324.0,0.0,0.0,0.0,0.0,0.0,0.0,0.0,0.0,,False,,,,0.0,,,False,False,False,False,True,True,0.0,0.0,0.0,0.0,513.0,513.0,0.0,2025-08,True,0,0.004206915179766625,1
2000051819,2025-06,False,0.0,0.0,0.0,0.0,0.0,0.0,27533.0,27663.0,0.0,0.0,0.0,0.0,0.0,0.0,0.0,0.0,,False,,,,0.0,0.0,0.0,False,False,False,False,True,True,0.0,0.0,0.0,0.0,100.0,100.0,0.0,2025-09,True,0,0.002081298861124606,1
2000051819,2025-07,False,0.0,0.0,0.0,0.0,0.0,0.0,27946.0,28076.0,0.0,0.0,0.0,0.0,0.0,0.0,0.0,0.0,,False,,,,0.0,0.0,0.0,False,False,False,False,True,True,0.0,0.0,0.0,0.0,446.0,446.0,0.0,2025-10,True,0,0.00207640110987722,1
2000051819,2025-09,False,0.0,0.0,0.0,0.0,0.0,0.0,513.0,28046.0,0.0,0.0,0.0,0.0,0.0,0.0,0.0,0.0,,False,,,,0.0,0.0,0.0,False,False,False,False,True,True,0.0,0.0,0.0,0.0,1269.0,1269.0,0.0,2025-12,True,0,0.0030282096305033353,1
2000051819,2025-10,False,0.0,0.0,0.0,0.0,0.0,0.0,100.0,28046.0,0.0,0.0,0.0,0.0,0.0,0.0,0.0,0.0,,False,,,,0.0,0.0,0.0,False,False,False,False,True,True,0.0,0.0,0.0,0.0,823.0,823.0,0.0,2026-01,True,0,0.0035306383341883016,1
2000051819,2025-11,False,0.0,0.0,0.0,0.0,0.0,0.0,446.0,28298.0,0.0,0.0,0.0,0.0,0.0,0.0,0.0,0.0,,False,,,,0.0,0.0,0.0,False,False,False,False,True,True,0.0,0.0,0.0,0.0,1228.0,1228.0,0.0,2026-02,True,0,0.00306662730197463,1
2000052777,2025-05,False,0.0,0.0,0.0,0.0,0.0,0.0,0.0,0.0,,,,0.0,0.0,0.0,0.0,0.0,,False,,,,0.0,,,True,True,True,True,True,True,0.0,0.0,0.0,0.0,0.0,0.0,0.0,2025-08,True,0,0.01581855837460036,2
2000052820,2025-05,False,0.0,0.0,0.0,0.0,0.0,0.0,0.0,0.0,,,,0.0,0.0,0.0,0.0,0.0,,False,,,,0.0,,,True,True,True,True,True,True,0.0,0.0,0.0,0.0,0.0,0.0,0.0,2025-08,True,0,0.01581855837460036,3
2000052821,2025-05,False,0.0,0.0,0.0,0.0,0.0,0.0,0.0,0.0,,,,0.0,0.0,0.0,0.0,0.0,,False,,,,0.0,,,True,True,True,True,True,True,0.0,0.0,0.0,0.0,0.0,0.0,0.0,2025-08,True,0,0.01581855837460036,3
2000052822,2025-05,False,0.0,0.0,0.0,0.0,0.0,0.0,0.0,0.0,,,,0.0,0.0,0.0,0.0,0.0,,False,,,,0.0,,,True,True,True,True,True,True,0.0,0.0,0.0,0.0,0.0,0.0,0.0,2025-08,True,0,0.01581855837460036,3
2000053536,2025-03,False,0.0,2.0,2.0,0.0,0.0,2.0,0.0,0.0,,,,444.0,444.0,296.0,0.0,0.0,71.0,False,0.0,1.0,0.0,2.0,,,True,True,True,True,False,False,0.0,0.0,0.0,0.0,12.0,12.0,0.0,2025-06,True,0,0.5057101270027431,7
2000053536,2025-05,False,0.0,0.0,2.0,0.0,0.0,2.0,9.0,9.0,0.0,0.0,0.0,0.0,444.0,296.0,0.0,0.0,132.0,False,0.0,1.0,0.0,2.0,,,False,False,False,False,False,False,0.0,0.0,0.0,0.0,12.0,12.0,0.0,2025-08,True,0,0.263803112576484,5
2000053536,2025-06,False,0.0,0.0,2.0,0.0,0.0,2.0,17.0,17.0,0.0,0.0,0.0,0.0,444.0,296.0,0.0,0.0,163.0,False,0.0,1.0,0.0,2.0,,,False,False,False,False,False,False,0.0,0.0,0.0,0.0,12.0,12.0,0.0,2025-09,True,0,0.23741107607773915,5
2000053536,2025-07,False,0.0,0.0,0.0,0.0,0.0,0.0,12.0,21.0,0.0,0.0,0.0,0.0,0.0,0.0,0.0,0.0,193.0,False,,,,0.0,0.0,0.0,False,False,False,False,False,True,0.0,0.0,0.0,0.0,12.0,12.0,0.0,2025-10,True,0,0.0983620860910761,4
2000053536,2025-08,False,0.0,0.0,0.0,0.0,0.0,0.0,16.0,25.0,0.0,0.0,0.0,0.0,0.0,0.0,0.0,0.0,224.0,False,,,,0.0,0.0,0.0,False,False,False,False,False,True,0.0,0.0,0.0,0.0,12.0,12.0,0.0,2025-11,True,0,0.09236388546175064,4
2000053536,2025-09,False,0.0,0.0,0.0,0.0,0.0,0.0,12.0,29.0,0.0,0.0,0.0,0.0,0.0,0.0,0.0,0.0,255.0,False,,,,0.0,0.0,0.0,False,False,False,False,False,True,0.0,0.0,0.0,0.0,12.0,12.0,0.0,2025-12,True,0,0.09128766395314891,4
2000053536,2025-10,False,0.0,0.0,0.0,0.0,0.0,0.0,12.0,24.0,0.0,0.0,0.0,0.0,0.0,0.0,0.0,0.0,285.0,False,,,,0.0,0.0,0.0,False,False,False,False,False,True,0.0,0.0,0.0,0.0,8.0,8.0,0.0,2026-01,True,0,0.09019195815150867,4
2000053536,2025-11,False,0.0,0.0,0.0,0.0,0.0,0.0,12.0,28.0,0.0,0.0,0.0,0.0,0.0,0.0,0.0,0.0,316.0,False,,,,0.0,0.0,0.0,False,False,False,False,False,True,0.0,0.0,0.0,0.0,8.0,8.0,0.0,2026-02,True,0,0.08754133214201919,4
2000054285,2025-05,False,0.0,0.0,1.0,0.0,0.0,3.0,0.0,0.0,,,,0.0,14.31,14.31,0.0,0.0,174.0,False,1.0,0.0,0.0,1.0,,,True,True,True,True,False,False,0.0,0.0,0.0,0.0,0.0,0.0,0.0,2025-08,True,0,0.2041456023123679,5
2000055327,2025-08,False,0.0,0.0,0.0,0.0,0.0,0.0,0.0,0.0,,,,0.0,0.0,0.0,0.0,0.0,,False,,,,0.0,,,True,True,True,True,True,True,0.0,0.0,0.0,0.0,0.0,0.0,0.0,2025-11,True,0,0.01581855837460036,3
2000055641,2025-01,False,0.0,0.0,0.0,0.0,0.0,0.0,0.0,0.0,,,,0.0,0.0,0.0,0.0,0.0,,False,,,,0.0,,,True,True,True,True,True,True,0.0,0.0,0.0,0.0,5523.54,5523.54,0.0,2025-04,True,0,0.01581855837460036,3
2000055641,2025-03,False,0.0,1.0,1.0,0.0,0.0,3.0,0.0,0.0,,,,58.81,58.81,58.81,0.0,0.0,29.0,False,0.0,1.0,0.0,1.0,,,True,True,True,True,False,False,0.0,0.0,0.0,0.0,5599.54,5599.54,0.0,2025-06,True,0,0.437261490382266,7
2000055641,2025-04,False,0.0,1.0,1.0,0.0,0.0,3.0,370.0,370.0,0.0027027027027027,0.0,0.1589459459459459,58.81,58.81,58.81,0.0,0.0,60.0,False,0.0,1.0,0.0,1.0,,,False,False,False,False,False,False,0.0,0.0,0.0,0.0,446.0,446.0,0.0,2025-07,True,0,0.14951992873065378,4
2000055641,2025-05,False,0.0,0.0,1.0,0.0,0.0,3.0,5523.54,5523.54,0.0,0.0,0.0,0.0,58.81,58.81,0.0,0.0,90.0,False,0.0,1.0,0.0,1.0,,,False,False,False,False,False,False,0.0,0.0,0.0,0.0,0.0,0.0,0.0,2025-08,True,0,0.08341222934317825,3
2000055641,2025-10,False,0.0,0.0,0.0,0.0,0.0,0.0,0.0,5599.54,,,,0.0,0.0,0.0,0.0,0.0,243.0,False,,,,0.0,,,True,True,True,True,False,True,0.0,0.0,0.0,0.0,0.0,0.0,0.0,2026-01,True,0,0.12317626482173946,4
2000055856,2025-02,False,0.0,3.0,23.0,0.0,0.0,3.0,0.0,0.0,,,,363023.71000000095,2792991.080000001,636993.75,0.0,1.0,58.0,False,0.6956521739130435,0.217391304347826,0.0869565217391304,21.0,,,True,True,True,True,False,False,4499912.77,7.0,4.0,4499903.89,0.0,0.0,4499912.77,2025-05,True,1,0.9787120861375641,10
2000055856,2025-03,False,3.0,4.0,17.0,0.0,0.0,3.0,0.0,0.0,,,,360916.1600000009,2436526.6300000013,636993.75,0.0,0.0,3.0,False,0.6470588235294118,0.2352941176470588,0.1176470588235294,15.0,,,True,True,True,True,False,False,4499915.920000001,9.0,4.0,4499903.89,0.0,0.0,4499915.920000001,2025-06,True,1,0.9364846907000873,10
2000055856,2025-04,False,2.0,5.0,9.0,0.0,0.0,3.0,0.0,0.0,,,,2385.2000000009316,723939.910000001,358531.0,0.0,0.0,1.0,False,0.4444444444444444,0.3333333333333333,0.2222222222222222,7.0,,,True,True,True,True,False,False,3862922.17,8.0,3.0,3862910.1399999997,0.0,0.0,3862922.17,2025-07,True,1,0.9292710648671343,10
2000055856,2025-05,False,2.0,7.0,10.0,0.0,0.0,3.0,0.0,0.0,,,,997909.9500000008,1360933.660000001,636993.75,0.0,0.0,13.0,False,0.3,0.5,0.2,8.0,,,True,True,True,True,False,False,889666.8300000001,7.0,3.0,889663.64,0.0,0.0,889666.8300000001,2025-08,True,1,0.940928804442923,10
2000055856,2025-06,False,3.0,7.0,11.0,0.0,0.0,3.0,0.0,0.0,,,,4499912.7700000005,4860828.930000002,1910981.25,0.0,0.0,20.0,False,0.4545454545454545,0.3636363636363636,0.1818181818181818,9.0,,,True,True,True,True,False,False,889663.65,4.0,4.0,889663.65,0.0,0.0,889663.65,2025-09,True,1,0.9474987468761901,10
2000055856,2025-07,False,4.0,9.0,14.0,0.0,0.0,3.0,0.0,0.0,,,,4499915.920000001,4502301.120000001,1910981.25,0.0,0.0,8.0,False,0.2857142857142857,0.5714285714285714,0.1428571428571428,12.0,,,True,True,True,True,False,False,531132.65,3.0,3.0,531132.65,0.0,0.0,531132.65,2025-10,True,1,0.939194654804155,10
2000055856,2025-08,False,1.0,8.0,15.0,0.0,0.0,3.0,0.0,0.0,,,,3862922.170000001,4860832.120000001,1910981.25,0.0,0.0,11.0,False,0.2666666666666666,0.6,0.1333333333333333,13.0,,,True,True,True,True,False,False,717062.01,2.0,2.0,717062.01,0.0,0.0,717062.01,2025-11,True,1,0.9571771166515651,10
2000055856,2025-09,False,2.0,7.0,14.0,0.0,0.0,3.0,0.0,0.0,,,,889666.830000001,5389579.6000000015,1910981.25,0.0,0.0,7.0,False,0.3571428571428571,0.5714285714285714,0.0714285714285714,13.0,,,True,True,True,True,False,False,717062.0,1.0,1.0,717062.0,0.0,0.0,717062.0,2025-12,True,1,0.9348623422429908,10
2000055856,2025-11,False,0.0,3.0,11.0,0.0,0.0,3.0,0.0,0.0,,,,531132.6500000011,4394054.820000001,1910981.25,0.0,0.0,45.0,False,0.4545454545454545,0.5454545454545454,0.0,11.0,,,True,True,True,True,False,False,9.42,3.0,2.0,7.36,0.0,0.0,9.42,2026-02,True,0,0.9401331627869615,10
2000056115,2025-04,False,0.0,0.0,0.0,0.0,0.0,0.0,0.0,0.0,,,,0.0,0.0,0.0,0.0,0.0,,False,,,,0.0,,,True,True,True,True,True,True,0.0,0.0,0.0,0.0,0.0,0.0,0.0,2025-07,True,0,0.01581855837460036,3
2000059045,2025-01,False,4.0,21.0,49.0,0.0,0.0,3.0,0.0,0.0,,,,27419.94,52510.64,15093.82,0.0,0.0,2.0,False,0.6326530612244898,0.3673469387755102,0.0,49.0,,,True,True,True,True,False,False,3905.6200000000003,9.0,8.0,3880.1400000000003,124243.0,124243.0,0.031435079359969094,2025-04,True,0,0.5402914764084429,7
2000059045,2025-02,False,4.0,12.0,45.0,1.0,1.0,4.0,0.0,0.0,,,,9900.58,48705.689999999995,15093.82,0.0,0.0,3.0,True,0.6222222222222222,0.3777777777777777,0.0,45.0,,,True,True,True,True,False,False,5479.74,13.0,13.0,5479.74,120686.0,120686.0,0.04540455890029581,2025-05,True,0,0.3358238359578118,6
2000059045,2025-03,False,4.0,12.0,31.0,1.0,1.0,4.0,25902.0,25902.0,0.000463284688441,3.860705737008725e-05,0.1963817465832754,5086.68,42904.13,15093.82,0.0,0.0,11.0,True,0.6129032258064516,0.3870967741935484,0.0,31.0,,,False,False,False,False,False,False,5509.57,16.0,16.0,5509.57,94695.0,94695.0,0.05818165498014699,2025-06,True,0,0.04446345623943422,3
2000059045,2025-04,False,1.0,9.0,30.0,1.0,1.0,4.0,64096.0,64096.0,0.0001404143784323,1.560159760359461e-05,0.0233123751872191,1494.23,28914.17,5909.04,0.0,0.0,13.0,True,0.6,0.4,0.0,30.0,,,False,False,False,False,False,False,3278.63,16.0,16.0,3278.63,45142.0,45142.0,0.07262764991250029,2025-07,True,0,0.04931934942964229,3
2000059045,2025-05,False,4.0,9.0,21.0,0.0,1.0,4.0,124243.0,124243.0,7.243868869875968e-05,0.0,0.0314353323728499,3905.62,13806.2,4723.45,0.0,0.0,13.0,False,0.5238095238095238,0.4761904761904761,0.0,21.0,,,False,False,False,False,False,False,2010.3,9.0,9.0,2010.3,31289.0,31289.0,0.06424736337488016,2025-08,True,0,0.0788502706701687,3
2000059045,2025-06,False,8.0,13.0,25.0,0.0,1.0,4.0,120686.0,146588.0,0.0001077175480171,0.0,0.0454049351208922,5479.74,10566.420000000002,4077.54,0.0,0.0,3.0,False,0.36,0.64,0.0,25.0,-0.0003555671404238,-3.860705737008725e-05,False,False,False,False,False,False,1139.83,8.0,8.0,1139.83,38301.0,38301.0,0.02975902041668842,2025-09,True,0,0.058858216900399385,3
2000059045,2025-07,False,4.0,16.0,25.0,0.0,1.0,4.0,94695.0,158791.0,0.0001689635144411,0.0,0.0581822693912033,5509.57,7003.8,2160.03,0.0,0.0,5.0,False,0.32,0.68,0.0,25.0,2.8549136008748887e-05,-1.560159760359461e-05,False,False,False,False,False,False,1544.27,6.0,6.0,1544.27,29662.0,29662.0,0.05206047938509254,2025-10,True,0,0.06399072954036346,3
2000059045,2025-08,False,4.0,16.0,25.0,0.0,0.0,3.0,45142.0,169385.0,0.0003544371095653,0.0,0.0726292587833946,3278.63,7184.25,2160.03,0.0,0.0,3.0,False,0.28,0.72,0.0,25.0,0.0002819984208666,0.0,False,False,False,False,False,False,966.58,5.0,5.0,966.58,28730.0,28730.0,0.03364240715603355,2025-11,True,0,0.0725486028699092,3
2000059045,2025-09,False,1.0,9.0,22.0,0.0,0.0,3.0,31289.0,151975.0,0.000287641024002,0.0,0.0642494167279235,2010.3,7490.040000000001,2160.03,0.0,0.0,26.0,False,0.3181818181818182,0.6818181818181818,0.0,22.0,0.0001799234759848,0.0,False,False,False,False,False,False,1124.8899999999999,6.0,6.0,1124.8899999999999,10691.0,10691.0,0.10520856715301159,2025-12,True,0,0.09134598404536941,4
2000059045,2025-10,False,3.0,8.0,24.0,0.0,0.0,3.0,38301.0,132996.0,0.0002088718310226,0.0,0.0297597973943239,1139.83,6649.400000000001,2160.03,0.0,0.0,12.0,False,0.2916666666666667,0.7083333333333334,0.0,24.0,3.990831658158832e-05,0.0,False,False,False,False,False,False,421.66999999999996,4.0,4.0,421.66999999999996,8813.0,8813.0,0.047840934876333105,2026-01,True,0,0.0761629570106619,3
2000059045,2025-11,False,2.0,6.0,22.0,0.0,0.0,3.0,29662.0,74804.0,0.0002022790101813,0.0,0.0520622345087991,1544.27,4822.900000000001,1348.5,0.0,0.0,10.0,False,0.2272727272727272,0.7727272727272727,0.0,22.0,-0.0001521580993839,0.0,False,False,False,False,False,False,421.66999999999996,4.0,4.0,421.66999999999996,1283.0,1283.0,0.3284034267912772,2026-02,True,0,0.10275102307077187,4
2000061556,2025-04,False,0.0,0.0,0.0,0.0,0.0,0.0,0.0,0.0,,,,0.0,0.0,0.0,0.0,0.0,,False,,,,0.0,,,True,True,True,True,True,True,0.0,0.0,0.0,0.0,204.0,204.0,0.0,2025-07,True,0,0.01581855837460036,3
2000061556,2025-05,False,0.0,0.0,0.0,0.0,0.0,0.0,-2180.0,-2180.0,,,,0.0,0.0,0.0,0.0,0.0,,False,,,,0.0,,,True,True,True,True,True,True,0.0,0.0,0.0,0.0,0.0,0.0,0.0,2025-08,True,0,0.05169697746606213,3
2000067889,2025-02,False,0.0,0.0,0.0,0.0,0.0,0.0,0.0,0.0,,,,0.0,0.0,0.0,0.0,0.0,,False,,,,0.0,,,True,True,True,True,True,True,0.0,0.0,0.0,0.0,1828.0,1828.0,0.0,2025-05,True,0,0.01581855837460036,3
2000067889,2025-03,False,0.0,0.0,0.0,0.0,0.0,0.0,41.0,41.0,0.0,0.0,0.0,0.0,0.0,0.0,0.0,0.0,,False,,,,0.0,,,False,False,False,False,True,True,0.0,0.0,0.0,0.0,1792.0,1792.0,0.0,2025-06,True,0,0.005813578148044366,1
2000067889,2025-04,False,0.0,0.0,0.0,0.0,0.0,0.0,793.0,793.0,0.0,0.0,0.0,0.0,0.0,0.0,0.0,0.0,,False,,,,0.0,,,False,False,False,False,True,True,0.0,0.0,0.0,0.0,1790.0,1790.0,0.0,2025-07,True,0,0.003652349616832557,1
2000067889,2025-05,False,0.0,0.0,0.0,0.0,0.0,0.0,1153.0,1153.0,0.0,0.0,0.0,0.0,0.0,0.0,0.0,0.0,,False,,,,0.0,,,False,False,False,False,True,True,0.0,0.0,0.0,0.0,1432.0,1432.0,0.0,2025-08,True,0,0.003442429046034094,1
2000067889,2025-06,False,0.0,0.0,0.0,0.0,0.0,0.0,1828.0,1869.0,0.0,0.0,0.0,0.0,0.0,0.0,0.0,0.0,,False,,,,0.0,0.0,0.0,False,False,False,False,True,True,0.0,0.0,0.0,0.0,1430.0,1430.0,0.0,2025-09,True,0,0.003194932540000955,1
2000067889,2025-07,False,0.0,0.0,0.0,0.0,0.0,0.0,1792.0,2585.0,0.0,0.0,0.0,0.0,0.0,0.0,0.0,0.0,,False,,,,0.0,0.0,0.0,False,False,False,False,True,True,0.0,0.0,0.0,0.0,1400.0,1400.0,0.0,2025-10,True,0,0.0031351872960050553,1
2000067889,2025-08,False,0.0,0.0,0.0,0.0,0.0,0.0,1790.0,2943.0,0.0,0.0,0.0,0.0,0.0,0.0,0.0,0.0,,False,,,,0.0,0.0,0.0,False,False,False,False,True,True,0.0,0.0,0.0,0.0,1042.0,1042.0,0.0,2025-11,True,0,0.003109598393819134,1
2000067889,2025-09,False,0.0,0.0,0.0,0.0,0.0,0.0,1432.0,3260.0,0.0,0.0,0.0,0.0,0.0,0.0,0.0,0.0,,False,,,,0.0,0.0,0.0,False,False,False,False,True,True,0.0,0.0,0.0,0.0,328.0,328.0,0.0,2025-12,True,0,0.0031550005837581874,1
2000067889,2025-10,False,0.0,0.0,0.0,0.0,0.0,0.0,1430.0,3222.0,0.0,0.0,0.0,0.0,0.0,0.0,0.0,0.0,,False,,,,0.0,0.0,0.0,False,False,False,False,True,True,0.0,0.0,0.0,0.0,0.0,0.0,0.0,2026-01,True,0,0.003157785004221532,1
2000071093,2025-05,False,0.0,0.0,0.0,0.0,0.0,0.0,0.0,0.0,,,,0.0,0.0,0.0,0.0,0.0,,False,,,,0.0,,,True,True,True,True,True,True,0.0,0.0,0.0,0.0,0.0,0.0,0.0,2025-08,True,0,0.01581855837460036,3
2000071463,2025-03,False,0.0,0.0,1.0,0.0,0.0,3.0,0.0,0.0,,,,0.0,0.0,0.0,0.0,0.0,159.0,False,0.0,1.0,0.0,1.0,,,True,True,True,True,False,False,0.0,0.0,0.0,0.0,0.0,-36256.0,0.0,2025-06,True,0,0.14932213946178582,4
2000071463,2025-05,False,0.0,0.0,0.0,0.0,0.0,0.0,0.0,0.0,,,,0.0,0.0,0.0,0.0,0.0,220.0,False,,,,0.0,,,True,True,True,True,False,True,0.0,0.0,0.0,0.0,0.0,0.0,0.0,2025-08,True,0,0.20003108120085475,5
2000071463,2025-09,False,0.0,0.0,0.0,0.0,0.0,0.0,0.0,-36256.0,,,,0.0,0.0,0.0,0.0,0.0,343.0,False,,,,0.0,,,True,True,True,True,False,True,0.0,0.0,0.0,0.0,33345.0,33345.0,0.0,2025-12,True,0,0.3075349351142272,6
2000071463,2025-10,False,0.0,0.0,0.0,0.0,0.0,0.0,117879.7,81623.7,0.0,0.0,0.0,0.0,0.0,0.0,0.0,0.0,373.0,False,,,,0.0,,,False,False,False,False,False,True,0.0,0.0,0.0,0.0,0.0,0.0,0.0,2026-01,True,0,0.022895387926606985,3
2000072566,2025-01,False,11.0,27.0,43.0,0.0,0.0,3.0,0.0,0.0,,,,433681.04,632918.08,110665.84,0.0,0.0,21.0,False,0.9069767441860463,0.0930232558139534,0.0,43.0,,,True,True,True,True,False,False,34598.399999999994,20.0,17.0,22149.3,1705.0,1705.0,20.280422039859317,2025-04,True,0,0.49892546025492923,7
2000072566,2025-02,False,3.0,18.0,38.0,0.0,0.0,3.0,0.0,0.0,,,,78923.87999999999,568044.57,110665.84,0.0,0.0,1.0,False,0.868421052631579,0.131578947368421,0.0,38.0,,,True,True,True,True,False,False,28415.15,17.0,16.0,23552.47,1464.0,1464.0,19.396006825938567,2025-05,True,0,0.7406709750540271,9
2000072566,2025-03,False,8.0,22.0,40.0,0.0,0.0,3.0,318.0,318.0,0.0691823899371069,0.0,279.4951572327044,88879.45999999999,461991.68,84290.24,0.0,0.0,1.0,False,0.825,0.175,0.0,40.0,,,False,False,False,False,False,False,20862.43,14.0,14.0,20862.43,4380.0,4380.0,4.762024651905958,2025-06,True,0,0.6010891233518507,8
2000072566,2025-04,False,6.0,17.0,44.0,0.0,0.0,3.0,918.0,918.0,0.0185185185185185,0.0,39.920947712418304,36647.43,470328.47,84290.24,0.0,0.0,26.0,False,0.8636363636363636,0.1363636363636363,0.0,44.0,,,False,False,False,False,False,False,14023.6,10.0,10.0,14023.6,4819.0,4819.0,2.9094605809128633,2025-07,True,0,0.34948493594365,6
2000072566,2025-05,False,6.0,20.0,38.0,0.0,0.0,3.0,1705.0,1705.0,0.0117302052785923,0.0,20.29231671554252,34598.399999999994,113522.28,19450.72,0.0,0.0,2.0,False,0.8157894736842105,0.1842105263157894,0.0,38.0,,,False,False,False,False,False,False,17904.41,9.0,8.0,11915.16,4846.0,4846.0,3.693915824221168,2025-08,True,0,0.3145595991904797,6
2000072566,2025-06,False,5.0,17.0,39.0,0.0,0.0,3.0,1464.0,1782.0,0.0116120218579234,0.0,19.40925546448087,28415.15,117294.61,19450.72,0.0,0.0,3.0,False,0.7948717948717948,0.2051282051282051,0.0,39.0,-0.0575703680791834,0.0,False,False,False,False,False,False,15667.92,8.0,6.0,9139.29,6037.0,6037.0,2.594885723749586,2025-09,True,0,0.34010207226131284,6
2000072566,2025-07,False,3.0,14.0,31.0,0.0,0.0,3.0,4380.0,5298.0,0.0031963470319634,0.0,4.763111872146118,20862.429999999997,57509.86,13833.23,0.0,0.0,7.0,False,0.8064516129032258,0.1935483870967742,0.0,31.0,-0.015322171486555,0.0,False,False,False,False,False,False,13637.61,11.0,9.0,7108.98,5003.0,5003.0,2.725341726618705,2025-10,True,0,0.23537519931255932,5
2000072566,2025-08,False,2.0,10.0,30.0,0.0,0.0,3.0,4819.0,6524.0,0.0020751193193608,0.0,2.9100643286989003,14023.6,48622.0,5989.25,0.0,0.0,21.0,False,0.8,0.2,0.0,30.0,-0.0096550859592315,0.0,False,False,False,False,False,False,21890.15,11.0,10.0,21350.77,5102.0,5102.0,4.289662943366648,2025-11,True,0,0.20260727126092376,5
2000072566,2025-09,False,4.0,9.0,26.0,0.0,0.0,3.0,4846.0,6310.0,0.0018572018159306,0.0,3.6946780850185728,17904.410000000003,46319.56,5989.25,0.0,0.0,7.0,False,0.8461538461538461,0.1538461538461538,0.0,26.0,-0.0097548200419928,0.0,False,False,False,False,False,False,34163.229999999996,14.0,14.0,34163.229999999996,445.0,445.0,76.59917040358744,2025-12,True,0,0.21915041651657124,5
2000072566,2025-10,False,2.0,8.0,22.0,0.0,0.0,3.0,6037.0,10417.0,0.0013251615040583,0.0,2.595315554083154,15667.92,36530.35,5989.25,0.0,0.0,12.0,False,0.7727272727272727,0.2272727272727272,0.0,22.0,-0.0018711855279051,0.0,False,False,False,False,False,False,40088.68,14.0,14.0,40088.68,253.0,253.0,157.82944881889765,2026-01,True,0,0.2264297464283345,5
2000072566,2025-11,False,5.0,11.0,21.0,0.0,0.0,3.0,5003.0,9822.0,0.002198680791525,0.0,2.725886468119129,13637.61,27661.21,5989.25,0.0,0.0,10.0,False,0.7619047619047619,0.238095238095238,0.0,21.0,0.0001235614721642,0.0,False,False,False,False,False,False,22900.22,10.0,10.0,22900.22,50.0,50.0,449.0239215686275,2026-02,True,1,0.1569009069648547,4
2000073976,2025-01,False,1.0,3.0,21.0,0.0,0.0,3.0,0.0,0.0,,,,1698.41,7404.24,1063.92,0.0,0.0,19.0,False,0.8571428571428571,0.0952380952380952,0.0476190476190476,20.0,,,True,True,True,True,False,False,8319.720000000001,5.0,4.0,3832.7200000000003,754.0,754.0,11.019496688741723,2025-04,True,0,0.5847952165839443,8
2000073976,2025-02,False,1.0,3.0,20.0,0.0,0.0,3.0,0.0,0.0,,,,1572.24,6925.579999999999,1063.92,0.0,0.0,22.0,False,0.8,0.15,0.05,19.0,,,True,True,True,True,False,False,2127.84,1.0,1.0,2127.84,1708.0,1708.0,1.2450789935634876,2025-05,True,0,0.5792243537222097,8
2000073976,2025-03,False,5.0,7.0,15.0,0.0,0.0,3.0,3.0,3.0,2.3333333333333335,0.0,2942.6800000000003,8828.04,12388.5,4487.0,0.0,0.0,4.0,False,0.5333333333333333,0.4666666666666667,0.0,15.0,,,False,False,False,False,False,False,34533.58,5.0,5.0,34533.58,20061.0,20061.0,1.7213428372046655,2025-06,True,0,0.7138958494921289,9
2000073976,2025-04,False,0.0,6.0,9.0,0.0,0.0,3.0,12.0,12.0,0.5,0.0,720.0183333333334,8640.220000000001,10338.63,4487.0,0.0,0.0,35.0,False,0.2222222222222222,0.7777777777777778,0.0,9.0,,,False,False,False,False,False,False,34533.58,5.0,5.0,34533.58,19321.0,19321.0,1.7872673636269538,2025-07,True,0,0.7589782843528318,9
2000073976,2025-05,False,0.0,5.0,8.0,0.0,0.0,3.0,754.0,754.0,0.006631299734748,0.0,11.034111405835546,8319.720000000001,9891.96,4487.0,0.0,0.0,65.0,False,0.25,0.75,0.0,8.0,,,False,False,False,False,False,False,33206.99,5.0,5.0,33206.99,18364.0,18364.0,1.8081671658045193,2025-08,True,0,0.41221336089775695,6
2000073976,2025-06,False,1.0,1.0,8.0,0.0,0.0,3.0,1708.0,1711.0,0.0005854800936768,0.0,1.2458079625292742,2127.84,10955.88,4487.0,0.0,0.0,5.0,False,0.25,0.75,0.0,8.0,-2.3327478532396566,0.0,False,False,False,False,False,False,801.25,1.0,1.0,801.25,2.0,2.0,267.0833333333333,2025-09,True,1,0.6701283890637665,8
2000073976,2025-07,False,4.0,5.0,11.0,0.0,0.0,3.0,20061.0,20073.0,0.0002492398185534,0.0,1.7214286426399483,34533.58,43173.8,16677.14,0.0,0.0,7.0,False,0.5454545454545454,0.4545454545454545,0.0,11.0,-0.4997507601814466,0.0,False,False,False,False,False,False,801.25,1.0,1.0,801.25,0.0,0.0,801.25,2025-10,True,1,0.32189292190608526,6
2000073976,2025-08,False,0.0,5.0,10.0,0.0,0.0,3.0,19321.0,20075.0,0.0002587857771336,0.0,1.7873598675016822,34533.58,42853.3,16677.14,0.0,0.0,38.0,False,0.6,0.4,0.0,10.0,-0.0063725139576143,0.0,False,False,False,False,False,False,0.0,0.0,0.0,0.0,0.0,0.0,0.0,2025-11,True,0,0.3397159970985317,6
2000077242,2025-05,False,0.0,0.0,0.0,0.0,0.0,0.0,0.0,0.0,,,,0.0,0.0,0.0,0.0,0.0,,False,,,,0.0,,,True,True,True,True,True,True,0.0,0.0,0.0,0.0,0.0,0.0,0.0,2025-08,True,0,0.01581855837460036,3
2000077242,2025-08,False,0.0,0.0,0.0,0.0,0.0,0.0,0.0,0.0,,,,0.0,0.0,0.0,0.0,0.0,,False,,,,0.0,,,True,True,True,True,True,True,0.0,0.0,0.0,0.0,0.0,0.0,0.0,2025-11,True,0,0.01581855837460036,3
2000077242,2025-09,False,0.0,0.0,0.0,0.0,0.0,0.0,0.0,0.0,,,,0.0,0.0,0.0,0.0,0.0,,False,,,,0.0,,,True,True,True,True,True,True,0.0,0.0,0.0,0.0,0.0,0.0,0.0,2025-12,True,0,0.01581855837460036,3
2000077594,2025-02,False,0.0,2.0,5.0,0.0,0.0,3.0,0.0,0.0,,,,16526.43,24458.39,13816.0,0.0,0.0,59.0,False,0.4,0.6,0.0,5.0,,,True,True,True,True,False,False,2511.1,1.0,1.0,2511.1,245.0,245.0,10.207723577235772,2025-05,True,0,0.7791993622340411,9
2000077594,2025-03,False,1.0,2.0,6.0,0.0,0.0,3.0,40.0,40.0,0.05,0.0,130.53825,5221.53,26969.49,13816.0,0.0,0.0,24.0,False,0.3333333333333333,0.6666666666666666,0.0,6.0,,,False,False,False,False,False,False,0.0,0.0,0.0,0.0,229.0,229.0,0.0,2025-06,True,0,0.7437177743933877,9
2000077594,2025-04,False,1.0,2.0,6.0,0.0,0.0,3.0,124.0,124.0,0.0161290322580645,0.0,40.501612903225805,5022.2,26770.16,13816.0,0.0,0.0,11.0,False,0.5,0.5,0.0,6.0,,,False,False,False,False,False,False,0.0,0.0,0.0,0.0,269.0,269.0,0.0,2025-07,True,0,0.6819136028946478,8
2000077594,2025-05,False,0.0,2.0,4.0,0.0,0.0,3.0,193.0,193.0,0.0103626943005181,0.0,26.02176165803109,5022.2,21548.63,13816.0,0.0,0.0,41.0,False,0.5,0.5,0.0,4.0,,,False,False,False,False,False,False,0.0,0.0,0.0,0.0,239.0,239.0,0.0,2025-08,True,0,0.6517612960850204,8
2000077594,2025-06,False,0.0,1.0,3.0,0.0,0.0,3.0,245.0,285.0,0.0040816326530612,0.0,10.24938775510204,2511.1,7732.629999999999,2710.43,0.0,0.0,72.0,False,0.6666666666666666,0.3333333333333333,0.0,3.0,-0.0459183673469387,0.0,False,False,False,False,False,False,0.0,0.0,0.0,0.0,281.0,281.0,0.0,2025-09,True,0,0.5229747079534217,7
2000077594,2025-07,False,0.0,0.0,2.0,0.0,0.0,3.0,229.0,353.0,0.0,0.0,0.0,0.0,5022.199999999999,2511.1,0.0,0.0,102.0,False,0.5,0.5,0.0,2.0,-0.0161290322580645,0.0,False,False,False,False,False,False,8131.289999999999,2.0,2.0,8131.289999999999,340.0,340.0,23.845425219941347,2025-10,True,0,0.2544055446949845,5
2000077594,2025-08,False,0.0,0.0,2.0,0.0,0.0,3.0,269.0,462.0,0.0,0.0,0.0,0.0,5022.199999999999,2511.1,0.0,0.0,133.0,False,0.5,0.5,0.0,2.0,-0.0103626943005181,0.0,False,False,False,False,False,False,8131.289999999999,2.0,2.0,8131.289999999999,348.0,348.0,23.29882521489971,2025-11,True,0,0.23661935386235705,5
2000077594,2025-09,False,0.0,0.0,1.0,0.0,0.0,3.0,239.0,484.0,0.0,0.0,0.0,0.0,2511.1,2511.1,0.0,0.0,164.0,False,1.0,0.0,0.0,1.0,-0.0040816326530612,0.0,False,False,False,False,False,False,10841.72,3.0,3.0,10841.72,430.0,430.0,25.154802784222735,2025-12,True,0,0.19334827182784878,5
2000077594,2025-10,False,0.0,0.0,0.0,0.0,0.0,0.0,281.0,510.0,0.0,0.0,0.0,0.0,0.0,0.0,0.0,0.0,194.0,False,,,,0.0,0.0,0.0,False,False,False,False,False,True,2710.43,1.0,1.0,2710.43,262.0,262.0,10.305817490494295,2026-01,True,0,0.062388369236552416,3
2000077594,2025-11,False,2.0,2.0,2.0,0.0,0.0,3.0,340.0,609.0,0.0058823529411764,0.0,23.91555882352941,8131.289999999999,8131.289999999999,5420.86,0.0,0.0,3.0,False,1.0,0.0,0.0,2.0,0.0058823529411764,0.0,False,False,False,False,False,False,10841.72,2.0,2.0,10841.72,192.0,192.0,56.174715025906735,2026-02,True,0,0.5549922894862517,7
2000081442,2025-01,False,0.0,0.0,2.0,0.0,0.0,3.0,0.0,0.0,,,,0.0,6630.320000000001,3672.19,0.0,0.0,118.0,False,0.5,0.5,0.0,2.0,,,True,True,True,True,False,False,3672.19,1.0,1.0,3672.19,34860.0,34860.0,0.10533805685436448,2025-04,True,0,0.566319057764392,8
2000081442,2025-02,False,2.0,2.0,3.0,0.0,0.0,3.0,0.0,0.0,,,,7344.38,11016.57,3672.19,0.0,0.0,26.0,False,0.0,1.0,0.0,3.0,,,True,True,True,True,False,False,18360.95,2.0,2.0,18360.95,34211.0,34211.0,0.5366815737168246,2025-05,True,0,0.6754213892379975,8
2000081442,2025-03,False,0.0,2.0,3.0,0.0,0.0,3.0,649.0,649.0,0.0030816640986132,0.0,11.316456086286594,7344.38,11016.57,3672.19,0.0,0.0,54.0,False,0.0,1.0,0.0,3.0,,,False,False,False,False,False,False,18360.95,2.0,2.0,18360.95,33849.0,33849.0,0.5424209748892171,2025-06,True,0,0.5430322178472073,7
2000081442,2025-04,False,1.0,3.0,3.0,0.0,0.0,3.0,1011.0,1011.0,0.0029673590504451,0.0,10.896706231454006,11016.57,11016.57,3672.19,0.0,0.0,20.0,False,0.3333333333333333,0.6666666666666666,0.0,3.0,,,False,False,False,False,False,False,18360.95,2.0,2.0,18360.95,92.0,92.0,197.42956989247313,2025-07,True,0,0.4506891049161927,7
2000081442,2025-05,False,0.0,1.0,3.0,0.0,0.0,3.0,34860.0,34860.0,2.868617326448652e-05,0.0,0.1053410786001147,3672.19,11016.57,3672.19,0.0,0.0,50.0,False,0.3333333333333333,0.6666666666666666,0.0,3.0,,,False,False,False,False,False,False,3672.19,1.0,1.0,3672.19,92.0,92.0,39.48591397849462,2025-08,True,0,0.28433148265577557,5
2000081442,2025-06,False,1.0,2.0,4.0,0.0,0.0,3.0,34211.0,34860.0,5.84607290052907e-05,0.0,0.5366972611148462,18360.95,25705.33,14688.76,0.0,0.0,12.0,False,0.5,0.5,0.0,4.0,-0.0030232033696079,0.0,False,False,False,False,False,False,3672.19,1.0,1.0,3672.19,92.0,92.0,39.48591397849462,2025-09,True,0,0.33496829415605334,6
2000081442,2025-07,False,1.0,2.0,5.0,0.0,0.0,3.0,33849.0,34860.0,5.908594050045792e-05,0.0,0.5424369996159414,18360.95,29377.52,14688.76,0.0,0.0,6.0,False,0.6,0.4,0.0,5.0,-0.0029082731099446,0.0,False,False,False,False,False,False,11016.57,3.0,3.0,11016.57,0.0,0.0,11016.57,2025-10,True,1,0.36290791653171267,6
2000081442,2025-09,False,0.0,1.0,3.0,0.0,0.0,3.0,92.0,34303.0,0.0108695652173913,0.0,39.91510869565217,3672.19,22033.14,14688.76,0.0,0.0,68.0,False,1.0,0.0,0.0,3.0,0.010811104488386,0.0,False,False,False,False,False,False,11016.57,3.0,3.0,11016.57,0.0,0.0,11016.57,2025-12,True,1,0.5971653458527697,8
2000081442,2025-10,False,1.0,1.0,3.0,0.0,0.0,3.0,92.0,33941.0,0.0108695652173913,0.0,39.91510869565217,3672.19,22033.14,14688.76,0.0,0.0,22.0,False,1.0,0.0,0.0,3.0,0.0108104792768908,0.0,False,False,False,False,False,False,6630.32,2.0,1.0,3672.19,0.0,0.0,6630.32,2026-01,True,1,0.5800543428126638,8
2000081442,2025-11,False,2.0,3.0,5.0,0.0,0.0,3.0,0.0,92.0,,,,11016.57,29377.52,14688.76,0.0,0.0,17.0,False,1.0,0.0,0.0,5.0,,,True,True,True,True,False,False,2958.13,1.0,0.0,0.0,0.0,0.0,2958.13,2026-02,True,1,0.6023541253404119,8
2000082994,2025-03,False,0.0,0.0,0.0,0.0,0.0,0.0,0.0,0.0,,,,0.0,0.0,0.0,0.0,0.0,,False,,,,0.0,,,True,True,True,True,True,True,0.0,0.0,0.0,0.0,0.0,0.0,0.0,2025-06,True,0,0.01581855837460036,3
2000082994,2025-06,False,0.0,0.0,0.0,0.0,0.0,0.0,0.0,0.0,,,,0.0,0.0,0.0,0.0,0.0,,False,,,,0.0,,,True,True,True,True,True,True,0.0,0.0,0.0,0.0,0.0,0.0,0.0,2025-09,True,0,0.01581855837460036,3
2000082994,2025-10,False,0.0,0.0,0.0,0.0,0.0,0.0,0.0,0.0,,,,0.0,0.0,0.0,0.0,0.0,,False,,,,0.0,,,True,True,True,True,True,True,0.0,0.0,0.0,0.0,0.0,0.0,0.0,2026-01,True,0,0.01581855837460036,3
2000083539,2025-07,False,0.0,0.0,0.0,0.0,0.0,0.0,0.0,0.0,,,,0.0,0.0,0.0,0.0,0.0,,False,,,,0.0,,,True,True,True,True,True,True,0.0,0.0,0.0,0.0,0.0,0.0,0.0,2025-10,True,0,0.01581855837460036,3
2000085734,2025-08,False,0.0,0.0,0.0,0.0,0.0,0.0,0.0,0.0,,,,0.0,0.0,0.0,0.0,0.0,655.0,False,,,,0.0,,,True,True,True,True,False,True,32.88,2.0,0.0,0.0,0.0,0.0,32.88,2025-11,True,0,0.16363187797678524,4
2000085734,2025-10,False,0.0,1.0,1.0,0.0,0.0,3.0,0.0,0.0,,,,16.44,16.44,16.44,0.0,0.0,34.0,False,1.0,0.0,0.0,1.0,,,True,True,True,True,False,False,0.0,0.0,0.0,0.0,0.0,0.0,0.0,2026-01,True,0,0.2695651505477232,5
2000087614,2025-02,False,0.0,0.0,3.0,0.0,0.0,3.0,0.0,0.0,,,,0.0,439.15,280.54,0.0,0.0,135.0,False,0.3333333333333333,0.6666666666666666,0.0,3.0,,,True,True,True,True,False,False,7.8,2.0,0.0,0.0,402.0,402.0,0.01935483870967742,2025-05,True,0,0.40422353594909,6
2000087614,2025-04,False,0.0,1.0,1.0,0.0,0.0,2.0,30.0,30.0,0.0333333333333333,0.0,15.476666666666665,464.2999999999999,464.3,464.3,0.0,0.0,35.0,False,1.0,0.0,0.0,1.0,,,False,False,False,False,False,False,148.07000000000002,3.0,1.0,140.27,78.0,78.0,1.8743037974683547,2025-07,True,0,0.4577189407856336,7
2000087614,2025-05,False,0.0,1.0,1.0,0.0,0.0,2.0,432.0,432.0,0.0023148148148148,0.0,1.0747685185185183,464.2999999999999,464.3,464.3,0.0,0.0,65.0,False,1.0,0.0,0.0,1.0,,,False,False,False,False,False,False,158.06,2.0,2.0,158.06,1477.0,1477.0,0.10694181326116374,2025-08,True,0,0.23782151082132802,5
2000087614,2025-06,False,2.0,2.0,3.0,0.0,0.0,3.0,402.0,432.0,0.0049751243781094,0.0,0.0194029850746267,7.799999999999943,472.1,464.3,0.0,0.0,5.0,False,0.3333333333333333,0.6666666666666666,0.0,3.0,-0.0283582089552238,0.0,False,False,False,False,False,False,183.54,3.0,2.0,158.06,3097.0,3097.0,0.05924467398321497,2025-09,True,0,0.14202396465862738,4
2000087614,2025-07,False,0.0,2.0,3.0,0.0,0.0,3.0,469.0,499.0,0.0042643923240938,0.0,0.0166311300639657,7.799999999999943,472.1,464.3,0.0,0.0,35.0,False,0.3333333333333333,0.6666666666666666,0.0,3.0,-0.0290689410092395,0.0,False,False,False,False,False,False,120.6,4.0,3.0,95.12,4678.0,4678.0,0.02577473819192135,2025-10,True,0,0.15179799537529318,4
2000087614,2025-08,False,1.0,3.0,4.0,0.0,0.0,3.0,78.0,510.0,0.0384615384615384,0.0,1.898333333333333,148.06999999999996,612.37,464.3,0.0,0.0,25.0,False,0.5,0.5,0.0,4.0,0.0361467236467236,0.0,False,False,False,False,False,False,102.81,3.0,2.0,77.33,3279.0,3279.0,0.03134451219512195,2025-11,True,0,0.18594617317751705,5
2000087614,2025-09,False,1.0,2.0,4.0,0.0,0.0,3.0,1477.0,1879.0,0.0013540961408259,0.0,0.1070142180094786,158.05999999999997,165.86,140.27,0.0,0.0,26.0,False,0.25,0.75,0.0,4.0,-0.0036210282372834,0.0,False,False,False,False,False,False,77.33,2.0,2.0,77.33,3136.0,3136.0,0.024650940388906598,2025-12,True,0,0.10885530108435833,4
2000087614,2025-10,False,1.0,3.0,5.0,0.0,0.0,3.0,3097.0,3566.0,0.0009686793671294,0.0,0.0592638036809815,183.53999999999996,191.34000000000003,140.27,0.0,0.0,8.0,False,0.2,0.8,0.0,5.0,-0.0032957129569643,0.0,False,False,False,False,False,False,0.0,0.0,0.0,0.0,3131.0,3131.0,0.0,2026-01,True,0,0.11082532573863284,4
2000090776,2025-02,False,0.0,0.0,0.0,0.0,0.0,0.0,0.0,0.0,,,,0.0,0.0,0.0,0.0,0.0,,False,,,,0.0,,,True,True,True,True,True,True,0.0,0.0,0.0,0.0,0.0,-0.024,0.0,2025-05,True,0,0.01581855837460036,3
2000090776,2025-05,False,0.0,0.0,0.0,0.0,0.0,0.0,0.0,0.0,,,,0.0,0.0,0.0,0.0,0.0,,False,,,,0.0,,,True,True,True,True,True,True,0.0,0.0,0.0,0.0,9.0,9.0,0.0,2025-08,True,0,0.01581855837460036,3
2000090776,2025-07,False,0.0,0.0,0.0,0.0,0.0,0.0,-0.024,-0.024,,,,0.0,0.0,0.0,0.0,0.0,,False,,,,0.0,,,True,True,True,True,True,True,0.0,0.0,0.0,0.0,9.0,9.0,0.0,2025-10,True,0,0.015877326128078673,3
2000090776,2025-08,False,0.0,0.0,0.0,0.0,0.0,0.0,-0.024,-0.024,,,,0.0,0.0,0.0,0.0,0.0,,False,,,,0.0,,,True,True,True,True,True,True,0.0,0.0,0.0,0.0,0.0,0.0,0.0,2025-11,True,0,0.015877326128078673,3
2000090776,2025-09,False,0.0,0.0,0.0,0.0,0.0,0.0,9.0,8.976,0.0,0.0,0.0,0.0,0.0,0.0,0.0,0.0,,False,,,,0.0,,,False,False,False,False,True,True,0.0,0.0,0.0,0.0,0.0,0.0,0.0,2025-12,True,0,0.0072925968536391795,1
2000090776,2025-10,False,0.0,0.0,0.0,0.0,0.0,0.0,9.0,8.976,0.0,0.0,0.0,0.0,0.0,0.0,0.0,0.0,,False,,,,0.0,,,False,False,False,False,True,True,0.0,0.0,0.0,0.0,0.0,0.0,0.0,2026-01,True,0,0.0072925968536391795,1
2000090818,2025-05,False,0.0,0.0,0.0,0.0,0.0,0.0,0.0,0.0,,,,0.0,0.0,0.0,0.0,0.0,,False,,,,0.0,,,True,True,True,True,True,True,0.0,0.0,0.0,0.0,0.0,0.0,0.0,2025-08,True,0,0.01581855837460036,3
2000104029,2025-05,False,0.0,0.0,0.0,0.0,0.0,0.0,0.0,0.0,,,,0.0,0.0,0.0,0.0,0.0,,False,,,,0.0,,,True,True,True,True,True,True,0.0,0.0,0.0,0.0,0.0,0.0,0.0,2025-08,True,0,0.01581855837460036,3
2000104031,2025-02,False,0.0,0.0,0.0,0.0,0.0,0.0,0.0,0.0,,,,0.0,0.0,0.0,0.0,0.0,,False,,,,0.0,,,True,True,True,True,True,True,0.0,0.0,0.0,0.0,0.0,0.0,0.0,2025-05,True,0,0.01581855837460036,3
2000104031,2025-07,False,0.0,0.0,0.0,0.0,0.0,0.0,0.0,17260.0,,,,0.0,0.0,0.0,0.0,0.0,,False,,,,0.0,,,True,True,True,True,True,True,0.0,0.0,0.0,0.0,1349.0,1349.0,0.0,2025-10,True,0,0.008516680583673055,1
2000104031,2025-08,False,0.0,0.0,0.0,0.0,0.0,0.0,9463.0,26723.0,0.0,0.0,0.0,0.0,0.0,0.0,0.0,0.0,,False,,,,0.0,0.0,0.0,False,False,False,False,True,True,0.0,0.0,0.0,0.0,0.0,0.0,0.0,2025-11,True,0,0.0023072789916291554,1
2000104129,2025-09,False,0.0,0.0,0.0,0.0,0.0,0.0,0.0,0.0,,,,0.0,0.0,0.0,0.0,0.0,,False,,,,0.0,,,True,True,True,True,True,True,133256.80000000002,26.0,9.0,98979.87000000002,0.0,0.0,133256.80000000002,2025-12,True,1,0.01581855837460036,3
2000104129,2025-10,False,2.0,2.0,2.0,0.0,0.0,3.0,0.0,0.0,,,,1475.78,1475.78,824.68,0.0,0.0,11.0,False,0.5,0.5,0.0,2.0,,,True,True,True,True,False,False,65042.0,19.0,5.0,33605.15,0.0,0.0,65042.0,2026-01,True,1,0.5435156222571426,7
2000104129,2025-11,False,8.0,10.0,10.0,0.0,0.0,3.0,0.0,0.0,,,,101519.53,101519.53,95486.85,0.0,0.0,5.0,False,0.5,0.5,0.0,10.0,,,True,True,True,True,False,False,48588.85,9.0,4.0,33249.91,0.0,0.0,48588.85,2026-02,True,1,0.6549280910943901,8
2000107050,2025-02,False,0.0,0.0,0.0,0.0,0.0,0.0,0.0,0.0,,,,0.0,0.0,0.0,0.0,0.0,,False,,,,0.0,,,True,True,True,True,True,True,0.0,0.0,0.0,0.0,12.0,12.0,0.0,2025-05,True,0,0.01581855837460036,3
2000107050,2025-03,False,0.0,0.0,0.0,0.0,0.0,0.0,8.0,8.0,0.0,0.0,0.0,0.0,0.0,0.0,0.0,0.0,,False,,,,0.0,,,False,False,False,False,True,True,0.0,0.0,0.0,0.0,0.0,0.0,0.0,2025-06,True,0,0.007413647150094153,1
2000107050,2025-09,False,0.0,0.0,0.0,0.0,0.0,0.0,0.0,12.0,,,,0.0,0.0,0.0,0.0,0.0,,False,,,,0.0,,,True,True,True,True,True,True,0.0,0.0,0.0,0.0,26.0,26.0,0.0,2025-12,True,0,0.013448486834198891,1
2000107050,2025-10,False,0.0,0.0,0.0,0.0,0.0,0.0,8.0,8.0,0.0,0.0,0.0,0.0,0.0,0.0,0.0,0.0,,False,,,,0.0,,,False,False,False,False,True,True,0.0,0.0,0.0,0.0,16.0,16.0,0.0,2026-01,True,0,0.007413647150094153,1
2000112440,2025-04,False,0.0,0.0,0.0,0.0,0.0,0.0,0.0,0.0,,,,0.0,0.0,0.0,0.0,0.0,,False,,,,0.0,,,True,True,True,True,True,True,0.0,0.0,0.0,0.0,0.0,0.0,0.0,2025-07,True,0,0.01581855837460036,3
2000114038,2025-06,False,0.0,0.0,0.0,0.0,0.0,0.0,0.0,0.0,,,,0.0,0.0,0.0,0.0,0.0,,False,,,,0.0,,,True,True,True,True,True,True,0.0,0.0,0.0,0.0,0.0,0.0,0.0,2025-09,True,0,0.01581855837460036,3
2000119277,2025-08,False,0.0,0.0,0.0,0.0,0.0,0.0,0.0,0.0,,,,0.0,0.0,0.0,0.0,0.0,,False,,,,0.0,,,True,True,True,True,True,True,0.0,0.0,0.0,0.0,0.0,0.0,0.0,2025-11,True,0,0.01581855837460036,3
2000121455,2025-07,False,0.0,0.0,0.0,0.0,0.0,0.0,0.0,0.0,,,,0.0,0.0,0.0,0.0,0.0,,False,,,,0.0,,,True,True,True,True,True,True,0.0,0.0,0.0,0.0,0.0,-10248.0,0.0,2025-10,True,0,0.01581855837460036,3
2000121455,2025-09,False,0.0,0.0,0.0,0.0,0.0,0.0,51645.0,51645.0,0.0,0.0,0.0,0.0,0.0,0.0,0.0,0.0,,False,,,,0.0,,,False,False,False,False,True,True,0.0,0.0,0.0,0.0,0.0,0.0,0.0,2025-12,True,0,0.0018848153590972673,1
2000122483,2025-11,False,0.0,0.0,0.0,0.0,0.0,0.0,0.0,0.0,,,,0.0,0.0,0.0,0.0,0.0,,False,,,,0.0,,,True,True,True,True,True,True,6891.36,1.0,1.0,6891.36,0.0,0.0,6891.36,2026-02,True,1,0.01581855837460036,3
2000122761,2025-10,False,0.0,0.0,0.0,0.0,0.0,0.0,0.0,0.0,,,,0.0,0.0,0.0,0.0,0.0,,False,,,,0.0,,,True,True,True,True,True,True,0.0,0.0,0.0,0.0,633.0,633.0,0.0,2026-01,True,0,0.01581855837460036,3
2000122761,2025-11,False,0.0,0.0,0.0,0.0,0.0,0.0,777.0,777.0,0.0,0.0,0.0,0.0,0.0,0.0,0.0,0.0,,False,,,,0.0,,,False,False,False,False,True,True,0.0,0.0,0.0,0.0,0.0,0.0,0.0,2026-02,True,0,0.0036641377880211523,1
