vendor_id,month,received_qty_101,received_qty_102,received_qty_net,gr_line_count,gr_101_line_count,gr_102_line_count,unique_material_count,unique_purchase_order_count,ncr_event_count,ncr_qty_total,ncr_material_value_total,supplier_responsible_ncr_count,open_ncr_count,closed_ncr_count,has_gr_exposure,has_ncr_event_same_month,internal_supplier_candidate
1000200000,2019-04,0.0,0.0,0.0,0,0,0,0,0,35,49.0,18700.43,6,0,35,False,True,True
1000200000,2019-05,0.0,0.0,0.0,0,0,0,0,0,57,1903.0,67562.7,13,0,57,False,True,True
1000200000,2019-06,0.0,0.0,0.0,0,0,0,0,0,42,181.0,33742.98,15,0,42,False,True,True
1000200000,2019-07,0.0,0.0,0.0,0,0,0,0,0,48,496.0,41961744.51,30,0,48,False,True,True
1000200000,2019-08,0.0,0.0,0.0,0,0,0,0,0,30,49.0,12415826.37,7,0,30,False,True,True
1000200000,2019-09,0.0,0.0,0.0,0,0,0,0,0,29,115.0,1446368.59,9,0,29,False,True,True
1000200000,2019-10,0.0,0.0,0.0,0,0,0,0,0,65,204.0,2520387.6,35,0,65,False,True,True
1000200000,2019-11,0.0,0.0,0.0,0,0,0,0,0,43,57.0,3197282.02,23,0,43,False,True,True
1000200000,2019-12,0.0,0.0,0.0,0,0,0,0,0,47,56.0,7145827.13,28,0,47,False,True,True
1000200000,2020-01,0.0,0.0,0.0,0,0,0,0,0,48,78.0,9027065.129999999,18,0,48,False,True,True
1000200000,2020-02,0.0,0.0,0.0,0,0,0,0,0,53,127.0,6696224.1899999995,30,0,53,False,True,True
1000200000,2020-03,0.0,0.0,0.0,0,0,0,0,0,47,124.0,16862574.97,32,0,47,False,True,True
1000200000,2020-04,0.0,0.0,0.0,0,0,0,0,0,12,14.0,45.55,7,0,12,False,True,True
1000200000,2020-05,0.0,0.0,0.0,0,0,0,0,0,13,14.0,1842.34,7,0,13,False,True,True
1000200000,2020-06,0.0,0.0,0.0,0,0,0,0,0,66,110.0,8950980.72,28,0,66,False,True,True
1000200000,2020-07,0.0,0.0,0.0,0,0,0,0,0,39,44.0,2910154.47,14,0,39,False,True,True
1000200000,2020-08,0.0,0.0,0.0,0,0,0,0,0,62,146.0,7237553.46,31,0,62,False,True,True
1000200000,2020-09,0.0,0.0,0.0,0,0,0,0,0,60,74.0,7175210.86,32,0,60,False,True,True
1000200000,2020-10,0.0,0.0,0.0,0,0,0,0,0,123,473.0,14300511.44,47,0,123,False,True,True
1000200000,2020-11,0.0,0.0,0.0,0,0,0,0,0,68,172.0,12526631.89,46,0,68,False,True,True
1000200000,2020-12,0.0,0.0,0.0,0,0,0,0,0,77,193.0,9650931.84,44,0,76,False,True,True
1000200000,2021-01,0.0,0.0,0.0,0,0,0,0,0,61,169.0,5316189.52,29,0,61,False,True,True
1000200000,2021-02,0.0,0.0,0.0,0,0,0,0,0,85,844.0,8345677.42,45,0,85,False,True,True
1000200000,2021-03,0.0,0.0,0.0,0,0,0,0,0,87,300.0,15362254.18,30,0,87,False,True,True
1000200000,2021-04,0.0,0.0,0.0,0,0,0,0,0,81,164.0,8079999.6899999995,26,0,81,False,True,True
1000200000,2021-05,0.0,0.0,0.0,0,0,0,0,0,67,81.0,6635789.69,16,0,67,False,True,True
1000200000,2021-06,0.0,0.0,0.0,0,0,0,0,0,62,85.0,9145568.7,2,0,62,False,True,True
1000200000,2021-07,0.0,0.0,0.0,0,0,0,0,0,56,97.0,23491222.040000003,15,0,56,False,True,True
1000200000,2021-08,0.0,0.0,0.0,0,0,0,0,0,48,102.0,8448961.98,11,0,48,False,True,True
1000200000,2021-09,0.0,0.0,0.0,0,0,0,0,0,50,64.0,13185566.62,12,0,49,False,True,True
1000200000,2021-10,0.0,0.0,0.0,0,0,0,0,0,34,361.0,4663517.02,6,0,34,False,True,True
1000200000,2021-11,0.0,0.0,0.0,0,0,0,0,0,34,67.0,2512947.4499999997,3,0,34,False,True,True
1000200000,2021-12,0.0,0.0,0.0,0,0,0,0,0,29,112.0,6139744.37,10,0,29,False,True,True
1000200000,2022-01,0.0,0.0,0.0,0,0,0,0,0,18,19.0,2155314.02,7,0,18,False,True,True
1000200000,2022-02,0.0,0.0,0.0,0,0,0,0,0,30,123.0,10206928.79,17,0,30,False,True,True
1000200000,2022-03,0.0,0.0,0.0,0,0,0,0,0,42,247.0,10867650.66,12,0,42,False,True,True
1000200000,2022-04,0.0,0.0,0.0,0,0,0,0,0,42,276.0,2085807.42,18,0,42,False,True,True
1000200000,2022-05,0.0,0.0,0.0,0,0,0,0,0,55,69.0,12707279.9,22,0,55,False,True,True
1000200000,2022-06,0.0,0.0,0.0,0,0,0,0,0,36,44.0,4011216.8800000004,7,0,36,False,True,True
1000200000,2022-07,0.0,0.0,0.0,0,0,0,0,0,27,66.0,10523134.16,7,0,27,False,True,True
1000200000,2022-08,0.0,0.0,0.0,0,0,0,0,0,41,4067.0,5746390.7700000005,19,0,40,False,True,True
1000200000,2022-09,0.0,0.0,0.0,0,0,0,0,0,26,41.0,1438966.03,13,0,26,False,True,True
1000200000,2022-10,0.0,0.0,0.0,0,0,0,0,0,39,57.0,5741392.54,14,0,39,False,True,True
1000200000,2022-11,0.0,0.0,0.0,0,0,0,0,0,27,28.0,6714338.19,3,0,27,False,True,True
1000200000,2022-12,0.0,0.0,0.0,0,0,0,0,0,81,977.0,11029972.850000001,4,0,80,False,True,True
1000200000,2023-01,0.0,0.0,0.0,0,0,0,0,0,41,148.0,6448944.12,8,0,41,False,True,True
1000200000,2023-02,0.0,0.0,0.0,0,0,0,0,0,38,241.0,9657039.93,6,0,38,False,True,True
1000200000,2023-03,0.0,0.0,0.0,0,0,0,0,0,44,69.0,22713686.85,15,0,44,False,True,True
1000200000,2023-04,0.0,0.0,0.0,0,0,0,0,0,36,179.0,4404944.33,11,0,35,False,True,True
1000200000,2023-05,0.0,0.0,0.0,0,0,0,0,0,51,152.0,35165532.519999996,25,0,51,False,True,True
1000200000,2023-06,0.0,0.0,0.0,0,0,0,0,0,55,113.0,14991459.94,12,0,55,False,True,True
1000200000,2023-07,0.0,0.0,0.0,0,0,0,0,0,37,701.0,25095856.020000003,7,0,37,False,True,True
1000200000,2023-08,0.0,0.0,0.0,0,0,0,0,0,54,115.0,8415521.82,13,0,53,False,True,True
1000200000,2023-09,0.0,0.0,0.0,0,0,0,0,0,41,640.0,2422130.33,15,0,41,False,True,True
1000200000,2023-10,0.0,0.0,0.0,0,0,0,0,0,77,794.0,26224297.77,11,0,77,False,True,True
1000200000,2023-11,0.0,0.0,0.0,0,0,0,0,0,50,86.0,1554207.5,34,0,50,False,True,True
1000200000,2023-12,0.0,0.0,0.0,0,0,0,0,0,37,717.0,7284748.1,13,0,37,False,True,True
1000200000,2024-01,0.0,0.0,0.0,0,0,0,0,0,84,374.0,10414636.3,26,0,84,False,True,True
1000200000,2024-02,0.0,0.0,0.0,0,0,0,0,0,122,848.0,41847121.13,59,0,122,False,True,True
1000200000,2024-03,0.0,0.0,0.0,0,0,0,0,0,83,517.0,49300186.04,26,0,83,False,True,True
1000200000,2024-04,0.0,0.0,0.0,0,0,0,0,0,96,307.0,45108156.09,31,0,96,False,True,True
1000200000,2024-05,0.0,0.0,0.0,0,0,0,0,0,99,240.0,41868215.5,24,0,99,False,True,True
1000200000,2024-06,0.0,0.0,0.0,0,0,0,0,0,59,68351.0,29086514.259999998,7,0,59,False,True,True
1000200000,2024-07,0.0,0.0,0.0,0,0,0,0,0,81,256.0,70061079.07000001,20,0,81,False,True,True
1000200000,2024-08,0.0,0.0,0.0,0,0,0,0,0,99,161.0,34399696.77,47,0,99,False,True,True
1000200000,2024-09,0.0,0.0,0.0,0,0,0,0,0,141,308.0,96489377.24,92,0,141,False,True,True
1000200000,2024-10,0.0,0.0,0.0,0,0,0,0,0,97,235.0,63312436.980000004,40,0,97,False,True,True
1000200000,2024-11,0.0,0.0,0.0,0,0,0,0,0,131,423.0,50963385.91,58,0,131,False,True,True
1000200000,2024-12,0.0,0.0,0.0,0,0,0,0,0,89,158.0,28547163.61,48,0,89,False,True,True
1000200000,2025-01,0.0,0.0,0.0,0,0,0,0,0,73,193.0,15965560.81,35,1,72,False,True,True
1000200000,2025-02,54498.0,6048.0,48450.0,2719,2622,97,564,3,75,145.0,43209372.42,16,0,75,True,True,True
1000200000,2025-03,63008.0,1351.0,61657.0,3384,3361,23,758,3,147,269.0,60381659.02,41,1,145,True,True,True
1000200000,2025-04,48538.88,28889.0,19649.88,1701,1682,19,860,6,71,114.0,45458922.410000004,19,1,70,True,True,True
1000200000,2025-05,25397.54,876.0,24521.54,1290,1272,18,628,7,86,626.0,54064901.96,30,1,85,True,True,True
1000200000,2025-06,38274.880000000005,3653.0,34621.880000000005,1022,912,110,339,6,87,141.0,48452112.93,36,2,85,True,True,True
1000200000,2025-07,34460.0,1520.0,32940.0,173,153,20,142,8,65,134.0,29653402.72,28,1,64,True,True,True
1000200000,2025-08,9640.0,6601.0,3039.0,274,90,184,208,17,80,222.0,45354211.14,39,1,79,True,True,True
1000200000,2025-09,9607.0,52.0,9555.0,108,104,4,94,11,54,93.0,11827255.780000001,24,5,49,True,True,True
1000200000,2025-10,29448.0,2473.0,26975.0,565,539,26,294,8,75,280.0,26458486.14,30,8,66,True,True,True
1000200000,2025-11,23458.52,45748.7,-22290.18,1049,671,378,470,27,16,26.0,11354949.629999999,8,3,13,True,True,True
1000200000,2025-12,2954.0,994.0,1960.0,106,93,13,92,12,41,8155.0,18780872.75,17,6,34,True,True,True
1000200000,2026-01,3087.0,3887.2799999999997,-800.2799999999997,202,186,16,156,11,9,10.0,1976673.7999999998,5,5,4,True,True,True
1000200000,2026-02,1505.0,2.0,1503.0,81,80,1,41,3,8,9.0,1805140.64,5,6,0,True,True,True
1000201000,2019-09,0.0,0.0,0.0,0,0,0,0,0,1,2.0,0.02,0,0,1,False,True,False
1000201000,2022-02,0.0,0.0,0.0,0,0,0,0,0,1,1.0,358531.0,0,0,1,False,True,False
1000201000,2023-08,0.0,0.0,0.0,0,0,0,0,0,2,2.0,0.0,0,0,2,False,True,False
1000201000,2023-09,0.0,0.0,0.0,0,0,0,0,0,1,3.0,0.0,0,0,1,False,True,False
1000201000,2023-10,0.0,0.0,0.0,0,0,0,0,0,5,5.0,0.0,0,0,5,False,True,False
1000201000,2024-02,0.0,0.0,0.0,0,0,0,0,0,1,1.0,0.0,1,0,1,False,True,False
1000201000,2024-09,0.0,0.0,0.0,0,0,0,0,0,2,2.0,0.19,2,0,2,False,True,False
1000501600,2019-04,0.0,0.0,0.0,0,0,0,0,0,5,5.0,40653.26,3,0,5,False,True,False
1000501600,2019-05,0.0,0.0,0.0,0,0,0,0,0,15,15.0,92888.31,3,0,15,False,True,False
1000501600,2019-06,0.0,0.0,0.0,0,0,0,0,0,26,26.0,140850.32,15,0,26,False,True,False
1000501600,2019-07,0.0,0.0,0.0,0,0,0,0,0,24,24.0,138828.7,7,0,24,False,True,False
1000501600,2019-08,0.0,0.0,0.0,0,0,0,0,0,14,13.0,103047.14,10,0,14,False,True,False
1000501600,2019-09,0.0,0.0,0.0,0,0,0,0,0,4,4.0,18764.55,0,0,4,False,True,False
1000501600,2019-10,0.0,0.0,0.0,0,0,0,0,0,22,75.0,24275.47,4,0,22,False,True,False
1000501600,2019-11,0.0,0.0,0.0,0,0,0,0,0,11,16.0,31812.05,2,0,11,False,True,False
1000501600,2019-12,0.0,0.0,0.0,0,0,0,0,0,8,17.0,39982.689999999995,4,0,8,False,True,False
1000501600,2020-01,0.0,0.0,0.0,0,0,0,0,0,7,8.0,765173.4199999999,4,0,7,False,True,False
1000501600,2020-02,0.0,0.0,0.0,0,0,0,0,0,8,11.0,19261.989999999998,7,0,8,False,True,False
1000501600,2020-03,0.0,0.0,0.0,0,0,0,0,0,5,8.0,104694.93,4,0,5,False,True,False
1000501600,2020-05,0.0,0.0,0.0,0,0,0,0,0,3,3.0,37.699999999999996,1,0,3,False,True,False
1000501600,2020-06,0.0,0.0,0.0,0,0,0,0,0,4,5.0,38436.17,1,0,4,False,True,False
1000501600,2020-07,0.0,0.0,0.0,0,0,0,0,0,3,3.0,7292.099999999999,2,0,3,False,True,False
1000501600,2020-08,0.0,0.0,0.0,0,0,0,0,0,2,2.0,31931.83,0,0,2,False,True,False
1000501600,2020-09,0.0,0.0,0.0,0,0,0,0,0,1,1.0,6065.3,0,0,1,False,True,False
1000501600,2020-10,0.0,0.0,0.0,0,0,0,0,0,11,11.0,8317.220000000001,6,0,11,False,True,False
1000501600,2020-11,0.0,0.0,0.0,0,0,0,0,0,3,3.0,11397.560000000001,1,0,3,False,True,False
1000501600,2020-12,0.0,0.0,0.0,0,0,0,0,0,1,1.0,150.44,1,0,1,False,True,False
1000501600,2021-01,0.0,0.0,0.0,0,0,0,0,0,7,7.0,24007.25,4,0,7,False,True,False
1000501600,2021-02,0.0,0.0,0.0,0,0,0,0,0,20,92.0,2234109.96,5,0,20,False,True,False
1000501600,2021-03,0.0,0.0,0.0,0,0,0,0,0,15,15.0,136597.38,4,0,15,False,True,False
1000501600,2021-04,0.0,0.0,0.0,0,0,0,0,0,6,9.0,24643.02,1,0,6,False,True,False
1000501600,2021-05,0.0,0.0,0.0,0,0,0,0,0,7,7.0,1294443.3,1,0,7,False,True,False
1000501600,2021-06,0.0,0.0,0.0,0,0,0,0,0,5,5.0,30415.850000000002,3,0,5,False,True,False
1000501600,2021-08,0.0,0.0,0.0,0,0,0,0,0,6,8.0,36.05,0,0,6,False,True,False
1000501600,2021-09,0.0,0.0,0.0,0,0,0,0,0,1,1.0,0.01,0,0,1,False,True,False
1000501600,2021-10,0.0,0.0,0.0,0,0,0,0,0,1,1.0,614.53,1,0,1,False,True,False
1000501600,2021-11,0.0,0.0,0.0,0,0,0,0,0,1,1.0,9143.65,1,0,1,False,True,False
1000501600,2021-12,0.0,0.0,0.0,0,0,0,0,0,4,7.0,23543.050000000003,4,0,4,False,True,False
1000501600,2022-01,0.0,0.0,0.0,0,0,0,0,0,3,3.0,25283.85,2,0,3,False,True,False
1000501600,2022-04,0.0,0.0,0.0,0,0,0,0,0,1,1.0,15060.39,1,0,1,False,True,False
1000501600,2022-05,0.0,0.0,0.0,0,0,0,0,0,1,1.0,9143.65,1,0,1,False,True,False
1000501600,2022-07,0.0,0.0,0.0,0,0,0,0,0,2,2.0,6864.27,0,0,2,False,True,False
1000501600,2023-02,0.0,0.0,0.0,0,0,0,0,0,1,2.0,1229.06,1,0,1,False,True,False
1000501600,2023-03,0.0,0.0,0.0,0,0,0,0,0,2,3.0,1374.3799999999999,1,0,2,False,True,False
1000501600,2023-04,0.0,0.0,0.0,0,0,0,0,0,1,1.0,9143.65,1,0,1,False,True,False
1000501600,2023-06,0.0,0.0,0.0,0,0,0,0,0,1,1.0,1206.74,0,0,1,False,True,False
1000501600,2023-10,0.0,0.0,0.0,0,0,0,0,0,1,2.0,13993.1,0,0,1,False,True,False
1000501600,2023-11,0.0,0.0,0.0,0,0,0,0,0,5,5.0,34051.5,1,0,5,False,True,False
1000501600,2023-12,0.0,0.0,0.0,0,0,0,0,0,5,5.0,16271.37,0,0,5,False,True,False
1000501600,2024-01,0.0,0.0,0.0,0,0,0,0,0,5,5.0,29392.95,0,0,5,False,True,False
1000501600,2024-04,0.0,0.0,0.0,0,0,0,0,0,2,2.0,63657.9,0,0,2,False,True,False
1000501600,2024-09,0.0,0.0,0.0,0,0,0,0,0,1,1.0,1206.74,0,0,1,False,True,False
1000501600,2024-10,0.0,0.0,0.0,0,0,0,0,0,1,1.0,1206.74,0,0,1,False,True,False
1000501600,2024-11,0.0,0.0,0.0,0,0,0,0,0,3,3.0,1.79,0,0,3,False,True,False
1000501600,2024-12,0.0,0.0,0.0,0,0,0,0,0,2,2.0,16934.59,0,0,2,False,True,False
1000501600,2025-01,0.0,0.0,0.0,0,0,0,0,0,6,7.0,83627.57,0,1,5,False,True,False
1000501600,2025-02,0.0,0.0,0.0,0,0,0,0,0,2,2.0,1229.06,1,0,2,False,True,False
1000501600,2025-03,10.0,0.0,10.0,25,25,0,1,1,3,3.0,0.03,3,2,1,True,True,False
1000501600,2025-04,0.0,0.0,0.0,5,0,5,0,1,0,0.0,0.0,0,0,0,True,False,False
1000501600,2025-06,0.0,0.0,0.0,0,0,0,0,0,1,1.0,0.01,1,0,1,False,True,False
1000501600,2025-10,18.0,0.0,18.0,9,9,0,9,1,0,0.0,0.0,0,0,0,True,False,False
1000501600,2025-11,0.0,0.0,0.0,0,0,0,0,0,2,2.0,9912.65,1,2,0,False,True,False
1000501600,2025-12,2.0,0.0,2.0,1,1,0,1,1,0,0.0,0.0,0,0,0,True,False,False
1000502000,2019-04,0.0,0.0,0.0,0,0,0,0,0,6,5.0,19167.82,0,0,6,False,True,False
1000502000,2019-05,0.0,0.0,0.0,0,0,0,0,0,1,1.0,342.07,0,0,1,False,True,False
1000502000,2019-06,0.0,0.0,0.0,0,0,0,0,0,3,12.0,15447.91,0,0,3,False,True,False
1000502000,2019-07,0.0,0.0,0.0,0,0,0,0,0,6,6.0,142239.4,5,0,6,False,True,False
1000502000,2019-08,0.0,0.0,0.0,0,0,0,0,0,2,2.0,7763.6900000000005,1,0,2,False,True,False
1000502000,2019-12,0.0,0.0,0.0,0,0,0,0,0,1,1.0,2040.15,0,0,1,False,True,False
1000502000,2020-01,0.0,0.0,0.0,0,0,0,0,0,2,2.0,3665.31,1,0,2,False,True,False
1000502000,2020-02,0.0,0.0,0.0,0,0,0,0,0,3,3.0,2396.91,2,0,3,False,True,False
1000502000,2020-03,0.0,0.0,0.0,0,0,0,0,0,1,1.0,27048.57,1,0,1,False,True,False
1000502000,2020-04,0.0,0.0,0.0,0,0,0,0,0,1,2.0,59079.28,0,0,1,False,True,False
1000502000,2020-06,0.0,0.0,0.0,0,0,0,0,0,6,13.0,13629.560000000001,2,0,6,False,True,False
1000502000,2020-07,0.0,0.0,0.0,0,0,0,0,0,3,4.0,18195.91,3,0,3,False,True,False
1000502000,2020-08,0.0,0.0,0.0,0,0,0,0,0,3,3.0,10629.01,1,0,3,False,True,False
1000502000,2020-09,0.0,0.0,0.0,0,0,0,0,0,7,9.0,47455.729999999996,2,0,7,False,True,False
1000502000,2020-10,0.0,0.0,0.0,0,0,0,0,0,3,20.0,298.73,0,0,3,False,True,False
1000502000,2020-11,0.0,0.0,0.0,0,0,0,0,0,3,3.0,27246.100000000002,3,0,3,False,True,False
1000502000,2020-12,0.0,0.0,0.0,0,0,0,0,0,9,11.0,24212.43,6,0,9,False,True,False
1000502000,2021-01,0.0,0.0,0.0,0,0,0,0,0,5,14.0,40861.99,4,0,5,False,True,False
1000502000,2021-02,0.0,0.0,0.0,0,0,0,0,0,3,3.0,18584.63,2,0,3,False,True,False
1000502000,2021-03,0.0,0.0,0.0,0,0,0,0,0,10,12.0,75262.17,5,0,10,False,True,False
1000502000,2021-04,0.0,0.0,0.0,0,0,0,0,0,7,8.0,399164.77999999997,4,0,7,False,True,False
1000502000,2021-05,0.0,0.0,0.0,0,0,0,0,0,10,12.0,40630.72,4,0,9,False,True,False
1000502000,2021-06,0.0,0.0,0.0,0,0,0,0,0,3,3.0,11027.900000000001,1,0,3,False,True,False
1000502000,2021-08,0.0,0.0,0.0,0,0,0,0,0,3,3.0,30.78,2,0,3,False,True,False
1000502000,2021-09,0.0,0.0,0.0,0,0,0,0,0,5,6.0,9062.82,3,0,5,False,True,False
1000502000,2021-10,0.0,0.0,0.0,0,0,0,0,0,4,5.0,722440.31,2,0,4,False,True,False
1000502000,2021-11,0.0,0.0,0.0,0,0,0,0,0,6,7.0,9193.72,2,0,6,False,True,False
1000502000,2022-01,0.0,0.0,0.0,0,0,0,0,0,1,3.0,20989.65,1,0,1,False,True,False
1000502000,2022-02,0.0,0.0,0.0,0,0,0,0,0,2,2.0,6325.43,0,0,2,False,True,False
1000502000,2022-03,0.0,0.0,0.0,0,0,0,0,0,8,10.0,2150631.4,2,0,8,False,True,False
1000502000,2022-04,0.0,0.0,0.0,0,0,0,0,0,10,10.0,74516.78,4,0,10,False,True,False
1000502000,2022-05,0.0,0.0,0.0,0,0,0,0,0,2,3.0,0.02,1,0,2,False,True,False
1000502000,2022-06,0.0,0.0,0.0,0,0,0,0,0,5,5.0,9254.97,4,0,5,False,True,False
1000502000,2022-07,0.0,0.0,0.0,0,0,0,0,0,3,3.0,5315.999999999999,1,0,3,False,True,False
1000502000,2022-08,0.0,0.0,0.0,0,0,0,0,0,2,2.0,9233.47,2,0,2,False,True,False
1000502000,2022-09,0.0,0.0,0.0,0,0,0,0,0,2,2.0,6065.3,2,0,2,False,True,False
1000502000,2022-10,0.0,0.0,0.0,0,0,0,0,0,7,7.0,7034.58,6,0,7,False,True,False
1000502000,2022-12,0.0,0.0,0.0,0,0,0,0,0,3,3.0,311.76,3,0,3,False,True,False
1000502000,2023-03,0.0,0.0,0.0,0,0,0,0,0,1,1.0,0.0,0,0,1,False,True,False
1000502000,2023-04,0.0,0.0,0.0,0,0,0,0,0,2,2.0,9618.83,1,0,2,False,True,False
1000502000,2023-06,0.0,0.0,0.0,0,0,0,0,0,5,5.0,12300.57,4,0,5,False,True,False
1000502000,2023-07,0.0,0.0,0.0,0,0,0,0,0,1,1.0,6065.3,1,0,1,False,True,False
1000502000,2023-08,0.0,0.0,0.0,0,0,0,0,0,2,2.0,17829.28,2,0,2,False,True,False
1000502000,2023-09,0.0,0.0,0.0,0,0,0,0,0,4,4.0,11491.89,4,0,4,False,True,False
1000502000,2023-10,0.0,0.0,0.0,0,0,0,0,0,3,4.0,28657.59,1,0,3,False,True,False
1000502000,2023-11,0.0,0.0,0.0,0,0,0,0,0,2,4.0,9143.65,1,0,2,False,True,False
1000502000,2023-12,0.0,0.0,0.0,0,0,0,0,0,3,5.0,23738.280000000002,2,0,3,False,True,False
1000502000,2024-01,0.0,0.0,0.0,0,0,0,0,0,3,3.0,12130.6,3,0,3,False,True,False
1000502000,2024-02,0.0,0.0,0.0,0,0,0,0,0,8,10.0,35931.82,7,0,8,False,True,False
1000502000,2024-03,0.0,0.0,0.0,0,0,0,0,0,1,1.0,227.65,1,0,1,False,True,False
1000502000,2024-04,0.0,0.0,0.0,0,0,0,0,0,1,1.0,0.01,0,0,1,False,True,False
1000502000,2024-08,0.0,0.0,0.0,0,0,0,0,0,1,2.0,0.0,1,0,1,False,True,False
1000502000,2024-11,0.0,0.0,0.0,0,0,0,0,0,3,3.0,342.08,2,0,3,False,True,False
1000502000,2024-12,0.0,0.0,0.0,0,0,0,0,0,1,1.0,798.97,1,0,1,False,True,False
1000502000,2025-03,4.0,0.0,4.0,1,1,0,1,1,0,0.0,0.0,0,0,0,True,False,False
1000502000,2025-04,0.0,0.0,0.0,0,0,0,0,0,1,1.0,342.07,1,0,1,False,True,False
1000502000,2025-05,0.0,0.0,0.0,0,0,0,0,0,1,1.0,1.0,0,0,1,False,True,False
1000502000,2025-07,0.0,0.0,0.0,0,0,0,0,0,1,1.0,31828.95,1,0,1,False,True,False
1000502000,2025-10,0.0,0.0,0.0,0,0,0,0,0,1,1.0,31828.95,1,0,1,False,True,False
1000502000,2025-11,0.0,0.0,0.0,0,0,0,0,0,1,1.0,31828.95,1,0,1,False,True,False
1000502000,2026-02,0.0,0.0,0.0,0,0,0,0,0,2,2.0,528.22,2,2,0,False,True,False
1001000011,2022-05,0.0,0.0,0.0,0,0,0,0,0,1,1.0,0.5,0,0,1,False,True,False
1001000024,2021-07,0.0,0.0,0.0,0,0,0,0,0,2,9.0,20611.45,0,0,2,False,True,False
1001000024,2023-01,0.0,0.0,0.0,0,0,0,0,0,1,16.0,0.16,0,0,1,False,True,False
1001000024,2024-05,0.0,0.0,0.0,0,0,0,0,0,1,26.0,28522.0,0,0,1,False,True,False
1001000024,2024-10,0.0,0.0,0.0,0,0,0,0,0,1,1.0,1097.0,1,0,1,False,True,False
1001000024,2025-06,0.0,0.0,0.0,0,0,0,0,0,5,33.0,1438.14,4,0,5,False,True,False
1001000024,2025-08,0.0,0.0,0.0,0,0,0,0,0,1,16.0,17552.0,0,0,1,False,True,False
1001000025,2022-04,0.0,0.0,0.0,0,0,0,0,0,1,2.0,2194.0,1,0,1,False,True,False
1001000025,2022-11,0.0,0.0,0.0,0,0,0,0,0,1,16.0,17552.0,0,0,1,False,True,False
1001000025,2024-05,0.0,0.0,0.0,0,0,0,0,0,1,1.0,1097.0,0,0,1,False,True,False
1001000025,2025-03,64.0,0.0,64.0,2,2,0,2,2,1,1.0,1097.0,1,0,1,True,True,False
1001000025,2025-06,24.0,0.0,24.0,1,1,0,1,1,0,0.0,0.0,0,0,0,True,False,False
1001000025,2025-07,0.0,0.0,0.0,0,0,0,0,0,1,1.0,1097.0,1,1,0,False,True,False
1001000025,2025-08,0.0,0.0,0.0,0,0,0,0,0,1,1.0,1097.0,1,0,1,False,True,False
1001000025,2025-09,16.0,0.0,16.0,1,1,0,1,1,0,0.0,0.0,0,0,0,True,False,False
1001000025,2025-11,0.0,0.0,0.0,0,0,0,0,0,1,1.0,1097.0,1,1,0,False,True,False
2000000501,2019-05,0.0,0.0,0.0,0,0,0,0,0,2,2.0,3338.84,0,0,2,False,True,False
2000000501,2019-06,0.0,0.0,0.0,0,0,0,0,0,1,1.0,2511.1,1,0,1,False,True,False
2000000501,2019-09,0.0,0.0,0.0,0,0,0,0,0,3,35.0,15.55,2,0,3,False,True,False
2000000501,2019-10,0.0,0.0,0.0,0,0,0,0,0,5,5.0,5243.570000000001,2,0,5,False,True,False
2000000501,2019-12,0.0,0.0,0.0,0,0,0,0,0,4,8.0,492.56,1,0,4,False,True,False
2000000501,2020-01,0.0,0.0,0.0,0,0,0,0,0,12,19.0,29520.46,10,0,12,False,True,False
2000000501,2020-02,0.0,0.0,0.0,0,0,0,0,0,1,1.0,62.19,1,0,1,False,True,False
2000000501,2020-03,0.0,0.0,0.0,0,0,0,0,0,6,20.0,23738.27,4,0,6,False,True,False
2000000501,2020-06,0.0,0.0,0.0,0,0,0,0,0,2,49.0,54945.33,2,0,2,False,True,False
2000000501,2020-07,0.0,0.0,0.0,0,0,0,0,0,3,3.0,7609.17,2,0,3,False,True,False
2000000501,2020-08,0.0,0.0,0.0,0,0,0,0,0,3,3.0,0.02,0,0,3,False,True,False
2000000501,2020-09,0.0,0.0,0.0,0,0,0,0,0,9,10.0,5507.93,2,0,9,False,True,False
2000000501,2020-10,0.0,0.0,0.0,0,0,0,0,0,21,45.0,16283.720000000001,12,0,21,False,True,False
2000000501,2020-11,0.0,0.0,0.0,0,0,0,0,0,2,7.0,0.06999999999999999,0,0,2,False,True,False
2000000501,2020-12,0.0,0.0,0.0,0,0,0,0,0,5,5.0,2452.92,2,0,5,False,True,False
2000000501,2021-01,0.0,0.0,0.0,0,0,0,0,0,4,5.0,2546.67,2,0,4,False,True,False
2000000501,2021-02,0.0,0.0,0.0,0,0,0,0,0,1,2.0,5408.52,1,0,1,False,True,False
2000000501,2021-03,0.0,0.0,0.0,0,0,0,0,0,3,6.0,5905.93,1,0,3,False,True,False
2000000501,2021-04,0.0,0.0,0.0,0,0,0,0,0,4,4.0,0.04,2,0,4,False,True,False
2000000501,2021-05,0.0,0.0,0.0,0,0,0,0,0,3,3.0,2373.83,1,0,3,False,True,False
2000000501,2021-06,0.0,0.0,0.0,0,0,0,0,0,2,3.0,5901.040000000001,2,0,2,False,True,False
2000000501,2021-07,0.0,0.0,0.0,0,0,0,0,0,2,2.0,2527.6800000000003,1,0,2,False,True,False
2000000501,2021-08,0.0,0.0,0.0,0,0,0,0,0,3,3.0,6530.14,2,0,3,False,True,False
2000000501,2021-09,0.0,0.0,0.0,0,0,0,0,0,6,6.0,14022.800000000001,1,0,6,False,True,False
2000000501,2021-10,0.0,0.0,0.0,0,0,0,0,0,3,3.0,8270.54,1,0,3,False,True,False
2000000501,2021-11,0.0,0.0,0.0,0,0,0,0,0,4,5.0,3678.4500000000003,0,0,4,False,True,False
2000000501,2021-12,0.0,0.0,0.0,0,0,0,0,0,2,2.0,4647.14,1,0,2,False,True,False
2000000501,2022-01,0.0,0.0,0.0,0,0,0,0,0,1,1.0,2540.26,0,0,1,False,True,False
2000000501,2022-02,0.0,0.0,0.0,0,0,0,0,0,1,3.0,140.73,0,0,1,False,True,False
2000000501,2022-03,0.0,0.0,0.0,0,0,0,0,0,13,23.0,20782.96,5,0,13,False,True,False
2000000501,2022-04,0.0,0.0,0.0,0,0,0,0,0,15,19.0,23003.49,10,0,15,False,True,False
2000000501,2022-05,0.0,0.0,0.0,0,0,0,0,0,3,3.0,2250.0099999999998,1,0,3,False,True,False
2000000501,2022-06,0.0,0.0,0.0,0,0,0,0,0,14,17.0,39029.8,7,0,14,False,True,False
2000000501,2022-08,0.0,0.0,0.0,0,0,0,0,0,9,23.0,0.22999999999999998,0,0,9,False,True,False
2000000501,2022-09,0.0,0.0,0.0,0,0,0,0,0,7,13.0,0.13,2,0,7,False,True,False
2000000501,2022-10,0.0,0.0,0.0,0,0,0,0,0,10,22.0,0.22,0,0,10,False,True,False
2000000501,2022-12,0.0,0.0,0.0,0,0,0,0,0,2,2.0,2364.6600000000003,2,0,2,False,True,False
2000000501,2023-01,0.0,0.0,0.0,0,0,0,0,0,2,2.0,2364.6600000000003,2,0,2,False,True,False
2000000501,2023-04,0.0,0.0,0.0,0,0,0,0,0,2,2.0,5068.91,0,0,2,False,True,False
2000000501,2023-05,0.0,0.0,0.0,0,0,0,0,0,4,4.0,4729.31,4,0,4,False,True,False
2000000501,2023-07,0.0,0.0,0.0,0,0,0,0,0,2,2.0,5905.89,0,0,2,False,True,False
2000000501,2023-08,0.0,0.0,0.0,0,0,0,0,0,1,1.0,0.0,0,0,1,False,True,False
2000000501,2023-10,0.0,0.0,0.0,0,0,0,0,0,1,1.0,492.52,1,0,1,False,True,False
2000000501,2023-11,0.0,0.0,0.0,0,0,0,0,0,1,1.0,2364.65,0,0,1,False,True,False
2000000501,2024-02,0.0,0.0,0.0,0,0,0,0,0,7,15.0,19687.09,5,0,7,False,True,False
2000000501,2024-04,0.0,0.0,0.0,0,0,0,0,0,5,5.0,2867.32,1,0,5,False,True,False
2000000501,2024-09,0.0,0.0,0.0,0,0,0,0,0,1,1.0,2364.65,0,0,1,False,True,False
2000000501,2025-02,0.0,0.0,0.0,0,0,0,0,0,1,1.0,2704.26,0,0,1,False,True,False
2000000501,2025-04,0.0,0.0,0.0,0,0,0,0,0,2,24.0,70870.68,2,0,2,False,True,False
2000000501,2025-07,0.0,0.0,0.0,0,0,0,0,0,1,1.0,3.05,1,0,1,False,True,False
2000000501,2025-09,0.0,0.0,0.0,0,0,0,0,0,1,1.0,1.8,1,1,0,False,True,False
2000000501,2025-12,0.0,1.0,-1.0,1,0,1,1,1,0,0.0,0.0,0,0,0,True,False,False
2000000532,2019-04,0.0,0.0,0.0,0,0,0,0,0,3,3.0,136.97,0,0,3,False,True,False
2000000532,2019-08,0.0,0.0,0.0,0,0,0,0,0,3,3.0,117.47,0,0,3,False,True,False
2000000532,2019-10,0.0,0.0,0.0,0,0,0,0,0,2,2.0,531.98,1,0,2,False,True,False
2000000532,2019-11,0.0,0.0,0.0,0,0,0,0,0,2,2.0,60.2,1,0,2,False,True,False
2000000532,2019-12,0.0,0.0,0.0,0,0,0,0,0,3,3.0,120.46,0,0,3,False,True,False
2000000532,2020-01,0.0,0.0,0.0,0,0,0,0,0,1,1.0,85.42,0,0,1,False,True,False
2000000532,2020-02,0.0,0.0,0.0,0,0,0,0,0,2,2.0,4750.91,1,0,2,False,True,False
2000000532,2020-08,0.0,0.0,0.0,0,0,0,0,0,1,22.0,978.34,1,0,1,False,True,False
2000000532,2020-10,0.0,0.0,0.0,0,0,0,0,0,1,1.0,14.72,0,0,1,False,True,False
2000000532,2020-12,0.0,0.0,0.0,0,0,0,0,0,2,2.0,75.89,0,0,2,False,True,False
2000000532,2021-01,0.0,0.0,0.0,0,0,0,0,0,2,2.0,71.63000000000001,1,0,2,False,True,False
2000000532,2021-02,0.0,0.0,0.0,0,0,0,0,0,1,1.0,36.83,1,0,1,False,True,False
2000000532,2021-05,0.0,0.0,0.0,0,0,0,0,0,1,1.0,69.66,0,0,1,False,True,False
2000000532,2021-06,0.0,0.0,0.0,0,0,0,0,0,2,2.0,157.04000000000002,1,0,2,False,True,False
2000000532,2021-08,0.0,0.0,0.0,0,0,0,0,0,1,1.0,389.66,1,0,1,False,True,False
2000000532,2021-09,0.0,0.0,0.0,0,0,0,0,0,1,1.0,389.66,1,0,1,False,True,False
2000000532,2022-03,0.0,0.0,0.0,0,0,0,0,0,1,2.0,170.84,0,0,1,False,True,False
2000000532,2022-04,0.0,0.0,0.0,0,0,0,0,0,4,4.0,194.92000000000002,0,0,4,False,True,False
2000000532,2023-04,0.0,0.0,0.0,0,0,0,0,0,1,1.0,36.83,0,0,1,False,True,False
2000000532,2023-06,0.0,0.0,0.0,0,0,0,0,0,1,1.0,20.32,0,0,1,False,True,False
2000000532,2023-09,0.0,0.0,0.0,0,0,0,0,0,2,2.0,447.8,1,0,2,False,True,False
2000000532,2023-12,0.0,0.0,0.0,0,0,0,0,0,1,2.0,170.84,0,0,1,False,True,False
2000000532,2024-01,0.0,0.0,0.0,0,0,0,0,0,1,1.0,0.01,0,0,1,False,True,False
2000000532,2024-02,0.0,0.0,0.0,0,0,0,0,0,1,1.0,14.72,0,0,1,False,True,False
2000000532,2024-03,0.0,0.0,0.0,0,0,0,0,0,1,1.0,40.32,0,0,1,False,True,False
2000000532,2024-12,0.0,0.0,0.0,0,0,0,0,0,1,1.0,20.32,0,0,1,False,True,False
2000000532,2025-02,0.0,0.0,0.0,0,0,0,0,0,2,3.0,185.56,0,0,2,False,True,False
2000000532,2025-05,0.0,0.0,0.0,0,0,0,0,0,4,5.0,429.02000000000004,2,0,4,False,True,False
2000000532,2025-06,0.0,0.0,0.0,0,0,0,0,0,1,1.0,0.0,1,0,1,False,True,False
2000000532,2025-09,0.0,0.0,0.0,0,0,0,0,0,1,2.0,0.0,1,0,1,False,True,False
2000000532,2025-10,0.0,0.0,0.0,0,0,0,0,0,10,14.0,1190.49,10,0,10,False,True,False
2000000657,2019-07,0.0,0.0,0.0,0,0,0,0,0,1,1.0,611.76,1,0,1,False,True,False
2000000657,2021-07,0.0,0.0,0.0,0,0,0,0,0,12,16.0,8966.2,3,0,12,False,True,False
2000000657,2021-08,0.0,0.0,0.0,0,0,0,0,0,8,8.0,5712.33,0,0,8,False,True,False
2000000657,2021-11,0.0,0.0,0.0,0,0,0,0,0,1,1.0,0.0,0,0,1,False,True,False
2000000657,2021-12,0.0,0.0,0.0,0,0,0,0,0,2,2.0,2856.1499999999996,2,0,2,False,True,False
2000000657,2022-02,0.0,0.0,0.0,0,0,0,0,0,5,9.0,2874.32,5,0,5,False,True,False
2000000657,2022-03,0.0,0.0,0.0,0,0,0,0,0,3,3.0,307.9,2,0,3,False,True,False
2000000657,2022-05,0.0,0.0,0.0,0,0,0,0,0,6,7.0,5568.4,5,0,6,False,True,False
2000000657,2022-06,0.0,0.0,0.0,0,0,0,0,0,1,1.0,244.92,0,0,1,False,True,False
2000000657,2022-08,0.0,0.0,0.0,0,0,0,0,0,1,6.0,224.16,0,0,1,False,True,False
2000000657,2022-10,0.0,0.0,0.0,0,0,0,0,0,2,121.0,474.70000000000005,1,0,2,False,True,False
2000000657,2022-11,0.0,0.0,0.0,0,0,0,0,0,1,1.0,13.9,0,0,1,False,True,False
2000000657,2023-01,0.0,0.0,0.0,0,0,0,0,0,3,11.0,603.77,1,0,3,False,True,False
2000000657,2023-02,0.0,0.0,0.0,0,0,0,0,0,14,15.0,6206.69,1,0,14,False,True,False
2000000657,2023-03,0.0,0.0,0.0,0,0,0,0,0,8,9.0,15.34,4,0,8,False,True,False
2000000657,2023-05,0.0,0.0,0.0,0,0,0,0,0,3,3.0,2501.86,0,0,3,False,True,False
2000000657,2023-08,0.0,0.0,0.0,0,0,0,0,0,1,1.0,206.15,1,0,1,False,True,False
2000000657,2023-09,0.0,0.0,0.0,0,0,0,0,0,1,2.0,6.1,0,0,1,False,True,False
2000000657,2023-10,0.0,0.0,0.0,0,0,0,0,0,1,1.0,0.0,0,0,1,False,True,False
2000000657,2023-11,0.0,0.0,0.0,0,0,0,0,0,2,2.0,0.02,2,0,2,False,True,False
2000000657,2023-12,0.0,0.0,0.0,0,0,0,0,0,1,1.0,62.68,0,0,1,False,True,False
2000000657,2024-04,0.0,0.0,0.0,0,0,0,0,0,1,1.0,0.0,1,0,1,False,True,False
2000000657,2024-06,0.0,0.0,0.0,0,0,0,0,0,1,1.0,0.01,1,0,1,False,True,False
2000000692,2020-08,0.0,0.0,0.0,0,0,0,0,0,1,1.0,15853.44,0,0,1,False,True,False
2000000692,2020-10,0.0,0.0,0.0,0,0,0,0,0,1,5.0,79267.2,1,0,1,False,True,False
2000000692,2022-01,0.0,0.0,0.0,0,0,0,0,0,2,2.0,31706.88,0,0,2,False,True,False
2000000692,2022-06,0.0,0.0,0.0,0,0,0,0,0,1,2.0,13626.0,1,0,1,False,True,False
2000000692,2022-08,0.0,0.0,0.0,0,0,0,0,0,1,1.0,6813.0,1,0,1,False,True,False
2000000692,2022-09,0.0,0.0,0.0,0,0,0,0,0,1,1.0,6813.0,1,0,1,False,True,False
2000000692,2022-11,0.0,0.0,0.0,0,0,0,0,0,2,13.0,108580.1,0,0,2,False,True,False
2000000692,2022-12,0.0,0.0,0.0,0,0,0,0,0,1,1.0,6813.0,0,0,1,False,True,False
2000000692,2023-02,0.0,0.0,0.0,0,0,0,0,0,1,8.0,54504.0,1,0,1,False,True,False
2000000692,2023-08,0.0,0.0,0.0,0,0,0,0,0,2,3.0,47560.32,2,0,2,False,True,False
2000000692,2024-01,0.0,0.0,0.0,0,0,0,0,0,1,2.0,100.0,0,0,1,False,True,False
2000000692,2024-02,0.0,0.0,0.0,0,0,0,0,0,3,3.0,47560.32,3,0,3,False,True,False
2000000692,2024-04,0.0,0.0,0.0,0,0,0,0,0,1,1.0,15853.44,1,0,1,False,True,False
2000000692,2024-05,0.0,0.0,0.0,0,0,0,0,0,3,3.0,47560.32,3,0,3,False,True,False
2000000692,2024-06,0.0,0.0,0.0,0,0,0,0,0,2,2.0,31706.88,2,0,2,False,True,False
2000000692,2024-07,0.0,0.0,0.0,0,0,0,0,0,2,3.0,47560.32,2,0,2,False,True,False
2000000692,2024-08,0.0,0.0,0.0,0,0,0,0,0,3,3.0,47560.32,3,0,3,False,True,False
2000000692,2024-10,0.0,0.0,0.0,0,0,0,0,0,1,1.0,15853.44,1,0,1,False,True,False
2000000692,2024-11,0.0,0.0,0.0,0,0,0,0,0,2,2.0,17368.8,2,0,2,False,True,False
2000000692,2024-12,0.0,0.0,0.0,0,0,0,0,0,1,1.0,15853.44,1,0,1,False,True,False
2000000692,2025-01,0.0,0.0,0.0,0,0,0,0,0,4,4.0,27252.0,4,0,4,False,True,False
2000000692,2025-03,152.0,8.0,144.0,52,51,1,50,2,2,2.0,29423.440000000002,2,1,1,True,True,False
2000000692,2025-04,2331.0,60.0,2271.0,66,64,2,21,2,2,2.0,13626.0,2,0,2,True,True,False
2000000692,2025-05,303.0,0.0,303.0,15,15,0,13,2,2,2.0,15888.04,1,0,2,True,True,False
2000000692,2025-07,0.0,0.0,0.0,0,0,0,0,0,2,4.0,63413.76,2,0,2,False,True,False
2000000692,2025-08,0.0,0.0,0.0,0,0,0,0,0,4,5.0,79267.2,4,0,4,False,True,False
2000000692,2025-09,123.0,0.0,123.0,19,19,0,18,2,0,0.0,0.0,0,0,0,True,False,False
2000000692,2025-10,4.0,0.0,4.0,1,1,0,1,1,1,1.0,15853.44,1,1,0,True,True,False
2000000692,2025-11,366.0,0.0,366.0,22,22,0,22,3,1,1.0,15853.44,1,0,1,True,True,False
2000000692,2025-12,0.0,0.0,0.0,0,0,0,0,0,3,4.0,63413.76,3,0,3,False,True,False
2000000692,2026-02,0.0,0.0,0.0,0,0,0,0,0,2,2.0,31706.88,2,2,0,False,True,False
2000001452,2020-02,0.0,0.0,0.0,0,0,0,0,0,1,2.0,327.2,0,0,1,False,True,False
2000001452,2022-11,0.0,0.0,0.0,0,0,0,0,0,18,72.0,38137.64,0,0,18,False,True,False
2000001452,2022-12,0.0,0.0,0.0,0,0,0,0,0,2,3.0,101.44,0,0,2,False,True,False
2000001452,2023-04,0.0,0.0,0.0,0,0,0,0,0,1,1.0,687.36,1,0,1,False,True,False
2000001452,2023-05,0.0,0.0,0.0,0,0,0,0,0,1,52.0,4618.12,0,0,1,False,True,False
2000001452,2023-06,0.0,0.0,0.0,0,0,0,0,0,2,2.0,791.47,2,0,2,False,True,False
2000001452,2023-07,0.0,0.0,0.0,0,0,0,0,0,3,3.0,2101.7599999999998,3,0,3,False,True,False
2000001452,2023-08,0.0,0.0,0.0,0,0,0,0,0,3,34.0,7736.6900000000005,2,0,3,False,True,False
2000001452,2023-10,0.0,0.0,0.0,0,0,0,0,0,1,20.0,3142.0,1,0,1,False,True,False
2000001452,2023-12,0.0,0.0,0.0,0,0,0,0,0,3,8.0,7940.34,3,0,3,False,True,False
2000001452,2024-01,0.0,0.0,0.0,0,0,0,0,0,2,2.0,1080.58,0,0,2,False,True,False
2000001452,2024-02,0.0,0.0,0.0,0,0,0,0,0,2,2.0,604.86,1,0,2,False,True,False
2000001452,2024-05,0.0,0.0,0.0,0,0,0,0,0,7,83.0,16435.48,6,0,7,False,True,False
2000001452,2024-06,0.0,0.0,0.0,0,0,0,0,0,4,11.0,4454.26,3,0,4,False,True,False
2000001452,2024-07,0.0,0.0,0.0,0,0,0,0,0,2,9.0,610.88,2,0,2,False,True,False
2000001452,2024-08,0.0,0.0,0.0,0,0,0,0,0,1,1.0,1946.59,1,0,1,False,True,False
2000001452,2024-09,0.0,0.0,0.0,0,0,0,0,0,6,8.0,9848.18,6,0,6,False,True,False
2000001452,2024-10,0.0,0.0,0.0,0,0,0,0,0,6,6.0,9737.85,6,0,6,False,True,False
2000001452,2024-11,0.0,0.0,0.0,0,0,0,0,0,1,2.0,187.76,1,0,1,False,True,False
2000001452,2024-12,0.0,0.0,0.0,0,0,0,0,0,5,12.0,1318.35,4,0,5,False,True,False
2000001452,2025-01,0.0,0.0,0.0,0,0,0,0,0,3,4.0,4044.82,3,0,3,False,True,False
2000001452,2025-02,350.0,42.0,308.0,49,44,5,39,2,0,0.0,0.0,0,0,0,True,False,False
2000001452,2025-03,304.0,0.0,304.0,42,42,0,41,3,1,2.0,187.76,1,0,1,True,True,False
2000001452,2025-04,735.0,22.0,713.0,95,92,3,47,3,1,1.0,104.11,1,0,1,True,True,False
2000001452,2025-05,0.0,0.0,0.0,0,0,0,0,0,2,6.0,2.84,0,0,2,False,True,False
2000001452,2025-06,1971.0,0.0,1971.0,82,82,0,43,4,3,3.0,375.91,3,0,3,True,True,False
2000001452,2025-07,1069.0,0.0,1069.0,73,73,0,38,3,1,1.0,104.24,0,0,1,True,True,False
2000001452,2025-08,47.0,15.0,32.0,14,11,3,7,3,2,2.0,994.43,2,0,2,True,True,False
2000001452,2025-09,0.0,0.0,0.0,0,0,0,0,0,2,2.0,3893.18,2,0,2,False,True,False
2000001452,2025-10,0.0,0.0,0.0,0,0,0,0,0,1,1.0,3886.22,1,0,1,False,True,False
2000001452,2025-12,840.0,0.0,840.0,11,11,0,11,1,3,7.0,3886.17,2,0,3,True,True,False
2000001452,2026-02,9.0,0.0,9.0,3,3,0,3,3,0,0.0,0.0,0,0,0,True,False,False
2000001844,2019-04,0.0,0.0,0.0,0,0,0,0,0,26,35.0,15993.14,0,0,26,False,True,False
2000001844,2019-05,0.0,0.0,0.0,0,0,0,0,0,40,44.0,30699.47,5,0,40,False,True,False
2000001844,2019-06,0.0,0.0,0.0,0,0,0,0,0,20,22.0,31890.59,5,0,20,False,True,False
2000001844,2019-07,0.0,0.0,0.0,0,0,0,0,0,13,13.0,14534.560000000001,5,0,13,False,True,False
2000001844,2019-08,0.0,0.0,0.0,0,0,0,0,0,10,21.0,46184.02,4,0,10,False,True,False
2000001844,2019-09,0.0,0.0,0.0,0,0,0,0,0,13,17.0,15570.22,5,0,13,False,True,False
2000001844,2019-10,0.0,0.0,0.0,0,0,0,0,0,18,20.0,24676.77,9,0,18,False,True,False
2000001844,2019-11,0.0,0.0,0.0,0,0,0,0,0,20,43.0,31866.37,12,0,20,False,True,False
2000001844,2019-12,0.0,0.0,0.0,0,0,0,0,0,29,50.0,64873.83,10,0,29,False,True,False
2000001844,2020-01,0.0,0.0,0.0,0,0,0,0,0,7,7.0,8525.94,4,0,7,False,True,False
2000001844,2020-02,0.0,0.0,0.0,0,0,0,0,0,11,11.0,3240.89,3,0,11,False,True,False
2000001844,2020-03,0.0,0.0,0.0,0,0,0,0,0,8,12.0,9550.07,6,0,8,False,True,False
2000001844,2020-05,0.0,0.0,0.0,0,0,0,0,0,2,3.0,2730.69,1,0,2,False,True,False
2000001844,2020-06,0.0,0.0,0.0,0,0,0,0,0,17,22.0,15877.32,7,0,17,False,True,False
2000001844,2020-07,0.0,0.0,0.0,0,0,0,0,0,13,15.0,17697.15,7,0,13,False,True,False
2000001844,2020-08,0.0,0.0,0.0,0,0,0,0,0,31,57.0,45502.08,9,0,31,False,True,False
2000001844,2020-09,0.0,0.0,0.0,0,0,0,0,0,20,76.0,25504.52,9,0,20,False,True,False
2000001844,2020-10,0.0,0.0,0.0,0,0,0,0,0,11,11.0,6124.36,5,0,11,False,True,False
2000001844,2020-11,0.0,0.0,0.0,0,0,0,0,0,13,24.0,17616.059999999998,3,0,13,False,True,False
2000001844,2020-12,0.0,0.0,0.0,0,0,0,0,0,19,19.0,13165.59,3,0,19,False,True,False
2000001844,2021-01,0.0,0.0,0.0,0,0,0,0,0,17,18.0,31766.559999999998,10,0,17,False,True,False
2000001844,2021-02,0.0,0.0,0.0,0,0,0,0,0,30,33.0,36203.29,12,0,30,False,True,False
2000001844,2021-03,0.0,0.0,0.0,0,0,0,0,0,29,38.0,35335.59,13,0,29,False,True,False
2000001844,2021-04,0.0,0.0,0.0,0,0,0,0,0,18,41.0,19043.45,2,0,18,False,True,False
2000001844,2021-05,0.0,0.0,0.0,0,0,0,0,0,25,37.0,9125.82,2,0,25,False,True,False
2000001844,2021-06,0.0,0.0,0.0,0,0,0,0,0,18,18.0,12461.07,6,0,18,False,True,False
2000001844,2021-07,0.0,0.0,0.0,0,0,0,0,0,7,9.0,365898.42,1,0,7,False,True,False
2000001844,2021-08,0.0,0.0,0.0,0,0,0,0,0,8,24.0,13462.98,1,0,8,False,True,False
2000001844,2021-09,0.0,0.0,0.0,0,0,0,0,0,3,3.0,5694.98,1,0,3,False,True,False
2000001844,2021-10,0.0,0.0,0.0,0,0,0,0,0,12,37.0,14706.19,1,0,12,False,True,False
2000001844,2021-11,0.0,0.0,0.0,0,0,0,0,0,9,10.0,10859.029999999999,5,0,9,False,True,False
2000001844,2021-12,0.0,0.0,0.0,0,0,0,0,0,7,9.0,13140.33,4,0,7,False,True,False
2000001844,2022-01,0.0,0.0,0.0,0,0,0,0,0,4,4.0,4227.25,2,0,4,False,True,False
2000001844,2022-02,0.0,0.0,0.0,0,0,0,0,0,6,16.0,8022.65,5,0,6,False,True,False
2000001844,2022-03,0.0,0.0,0.0,0,0,0,0,0,15,18.0,9315.1,7,0,15,False,True,False
2000001844,2022-04,0.0,0.0,0.0,0,0,0,0,0,13,16.0,26946.51,5,0,13,False,True,False
2000001844,2022-05,0.0,0.0,0.0,0,0,0,0,0,3,4.0,1265.56,2,0,3,False,True,False
2000001844,2022-06,0.0,0.0,0.0,0,0,0,0,0,4,4.0,860.37,2,0,4,False,True,False
2000001844,2022-07,0.0,0.0,0.0,0,0,0,0,0,5,5.0,7726.9,2,0,5,False,True,False
2000001844,2022-08,0.0,0.0,0.0,0,0,0,0,0,2,4.0,10145.98,2,0,2,False,True,False
2000001844,2022-09,0.0,0.0,0.0,0,0,0,0,0,1,1.0,1113.65,1,0,1,False,True,False
2000001844,2022-10,0.0,0.0,0.0,0,0,0,0,0,4,4.0,932.31,3,0,4,False,True,False
2000001844,2023-02,0.0,0.0,0.0,0,0,0,0,0,2,2.0,182.36,2,0,2,False,True,False
2000001844,2023-04,0.0,0.0,0.0,0,0,0,0,0,2,3.0,2546.62,1,0,2,False,True,False
2000001844,2023-06,0.0,0.0,0.0,0,0,0,0,0,3,3.0,928.81,1,0,3,False,True,False
2000001844,2023-08,0.0,0.0,0.0,0,0,0,0,0,2,2.0,1233.56,1,0,2,False,True,False
2000001844,2023-10,0.0,0.0,0.0,0,0,0,0,0,11,12.0,10052.55,3,0,11,False,True,False
2000001844,2023-11,0.0,0.0,0.0,0,0,0,0,0,2,2.0,1847.23,1,0,2,False,True,False
2000001844,2023-12,0.0,0.0,0.0,0,0,0,0,0,2,2.0,415.65999999999997,0,0,2,False,True,False
2000001844,2024-02,0.0,0.0,0.0,0,0,0,0,0,1,1.0,87.48,0,0,1,False,True,False
2000001844,2024-03,0.0,0.0,0.0,0,0,0,0,0,2,2.0,2436.8,0,0,2,False,True,False
2000001844,2024-06,0.0,0.0,0.0,0,0,0,0,0,1,1.0,0.01,0,0,1,False,True,False
2000001844,2024-07,0.0,0.0,0.0,0,0,0,0,0,4,7.0,1091.0700000000002,3,0,4,False,True,False
2000001844,2024-08,0.0,0.0,0.0,0,0,0,0,0,1,1.0,9.24,1,0,1,False,True,False
2000001844,2024-09,0.0,0.0,0.0,0,0,0,0,0,1,1.0,47.46,0,0,1,False,True,False
2000001844,2024-10,0.0,0.0,0.0,0,0,0,0,0,2,2.0,1831.51,0,0,2,False,True,False
2000001844,2024-11,0.0,0.0,0.0,0,0,0,0,0,1,1.0,424.91,0,0,1,False,True,False
2000001844,2025-01,0.0,0.0,0.0,0,0,0,0,0,10,22.0,8327.12,2,0,10,False,True,False
2000001844,2025-02,0.0,0.0,0.0,0,0,0,0,0,3,3.0,2493.69,0,0,3,False,True,False
2000001844,2025-03,0.0,0.0,0.0,0,0,0,0,0,1,1.0,469.95,1,1,0,False,True,False
2000001844,2025-04,0.0,0.0,0.0,0,0,0,0,0,3,3.0,1344.83,0,0,3,False,True,False
2000001844,2025-05,0.0,0.0,0.0,0,0,0,0,0,1,1.0,0.01,0,0,1,False,True,False
2000001844,2025-06,0.0,0.0,0.0,0,0,0,0,0,4,4.0,133.16,0,0,4,False,True,False
2000001844,2025-07,0.0,0.0,0.0,0,0,0,0,0,1,1.0,133.14,0,0,1,False,True,False
2000001844,2025-08,0.0,0.0,0.0,0,0,0,0,0,2,2.0,0.0,2,0,2,False,True,False
2000001844,2025-10,0.0,0.0,0.0,0,0,0,0,0,4,11.0,4537.71,1,0,4,False,True,False
2000001844,2025-11,0.0,3.0,-3.0,1,0,1,1,1,1,1.0,474.5,0,0,1,True,True,False
2000001844,2025-12,0.0,0.0,0.0,0,0,0,0,0,4,7.0,7373.58,0,0,4,False,True,False
2000001844,2026-01,0.0,0.0,0.0,0,0,0,0,0,2,2.0,1513.87,0,1,1,False,True,False
2000001844,2026-02,0.0,0.0,0.0,0,0,0,0,0,1,1.0,0.0,0,0,0,False,True,False
2000002674,2019-05,0.0,0.0,0.0,0,0,0,0,0,18,178.0,60927.52,0,0,18,False,True,False
2000002674,2019-07,0.0,0.0,0.0,0,0,0,0,0,1,1.0,220.01,0,0,1,False,True,False
2000002674,2019-08,0.0,0.0,0.0,0,0,0,0,0,2,0.0,0.0,0,0,2,False,True,False
2000002674,2019-11,0.0,0.0,0.0,0,0,0,0,0,3,3.0,1316.81,0,0,3,False,True,False
2000002674,2020-07,0.0,0.0,0.0,0,0,0,0,0,3,3.0,1416.3799999999999,3,0,3,False,True,False
2000002674,2020-09,0.0,0.0,0.0,0,0,0,0,0,1,1.0,220.01,0,0,1,False,True,False
2000002674,2020-10,0.0,0.0,0.0,0,0,0,0,0,3,32.0,0.32,0,0,3,False,True,False
2000002674,2021-01,0.0,0.0,0.0,0,0,0,0,0,5,5.0,3017.23,0,0,5,False,True,False
2000002674,2021-03,0.0,0.0,0.0,0,0,0,0,0,1,1.0,585.67,0,0,1,False,True,False
2000002674,2022-05,0.0,0.0,0.0,0,0,0,0,0,1,1.0,268.82,1,0,1,False,True,False
2000002674,2025-11,0.0,6.0,-6.0,3,0,3,3,1,0,0.0,0.0,0,0,0,True,False,False
2000003027,2019-04,0.0,0.0,0.0,0,0,0,0,0,1,2.0,504.1,0,0,1,False,True,False
2000003027,2019-05,0.0,0.0,0.0,0,0,0,0,0,2,25.0,6301.25,0,0,2,False,True,False
2000003027,2019-08,0.0,0.0,0.0,0,0,0,0,0,2,26.0,6553.3,0,0,2,False,True,False
2000003027,2019-12,0.0,0.0,0.0,0,0,0,0,0,1,30.0,7561.5,0,0,1,False,True,False
2000003027,2020-10,0.0,0.0,0.0,0,0,0,0,0,1,1.0,252.05,0,0,1,False,True,False
2000003027,2020-11,0.0,0.0,0.0,0,0,0,0,0,1,1.0,252.05,1,0,1,False,True,False
2000003027,2021-03,0.0,0.0,0.0,0,0,0,0,0,1,1.0,252.05,1,0,1,False,True,False
2000003027,2024-10,0.0,0.0,0.0,0,0,0,0,0,2,960.0,23337.6,2,0,2,False,True,False
2000004072,2021-05,0.0,0.0,0.0,0,0,0,0,0,1,4.0,8.2,0,0,1,False,True,False
2000004072,2022-04,0.0,0.0,0.0,0,0,0,0,0,1,1.0,0.0,0,0,1,False,True,False
2000004072,2023-06,0.0,0.0,0.0,0,0,0,0,0,1,1.0,599.94,0,0,1,False,True,False
2000004072,2023-07,0.0,0.0,0.0,0,0,0,0,0,1,1.0,0.0,1,0,1,False,True,False
2000004072,2023-08,0.0,0.0,0.0,0,0,0,0,0,1,1.0,0.0,1,0,1,False,True,False
2000004072,2024-03,0.0,0.0,0.0,0,0,0,0,0,2,2.0,0.01,0,0,2,False,True,False
2000004072,2024-04,0.0,0.0,0.0,0,0,0,0,0,1,1.0,290.15,1,0,1,False,True,False
2000004072,2024-06,0.0,0.0,0.0,0,0,0,0,0,4,23.0,4931.45,0,0,4,False,True,False
2000004072,2024-08,0.0,0.0,0.0,0,0,0,0,0,5,12.0,361.45,0,0,5,False,True,False
2000004072,2024-11,0.0,0.0,0.0,0,0,0,0,0,2,2.0,155.16,1,0,2,False,True,False
2000004072,2025-04,0.0,0.0,0.0,0,0,0,0,0,1,1.0,0.0,1,1,0,False,True,False
2000004072,2025-08,0.0,0.0,0.0,0,0,0,0,0,1,1.0,155.16,1,0,1,False,True,False
2000004123,2019-04,0.0,0.0,0.0,0,0,0,0,0,3,3.0,2632.58,0,0,3,False,True,True
2000004123,2019-05,0.0,0.0,0.0,0,0,0,0,0,16,13.0,9162.58,2,0,16,False,True,True
2000004123,2019-06,0.0,0.0,0.0,0,0,0,0,0,14,14.0,8820.18,1,0,14,False,True,True
2000004123,2019-07,0.0,0.0,0.0,0,0,0,0,0,3,3.0,1570.06,1,0,3,False,True,True
2000004123,2019-08,0.0,0.0,0.0,0,0,0,0,0,2,2.0,1132.74,1,0,2,False,True,True
2000004123,2019-09,0.0,0.0,0.0,0,0,0,0,0,1,1.0,332.56,0,0,1,False,True,True
2000004123,2019-10,0.0,0.0,0.0,0,0,0,0,0,4,56.0,1113.08,2,0,4,False,True,True
2000004123,2019-11,0.0,0.0,0.0,0,0,0,0,0,3,3.0,2700.77,0,0,3,False,True,True
2000004123,2019-12,0.0,0.0,0.0,0,0,0,0,0,5,5.0,2090.92,1,0,5,False,True,True
2000004123,2020-01,0.0,0.0,0.0,0,0,0,0,0,1,1.0,61.77,0,0,1,False,True,True
2000004123,2020-02,0.0,0.0,0.0,0,0,0,0,0,7,51.0,9623.699999999999,5,0,7,False,True,True
2000004123,2020-05,0.0,0.0,0.0,0,0,0,0,0,3,3.0,1729.65,2,0,3,False,True,True
2000004123,2020-06,0.0,0.0,0.0,0,0,0,0,0,8,10.0,5432.18,2,0,8,False,True,True
2000004123,2020-07,0.0,0.0,0.0,0,0,0,0,0,5,5.0,3236.35,2,0,5,False,True,True
2000004123,2020-08,0.0,0.0,0.0,0,0,0,0,0,11,12.0,7776.48,6,0,11,False,True,True
2000004123,2020-09,0.0,0.0,0.0,0,0,0,0,0,5,5.0,3098.84,3,0,5,False,True,True
2000004123,2020-10,0.0,0.0,0.0,0,0,0,0,0,7,17.0,4600.7699999999995,2,0,7,False,True,True
2000004123,2020-11,0.0,0.0,0.0,0,0,0,0,0,2,2.0,2300.02,0,0,2,False,True,True
2000004123,2020-12,0.0,0.0,0.0,0,0,0,0,0,8,13.0,13796.26,3,0,7,False,True,True
2000004123,2021-01,0.0,0.0,0.0,0,0,0,0,0,7,12.0,13979.96,2,0,7,False,True,True
2000004123,2021-02,0.0,0.0,0.0,0,0,0,0,0,16,59.0,12260.92,9,0,16,False,True,True
2000004123,2021-03,0.0,0.0,0.0,0,0,0,0,0,5,6.0,1834.1799999999998,1,0,5,False,True,True
2000004123,2021-04,0.0,0.0,0.0,0,0,0,0,0,5,16.0,3369.32,3,0,5,False,True,True
2000004123,2021-05,0.0,0.0,0.0,0,0,0,0,0,8,31.0,7493.87,5,0,8,False,True,True
2000004123,2021-06,0.0,0.0,0.0,0,0,0,0,0,7,11.0,4639.370000000001,3,0,7,False,True,True
2000004123,2021-07,0.0,0.0,0.0,0,0,0,0,0,6,6.0,2204.29,0,0,6,False,True,True
2000004123,2021-08,0.0,0.0,0.0,0,0,0,0,0,3,3.0,5330.79,1,0,3,False,True,True
2000004123,2021-09,0.0,0.0,0.0,0,0,0,0,0,6,9.0,3915.58,0,0,6,False,True,True
2000004123,2021-10,0.0,0.0,0.0,0,0,0,0,0,1,2.0,665.12,0,0,1,False,True,True
2000004123,2021-11,0.0,0.0,0.0,0,0,0,0,0,6,9.0,6610.570000000001,2,0,6,False,True,True
2000004123,2021-12,0.0,0.0,0.0,0,0,0,0,0,4,10.0,2643.96,1,0,4,False,True,True
2000004123,2022-01,0.0,0.0,0.0,0,0,0,0,0,3,22.0,2146.9,1,0,3,False,True,True
2000004123,2022-02,0.0,0.0,0.0,0,0,0,0,0,2,2.0,3553.86,0,0,2,False,True,True
2000004123,2022-03,0.0,0.0,0.0,0,0,0,0,0,8,48.0,11734.74,2,0,8,False,True,True
2000004123,2022-04,0.0,0.0,0.0,0,0,0,0,0,6,6.0,4212.35,2,0,6,False,True,True
2000004123,2022-05,0.0,0.0,0.0,0,0,0,0,0,2,4.0,1287.1799999999998,0,0,2,False,True,True
2000004123,2022-06,0.0,0.0,0.0,0,0,0,0,0,4,25.0,5264.05,2,0,4,False,True,True
2000004123,2022-07,0.0,0.0,0.0,0,0,0,0,0,6,7.0,6570.78,1,0,6,False,True,True
2000004123,2022-08,0.0,0.0,0.0,0,0,0,0,0,3,3.0,3886.42,2,0,3,False,True,True
2000004123,2022-09,0.0,0.0,0.0,0,0,0,0,0,2,2.0,1814.05,0,0,2,False,True,True
2000004123,2022-10,0.0,0.0,0.0,0,0,0,0,0,1,1.0,1776.93,0,0,1,False,True,True
2000004123,2022-11,0.0,0.0,0.0,0,0,0,0,0,2,3.0,361249.74,0,0,2,False,True,True
2000004123,2023-01,0.0,0.0,0.0,0,0,0,0,0,3,3.0,0.03,0,0,3,False,True,True
2000004123,2023-02,0.0,0.0,0.0,0,0,0,0,0,4,9.0,0.09000000000000001,0,0,4,False,True,True
2000004123,2023-04,0.0,0.0,0.0,0,0,0,0,0,2,2.0,1361.6499999999999,0,0,2,False,True,True
2000004123,2023-05,0.0,0.0,0.0,0,0,0,0,0,1,1.0,812.89,1,0,1,False,True,True
2000004123,2023-06,0.0,0.0,0.0,0,0,0,0,0,4,5.0,3132.19,2,0,4,False,True,True
2000004123,2023-07,0.0,0.0,0.0,0,0,0,0,0,5,10.0,1472.4,5,0,5,False,True,True
2000004123,2023-08,0.0,0.0,0.0,0,0,0,0,0,4,4.0,3164.6899999999996,1,0,4,False,True,True
2000004123,2023-09,0.0,0.0,0.0,0,0,0,0,0,1,1.0,37.12,1,0,1,False,True,True
2000004123,2023-10,0.0,0.0,0.0,0,0,0,0,0,51,53.0,1776.0700000000002,46,0,51,False,True,True
2000004123,2023-11,0.0,0.0,0.0,0,0,0,0,0,45,45.0,2061.4100000000003,43,0,45,False,True,True
2000004123,2023-12,0.0,0.0,0.0,0,0,0,0,0,3,3.0,1418301.44,2,0,3,False,True,True
2000004123,2024-01,0.0,0.0,0.0,0,0,0,0,0,2,2.0,678.44,0,0,2,False,True,True
2000004123,2024-03,0.0,0.0,0.0,0,0,0,0,0,11,11.0,15287.730000000001,8,0,11,False,True,True
2000004123,2024-04,0.0,0.0,0.0,0,0,0,0,0,1,5.0,0.0,1,0,1,False,True,True
2000004123,2024-05,0.0,0.0,0.0,0,0,0,0,0,1,1.0,812.89,0,0,1,False,True,True
2000004123,2024-07,0.0,0.0,0.0,0,0,0,0,0,3,4.0,1336.2700000000002,1,0,3,False,True,True
2000004123,2024-08,0.0,0.0,0.0,0,0,0,0,0,1,1.0,0.01,0,0,1,False,True,True
2000004123,2024-10,0.0,0.0,0.0,0,0,0,0,0,1,1.0,937.38,0,0,1,False,True,True
2000004123,2024-11,0.0,0.0,0.0,0,0,0,0,0,2,2.0,10.46,0,0,2,False,True,True
2000004123,2024-12,0.0,0.0,0.0,0,0,0,0,0,1,1.0,812.89,1,0,1,False,True,True
2000004123,2025-02,0.0,0.0,0.0,0,0,0,0,0,1,1.0,812.89,1,0,1,False,True,True
2000004123,2025-03,0.0,0.0,0.0,0,0,0,0,0,1,1.0,135.22,1,0,1,False,True,True
2000004123,2025-06,0.0,0.0,0.0,0,0,0,0,0,1,1.0,58.87,0,0,1,False,True,True
2000004123,2025-11,0.0,0.0,0.0,0,0,0,0,0,1,1.0,1359.37,0,0,1,False,True,True
2000004123,2025-12,0.0,0.0,0.0,0,0,0,0,0,1,1.0,0.01,0,0,1,False,True,True
2000010197,2024-01,0.0,0.0,0.0,0,0,0,0,0,1,1.0,539.53,1,0,1,False,True,False
2000010197,2024-10,0.0,0.0,0.0,0,0,0,0,0,1,1.0,539.53,1,0,1,False,True,False
2000010197,2025-04,10.0,0.0,10.0,1,1,0,1,1,0,0.0,0.0,0,0,0,True,False,False
2000010197,2025-09,0.0,0.0,0.0,0,0,0,0,0,1,1.0,539.53,0,0,1,False,True,False
2000033413,2019-05,0.0,0.0,0.0,0,0,0,0,0,2,2.0,9641.869999999999,0,0,2,False,True,False
2000033413,2019-06,0.0,0.0,0.0,0,0,0,0,0,1,1.0,1057.22,0,0,1,False,True,False
2000033413,2019-07,0.0,0.0,0.0,0,0,0,0,0,1,1.0,109975.9,1,0,1,False,True,False
2000033413,2019-08,0.0,0.0,0.0,0,0,0,0,0,1,1.0,2837.23,0,0,1,False,True,False
2000033413,2019-09,0.0,0.0,0.0,0,0,0,0,0,1,1.0,8584.65,1,0,1,False,True,False
2000033413,2019-10,0.0,0.0,0.0,0,0,0,0,0,4,4.0,28591.18,3,0,4,False,True,False
2000033413,2019-11,0.0,0.0,0.0,0,0,0,0,0,3,3.0,219951.81,3,0,3,False,True,False
2000033413,2019-12,0.0,0.0,0.0,0,0,0,0,0,1,1.0,8584.65,1,0,1,False,True,False
2000033413,2020-01,0.0,0.0,0.0,0,0,0,0,0,9,55.0,1455440.65,6,0,7,False,True,False
2000033413,2020-02,0.0,0.0,0.0,0,0,0,0,0,2,2.0,17169.3,2,0,2,False,True,False
2000033413,2020-03,0.0,0.0,0.0,0,0,0,0,0,1,1.0,109975.9,1,0,1,False,True,False
2000033413,2020-05,0.0,0.0,0.0,0,0,0,0,0,1,1.0,8584.65,1,0,1,False,True,False
2000033413,2020-06,0.0,0.0,0.0,0,0,0,0,0,2,2.0,118560.54999999999,2,0,2,False,True,False
2000033413,2020-07,0.0,0.0,0.0,0,0,0,0,0,3,3.0,127145.19999999998,3,0,3,False,True,False
2000033413,2020-08,0.0,0.0,0.0,0,0,0,0,0,1,1.0,8584.65,1,0,1,False,True,False
2000033413,2020-09,0.0,0.0,0.0,0,0,0,0,0,9,29.0,79442.45,9,0,9,False,True,False
2000033413,2020-10,0.0,0.0,0.0,0,0,0,0,0,6,32.0,3098181.24,4,0,5,False,True,False
2000033413,2020-11,0.0,0.0,0.0,0,0,0,0,0,2,2.0,118560.54999999999,0,0,2,False,True,False
2000033413,2020-12,0.0,0.0,0.0,0,0,0,0,0,1,1.0,8584.65,1,0,1,False,True,False
2000033413,2021-01,0.0,0.0,0.0,0,0,0,0,0,5,11.0,190074.97999999998,4,0,5,False,True,False
2000033413,2021-02,0.0,0.0,0.0,0,0,0,0,0,9,9.0,68920.01,8,0,9,False,True,False
2000033413,2021-03,0.0,0.0,0.0,0,0,0,0,0,5,6.0,254290.39999999997,3,0,5,False,True,False
2000033413,2021-04,0.0,0.0,0.0,0,0,0,0,0,3,3.0,228536.44999999998,3,0,3,False,True,False
2000033413,2021-05,0.0,0.0,0.0,0,0,0,0,0,2,2.0,17169.3,0,0,2,False,True,False
2000033413,2021-06,0.0,0.0,0.0,0,0,0,0,0,2,2.0,118560.54999999999,2,0,2,False,True,False
2000033413,2021-08,0.0,0.0,0.0,0,0,0,0,0,4,4.0,338512.35,2,0,4,False,True,False
2000033413,2021-09,0.0,0.0,0.0,0,0,0,0,0,1,1.0,1057.22,1,0,1,False,True,False
2000033413,2021-10,0.0,0.0,0.0,0,0,0,0,0,3,8.0,778415.95,0,0,3,False,True,False
2000033413,2021-11,0.0,0.0,0.0,0,0,0,0,0,4,4.0,338512.35,3,0,4,False,True,False
2000033413,2021-12,0.0,0.0,0.0,0,0,0,0,0,3,3.0,228536.44999999998,0,0,3,False,True,False
2000033413,2022-01,0.0,0.0,0.0,0,0,0,0,0,1,1.0,109975.9,1,0,1,False,True,False
2000033413,2022-02,0.0,0.0,0.0,0,0,0,0,0,1,1.0,0.01,1,0,1,False,True,False
2000033413,2022-03,0.0,0.0,0.0,0,0,0,0,0,4,4.0,237121.09999999998,3,0,4,False,True,False
2000033413,2022-04,0.0,0.0,0.0,0,0,0,0,0,1,1.0,109975.9,1,0,1,False,True,False
2000033413,2022-05,0.0,0.0,0.0,0,0,0,0,0,2,4.0,113147.56,2,0,2,False,True,False
2000033413,2022-06,0.0,0.0,0.0,0,0,0,0,0,2,2.0,111033.12,1,0,2,False,True,False
2000033413,2022-07,0.0,0.0,0.0,0,0,0,0,0,2,2.0,17169.3,0,0,2,False,True,False
2000033413,2022-10,0.0,0.0,0.0,0,0,0,0,0,2,5.0,4228.89,1,0,2,False,True,False
2000033413,2023-01,0.0,0.0,0.0,0,0,0,0,0,1,1.0,109975.9,1,0,1,False,True,False
2000033413,2023-02,0.0,0.0,0.0,0,0,0,0,0,2,2.0,118560.54999999999,0,0,2,False,True,False
2000033413,2023-03,0.0,0.0,0.0,0,0,0,0,0,2,2.0,9641.869999999999,1,0,2,False,True,False
2000033413,2023-04,0.0,0.0,0.0,0,0,0,0,0,2,2.0,111431.04,1,0,2,False,True,False
2000033413,2023-05,0.0,0.0,0.0,0,0,0,0,0,1,1.0,0.01,1,0,1,False,True,False
2000033413,2023-07,0.0,0.0,0.0,0,0,0,0,0,3,8.0,778415.9500000001,1,0,3,False,True,False
2000033413,2023-08,0.0,0.0,0.0,0,0,0,0,0,1,1.0,109975.9,1,0,1,False,True,False
2000033413,2023-10,0.0,0.0,0.0,0,0,0,0,0,2,2.0,219951.8,1,0,2,False,True,False
2000033413,2023-11,0.0,0.0,0.0,0,0,0,0,0,2,2.0,111033.12,2,0,2,False,True,False
2000033413,2023-12,0.0,0.0,0.0,0,0,0,0,0,1,1.0,109975.9,1,0,1,False,True,False
2000033413,2024-01,0.0,0.0,0.0,0,0,0,0,0,3,3.0,228536.44999999998,1,0,3,False,True,False
2000033413,2024-02,0.0,0.0,0.0,0,0,0,0,0,3,3.0,228536.44999999998,1,0,3,False,True,False
2000033413,2024-03,0.0,0.0,0.0,0,0,0,0,0,7,7.0,668440.0499999999,2,0,7,False,True,False
2000033413,2024-04,0.0,0.0,0.0,0,0,0,0,0,6,6.0,549879.51,3,0,6,False,True,False
2000033413,2024-05,0.0,0.0,0.0,0,0,0,0,0,2,2.0,1057.23,1,0,2,False,True,False
2000033413,2024-06,0.0,0.0,0.0,0,0,0,0,0,2,2.0,219951.8,2,0,2,False,True,False
2000033413,2024-07,0.0,0.0,0.0,0,0,0,0,0,5,7.0,338512.35,4,0,4,False,True,False
2000033413,2024-08,0.0,0.0,0.0,0,0,0,0,0,1,1.0,109975.9,1,0,1,False,True,False
2000033413,2024-09,0.0,0.0,0.0,0,0,0,0,0,3,3.0,3171.66,3,0,3,False,True,False
2000033413,2024-10,0.0,0.0,0.0,0,0,0,0,0,3,4.0,118560.56999999999,2,0,3,False,True,False
2000033413,2024-11,0.0,0.0,0.0,0,0,0,0,0,4,4.0,237121.09999999998,4,0,4,False,True,False
2000033413,2024-12,0.0,0.0,0.0,0,0,0,0,0,1,1.0,8584.65,1,0,1,False,True,False
2000033413,2025-01,0.0,0.0,0.0,0,0,0,0,0,3,3.0,329927.69999999995,3,0,3,False,True,False
2000033413,2025-03,32.0,0.0,32.0,16,16,0,4,1,2,2.0,219951.8,2,0,2,True,True,False
2000033413,2025-04,3.0,0.0,3.0,3,3,0,2,3,2,2.0,219951.8,1,0,2,True,True,False
2000033413,2025-05,34.0,0.0,34.0,18,18,0,4,3,5,5.0,448488.25,4,3,2,True,True,False
2000033413,2025-06,27.0,0.0,27.0,15,15,0,4,4,6,7.0,344186.82,5,4,2,True,True,False
2000033413,2025-07,43.0,0.0,43.0,23,23,0,4,5,5,6.0,242795.55999999997,3,4,1,True,True,False
2000033413,2025-08,0.0,0.0,0.0,0,0,0,0,0,2,2.0,8584.66,2,2,0,False,True,False
2000033413,2025-09,65.0,0.0,65.0,33,33,0,4,2,0,0.0,0.0,0,0,0,True,False,False
2000033413,2025-10,18.0,0.0,18.0,10,10,0,4,3,7,7.0,338512.38,7,2,5,True,True,False
2000033413,2025-11,0.0,0.0,0.0,0,0,0,0,0,2,2.0,109975.90999999999,1,2,0,False,True,False
2000033413,2025-12,46.0,0.0,46.0,25,25,0,4,6,2,2.0,8584.66,2,2,0,True,True,False
2000033413,2026-01,106.0,53.0,53.0,6,4,2,2,2,2,2.0,219951.8,2,2,0,True,True,False
2000033413,2026-02,0.0,0.0,0.0,0,0,0,0,0,1,1.0,109975.9,1,1,0,False,True,False
2000033414,2019-05,0.0,0.0,0.0,0,0,0,0,0,4,5.0,265.9,0,0,4,False,True,False
2000033414,2019-07,0.0,0.0,0.0,0,0,0,0,0,2,3.0,159.54,0,0,2,False,True,False
2000033414,2022-07,0.0,0.0,0.0,0,0,0,0,0,1,1.0,53.18,1,0,1,False,True,False
2000033414,2024-01,0.0,0.0,0.0,0,0,0,0,0,1,1.0,53.18,0,0,1,False,True,False
2000033414,2025-05,897.0,0.0,897.0,4,4,0,4,1,0,0.0,0.0,0,0,0,True,False,False
2000033415,2019-05,0.0,0.0,0.0,0,0,0,0,0,2,2.0,0.02,0,0,2,False,True,False
2000033415,2019-06,0.0,0.0,0.0,0,0,0,0,0,15,60.0,3371.45,1,0,15,False,True,False
2000033415,2019-07,0.0,0.0,0.0,0,0,0,0,0,2,21.0,210.67999999999998,2,0,2,False,True,False
2000033415,2019-08,0.0,0.0,0.0,0,0,0,0,0,1,21.0,4420.08,0,0,1,False,True,False
2000033415,2019-09,0.0,0.0,0.0,0,0,0,0,0,1,1.0,191.99,0,0,1,False,True,False
2000033415,2020-06,0.0,0.0,0.0,0,0,0,0,0,2,2.0,255.9,0,0,2,False,True,False
2000033415,2020-07,0.0,0.0,0.0,0,0,0,0,0,1,1.0,191.99,0,0,1,False,True,False
2000033415,2020-09,0.0,0.0,0.0,0,0,0,0,0,1,1.0,210.48,0,0,1,False,True,False
2000033415,2020-12,0.0,0.0,0.0,0,0,0,0,0,2,57.0,5.29,1,0,1,False,True,False
2000033415,2021-01,0.0,0.0,0.0,0,0,0,0,0,1,1.0,14.54,1,0,1,False,True,False
2000033415,2021-02,0.0,0.0,0.0,0,0,0,0,0,2,2.0,43.57,2,0,2,False,True,False
2000033415,2021-03,0.0,0.0,0.0,0,0,0,0,0,1,1.0,28.4,0,0,1,False,True,False
2000033415,2021-04,0.0,0.0,0.0,0,0,0,0,0,1,1.0,123.43,1,0,1,False,True,False
2000033415,2021-06,0.0,0.0,0.0,0,0,0,0,0,3,4.0,619.13,0,0,3,False,True,False
2000033415,2021-08,0.0,0.0,0.0,0,0,0,0,0,1,1.0,210.48,1,0,1,False,True,False
2000033415,2021-09,0.0,0.0,0.0,0,0,0,0,0,15,15.0,2629.5699999999997,2,0,15,False,True,False
2000033415,2021-10,0.0,0.0,0.0,0,0,0,0,0,1,1.0,28.4,0,0,1,False,True,False
2000033415,2021-11,0.0,0.0,0.0,0,0,0,0,0,3,3.0,430.87,0,0,3,False,True,False
2000033415,2021-12,0.0,0.0,0.0,0,0,0,0,0,1,32.0,3949.76,0,0,1,False,True,False
2000033415,2022-02,0.0,0.0,0.0,0,0,0,0,0,1,1.0,5.29,1,0,1,False,True,False
2000033415,2022-03,0.0,0.0,0.0,0,0,0,0,0,1,1.0,210.48,1,0,1,False,True,False
2000033415,2022-04,0.0,0.0,0.0,0,0,0,0,0,1,1.0,123.43,0,0,1,False,True,False
2000033415,2022-06,0.0,0.0,0.0,0,0,0,0,0,1,1.0,28.4,1,0,1,False,True,False
2000033415,2022-07,0.0,0.0,0.0,0,0,0,0,0,4,4.0,300.89,4,0,4,False,True,False
2000033415,2022-08,0.0,0.0,0.0,0,0,0,0,0,3,6.0,191.99,3,0,3,False,True,False
2000033415,2022-10,0.0,0.0,0.0,0,0,0,0,0,1,1.0,63.91,1,0,1,False,True,False
2000033415,2023-06,0.0,0.0,0.0,0,0,0,0,0,4,4.0,51.42,0,0,4,False,True,False
2000033415,2023-08,0.0,0.0,0.0,0,0,0,0,0,3,3.0,724.7,1,0,3,False,True,False
2000033415,2023-12,0.0,0.0,0.0,0,0,0,0,0,1,1.0,63.91,0,0,1,False,True,False
2000033415,2024-01,0.0,0.0,0.0,0,0,0,0,0,3,4.0,98.47,2,0,3,False,True,False
2000033415,2024-03,0.0,0.0,0.0,0,0,0,0,0,1,1.0,63.91,0,0,1,False,True,False
2000033415,2024-04,0.0,0.0,0.0,0,0,0,0,0,1,1.0,88.27,1,0,1,False,True,False
2000033415,2024-06,0.0,0.0,0.0,0,0,0,0,0,3,31.0,6358.47,0,0,3,False,True,False
2000033415,2024-07,0.0,0.0,0.0,0,0,0,0,0,2,3.0,575.97,2,0,2,False,True,False
2000033415,2024-08,0.0,0.0,0.0,0,0,0,0,0,2,2.0,22.939999999999998,2,0,2,False,True,False
2000033415,2024-12,0.0,0.0,0.0,0,0,0,0,0,1,48.0,14340.96,1,0,1,False,True,False
2000033415,2025-02,0.0,0.0,0.0,0,0,0,0,0,3,3.0,235.17999999999998,1,0,3,False,True,False
2000033415,2025-03,82.0,0.0,82.0,5,5,0,5,5,0,0.0,0.0,0,0,0,True,False,False
2000033415,2025-04,68.0,0.0,68.0,13,13,0,12,6,0,0.0,0.0,0,0,0,True,False,False
2000033415,2025-05,1238.0,0.0,1238.0,25,25,0,23,5,2,2.0,199.76000000000002,1,0,2,True,True,False
2000033415,2025-06,221.0,0.0,221.0,5,5,0,5,2,0,0.0,0.0,0,0,0,True,False,False
2000033415,2025-07,3.0,0.0,3.0,2,2,0,1,2,3,8.0,1570.5900000000001,1,0,3,True,True,False
2000033415,2025-09,11.0,1.0,10.0,7,6,1,5,4,0,0.0,0.0,0,0,0,True,False,False
2000033415,2025-10,38.0,0.0,38.0,3,3,0,3,3,1,1.0,226.66,1,0,1,True,True,False
2000033415,2025-11,96.0,0.0,96.0,6,6,0,6,1,0,0.0,0.0,0,0,0,True,False,False
2000033415,2025-12,8.0,0.0,8.0,1,1,0,1,1,0,0.0,0.0,0,0,0,True,False,False
2000033415,2026-01,22.0,0.0,22.0,5,5,0,4,3,0,0.0,0.0,0,0,0,True,False,False
2000033418,2021-02,0.0,0.0,0.0,0,0,0,0,0,1,1.0,5437.61,1,0,1,False,True,False
2000033418,2021-07,0.0,0.0,0.0,0,0,0,0,0,1,1.0,35783.71,1,0,1,False,True,False
2000033418,2021-12,0.0,0.0,0.0,0,0,0,0,0,1,2.0,194.18,0,0,1,False,True,False
2000033418,2022-08,0.0,0.0,0.0,0,0,0,0,0,1,1.0,5437.61,0,0,1,False,True,False
2000033418,2022-09,0.0,0.0,0.0,0,0,0,0,0,2,2.0,1255.22,1,0,2,False,True,False
2000033418,2023-05,0.0,0.0,0.0,0,0,0,0,0,1,1.0,232.52,1,0,1,False,True,False
2000033418,2023-08,0.0,0.0,0.0,0,0,0,0,0,1,1.0,35783.71,1,0,1,False,True,False
2000033418,2023-09,0.0,0.0,0.0,0,0,0,0,0,5,8.0,74615.02,2,0,5,False,True,False
2000033418,2023-10,0.0,0.0,0.0,0,0,0,0,0,1,2.0,71567.42,1,0,1,False,True,False
2000033418,2023-11,0.0,0.0,0.0,0,0,0,0,0,1,1.0,5821.63,0,0,1,False,True,False
2000033418,2023-12,0.0,0.0,0.0,0,0,0,0,0,4,7.0,130637.65,4,0,4,False,True,False
2000033418,2024-01,0.0,0.0,0.0,0,0,0,0,0,1,1.0,5821.63,1,0,1,False,True,False
2000033418,2024-04,0.0,0.0,0.0,0,0,0,0,0,5,5.0,82826.67,4,0,5,False,True,False
2000033418,2024-06,0.0,0.0,0.0,0,0,0,0,0,4,5.0,74469.69,1,0,4,False,True,False
2000033418,2024-07,0.0,0.0,0.0,0,0,0,0,0,2,2.0,10875.22,1,0,2,False,True,False
2000033418,2024-08,0.0,0.0,0.0,0,0,0,0,0,2,3.0,3276.9500000000003,1,0,2,False,True,False
2000033418,2024-09,0.0,0.0,0.0,0,0,0,0,0,1,1.0,5821.63,1,0,1,False,True,False
2000033418,2024-10,0.0,0.0,0.0,0,0,0,0,0,2,2.0,2029.8600000000001,1,0,2,False,True,False
2000033418,2024-11,0.0,0.0,0.0,0,0,0,0,0,5,6.0,53254.68,4,0,5,False,True,False
2000033418,2024-12,0.0,0.0,0.0,0,0,0,0,0,2,2.0,71567.42,1,1,1,False,True,False
2000033418,2025-01,0.0,0.0,0.0,0,0,0,0,0,2,3.0,4842.46,1,0,2,False,True,False
2000033418,2025-02,51.0,0.0,51.0,22,22,0,15,5,2,2.0,3970.73,1,0,2,True,True,False
2000033418,2025-03,98.0,1.0,97.0,19,18,1,14,5,2,2.0,3970.73,0,1,1,True,True,False
2000033418,2025-04,19.0,0.0,19.0,4,4,0,3,4,2,2.0,6693.360000000001,1,0,2,True,True,False
2000033418,2025-05,46.0,0.0,46.0,4,4,0,4,3,4,4.0,2029.88,3,2,2,True,True,False
2000033418,2025-06,2.0,0.0,2.0,2,2,0,2,2,0,0.0,0.0,0,0,0,True,False,False
2000033418,2025-07,4.0,0.0,4.0,3,3,0,2,3,0,0.0,0.0,0,0,0,True,False,False
2000033418,2025-08,6.0,5.0,1.0,5,3,2,2,3,2,2.0,2173.4,2,2,0,True,True,False
2000033418,2025-09,1.0,1.0,0.0,2,1,1,1,2,3,18.0,609382.48,2,2,1,True,True,False
2000033418,2025-10,9.0,0.0,9.0,6,6,0,3,4,2,2.0,2074.6800000000003,2,1,1,True,True,False
2000033418,2025-11,5.0,0.0,5.0,4,4,0,4,4,1,1.0,1158.13,1,1,0,True,True,False
2000033418,2025-12,1.0,0.0,1.0,1,1,0,1,1,1,1.0,1158.13,1,1,0,True,True,False
2000033418,2026-01,0.0,0.0,0.0,0,0,0,0,0,3,3.0,39754.44,1,3,0,False,True,False
2000033422,2019-04,0.0,0.0,0.0,0,0,0,0,0,2,2.0,4083.28,0,0,2,False,True,False
2000033422,2019-06,0.0,0.0,0.0,0,0,0,0,0,19,407.0,969308.61,13,0,19,False,True,False
2000033422,2019-07,0.0,0.0,0.0,0,0,0,0,0,6,6.0,12130.58,4,0,6,False,True,False
2000033422,2019-08,0.0,0.0,0.0,0,0,0,0,0,3,3.0,4606.81,3,0,3,False,True,False
2000033422,2019-09,0.0,0.0,0.0,0,0,0,0,0,16,30.0,70134.47,15,0,16,False,True,False
2000033422,2019-11,0.0,0.0,0.0,0,0,0,0,0,5,5.0,11426.26,5,0,5,False,True,False
2000033422,2019-12,0.0,0.0,0.0,0,0,0,0,0,1,1.0,2385.14,1,0,1,False,True,False
2000033422,2020-01,0.0,0.0,0.0,0,0,0,0,0,17,35.0,61829.53,7,0,17,False,True,False
2000033422,2020-02,0.0,0.0,0.0,0,0,0,0,0,2,2.0,4083.28,0,0,2,False,True,False
2000033422,2020-05,0.0,0.0,0.0,0,0,0,0,0,6,7.0,14013.42,1,0,6,False,True,False
2000033422,2020-06,0.0,0.0,0.0,0,0,0,0,0,3,4.0,6828.43,0,0,3,False,True,False
2000033422,2020-07,0.0,0.0,0.0,0,0,0,0,0,1,1.0,2856.24,0,0,1,False,True,False
2000033422,2020-08,0.0,0.0,0.0,0,0,0,0,0,16,297.0,659243.84,15,0,16,False,True,False
2000033422,2020-09,0.0,0.0,0.0,0,0,0,0,0,28,54.0,128793.86,0,0,28,False,True,False
2000033422,2020-10,0.0,0.0,0.0,0,0,0,0,0,6,6.0,11249.0,1,0,6,False,True,False
2000033422,2020-11,0.0,0.0,0.0,0,0,0,0,0,2,2.0,4914.629999999999,0,0,2,False,True,False
2000033422,2020-12,0.0,0.0,0.0,0,0,0,0,0,8,8.0,14144.37,6,0,7,False,True,False
2000033422,2021-02,0.0,0.0,0.0,0,0,0,0,0,8,22.0,41517.07,1,0,8,False,True,False
2000033422,2021-03,0.0,0.0,0.0,0,0,0,0,0,6,7.0,13204.0,4,0,6,False,True,False
2000033422,2021-04,0.0,0.0,0.0,0,0,0,0,0,6,6.0,11140.27,1,0,6,False,True,False
2000033422,2021-05,0.0,0.0,0.0,0,0,0,0,0,9,12.0,28059.74,8,0,9,False,True,False
2000033422,2021-06,0.0,0.0,0.0,0,0,0,0,0,23,29.0,44213.94,3,0,22,False,True,False
2000033422,2021-07,0.0,0.0,0.0,0,0,0,0,0,7,8.0,17768.420000000002,2,0,7,False,True,False
2000033422,2021-08,0.0,0.0,0.0,0,0,0,0,0,2,2.0,4812.6900000000005,0,0,2,False,True,False
2000033422,2021-09,0.0,0.0,0.0,0,0,0,0,0,15,73.0,150222.75999999998,10,0,15,False,True,False
2000033422,2021-10,0.0,0.0,0.0,0,0,0,0,0,2,2.0,4084.08,0,0,2,False,True,False
2000033422,2021-11,0.0,0.0,0.0,0,0,0,0,0,3,2.0,3943.86,1,0,2,False,True,False
2000033422,2021-12,0.0,0.0,0.0,0,0,0,0,0,8,10.0,21973.690000000002,4,0,8,False,True,False
2000033422,2022-01,0.0,0.0,0.0,0,0,0,0,0,3,3.0,5592.98,1,0,3,False,True,False
2000033422,2022-02,0.0,0.0,0.0,0,0,0,0,0,3,3.0,7384.360000000001,2,0,3,False,True,False
2000033422,2022-03,0.0,0.0,0.0,0,0,0,0,0,1,1.0,2385.14,1,0,1,False,True,False
2000033422,2022-04,0.0,0.0,0.0,0,0,0,0,0,2,2.0,4489.84,1,0,2,False,True,False
2000033422,2022-05,0.0,0.0,0.0,0,0,0,0,0,4,4.0,8419.380000000001,0,0,4,False,True,False
2000033422,2022-06,0.0,0.0,0.0,0,0,0,0,0,3,3.0,6874.98,2,0,3,False,True,False
2000033422,2022-07,0.0,0.0,0.0,0,0,0,0,0,2,2.0,4985.08,0,0,2,False,True,False
2000033422,2022-08,0.0,0.0,0.0,0,0,0,0,0,2,3.0,6734.76,2,0,2,False,True,False
2000033422,2022-09,0.0,0.0,0.0,0,0,0,0,0,1,1.0,1852.5,0,0,1,False,True,False
2000033422,2023-01,0.0,0.0,0.0,0,0,0,0,0,1,1.0,2363.53,1,0,1,False,True,False
2000033422,2023-02,0.0,0.0,0.0,0,0,0,0,0,3,3.0,4408.59,0,0,3,False,True,False
2000033422,2023-06,0.0,0.0,0.0,0,0,0,0,0,1,4.0,6336.56,0,0,1,False,True,False
2000033422,2023-09,0.0,0.0,0.0,0,0,0,0,0,1,1.0,1064.23,0,0,1,False,True,False
2000033422,2023-11,0.0,0.0,0.0,0,0,0,0,0,1,1.0,2754.3,1,0,1,False,True,False
2000033422,2023-12,0.0,0.0,0.0,0,0,0,0,0,2,2.0,4489.84,2,0,2,False,True,False
2000033422,2024-02,0.0,0.0,0.0,0,0,0,0,0,1,1.0,848.18,1,0,1,False,True,False
2000033422,2024-03,0.0,0.0,0.0,0,0,0,0,0,2,2.0,1881.9899999999998,1,0,2,False,True,False
2000033422,2024-05,0.0,0.0,0.0,0,0,0,0,0,2,2.0,4489.84,0,0,2,False,True,False
2000033422,2024-06,0.0,0.0,0.0,0,0,0,0,0,1,1.0,1033.81,1,0,1,False,True,False
2000033422,2024-07,0.0,0.0,0.0,0,0,0,0,0,1,2.0,4489.84,1,0,1,False,True,False
2000033422,2024-08,0.0,0.0,0.0,0,0,0,0,0,2,2.0,2067.62,2,0,2,False,True,False
2000033422,2024-09,0.0,0.0,0.0,0,0,0,0,0,2,3.0,6734.76,2,0,2,False,True,False
2000033422,2024-10,0.0,0.0,0.0,0,0,0,0,0,2,2.0,4608.450000000001,1,0,2,False,True,False
2000033422,2024-11,0.0,0.0,0.0,0,0,0,0,0,1,7.0,63.98,1,0,1,False,True,False
2000033422,2024-12,0.0,0.0,0.0,0,0,0,0,0,2,2.0,3914.5199999999995,0,0,2,False,True,False
2000033422,2025-01,0.0,0.0,0.0,0,0,0,0,0,9,9.0,20726.87,1,0,9,False,True,False
2000033422,2025-02,0.0,0.0,0.0,0,0,0,0,0,4,4.0,10165.72,0,0,4,False,True,False
2000033422,2025-03,368.0,238.0,130.0,20,19,1,10,8,6,8.0,14411.34,4,0,6,True,True,False
2000033422,2025-04,433.0,0.0,433.0,10,10,0,7,3,12,14.0,18869.809999999998,12,0,12,True,True,False
2000033422,2025-05,458.0,0.0,458.0,10,10,0,10,4,2,2.0,2706.81,0,0,2,True,True,False
2000033422,2025-06,162.0,0.0,162.0,9,9,0,9,3,6,21.0,20678.43,5,0,6,True,True,False
2000033422,2025-07,1.0,0.0,1.0,1,1,0,1,1,2,2.0,2122.51,1,0,2,True,True,False
2000033422,2025-08,26.0,2.0,24.0,6,5,1,4,2,3,4.0,7348.23,3,0,3,True,True,False
2000033422,2025-09,145.0,0.0,145.0,12,12,0,6,1,0,0.0,0.0,0,0,0,True,False,False
2000033422,2025-10,334.0,0.0,334.0,14,14,0,10,4,8,13.0,29894.1,7,1,7,True,True,False
2000033422,2025-11,136.0,0.0,136.0,4,4,0,4,1,1,1.0,2827.32,1,0,1,True,True,False
2000033422,2026-01,0.0,0.0,0.0,0,0,0,0,0,1,1.0,1064.23,0,1,0,False,True,False
2000033424,2019-04,0.0,0.0,0.0,0,0,0,0,0,1,2.0,36.72,0,0,1,False,True,False
2000033424,2019-07,0.0,0.0,0.0,0,0,0,0,0,1,1.0,20.27,0,0,1,False,True,False
2000033424,2019-10,0.0,0.0,0.0,0,0,0,0,0,1,5.0,101.35,1,0,1,False,True,False
2000033424,2019-11,0.0,0.0,0.0,0,0,0,0,0,2,19.0,385.13,0,0,2,False,True,False
2000033424,2020-07,0.0,0.0,0.0,0,0,0,0,0,4,56.0,1114.11,0,0,4,False,True,False
2000033424,2020-12,0.0,0.0,0.0,0,0,0,0,0,1,5.0,91.8,0,0,1,False,True,False
2000033424,2021-01,0.0,0.0,0.0,0,0,0,0,0,2,21.0,425.66999999999996,0,0,2,False,True,False
2000033424,2021-02,0.0,0.0,0.0,0,0,0,0,0,2,29.0,587.8299999999999,1,0,2,False,True,False
2000033424,2021-03,0.0,0.0,0.0,0,0,0,0,0,2,33.0,605.88,0,0,2,False,True,False
2000033424,2021-08,0.0,0.0,0.0,0,0,0,0,0,1,35.0,642.6,0,0,1,False,True,False
2000033424,2021-11,0.0,0.0,0.0,0,0,0,0,0,1,11.0,201.96,1,0,1,False,True,False
2000033424,2022-02,0.0,0.0,0.0,0,0,0,0,0,1,62.0,1138.32,0,0,1,False,True,False
2000033424,2022-06,0.0,0.0,0.0,0,0,0,0,0,1,23.0,422.28,0,0,1,False,True,False
2000033424,2022-09,0.0,0.0,0.0,0,0,0,0,0,1,118.0,2797.78,1,0,1,False,True,False
2000033424,2022-11,0.0,0.0,0.0,0,0,0,0,0,2,2.0,40.54,1,0,2,False,True,False
2000033424,2023-02,0.0,0.0,0.0,0,0,0,0,0,2,30.0,711.3,1,0,2,False,True,False
2000033424,2023-03,0.0,0.0,0.0,0,0,0,0,0,4,6.0,121.62,2,0,4,False,True,False
2000033424,2023-09,0.0,0.0,0.0,0,0,0,0,0,2,50.0,918.0,0,0,2,False,True,False
2000033424,2024-03,0.0,0.0,0.0,0,0,0,0,0,1,1.0,20.27,0,0,1,False,True,False
2000033424,2024-05,0.0,0.0,0.0,0,0,0,0,0,1,4.0,81.08,0,0,1,False,True,False
2000033424,2025-05,40.0,0.0,40.0,8,8,0,8,1,0,0.0,0.0,0,0,0,True,False,False
2000033424,2025-07,1536.0,0.0,1536.0,2,2,0,2,1,0,0.0,0.0,0,0,0,True,False,False
2000033424,2025-09,1536.0,0.0,1536.0,2,2,0,2,1,0,0.0,0.0,0,0,0,True,False,False
2000033424,2025-10,1536.0,0.0,1536.0,2,2,0,2,1,0,0.0,0.0,0,0,0,True,False,False
2000033424,2025-12,1536.0,0.0,1536.0,2,2,0,2,1,0,0.0,0.0,0,0,0,True,False,False
2000033430,2019-04,0.0,0.0,0.0,0,0,0,0,0,1,1.0,1556.56,0,0,1,False,True,False
2000033430,2019-05,0.0,0.0,0.0,0,0,0,0,0,2,6.0,9339.36,0,0,2,False,True,False
2000033430,2019-07,0.0,0.0,0.0,0,0,0,0,0,1,1.0,1556.56,1,0,1,False,True,False
2000033430,2019-09,0.0,0.0,0.0,0,0,0,0,0,2,2.0,3113.12,2,0,2,False,True,False
2000033430,2019-11,0.0,0.0,0.0,0,0,0,0,0,1,1.0,1556.56,0,0,1,False,True,False
2000033430,2019-12,0.0,0.0,0.0,0,0,0,0,0,1,1.0,1556.56,1,0,1,False,True,False
2000033430,2020-01,0.0,0.0,0.0,0,0,0,0,0,3,6.0,9339.36,1,0,3,False,True,False
2000033430,2020-03,0.0,0.0,0.0,0,0,0,0,0,1,3.0,4669.68,0,0,1,False,True,False
2000033430,2020-06,0.0,0.0,0.0,0,0,0,0,0,4,35.0,54479.6,4,0,4,False,True,False
2000033430,2020-07,0.0,0.0,0.0,0,0,0,0,0,2,2.0,3113.12,2,0,2,False,True,False
2000033430,2020-08,0.0,0.0,0.0,0,0,0,0,0,1,21.0,32687.76,1,0,1,False,True,False
2000033430,2020-09,0.0,0.0,0.0,0,0,0,0,0,1,1.0,358531.0,1,0,1,False,True,False
2000033430,2020-10,0.0,0.0,0.0,0,0,0,0,0,1,1.0,1556.56,1,0,1,False,True,False
2000033430,2021-04,0.0,0.0,0.0,0,0,0,0,0,1,4.0,6226.24,1,0,1,False,True,False
2000033430,2021-09,0.0,0.0,0.0,0,0,0,0,0,3,86.0,133864.16,3,0,3,False,True,False
2000033430,2021-10,0.0,0.0,0.0,0,0,0,0,0,2,335.0,3113.12,1,0,1,False,True,False
2000033430,2021-12,0.0,0.0,0.0,0,0,0,0,0,1,21.0,32687.76,1,0,1,False,True,False
2000033430,2022-03,0.0,0.0,0.0,0,0,0,0,0,1,4.0,6226.24,1,0,1,False,True,False
2000033430,2022-04,0.0,0.0,0.0,0,0,0,0,0,1,3.0,4669.68,1,0,1,False,True,False
2000033430,2022-05,0.0,0.0,0.0,0,0,0,0,0,1,61.0,94950.16,1,0,1,False,True,False
2000033430,2022-06,0.0,0.0,0.0,0,0,0,0,0,1,32.0,49809.92,0,0,1,False,True,False
2000033430,2023-12,0.0,0.0,0.0,0,0,0,0,0,1,1.0,1556.56,0,0,1,False,True,False
2000033430,2024-03,0.0,0.0,0.0,0,0,0,0,0,1,2.0,3113.12,0,0,1,False,True,False
2000033430,2024-08,0.0,0.0,0.0,0,0,0,0,0,1,10.0,15565.6,1,1,0,False,True,False
2000033430,2024-10,0.0,0.0,0.0,0,0,0,0,0,1,1.0,1556.56,0,0,1,False,True,False
2000033430,2025-03,32.0,0.0,32.0,1,1,0,1,1,2,8.0,12452.48,2,1,1,True,True,False
2000033430,2025-04,0.0,0.0,0.0,0,0,0,0,0,1,1.0,1556.56,1,0,1,False,True,False
2000033430,2025-05,0.0,0.0,0.0,0,0,0,0,0,4,4.0,4669.68,3,0,3,False,True,False
2000033430,2025-06,40.0,0.0,40.0,1,1,0,1,1,1,1.0,1556.56,1,0,1,True,True,False
2000033430,2025-08,0.0,0.0,0.0,0,0,0,0,0,1,18.0,28018.08,1,1,0,False,True,False
2000033430,2025-09,71.0,0.0,71.0,5,5,0,1,5,4,72.0,112072.32,4,3,1,True,True,False
2000033430,2025-12,0.0,0.0,0.0,0,0,0,0,0,1,1.0,1556.56,1,1,0,False,True,False
2000033430,2026-01,0.0,0.0,0.0,0,0,0,0,0,1,40.0,62262.4,1,1,0,False,True,False
2000033432,2025-02,0.0,0.0,0.0,3,3,0,0,3,0,0.0,0.0,0,0,0,True,False,False
2000033432,2025-03,0.0,0.0,0.0,1,1,0,0,1,0,0.0,0.0,0,0,0,True,False,False
2000033432,2025-04,0.0,0.0,0.0,1,1,0,0,1,0,0.0,0.0,0,0,0,True,False,False
2000033432,2025-05,0.0,0.0,0.0,2,1,1,0,1,0,0.0,0.0,0,0,0,True,False,False
2000033432,2025-10,0.0,0.0,0.0,10,10,0,0,3,0,0.0,0.0,0,0,0,True,False,False
2000033432,2025-11,0.0,0.0,0.0,1,1,0,0,1,0,0.0,0.0,0,0,0,True,False,False
2000033432,2026-02,0.0,0.0,0.0,1,1,0,0,1,0,0.0,0.0,0,0,0,True,False,False
2000033434,2019-04,0.0,0.0,0.0,0,0,0,0,0,3,133.0,4351.29,0,0,3,False,True,False
2000033434,2019-05,0.0,0.0,0.0,0,0,0,0,0,1,1.0,161.3,1,0,1,False,True,False
2000033434,2019-08,0.0,0.0,0.0,0,0,0,0,0,3,345.0,15386.0,0,0,3,False,True,False
2000033434,2019-09,0.0,0.0,0.0,0,0,0,0,0,1,191.0,6192.22,1,0,1,False,True,False
2000033434,2019-10,0.0,0.0,0.0,0,0,0,0,0,1,262.0,9183.1,0,0,1,False,True,False
2000033434,2019-11,0.0,0.0,0.0,0,0,0,0,0,1,1.0,42.98,1,0,1,False,True,False
2000033434,2019-12,0.0,0.0,0.0,0,0,0,0,0,3,3.0,245.32999999999998,2,0,3,False,True,False
2000033434,2020-01,0.0,0.0,0.0,0,0,0,0,0,1,2.0,73.4,1,0,1,False,True,False
2000033434,2020-03,0.0,0.0,0.0,0,0,0,0,0,1,1.0,0.01,0,0,1,False,True,False
2000033434,2020-05,0.0,0.0,0.0,0,0,0,0,0,1,1.0,568.62,1,0,1,False,True,False
2000033434,2020-08,0.0,0.0,0.0,0,0,0,0,0,1,1.0,42.98,0,0,1,False,True,False
2000033434,2020-09,0.0,0.0,0.0,0,0,0,0,0,1,1.0,50.95,1,0,1,False,True,False
2000033434,2020-12,0.0,0.0,0.0,0,0,0,0,0,1,1.0,0.01,0,0,1,False,True,False
2000033434,2021-02,0.0,0.0,0.0,0,0,0,0,0,2,2.0,662.61,1,0,2,False,True,False
2000033434,2021-03,0.0,0.0,0.0,0,0,0,0,0,2,2.0,257.12,0,0,2,False,True,False
2000033434,2021-04,0.0,0.0,0.0,0,0,0,0,0,2,2.0,38493.14,1,0,2,False,True,False
2000033434,2021-05,0.0,0.0,0.0,0,0,0,0,0,1,1.0,93.99,1,0,1,False,True,False
2000033434,2021-07,0.0,0.0,0.0,0,0,0,0,0,1,1.0,568.62,1,0,1,False,True,False
2000033434,2021-08,0.0,0.0,0.0,0,0,0,0,0,6,6.0,381.78,4,0,6,False,True,False
2000033434,2021-10,0.0,0.0,0.0,0,0,0,0,0,1,1.0,93.99,1,0,1,False,True,False
2000033434,2022-01,0.0,0.0,0.0,0,0,0,0,0,3,3.0,305.36,2,0,3,False,True,False
2000033434,2022-03,0.0,0.0,0.0,0,0,0,0,0,3,3.0,338.42,3,0,3,False,True,False
2000033434,2022-04,0.0,0.0,0.0,0,0,0,0,0,2,2.0,182.01,2,0,2,False,True,False
2000033434,2022-05,0.0,0.0,0.0,0,0,0,0,0,3,5.0,2125.75,3,0,3,False,True,False
2000033434,2023-02,0.0,0.0,0.0,0,0,0,0,0,3,4.0,743.19,3,0,3,False,True,False
2000033434,2023-04,0.0,0.0,0.0,0,0,0,0,0,1,1.0,150.44,1,0,1,False,True,False
2000033434,2024-03,0.0,0.0,0.0,0,0,0,0,0,1,9.0,1451.7,1,0,1,False,True,False
2000033434,2024-04,0.0,0.0,0.0,0,0,0,0,0,1,1.0,150.44,1,0,1,False,True,False
2000033434,2024-08,0.0,0.0,0.0,0,0,0,0,0,1,1.0,61.85,0,0,1,False,True,False
2000033434,2025-01,0.0,0.0,0.0,0,0,0,0,0,1,1.0,150.44,1,0,1,False,True,False
2000033434,2025-03,69.0,0.0,69.0,10,10,0,9,2,1,1.0,150.44,1,0,1,True,True,False
2000033434,2025-04,0.0,0.0,0.0,0,0,0,0,0,1,1.0,150.44,1,0,1,False,True,False
2000033434,2025-05,150.0,0.0,150.0,2,2,0,2,1,0,0.0,0.0,0,0,0,True,False,False
2000033434,2025-06,221.0,0.0,221.0,6,6,0,6,4,1,1.0,150.44,0,0,1,True,True,False
2000033434,2025-07,334.0,100.0,234.0,15,14,1,13,5,0,0.0,0.0,0,0,0,True,False,False
2000033434,2025-08,47.0,2.0,45.0,5,4,1,4,2,1,295.0,9563.9,1,0,1,True,True,False
2000033434,2025-09,78.0,0.0,78.0,9,9,0,9,3,0,0.0,0.0,0,0,0,True,False,False
2000033434,2025-10,30.0,0.0,30.0,3,3,0,3,1,0,0.0,0.0,0,0,0,True,False,False
2000033434,2025-12,0.0,0.0,0.0,0,0,0,0,0,1,1.0,568.62,1,1,0,False,True,False
2000033434,2026-01,0.0,0.0,0.0,0,0,0,0,0,1,1.0,150.44,1,1,0,False,True,False
2000033434,2026-02,0.0,0.0,0.0,0,0,0,0,0,1,1.0,150.44,1,1,0,False,True,False
2000033435,2025-02,520.0,144.0,376.0,9,8,1,4,3,0,0.0,0.0,0,0,0,True,False,False
2000033435,2025-03,343.0,0.0,343.0,9,9,0,8,5,0,0.0,0.0,0,0,0,True,False,False
2000033435,2025-04,111.0,0.0,111.0,5,5,0,4,4,0,0.0,0.0,0,0,0,True,False,False
2000033435,2025-06,20.0,0.0,20.0,1,1,0,1,1,0,0.0,0.0,0,0,0,True,False,False
2000033435,2025-07,100.0,20.0,80.0,13,11,2,3,5,0,0.0,0.0,0,0,0,True,False,False
2000033435,2025-08,116.0,0.0,116.0,9,6,3,3,3,0,0.0,0.0,0,0,0,True,False,False
2000033435,2025-09,42.0,0.0,42.0,3,2,1,2,2,0,0.0,0.0,0,0,0,True,False,False
2000033435,2025-11,0.0,0.0,0.0,8,4,4,0,1,0,0.0,0.0,0,0,0,True,False,False
2000033435,2025-12,325.0,20.0,305.0,20,14,6,7,1,0,0.0,0.0,0,0,0,True,False,False
2000033439,2019-05,0.0,0.0,0.0,0,0,0,0,0,1,2.0,0.02,0,0,1,False,True,False
2000033439,2019-06,0.0,0.0,0.0,0,0,0,0,0,2,33.0,1044946.65,2,0,2,False,True,False
2000033439,2019-07,0.0,0.0,0.0,0,0,0,0,0,2,14.0,68217.93,0,0,2,False,True,False
2000033439,2019-08,0.0,0.0,0.0,0,0,0,0,0,2,2.0,63330.1,2,0,2,False,True,False
2000033439,2019-09,0.0,0.0,0.0,0,0,0,0,0,2,2.0,63330.1,2,0,2,False,True,False
2000033439,2019-10,0.0,0.0,0.0,0,0,0,0,0,3,3.0,46.93,0,0,3,False,True,False
2000033439,2019-12,0.0,0.0,0.0,0,0,0,0,0,5,8.0,253320.4,5,0,5,False,True,False
2000033439,2020-01,0.0,0.0,0.0,0,0,0,0,0,1,1.0,31665.05,1,0,1,False,True,False
2000033439,2020-04,0.0,0.0,0.0,0,0,0,0,0,6,14.0,443310.7,6,0,6,False,True,False
2000033439,2020-05,0.0,0.0,0.0,0,0,0,0,0,2,2.0,63330.1,2,0,2,False,True,False
2000033439,2020-06,0.0,0.0,0.0,0,0,0,0,0,1,1.0,31665.05,1,0,1,False,True,False
2000033439,2020-07,0.0,0.0,0.0,0,0,0,0,0,5,29.0,918286.45,5,0,5,False,True,False
2000033439,2020-08,0.0,0.0,0.0,0,0,0,0,0,10,29.0,159114.13,4,0,10,False,True,False
2000033439,2020-09,0.0,0.0,0.0,0,0,0,0,0,4,4.0,126660.2,2,0,4,False,True,False
2000033439,2020-10,0.0,0.0,0.0,0,0,0,0,0,3,4.0,126660.2,2,0,3,False,True,False
2000033439,2020-11,0.0,0.0,0.0,0,0,0,0,0,8,10.0,316650.5,7,0,8,False,True,False
2000033439,2020-12,0.0,0.0,0.0,0,0,0,0,0,5,8.0,253320.4,3,0,5,False,True,False
2000033439,2021-01,0.0,0.0,0.0,0,0,0,0,0,9,13.0,411645.64999999997,9,0,9,False,True,False
2000033439,2021-02,0.0,0.0,0.0,0,0,0,0,0,8,9.0,221754.25,8,0,8,False,True,False
2000033439,2021-03,0.0,0.0,0.0,0,0,0,0,0,11,19.0,351014.11,5,0,11,False,True,False
2000033439,2021-04,0.0,0.0,0.0,0,0,0,0,0,1,2.0,63330.1,1,0,1,False,True,False
2000033439,2021-05,0.0,0.0,0.0,0,0,0,0,0,4,4.0,126660.2,3,0,4,False,True,False
2000033439,2021-06,0.0,0.0,0.0,0,0,0,0,0,4,4.0,76956.1,3,0,4,False,True,False
2000033439,2021-07,0.0,0.0,0.0,0,0,0,0,0,12,12.0,379980.6,9,0,12,False,True,False
2000033439,2021-08,0.0,0.0,0.0,0,0,0,0,0,14,21.0,380276.43,7,0,14,False,True,False
2000033439,2021-09,0.0,0.0,0.0,0,0,0,0,0,11,13.0,348424.07,7,0,11,False,True,False
2000033439,2021-10,0.0,0.0,0.0,0,0,0,0,0,3,3.0,94995.15,1,0,3,False,True,False
2000033439,2021-11,0.0,0.0,0.0,0,0,0,0,0,9,13.0,295431.77999999997,7,0,9,False,True,False
2000033439,2021-12,0.0,0.0,0.0,0,0,0,0,0,12,12.0,261475.44999999998,8,0,12,False,True,False
2000033439,2022-01,0.0,0.0,0.0,0,0,0,0,0,6,10.0,65597.98,4,0,6,False,True,False
2000033439,2022-02,0.0,0.0,0.0,0,0,0,0,0,6,27.0,493055.35,3,0,6,False,True,False
2000033439,2022-03,0.0,0.0,0.0,0,0,0,0,0,2,8.0,253320.4,0,0,2,False,True,False
2000033439,2022-04,0.0,0.0,0.0,0,0,0,0,0,7,14.0,350788.72000000003,3,0,7,False,True,False
2000033439,2022-05,0.0,0.0,0.0,0,0,0,0,0,10,11.0,263004.61,4,0,10,False,True,False
2000033439,2022-06,0.0,0.0,0.0,0,0,0,0,0,2,2.0,63330.1,2,0,2,False,True,False
2000033439,2022-07,0.0,0.0,0.0,0,0,0,0,0,4,7.0,192843.36,3,0,4,False,True,False
2000033439,2022-08,0.0,0.0,0.0,0,0,0,0,0,6,10.0,253320.41999999998,5,0,6,False,True,False
2000033439,2022-09,0.0,0.0,0.0,0,0,0,0,0,2,2.0,31697.92,1,0,2,False,True,False
2000033439,2022-10,0.0,0.0,0.0,0,0,0,0,0,1,1.0,31665.05,0,0,1,False,True,False
2000033439,2022-11,0.0,0.0,0.0,0,0,0,0,0,1,1.0,0.01,1,0,1,False,True,False
2000033439,2022-12,0.0,0.0,0.0,0,0,0,0,0,1,1.0,31665.05,1,0,1,False,True,False
2000033439,2023-01,0.0,0.0,0.0,0,0,0,0,0,1,1.0,3951.86,1,0,1,False,True,False
2000033439,2023-02,0.0,0.0,0.0,0,0,0,0,0,1,1.0,31665.05,1,0,1,False,True,False
2000033439,2023-03,0.0,0.0,0.0,0,0,0,0,0,3,3.0,64391.2,3,0,3,False,True,False
2000033439,2023-05,0.0,0.0,0.0,0,0,0,0,0,6,6.0,130574.36,5,0,6,False,True,False
2000033439,2023-06,0.0,0.0,0.0,0,0,0,0,0,4,31.0,108360.67,3,0,4,False,True,False
2000033439,2023-07,0.0,0.0,0.0,0,0,0,0,0,2,4.0,126660.2,0,0,2,False,True,False
2000033439,2023-08,0.0,0.0,0.0,0,0,0,0,0,6,6.0,189990.3,6,0,6,False,True,False
2000033439,2023-09,0.0,0.0,0.0,0,0,0,0,0,4,4.0,126660.2,4,0,4,False,True,False
2000033439,2023-10,0.0,0.0,0.0,0,0,0,0,0,4,5.0,126709.65,3,0,4,False,True,False
2000033439,2023-11,0.0,0.0,0.0,0,0,0,0,0,3,3.0,66525.20999999999,2,0,3,False,True,False
2000033439,2024-01,0.0,0.0,0.0,0,0,0,0,0,1,1.0,31665.05,1,0,1,False,True,False
2000033439,2024-02,0.0,0.0,0.0,0,0,0,0,0,1,10.0,316650.5,0,0,1,False,True,False
2000033439,2024-03,0.0,0.0,0.0,0,0,0,0,0,1,2.0,63330.1,1,0,1,False,True,False
2000033439,2024-05,0.0,0.0,0.0,0,0,0,0,0,2,2.0,63330.1,2,0,2,False,True,False
2000033439,2024-06,0.0,0.0,0.0,0,0,0,0,0,4,4.0,780392.1,4,1,3,False,True,False
2000033439,2024-07,0.0,0.0,0.0,0,0,0,0,0,5,8.0,165440.89,2,1,4,False,True,False
2000033439,2024-08,0.0,0.0,0.0,0,0,0,0,0,2,2.0,63330.1,1,0,2,False,True,False
2000033439,2024-09,0.0,0.0,0.0,0,0,0,0,0,1,1.0,3095.06,1,0,1,False,True,False
2000033439,2024-10,0.0,0.0,0.0,0,0,0,0,0,4,8.0,25560.88,3,0,4,False,True,False
2000033439,2024-11,0.0,0.0,0.0,0,0,0,0,0,2,2.0,34518.11,0,0,2,False,True,False
2000033439,2025-02,0.0,0.0,0.0,0,0,0,0,0,3,3.0,35252.63,3,0,3,False,True,False
2000033439,2025-03,0.0,0.0,0.0,0,0,0,0,0,1,1.0,31665.05,1,0,1,False,True,False
2000033439,2025-04,0.0,0.0,0.0,0,0,0,0,0,8,18.0,182530.12,5,1,7,False,True,False
2000033439,2025-05,0.0,0.0,0.0,0,0,0,0,0,8,12.0,207108.66,7,4,4,False,True,False
2000033439,2025-06,0.0,0.0,0.0,0,0,0,0,0,4,4.0,126660.2,4,2,2,False,True,False
2000033439,2025-07,0.0,0.0,0.0,0,0,0,0,0,4,6.0,103554.33,4,1,3,False,True,False
2000033439,2025-08,0.0,0.0,0.0,0,0,0,0,0,7,9.0,138739.54,5,3,4,False,True,False
2000033439,2025-09,0.0,0.0,0.0,0,0,0,0,0,2,3.0,94995.15,2,0,2,False,True,False
2000033439,2025-12,0.0,0.0,0.0,0,0,0,0,0,4,4.0,69036.22,3,1,3,False,True,False
2000033439,2026-01,0.0,0.0,0.0,0,0,0,0,0,2,2.0,34518.11,2,0,2,False,True,False
2000033439,2026-02,0.0,0.0,0.0,0,0,0,0,0,1,1.0,0.0,0,0,0,False,True,False
2000033440,2023-07,0.0,0.0,0.0,0,0,0,0,0,1,800.0,2984.0,1,0,1,False,True,False
2000033440,2023-08,0.0,0.0,0.0,0,0,0,0,0,3,3790.0,5408.62,3,0,3,False,True,False
2000033440,2023-09,0.0,0.0,0.0,0,0,0,0,0,13,260.0,72.8,2,0,13,False,True,False
2000033440,2023-10,0.0,0.0,0.0,0,0,0,0,0,39,408.0,268.58,0,0,39,False,True,False
2000033440,2023-11,0.0,0.0,0.0,0,0,0,0,0,13,5226.0,6040.77,1,0,13,False,True,False
2000033440,2023-12,0.0,0.0,0.0,0,0,0,0,0,17,130.0,58.61,0,0,17,False,True,False
2000033440,2024-01,0.0,0.0,0.0,0,0,0,0,0,2,12.0,5.24,0,0,2,False,True,False
2000033440,2024-03,0.0,0.0,0.0,0,0,0,0,0,22,100.0,210.21,0,0,22,False,True,False
2000033440,2024-04,0.0,0.0,0.0,0,0,0,0,0,3,4.0,13.49,0,0,3,False,True,False
2000033440,2024-05,0.0,0.0,0.0,0,0,0,0,0,4,30.0,10.0,0,0,4,False,True,False
2000033440,2024-06,0.0,0.0,0.0,0,0,0,0,0,1,6.0,0.06,0,0,1,False,True,False
2000033440,2024-09,0.0,0.0,0.0,0,0,0,0,0,51,865.0,467.48,45,0,51,False,True,False
2000033440,2024-10,0.0,0.0,0.0,0,0,0,0,0,2,11.0,0.99,1,0,2,False,True,False
2000033440,2024-11,0.0,0.0,0.0,0,0,0,0,0,2,8.0,5.28,0,0,2,False,True,False
2000033440,2024-12,0.0,0.0,0.0,0,0,0,0,0,16,136.0,320.82,0,0,16,False,True,False
2000033440,2025-01,0.0,0.0,0.0,0,0,0,0,0,16,258.0,677.1,1,0,16,False,True,False
2000033440,2025-02,0.0,0.0,0.0,1,1,0,0,1,18,75.0,73.14999999999999,1,0,18,True,True,False
2000033440,2025-03,205.0,0.0,205.0,12,12,0,2,4,18,110.0,149.98,6,0,18,True,True,False
2000033440,2025-04,1610.0,2.0,1608.0,10,8,2,5,5,17,164.0,246.56,17,0,17,True,True,False
2000033440,2025-05,56136.0,16294.0,39842.0,125,49,76,112,5,16,96.0,86.72,0,0,16,True,True,False
2000033440,2025-06,0.0,0.0,0.0,10,10,0,0,3,5,20.0,28.160000000000004,5,0,5,True,True,False
2000033440,2025-07,0.0,0.0,0.0,3,3,0,0,2,53,210.0,1455.46,16,0,53,True,True,False
2000033440,2025-08,28062.0,0.0,28062.0,7,7,0,5,4,23,77.0,604.01,6,0,23,True,True,False
2000033440,2025-09,0.0,0.0,0.0,5,5,0,0,2,3,12.0,43.84,0,0,3,True,True,False
2000033440,2025-10,422.0,0.0,422.0,11,11,0,1,4,8,38.0,53.12,1,0,8,True,True,False
2000033440,2025-11,1029.0,0.0,1029.0,12,12,0,1,5,4,4.0,7.5200000000000005,0,0,4,True,True,False
2000033440,2025-12,2650.0,0.0,2650.0,7,7,0,1,3,7,30.0,39.26,2,0,7,True,True,False
2000033440,2026-01,0.0,0.0,0.0,2,2,0,0,1,45,172.0,1287.43,4,0,45,True,True,False
2000033440,2026-02,659.0,0.0,659.0,1,1,0,1,1,2,16.0,24.32,0,0,2,True,True,False
2000033444,2020-06,0.0,0.0,0.0,0,0,0,0,0,1,1.0,0.01,0,0,1,False,True,False
2000033444,2021-11,0.0,0.0,0.0,0,0,0,0,0,1,4.0,0.04,0,0,1,False,True,False
2000033451,2019-09,0.0,0.0,0.0,0,0,0,0,0,2,2.0,812.72,2,0,2,False,True,False
2000033451,2019-10,0.0,0.0,0.0,0,0,0,0,0,2,4.0,1773.4,2,0,2,False,True,False
2000033451,2019-12,0.0,0.0,0.0,0,0,0,0,0,1,2.0,812.72,0,0,1,False,True,False
2000033451,2020-08,0.0,0.0,0.0,0,0,0,0,0,3,19.0,8386.66,2,0,3,False,True,False
2000033451,2020-09,0.0,0.0,0.0,0,0,0,0,0,4,4.0,1736.41,2,0,4,False,True,False
2000033451,2020-10,0.0,0.0,0.0,0,0,0,0,0,5,7.0,2918.5,3,0,5,False,True,False
2000033451,2021-03,0.0,0.0,0.0,0,0,0,0,0,1,3.0,1330.05,1,0,1,False,True,False
2000033451,2021-04,0.0,0.0,0.0,0,0,0,0,0,2,3.0,1330.0500000000002,2,0,2,False,True,False
2000033451,2021-05,0.0,0.0,0.0,0,0,0,0,0,1,1.0,443.35,0,0,1,False,True,False
2000033451,2021-06,0.0,0.0,0.0,0,0,0,0,0,2,3.0,1293.06,2,0,2,False,True,False
2000033451,2021-07,0.0,0.0,0.0,0,0,0,0,0,4,15.0,6030.0,3,0,4,False,True,False
2000033451,2021-08,0.0,0.0,0.0,0,0,0,0,0,2,4.0,1699.42,2,0,2,False,True,False
2000033451,2021-09,0.0,0.0,0.0,0,0,0,0,0,1,1.0,443.35,1,0,1,False,True,False
2000033451,2021-10,0.0,0.0,0.0,0,0,0,0,0,2,3.0,1330.0500000000002,2,0,2,False,True,False
2000033451,2021-11,0.0,0.0,0.0,0,0,0,0,0,3,2.0,872.87,2,0,2,False,True,False
2000033451,2021-12,0.0,0.0,0.0,0,0,0,0,0,1,1.0,443.35,0,0,1,False,True,False
2000033451,2022-01,0.0,0.0,0.0,0,0,0,0,0,1,1.0,443.35,1,0,1,False,True,False
2000033451,2022-02,0.0,0.0,0.0,0,0,0,0,0,1,1.0,443.35,0,0,1,False,True,False
2000033451,2022-03,0.0,0.0,0.0,0,0,0,0,0,1,1.0,406.36,1,0,1,False,True,False
2000033451,2022-04,0.0,0.0,0.0,0,0,0,0,0,4,28.0,12399.97,3,0,4,False,True,False
2000033451,2022-06,0.0,0.0,0.0,0,0,0,0,0,4,50.0,21780.9,2,0,4,False,True,False
2000033451,2022-07,0.0,0.0,0.0,0,0,0,0,0,1,7.0,3103.45,1,0,1,False,True,False
2000033451,2022-08,0.0,0.0,0.0,0,0,0,0,0,1,2.0,886.7,1,0,1,False,True,False
2000033451,2022-11,0.0,0.0,0.0,0,0,0,0,0,1,1.0,406.36,1,0,1,False,True,False
2000033451,2023-04,0.0,0.0,0.0,0,0,0,0,0,2,2.0,849.71,2,0,2,False,True,False
2000033451,2023-05,0.0,0.0,0.0,0,0,0,0,0,2,9.0,3990.15,2,0,2,False,True,False
2000033451,2023-08,0.0,0.0,0.0,0,0,0,0,0,2,2.0,886.7,2,0,2,False,True,False
2000033451,2023-09,0.0,0.0,0.0,0,0,0,0,0,2,7.0,3103.45,1,0,2,False,True,False
2000033451,2023-12,0.0,0.0,0.0,0,0,0,0,0,1,1.0,406.36,1,0,1,False,True,False
2000033451,2024-03,0.0,0.0,0.0,0,0,0,0,0,3,3.0,1330.0500000000002,2,0,3,False,True,False
2000033451,2024-05,0.0,0.0,0.0,0,0,0,0,0,3,73.0,29738.02,1,0,3,False,True,False
2000033451,2024-06,0.0,0.0,0.0,0,0,0,0,0,1,1.0,406.36,1,0,1,False,True,False
2000033451,2024-07,0.0,0.0,0.0,0,0,0,0,0,1,1.0,343.69,1,0,1,False,True,False
2000033451,2024-08,0.0,0.0,0.0,0,0,0,0,0,3,3.0,1293.06,3,0,3,False,True,False
2000033451,2024-09,0.0,0.0,0.0,0,0,0,0,0,4,4.0,1622.92,3,0,4,False,True,False
2000033451,2024-10,0.0,0.0,0.0,0,0,0,0,0,4,4.0,1659.91,4,0,4,False,True,False
2000033451,2024-12,0.0,0.0,0.0,0,0,0,0,0,2,5.0,2031.8000000000002,2,0,2,False,True,False
2000033451,2025-02,124.0,0.0,124.0,6,6,0,4,2,0,0.0,0.0,0,0,0,True,False,False
2000033451,2025-03,96.0,0.0,96.0,4,4,0,2,1,2,2.0,849.71,2,0,2,True,True,False
2000033451,2025-04,0.0,0.0,0.0,0,0,0,0,0,1,5.0,12.75,1,0,1,False,True,False
2000033451,2025-05,36.0,0.0,36.0,2,2,0,2,1,4,11.0,4738.549999999999,2,0,4,True,True,False
2000033451,2025-06,0.0,0.0,0.0,0,0,0,0,0,5,11.0,4738.55,3,0,5,False,True,False
2000033451,2025-07,72.0,0.0,72.0,2,2,0,2,1,1,1.0,429.52,1,1,0,True,True,False
2000033451,2025-08,0.0,0.0,0.0,0,0,0,0,0,2,2.0,835.88,2,0,2,False,True,False
2000033451,2025-09,100.0,0.0,100.0,4,4,0,4,2,1,1.0,443.35,1,0,1,True,True,False
2000033451,2025-10,0.0,0.0,0.0,0,0,0,0,0,5,7.0,3029.4700000000003,4,0,5,False,True,False
2000033451,2025-11,0.0,0.0,0.0,0,0,0,0,0,2,2.0,872.87,2,0,2,False,True,False
2000033451,2026-01,0.0,0.0,0.0,0,0,0,0,0,1,1.0,443.35,1,1,0,False,True,False
2000033462,2023-12,0.0,0.0,0.0,0,0,0,0,0,1,1.0,1789.9,1,0,1,False,True,False
2000033463,2019-04,0.0,0.0,0.0,0,0,0,0,0,1,1.0,374.45,0,0,1,False,True,False
2000033463,2019-05,0.0,0.0,0.0,0,0,0,0,0,2,2.0,1955.8700000000001,0,0,2,False,True,False
2000033463,2019-09,0.0,0.0,0.0,0,0,0,0,0,1,1.0,374.45,0,0,1,False,True,False
2000033463,2019-10,0.0,0.0,0.0,0,0,0,0,0,1,1.0,1581.42,0,0,1,False,True,False
2000033463,2019-11,0.0,0.0,0.0,0,0,0,0,0,1,1.0,374.45,0,0,1,False,True,False
2000033463,2020-01,0.0,0.0,0.0,0,0,0,0,0,1,1.0,1581.42,1,0,1,False,True,False
2000033463,2021-04,0.0,0.0,0.0,0,0,0,0,0,2,2.0,3162.84,2,0,2,False,True,False
2000033463,2021-06,0.0,0.0,0.0,0,0,0,0,0,1,1.0,1581.42,1,0,1,False,True,False
2000033463,2021-07,0.0,0.0,0.0,0,0,0,0,0,1,1.0,1581.42,0,0,1,False,True,False
2000033463,2021-10,0.0,0.0,0.0,0,0,0,0,0,1,1.0,374.45,0,0,1,False,True,False
2000033463,2022-01,0.0,0.0,0.0,0,0,0,0,0,1,7.0,2621.15,1,0,1,False,True,False
2000033463,2022-02,0.0,0.0,0.0,0,0,0,0,0,1,14.0,5242.3,0,0,1,False,True,False
2000033463,2022-04,0.0,0.0,0.0,0,0,0,0,0,3,20.0,8695.970000000001,1,0,3,False,True,False
2000033463,2022-05,0.0,0.0,0.0,0,0,0,0,0,1,1.0,374.45,0,0,1,False,True,False
2000033463,2022-11,0.0,0.0,0.0,0,0,0,0,0,1,3.0,1123.35,1,0,1,False,True,False
2000033463,2023-09,0.0,0.0,0.0,0,0,0,0,0,3,3.0,4744.26,1,0,3,False,True,False
2000033463,2024-01,0.0,0.0,0.0,0,0,0,0,0,1,1.0,374.45,0,0,1,False,True,False
2000033463,2024-04,0.0,0.0,0.0,0,0,0,0,0,1,1.0,1581.42,0,0,1,False,True,False
2000033463,2024-06,0.0,0.0,0.0,0,0,0,0,0,1,1.0,1581.42,0,0,1,False,True,False
2000033463,2024-09,0.0,0.0,0.0,0,0,0,0,0,1,1.0,374.45,0,0,1,False,True,False
2000033463,2024-10,0.0,0.0,0.0,0,0,0,0,0,2,33.0,12356.85,1,0,2,False,True,False
2000033463,2024-12,0.0,0.0,0.0,0,0,0,0,0,1,1.0,374.45,1,0,1,False,True,False
2000033463,2025-01,0.0,0.0,0.0,0,0,0,0,0,1,2.0,3162.84,1,0,1,False,True,False
2000033463,2025-02,0.0,0.0,0.0,0,0,0,0,0,2,2.0,1955.8700000000001,0,0,2,False,True,False
2000033463,2025-03,0.0,0.0,0.0,0,0,0,0,0,1,1.0,1581.42,0,0,1,False,True,False
2000033463,2025-05,0.0,0.0,0.0,0,0,0,0,0,4,4.0,6911.12,4,0,4,False,True,False
2000033463,2025-06,0.0,0.0,0.0,0,0,0,0,0,3,5.0,3309.2,2,0,2,False,True,False
2000033463,2025-07,0.0,0.0,0.0,0,0,0,0,0,1,1.0,1727.78,1,1,0,False,True,False
2000033464,2019-04,0.0,0.0,0.0,0,0,0,0,0,9,9.0,14491.1,0,0,9,False,True,False
2000033464,2019-05,0.0,0.0,0.0,0,0,0,0,0,12,11.0,25645.41,5,0,12,False,True,False
2000033464,2019-06,0.0,0.0,0.0,0,0,0,0,0,4,4.0,4537.14,2,0,4,False,True,False
2000033464,2019-07,0.0,0.0,0.0,0,0,0,0,0,14,14.0,38545.33,12,0,14,False,True,False
2000033464,2019-08,0.0,0.0,0.0,0,0,0,0,0,7,31.0,17669.28,4,0,7,False,True,False
2000033464,2019-09,0.0,0.0,0.0,0,0,0,0,0,5,6.0,4899.02,1,0,5,False,True,False
2000033464,2019-10,0.0,0.0,0.0,0,0,0,0,0,5,6.0,11688.92,1,0,5,False,True,False
2000033464,2019-11,0.0,0.0,0.0,0,0,0,0,0,8,8.0,11603.7,5,0,8,False,True,False
2000033464,2019-12,0.0,0.0,0.0,0,0,0,0,0,18,19.0,28833.350000000002,5,0,18,False,True,False
2000033464,2020-01,0.0,0.0,0.0,0,0,0,0,0,12,12.0,14810.54,7,0,11,False,True,False
2000033464,2020-02,0.0,0.0,0.0,0,0,0,0,0,11,29.0,17986.13,9,0,10,False,True,False
2000033464,2020-03,0.0,0.0,0.0,0,0,0,0,0,6,6.0,4999.62,2,0,6,False,True,False
2000033464,2020-04,0.0,0.0,0.0,0,0,0,0,0,1,1.0,3971.8,1,0,1,False,True,False
2000033464,2020-05,0.0,0.0,0.0,0,0,0,0,0,2,2.0,1328.1100000000001,0,0,2,False,True,False
2000033464,2020-06,0.0,0.0,0.0,0,0,0,0,0,19,20.0,24771.85,13,0,19,False,True,False
2000033464,2020-07,0.0,0.0,0.0,0,0,0,0,0,22,26.0,38254.15,19,0,22,False,True,False
2000033464,2020-08,0.0,0.0,0.0,0,0,0,0,0,9,9.0,8781.49,5,0,9,False,True,False
2000033464,2020-09,0.0,0.0,0.0,0,0,0,0,0,9,10.0,12368.09,8,0,9,False,True,False
2000033464,2020-10,0.0,0.0,0.0,0,0,0,0,0,19,29.0,15078.16,14,0,19,False,True,False
2000033464,2020-11,0.0,0.0,0.0,0,0,0,0,0,6,6.0,15451.11,2,0,6,False,True,False
2000033464,2020-12,0.0,0.0,0.0,0,0,0,0,0,29,32.0,65199.46,22,0,28,False,True,False
2000033464,2021-01,0.0,0.0,0.0,0,0,0,0,0,22,24.0,41115.02,13,0,22,False,True,False
2000033464,2021-02,0.0,0.0,0.0,0,0,0,0,0,19,24.0,47893.23,15,0,19,False,True,False
2000033464,2021-03,0.0,0.0,0.0,0,0,0,0,0,24,38.0,48296.590000000004,15,0,22,False,True,False
2000033464,2021-04,0.0,0.0,0.0,0,0,0,0,0,16,26.0,36055.49,9,1,15,False,True,False
2000033464,2021-05,0.0,0.0,0.0,0,0,0,0,0,26,61.0,187286.06,15,0,26,False,True,False
2000033464,2021-06,0.0,0.0,0.0,0,0,0,0,0,10,26.0,41088.73,4,1,9,False,True,False
2000033464,2021-07,0.0,0.0,0.0,0,0,0,0,0,21,26.0,42463.340000000004,16,0,21,False,True,False
2000033464,2021-08,0.0,0.0,0.0,0,0,0,0,0,19,19.0,33197.85,15,1,18,False,True,False
2000033464,2021-09,0.0,0.0,0.0,0,0,0,0,0,19,161.0,596189.4299999999,14,1,18,False,True,False
2000033464,2021-10,0.0,0.0,0.0,0,0,0,0,0,18,107.0,395052.1,15,0,18,False,True,False
2000033464,2021-11,0.0,0.0,0.0,0,0,0,0,0,23,22.0,34160.64,15,0,22,False,True,False
2000033464,2021-12,0.0,0.0,0.0,0,0,0,0,0,14,14.0,28168.58,7,0,14,False,True,False
2000033464,2022-01,0.0,0.0,0.0,0,0,0,0,0,8,8.0,21761.03,6,0,8,False,True,False
2000033464,2022-02,0.0,0.0,0.0,0,0,0,0,0,13,84.0,316191.73,10,0,13,False,True,False
2000033464,2022-03,0.0,0.0,0.0,0,0,0,0,0,35,49.0,185800.06,30,2,33,False,True,False
2000033464,2022-04,0.0,0.0,0.0,0,0,0,0,0,20,21.0,64982.12,16,0,20,False,True,False
2000033464,2022-05,0.0,0.0,0.0,0,0,0,0,0,14,14.0,38922.33,10,1,13,False,True,False
2000033464,2022-06,0.0,0.0,0.0,0,0,0,0,0,11,17.0,35358.25,10,0,11,False,True,False
2000033464,2022-07,0.0,0.0,0.0,0,0,0,0,0,11,11.0,20867.57,10,0,11,False,True,False
2000033464,2022-08,0.0,0.0,0.0,0,0,0,0,0,6,6.0,15615.6,5,0,6,False,True,False
2000033464,2022-09,0.0,0.0,0.0,0,0,0,0,0,5,5.0,14848.91,4,0,5,False,True,False
2000033464,2022-10,0.0,0.0,0.0,0,0,0,0,0,9,9.0,24053.03,7,0,9,False,True,False
2000033464,2022-11,0.0,0.0,0.0,0,0,0,0,0,6,7.0,20914.64,4,1,5,False,True,False
2000033464,2022-12,0.0,0.0,0.0,0,0,0,0,0,12,25.0,26409.280000000002,7,0,12,False,True,False
2000033464,2023-01,0.0,0.0,0.0,0,0,0,0,0,7,9.0,25382.940000000002,4,0,7,False,True,False
2000033464,2023-02,0.0,0.0,0.0,0,0,0,0,0,6,6.0,13450.800000000001,3,1,5,False,True,False
2000033464,2023-03,0.0,0.0,0.0,0,0,0,0,0,5,5.0,6121.64,2,0,5,False,True,False
2000033464,2023-04,0.0,0.0,0.0,0,0,0,0,0,9,10.0,21444.350000000002,7,0,9,False,True,False
2000033464,2023-05,0.0,0.0,0.0,0,0,0,0,0,10,12.0,40203.16,6,0,10,False,True,False
2000033464,2023-06,0.0,0.0,0.0,0,0,0,0,0,9,12.0,24779.72,6,0,9,False,True,False
2000033464,2023-07,0.0,0.0,0.0,0,0,0,0,0,11,66.0,244089.63,9,1,10,False,True,False
2000033464,2023-08,0.0,0.0,0.0,0,0,0,0,0,7,8.0,25453.600000000002,6,1,6,False,True,False
2000033464,2023-09,0.0,0.0,0.0,0,0,0,0,0,12,13.0,32307.65,8,2,10,False,True,False
2000033464,2023-10,0.0,0.0,0.0,0,0,0,0,0,12,13.0,40778.76,11,0,12,False,True,False
2000033464,2023-11,0.0,0.0,0.0,0,0,0,0,0,8,8.0,21491.45,5,1,7,False,True,False
2000033464,2023-12,0.0,0.0,0.0,0,0,0,0,0,17,17.0,27551.64,14,1,16,False,True,False
2000033464,2024-01,0.0,0.0,0.0,0,0,0,0,0,18,33.0,50221.630000000005,17,1,17,False,True,False
2000033464,2024-02,0.0,0.0,0.0,0,0,0,0,0,19,20.0,45025.73,15,1,18,False,True,False
2000033464,2024-03,0.0,0.0,0.0,0,0,0,0,0,19,21.0,53368.1,14,2,17,False,True,False
2000033464,2024-04,0.0,0.0,0.0,0,0,0,0,0,26,29.0,78508.68000000001,22,0,26,False,True,False
2000033464,2024-05,0.0,0.0,0.0,0,0,0,0,0,16,17.0,40555.46,14,1,15,False,True,False
2000033464,2024-06,0.0,0.0,0.0,0,0,0,0,0,16,20.0,49461.26,15,0,16,False,True,False
2000033464,2024-07,0.0,0.0,0.0,0,0,0,0,0,24,134.0,163973.47,21,0,24,False,True,False
2000033464,2024-08,0.0,0.0,0.0,0,0,0,0,0,21,26.0,89416.36,21,0,21,False,True,False
2000033464,2024-09,0.0,0.0,0.0,0,0,0,0,0,13,13.0,25767.97,11,1,12,False,True,False
2000033464,2024-10,0.0,0.0,0.0,0,0,0,0,0,28,90.0,318651.01,26,5,23,False,True,False
2000033464,2024-11,0.0,0.0,0.0,0,0,0,0,0,13,105.0,92044.45,10,1,12,False,True,False
2000033464,2024-12,0.0,0.0,0.0,0,0,0,0,0,17,46.0,34888.74,16,1,16,False,True,False
2000033464,2025-01,0.0,0.0,0.0,0,0,0,0,0,23,26.0,61840.200000000004,22,1,22,False,True,False
2000033464,2025-02,32.0,0.0,32.0,2,2,0,2,1,15,15.0,36489.47,13,0,15,True,True,False
2000033464,2025-03,25700.0,4364.0,21336.0,68,66,2,53,6,15,15.0,38633.32,11,2,13,True,True,False
2000033464,2025-04,205.0,0.0,205.0,14,14,0,8,14,9,40.0,16055.960000000001,6,3,6,True,True,False
2000033464,2025-05,431.0,0.0,431.0,20,20,0,11,12,17,20.0,43312.98,14,12,5,True,True,False
2000033464,2025-06,730.0,136.0,594.0,27,26,1,15,10,16,18.0,36284.36,16,13,3,True,True,False
2000033464,2025-07,547.0,0.0,547.0,15,15,0,12,1,11,57.0,30817.29,9,8,3,True,True,False
2000033464,2025-08,200.0,20.0,180.0,14,12,2,11,1,9,12.0,19265.77,7,7,2,True,True,False
2000033464,2025-09,120.0,9.0,111.0,9,8,1,8,1,7,7.0,19984.83,7,6,1,True,True,False
2000033464,2025-10,2110.0,0.0,2110.0,32,32,0,14,20,14,157.0,27612.04,11,14,0,True,True,False
2000033464,2025-11,5.0,0.0,5.0,5,5,0,3,5,4,5.0,16699.22,4,3,1,True,True,False
2000033464,2025-12,0.0,0.0,0.0,2,1,1,0,1,9,10.0,33469.26,7,8,1,True,True,False
2000033464,2026-01,4.0,0.0,4.0,1,1,0,1,1,6,8.0,9186.24,5,6,0,True,True,False
2000033464,2026-02,8.0,0.0,8.0,3,3,0,1,3,5,5.0,11939.11,4,4,0,True,True,False
2000033467,2019-11,0.0,0.0,0.0,0,0,0,0,0,1,2.0,0.02,1,0,1,False,True,False
2000033467,2022-06,0.0,0.0,0.0,0,0,0,0,0,2,2.0,0.02,0,0,2,False,True,False
2000033467,2022-07,0.0,0.0,0.0,0,0,0,0,0,1,1.0,358531.0,1,0,1,False,True,False
2000033467,2025-02,0.0,0.0,0.0,1,1,0,0,1,1,1.0,36.19,1,0,1,True,True,False
2000033467,2025-03,0.0,0.0,0.0,5,5,0,0,4,0,0.0,0.0,0,0,0,True,False,False
2000033467,2025-04,12.0,0.0,12.0,7,7,0,1,3,0,0.0,0.0,0,0,0,True,False,False
2000033467,2025-07,0.0,0.0,0.0,1,1,0,0,1,0,0.0,0.0,0,0,0,True,False,False
2000033474,2020-04,0.0,0.0,0.0,0,0,0,0,0,5,728.0,19138.96,5,0,5,False,True,False
2000033474,2020-06,0.0,0.0,0.0,0,0,0,0,0,3,632.0,685.24,3,0,3,False,True,False
2000033474,2020-08,0.0,0.0,0.0,0,0,0,0,0,3,54.0,71920.5,3,0,3,False,True,False
2000033474,2020-10,0.0,0.0,0.0,0,0,0,0,0,1,5.0,8330.0,1,0,1,False,True,False
2000033474,2020-11,0.0,0.0,0.0,0,0,0,0,0,1,1.0,3978.09,1,0,1,False,True,False
2000033474,2020-12,0.0,0.0,0.0,0,0,0,0,0,3,38.0,13916.17,3,0,3,False,True,False
2000033474,2021-07,0.0,0.0,0.0,0,0,0,0,0,1,1.0,406.93,1,0,1,False,True,False
2000033474,2021-12,0.0,0.0,0.0,0,0,0,0,0,5,196.0,10993.04,3,0,5,False,True,False
2000033474,2022-02,0.0,0.0,0.0,0,0,0,0,0,1,1.0,142.43,1,0,1,False,True,False
2000033474,2022-04,0.0,0.0,0.0,0,0,0,0,0,1,1.0,3978.09,1,0,1,False,True,False
2000033474,2022-05,0.0,0.0,0.0,0,0,0,0,0,1,1.0,3951.86,0,0,1,False,True,False
2000033474,2022-07,0.0,0.0,0.0,0,0,0,0,0,3,4.0,8214.810000000001,2,0,3,False,True,False
2000033474,2022-08,0.0,0.0,0.0,0,0,0,0,0,4,4.0,5093.66,3,0,4,False,True,False
2000033474,2022-11,0.0,0.0,0.0,0,0,0,0,0,2,2.0,2663.9700000000003,1,0,2,False,True,False
2000033474,2023-02,0.0,0.0,0.0,0,0,0,0,0,1,1.0,203.65,0,0,1,False,True,False
2000033474,2023-04,0.0,0.0,0.0,0,0,0,0,0,3,26.0,23577.440000000002,2,0,3,False,True,False
2000033474,2023-05,0.0,0.0,0.0,0,0,0,0,0,1,1.0,13833.23,0,0,1,False,True,False
2000033474,2023-07,0.0,0.0,0.0,0,0,0,0,0,1,4.0,9537.08,1,0,1,False,True,False
2000033474,2023-08,0.0,0.0,0.0,0,0,0,0,0,4,26.0,62590.06,2,0,4,False,True,False
2000033474,2023-09,0.0,0.0,0.0,0,0,0,0,0,1,30.0,0.3,0,0,1,False,True,False
2000033474,2023-10,0.0,0.0,0.0,0,0,0,0,0,1,2.0,4868.38,1,0,1,False,True,False
2000033474,2023-11,0.0,0.0,0.0,0,0,0,0,0,1,1.0,191.97,0,0,1,False,True,False
2000033474,2024-03,0.0,0.0,0.0,0,0,0,0,0,3,3.0,7202.73,3,0,3,False,True,False
2000033474,2024-04,0.0,0.0,0.0,0,0,0,0,0,10,20.0,70730.83,9,0,10,False,True,False
2000033474,2024-06,0.0,0.0,0.0,0,0,0,0,0,2,8.0,31693.57,0,0,2,False,True,False
2000033474,2024-07,0.0,0.0,0.0,0,0,0,0,0,2,2.0,6412.280000000001,2,0,2,False,True,False
2000033474,2024-08,0.0,0.0,0.0,0,0,0,0,0,1,1.0,203.65,0,0,1,False,True,False
2000033474,2024-09,0.0,0.0,0.0,0,0,0,0,0,11,227.0,897042.14,11,0,11,False,True,False
2000033474,2024-10,0.0,0.0,0.0,0,0,0,0,0,23,95.0,233796.98,20,0,23,False,True,False
2000033474,2024-11,0.0,0.0,0.0,0,0,0,0,0,10,50.0,58345.0,8,0,10,False,True,False
2000033474,2024-12,0.0,0.0,0.0,0,0,0,0,0,11,66.0,157290.76,10,0,11,False,True,False
2000033474,2025-01,0.0,0.0,0.0,0,0,0,0,0,13,78.0,187577.92,7,0,13,False,True,False
2000033474,2025-02,0.0,0.0,0.0,0,0,0,0,0,3,11.0,27994.24,3,0,3,False,True,False
2000033474,2025-03,100.0,0.0,100.0,1,1,0,1,1,3,3.0,6760.87,2,0,3,True,True,False
2000033474,2025-04,10980.0,36.0,10944.0,108,107,1,65,6,4,156.0,16708.64,3,0,4,True,True,False
2000033474,2025-05,56.0,0.0,56.0,9,9,0,8,7,6,10.0,23473.870000000003,4,0,6,True,True,False
2000033474,2025-06,107.0,0.0,107.0,9,9,0,8,6,2,2.0,5644.09,2,0,2,True,True,False
2000033474,2025-07,3133.0,3.0,3130.0,59,58,1,54,4,3,3.0,4242.62,2,0,3,True,True,False
2000033474,2025-08,3.0,0.0,3.0,2,2,0,2,2,2,2.0,5094.87,1,0,2,True,True,False
2000033474,2025-09,710.0,0.0,710.0,6,6,0,6,4,6,16.0,36669.6,3,1,5,True,True,False
2000033474,2025-10,0.0,0.0,0.0,0,0,0,0,0,4,5.0,5117.52,4,2,2,False,True,False
2000033474,2025-11,21.0,1.0,20.0,11,10,1,5,5,4,6.0,14455.380000000001,4,0,4,True,True,False
2000033474,2025-12,0.0,0.0,0.0,0,0,0,0,0,2,2.0,6362.360000000001,2,1,1,False,True,False
2000033474,2026-01,100.0,0.0,100.0,1,1,0,1,1,2,2.0,4768.54,2,2,0,True,True,False
2000033474,2026-02,0.0,0.0,0.0,0,0,0,0,0,1,1.0,406.93,0,1,0,False,True,False
2000033475,2022-03,0.0,0.0,0.0,0,0,0,0,0,1,1.0,18219.22,0,0,1,False,True,False
2000033475,2022-10,0.0,0.0,0.0,0,0,0,0,0,1,1.0,18219.22,1,0,1,False,True,False
2000033475,2022-12,0.0,0.0,0.0,0,0,0,0,0,1,1.0,18219.22,1,0,1,False,True,False
2000033475,2023-01,0.0,0.0,0.0,0,0,0,0,0,1,1.0,0.58,1,0,1,False,True,False
2000033475,2023-03,0.0,0.0,0.0,0,0,0,0,0,1,1.0,18219.22,0,0,1,False,True,False
2000033475,2023-08,0.0,0.0,0.0,0,0,0,0,0,1,1.0,18219.22,1,0,1,False,True,False
2000033475,2023-10,0.0,0.0,0.0,0,0,0,0,0,3,4.0,72876.88,1,0,3,False,True,False
2000033475,2023-12,0.0,0.0,0.0,0,0,0,0,0,2,2.0,36438.44,2,0,2,False,True,False
2000033475,2024-01,0.0,0.0,0.0,0,0,0,0,0,2,2.0,36438.44,1,0,2,False,True,False
2000033475,2024-02,0.0,0.0,0.0,0,0,0,0,0,1,1.0,18219.22,1,0,1,False,True,False
2000033475,2024-03,0.0,0.0,0.0,0,0,0,0,0,2,2.0,36438.44,2,0,2,False,True,False
2000033475,2024-05,0.0,0.0,0.0,0,0,0,0,0,3,3.0,54657.66,3,0,3,False,True,False
2000033475,2024-06,0.0,0.0,0.0,0,0,0,0,0,2,6.0,109315.32,1,0,2,False,True,False
2000033475,2024-08,0.0,0.0,0.0,0,0,0,0,0,2,3.0,18386.960000000003,0,0,2,False,True,False
2000033475,2024-09,0.0,0.0,0.0,0,0,0,0,0,2,1.0,18219.22,2,0,2,False,True,False
2000033475,2024-11,0.0,0.0,0.0,0,0,0,0,0,1,1.0,18219.22,1,0,1,False,True,False
2000033475,2025-01,0.0,0.0,0.0,0,0,0,0,0,11,11.0,200411.42,2,0,11,False,True,False
2000033475,2025-02,0.0,0.0,0.0,0,0,0,0,0,1,1.0,18219.22,1,0,1,False,True,False
2000033475,2025-03,47.0,0.0,47.0,7,7,0,5,2,5,8.0,145753.76,3,0,5,True,True,False
2000033475,2025-04,93.0,80.0,13.0,13,8,5,5,2,1,3.0,54657.66,1,0,1,True,True,False
2000033475,2025-05,36.0,0.0,36.0,11,11,0,11,1,0,0.0,0.0,0,0,0,True,False,False
2000033475,2025-06,627.0,313.0,314.0,50,33,17,15,3,0,0.0,0.0,0,0,0,True,False,False
2000033475,2025-07,273.0,3.0,270.0,7,6,1,5,3,0,0.0,0.0,0,0,0,True,False,False
2000033475,2025-09,4.0,0.0,4.0,2,2,0,1,2,1,1.0,18219.22,1,1,0,True,True,False
2000033475,2025-11,0.0,0.0,0.0,0,0,0,0,0,3,3.0,54657.66,2,2,1,False,True,False
2000033475,2025-12,0.0,0.0,0.0,0,0,0,0,0,1,1.0,18219.22,1,0,1,False,True,False
2000033475,2026-02,75.0,0.0,75.0,10,10,0,4,6,0,0.0,0.0,0,0,0,True,False,False
2000033479,2019-11,0.0,0.0,0.0,0,0,0,0,0,1,1.0,777.44,1,0,1,False,True,False
2000033479,2019-12,0.0,0.0,0.0,0,0,0,0,0,2,3.0,1380.68,1,0,2,False,True,False
2000033479,2020-02,0.0,0.0,0.0,0,0,0,0,0,2,12.0,5522.72,0,0,2,False,True,False
2000033479,2020-06,0.0,0.0,0.0,0,0,0,0,0,1,1.0,777.44,0,0,1,False,True,False
2000033479,2020-09,0.0,0.0,0.0,0,0,0,0,0,1,8.0,2412.96,0,0,1,False,True,False
2000033479,2021-01,0.0,0.0,0.0,0,0,0,0,0,1,2.0,1554.88,0,0,1,False,True,False
2000033479,2021-03,0.0,0.0,0.0,0,0,0,0,0,1,8.0,2412.96,0,0,1,False,True,False
2000033479,2021-04,0.0,0.0,0.0,0,0,0,0,0,1,8.0,0.08,1,0,1,False,True,False
2000033479,2021-07,0.0,0.0,0.0,0,0,0,0,0,1,8.0,2412.96,1,0,1,False,True,False
2000033479,2021-10,0.0,0.0,0.0,0,0,0,0,0,2,2.0,834.3100000000001,1,0,2,False,True,False
2000033479,2022-03,0.0,0.0,0.0,0,0,0,0,0,1,1.0,0.01,1,0,1,False,True,False
2000033479,2023-06,0.0,0.0,0.0,0,0,0,0,0,1,1.0,777.44,0,0,1,False,True,False
2000033479,2024-05,0.0,0.0,0.0,0,0,0,0,0,1,1.0,287.05,0,0,1,False,True,False
2000033479,2024-06,0.0,0.0,0.0,0,0,0,0,0,1,66.0,19906.92,0,0,1,False,True,False
2000033479,2025-02,290.0,0.0,290.0,3,3,0,1,2,0,0.0,0.0,0,0,0,True,False,False
2000033479,2025-03,128.0,0.0,128.0,1,1,0,1,1,0,0.0,0.0,0,0,0,True,False,False
2000033479,2025-05,160.0,0.0,160.0,1,1,0,1,1,0,0.0,0.0,0,0,0,True,False,False
2000033479,2025-06,320.0,0.0,320.0,1,1,0,1,1,0,0.0,0.0,0,0,0,True,False,False
2000033479,2025-07,168.0,0.0,168.0,1,1,0,1,1,0,0.0,0.0,0,0,0,True,False,False
2000033479,2025-09,136.0,0.0,136.0,1,1,0,1,1,0,0.0,0.0,0,0,0,True,False,False
2000033479,2025-12,207.0,0.0,207.0,2,2,0,2,2,0,0.0,0.0,0,0,0,True,False,False
2000033479,2026-01,132.0,0.0,132.0,1,1,0,1,1,0,0.0,0.0,0,0,0,True,False,False
2000033484,2020-01,0.0,0.0,0.0,0,0,0,0,0,1,1.0,12983.55,0,0,1,False,True,False
2000033484,2021-09,0.0,0.0,0.0,0,0,0,0,0,1,5.0,7.5,0,0,1,False,True,False
2000033484,2022-05,0.0,0.0,0.0,0,0,0,0,0,1,1.0,0.01,1,0,1,False,True,False
2000033484,2022-10,0.0,0.0,0.0,0,0,0,0,0,1,1.0,52684.55,0,0,1,False,True,False
2000033484,2023-11,0.0,0.0,0.0,0,0,0,0,0,1,1.0,0.0,0,0,0,False,True,False
2000033484,2025-05,0.0,0.0,0.0,0,0,0,0,0,1,1.0,60.32,1,0,1,False,True,False
2000033485,2020-06,0.0,0.0,0.0,0,0,0,0,0,4,4.0,2724.22,1,0,4,False,True,False
2000033485,2021-05,0.0,0.0,0.0,0,0,0,0,0,1,1.0,53.18,0,0,1,False,True,False
2000033485,2025-05,1226.0,0.0,1226.0,45,45,0,45,1,0,0.0,0.0,0,0,0,True,False,False
2000033485,2025-08,46.0,0.0,46.0,40,40,0,40,1,0,0.0,0.0,0,0,0,True,False,False
2000033486,2019-04,0.0,0.0,0.0,0,0,0,0,0,4,4.0,28890.47,1,0,4,False,True,False
2000033486,2019-05,0.0,0.0,0.0,0,0,0,0,0,4,4.0,25802.58,3,0,4,False,True,False
2000033486,2019-06,0.0,0.0,0.0,0,0,0,0,0,7,7.0,58568.85,6,0,7,False,True,False
2000033486,2019-07,0.0,0.0,0.0,0,0,0,0,0,4,5.0,55347.07,4,0,4,False,True,False
2000033486,2019-08,0.0,0.0,0.0,0,0,0,0,0,29,65.0,938036.59,17,0,29,False,True,False
2000033486,2019-09,0.0,0.0,0.0,0,0,0,0,0,14,20.0,329482.77999999997,5,0,14,False,True,False
2000033486,2019-10,0.0,0.0,0.0,0,0,0,0,0,11,26.0,679286.86,2,0,11,False,True,False
2000033486,2019-11,0.0,0.0,0.0,0,0,0,0,0,16,39.0,571317.7,10,0,16,False,True,False
2000033486,2019-12,0.0,0.0,0.0,0,0,0,0,0,12,11.0,185159.27,7,0,12,False,True,False
2000033486,2020-01,0.0,0.0,0.0,0,0,0,0,0,13,20.0,305941.04000000004,11,0,13,False,True,False
2000033486,2020-02,0.0,0.0,0.0,0,0,0,0,0,8,8.0,118409.26999999999,6,0,8,False,True,False
2000033486,2020-03,0.0,0.0,0.0,0,0,0,0,0,5,6.0,87969.11,5,0,5,False,True,False
2000033486,2020-04,0.0,0.0,0.0,0,0,0,0,0,1,2.0,25967.1,1,0,1,False,True,False
2000033486,2020-06,0.0,0.0,0.0,0,0,0,0,0,8,23.0,97225.26,5,0,8,False,True,False
2000033486,2020-07,0.0,0.0,0.0,0,0,0,0,0,15,21.0,530621.92,6,0,15,False,True,False
2000033486,2020-08,0.0,0.0,0.0,0,0,0,0,0,5,5.0,82438.19,3,0,5,False,True,False
2000033486,2020-09,0.0,0.0,0.0,0,0,0,0,0,8,10.0,158922.63,6,0,8,False,True,False
2000033486,2020-10,0.0,0.0,0.0,0,0,0,0,0,25,32.0,717924.22,21,0,25,False,True,False
2000033486,2020-11,0.0,0.0,0.0,0,0,0,0,0,12,13.0,153259.84,6,1,11,False,True,False
2000033486,2020-12,0.0,0.0,0.0,0,0,0,0,0,18,23.0,264434.06,14,0,18,False,True,False
2000033486,2021-01,0.0,0.0,0.0,0,0,0,0,0,23,382.0,7620398.38,13,0,21,False,True,False
2000033486,2021-02,0.0,0.0,0.0,0,0,0,0,0,21,27.0,188497.55000000002,14,0,21,False,True,False
2000033486,2021-03,0.0,0.0,0.0,0,0,0,0,0,22,25.0,254664.71999999997,13,2,20,False,True,False
2000033486,2021-04,0.0,0.0,0.0,0,0,0,0,0,14,29.0,523077.99,11,0,14,False,True,False
2000033486,2021-05,0.0,0.0,0.0,0,0,0,0,0,9,10.0,285945.14,5,0,9,False,True,False
2000033486,2021-06,0.0,0.0,0.0,0,0,0,0,0,9,10.0,184228.16,3,1,8,False,True,False
2000033486,2021-07,0.0,0.0,0.0,0,0,0,0,0,28,41.0,461947.74,18,0,28,False,True,False
2000033486,2021-08,0.0,0.0,0.0,0,0,0,0,0,11,13.0,239840.95,7,0,11,False,True,False
2000033486,2021-09,0.0,0.0,0.0,0,0,0,0,0,19,178.0,3805244.1199999996,14,2,17,False,True,False
2000033486,2021-10,0.0,0.0,0.0,0,0,0,0,0,15,15.0,207708.48,11,0,14,False,True,False
2000033486,2021-11,0.0,0.0,0.0,0,0,0,0,0,16,17.0,491750.47,11,0,16,False,True,False
2000033486,2021-12,0.0,0.0,0.0,0,0,0,0,0,6,6.0,246036.19999999998,3,0,6,False,True,False
2000033486,2022-01,0.0,0.0,0.0,0,0,0,0,0,20,44.0,852950.3,6,0,20,False,True,False
2000033486,2022-02,0.0,0.0,0.0,0,0,0,0,0,17,28.0,659720.55,10,0,16,False,True,False
2000033486,2022-03,0.0,0.0,0.0,0,0,0,0,0,24,39.0,1063639.03,15,0,24,False,True,False
2000033486,2022-04,0.0,0.0,0.0,0,0,0,0,0,18,32.0,819898.84,7,0,17,False,True,False
2000033486,2022-05,0.0,0.0,0.0,0,0,0,0,0,27,53.0,1329265.54,8,1,26,False,True,False
2000033486,2022-06,0.0,0.0,0.0,0,0,0,0,0,22,32.0,806887.23,11,0,22,False,True,False
2000033486,2022-07,0.0,0.0,0.0,0,0,0,0,0,10,20.0,346944.16000000003,5,0,10,False,True,False
2000033486,2022-08,0.0,0.0,0.0,0,0,0,0,0,13,19.0,383652.04,6,0,13,False,True,False
2000033486,2022-09,0.0,0.0,0.0,0,0,0,0,0,11,18.0,313663.75,9,0,11,False,True,False
2000033486,2022-10,0.0,0.0,0.0,0,0,0,0,0,5,11.0,247886.29,3,0,5,False,True,False
2000033486,2022-11,0.0,0.0,0.0,0,0,0,0,0,9,15.0,353255.41000000003,7,0,9,False,True,False
2000033486,2023-01,0.0,0.0,0.0,0,0,0,0,0,2,2.0,20591.33,2,0,2,False,True,False
2000033486,2023-02,0.0,0.0,0.0,0,0,0,0,0,8,8.0,151319.76,3,0,8,False,True,False
2000033486,2023-03,0.0,0.0,0.0,0,0,0,0,0,9,10.0,165394.24000000002,7,0,9,False,True,False
2000033486,2023-04,0.0,0.0,0.0,0,0,0,0,0,9,10.0,116981.82,8,0,9,False,True,False
2000033486,2023-05,0.0,0.0,0.0,0,0,0,0,0,4,4.0,34384.43,2,0,4,False,True,False
2000033486,2023-06,0.0,0.0,0.0,0,0,0,0,0,21,67.0,870851.14,7,1,20,False,True,False
2000033486,2023-07,0.0,0.0,0.0,0,0,0,0,0,9,17.0,309944.04000000004,5,1,8,False,True,False
2000033486,2023-08,0.0,0.0,0.0,0,0,0,0,0,11,11.0,370823.85,8,0,11,False,True,False
2000033486,2023-09,0.0,0.0,0.0,0,0,0,0,0,16,22.0,551327.75,13,3,13,False,True,False
2000033486,2023-10,0.0,0.0,0.0,0,0,0,0,0,19,35.0,310689.24,15,1,18,False,True,False
2000033486,2023-11,0.0,0.0,0.0,0,0,0,0,0,16,29.0,291506.35,12,0,16,False,True,False
2000033486,2023-12,0.0,0.0,0.0,0,0,0,0,0,9,9.0,87207.6,6,1,8,False,True,False
2000033486,2024-01,0.0,0.0,0.0,0,0,0,0,0,17,25.0,249587.95,11,3,14,False,True,False
2000033486,2024-02,0.0,0.0,0.0,0,0,0,0,0,15,17.0,339147.79,11,0,15,False,True,False
2000033486,2024-03,0.0,0.0,0.0,0,0,0,0,0,17,19.0,397484.91000000003,7,0,17,False,True,False
2000033486,2024-04,0.0,0.0,0.0,0,0,0,0,0,24,38.0,501241.43,17,2,22,False,True,False
2000033486,2024-05,0.0,0.0,0.0,0,0,0,0,0,16,28.0,568733.42,9,2,14,False,True,False
2000033486,2024-06,0.0,0.0,0.0,0,0,0,0,0,12,12.0,317093.33,8,0,12,False,True,False
2000033486,2024-07,0.0,0.0,0.0,0,0,0,0,0,34,37.0,625970.42,22,0,33,False,True,False
2000033486,2024-08,0.0,0.0,0.0,0,0,0,0,0,29,34.0,870732.36,24,0,28,False,True,False
2000033486,2024-09,0.0,0.0,0.0,0,0,0,0,0,23,42.0,955710.01,21,1,22,False,True,False
2000033486,2024-10,0.0,0.0,0.0,0,0,0,0,0,33,34.0,1104527.04,24,1,32,False,True,False
2000033486,2024-11,0.0,0.0,0.0,0,0,0,0,0,10,22.0,497023.08,7,0,10,False,True,False
2000033486,2024-12,0.0,0.0,0.0,0,0,0,0,0,30,53.0,874140.11,23,0,30,False,True,False
2000033486,2025-01,0.0,0.0,0.0,0,0,0,0,0,43,68.0,1338632.67,23,4,39,False,True,False
2000033486,2025-02,5373.0,0.0,5373.0,137,137,0,44,3,24,38.0,969281.24,17,2,22,True,True,False
2000033486,2025-03,9682.0,0.0,9682.0,292,292,0,67,5,31,51.0,1094291.94,22,0,31,True,True,False
2000033486,2025-04,20313.0,2400.0,17913.0,383,381,2,68,7,31,38.0,1232539.3,20,2,29,True,True,False
2000033486,2025-05,9841.0,3265.0,6576.0,314,311,3,53,6,21,23.0,615905.0800000001,16,2,19,True,True,False
2000033486,2025-06,8441.0,0.0,8441.0,307,307,0,74,5,18,35.0,601647.95,15,0,18,True,True,False
2000033486,2025-07,4950.0,0.0,4950.0,162,162,0,55,4,18,22.0,637117.08,13,0,18,True,True,False
2000033486,2025-08,1153.0,0.0,1153.0,52,52,0,15,4,25,45.0,527031.41,12,6,19,True,True,False
2000033486,2025-09,7738.0,392.0,7346.0,227,226,1,73,5,28,42.0,563179.61,14,11,17,True,True,False
2000033486,2025-10,958.0,764.0,194.0,20,16,4,10,6,20,50.0,990921.27,13,7,13,True,True,False
2000033486,2025-11,6379.0,1.0,6378.0,253,252,1,59,3,18,23.0,737351.12,13,0,18,True,True,False
2000033486,2025-12,8088.0,470.0,7618.0,332,330,2,70,5,26,34.0,530609.25,13,12,14,True,True,False
2000033486,2026-01,1.0,0.0,1.0,1,1,0,1,1,22,27.0,398291.92,15,11,11,True,True,False
2000033486,2026-02,158.0,3.0,155.0,21,18,3,14,3,4,10.0,195201.74,2,4,0,True,True,False
2000033499,2020-08,0.0,0.0,0.0,0,0,0,0,0,1,1.0,157.38,1,0,1,False,True,False
2000033499,2021-02,0.0,0.0,0.0,0,0,0,0,0,1,1.0,157.38,1,0,1,False,True,False
2000033499,2021-07,0.0,0.0,0.0,0,0,0,0,0,1,1.0,157.38,0,0,1,False,True,False
2000033499,2022-04,0.0,0.0,0.0,0,0,0,0,0,1,1.0,157.38,0,0,1,False,True,False
2000033499,2023-01,0.0,0.0,0.0,0,0,0,0,0,1,1.0,157.38,1,0,1,False,True,False
2000033502,2019-05,0.0,0.0,0.0,0,0,0,0,0,2,3.0,82521.3,0,0,2,False,True,False
2000033502,2019-07,0.0,0.0,0.0,0,0,0,0,0,1,1.0,20800.0,1,0,1,False,True,False
2000033502,2019-10,0.0,0.0,0.0,0,0,0,0,0,2,2.0,61721.3,1,0,2,False,True,False
2000033502,2020-01,0.0,0.0,0.0,0,0,0,0,0,10,34.0,1049262.1,10,0,10,False,True,False
2000033502,2020-02,0.0,0.0,0.0,0,0,0,0,0,3,3.0,92581.95000000001,3,0,3,False,True,False
2000033502,2020-03,0.0,0.0,0.0,0,0,0,0,0,1,1.0,0.0,1,0,1,False,True,False
2000033502,2020-06,0.0,0.0,0.0,0,0,0,0,0,1,1.0,30860.65,1,0,1,False,True,False
2000033502,2020-07,0.0,0.0,0.0,0,0,0,0,0,1,1.0,30860.65,1,0,1,False,True,False
2000033502,2020-09,0.0,0.0,0.0,0,0,0,0,0,3,6.0,185163.90000000002,3,0,3,False,True,False
2000033502,2020-12,0.0,0.0,0.0,0,0,0,0,0,2,3.0,92581.95000000001,2,0,2,False,True,False
2000033502,2021-01,0.0,0.0,0.0,0,0,0,0,0,1,2.0,61721.3,0,0,1,False,True,False
2000033502,2021-03,0.0,0.0,0.0,0,0,0,0,0,1,2.0,61721.3,0,0,1,False,True,False
2000033502,2021-12,0.0,0.0,0.0,0,0,0,0,0,1,1.0,30860.65,0,0,1,False,True,False
2000033502,2022-01,0.0,0.0,0.0,0,0,0,0,0,2,2.0,61721.3,2,0,2,False,True,False
2000033502,2022-03,0.0,0.0,0.0,0,0,0,0,0,1,13.0,401188.45,1,0,1,False,True,False
2000033502,2022-06,0.0,0.0,0.0,0,0,0,0,0,1,1.0,30860.65,0,0,1,False,True,False
2000033502,2022-09,0.0,0.0,0.0,0,0,0,0,0,1,1.0,30860.65,1,0,1,False,True,False
2000033502,2023-03,0.0,0.0,0.0,0,0,0,0,0,2,4.0,123442.6,1,0,2,False,True,False
2000033502,2023-06,0.0,0.0,0.0,0,0,0,0,0,1,3.0,92581.95,1,0,1,False,True,False
2000033502,2023-09,0.0,0.0,0.0,0,0,0,0,0,2,3.0,92581.95000000001,2,0,2,False,True,False
2000033502,2023-10,0.0,0.0,0.0,0,0,0,0,0,4,8.0,246885.2,0,0,4,False,True,False
2000033502,2023-11,0.0,0.0,0.0,0,0,0,0,0,5,7.0,124825.72,5,0,5,False,True,False
2000033502,2023-12,0.0,0.0,0.0,0,0,0,0,0,1,1.0,20800.0,1,0,1,False,True,False
2000033502,2024-01,0.0,0.0,0.0,0,0,0,0,0,6,24.0,740655.6000000001,4,0,6,False,True,False
2000033502,2024-02,0.0,0.0,0.0,0,0,0,0,0,2,2.0,61721.3,2,0,2,False,True,False
2000033502,2024-03,0.0,0.0,0.0,0,0,0,0,0,7,25.0,771516.25,1,0,7,False,True,False
2000033502,2024-04,0.0,0.0,0.0,0,0,0,0,0,5,24.0,740655.6000000001,0,0,5,False,True,False
2000033502,2024-05,0.0,0.0,0.0,0,0,0,0,0,9,36.0,1030498.2000000001,0,0,9,False,True,False
2000033502,2024-06,0.0,0.0,0.0,0,0,0,0,0,3,11.0,258981.95,1,0,3,False,True,False
2000033502,2024-07,0.0,0.0,0.0,0,0,0,0,0,3,10.0,228121.3,0,0,3,False,True,False
2000033502,2024-08,0.0,0.0,0.0,0,0,0,0,0,2,8.0,166400.0,0,0,2,False,True,False
2000033502,2024-09,0.0,0.0,0.0,0,0,0,0,0,2,8.0,166400.0,0,0,2,False,True,False
2000033502,2024-10,0.0,0.0,0.0,0,0,0,0,0,6,24.0,499200.0,0,0,6,False,True,False
2000033502,2024-11,0.0,0.0,0.0,0,0,0,0,0,3,9.0,187200.0,1,0,3,False,True,False
2000033502,2024-12,0.0,0.0,0.0,0,0,0,0,0,1,2.0,0.02,1,1,0,False,True,False
2000033502,2025-01,0.0,0.0,0.0,0,0,0,0,0,1,1.0,30860.65,0,0,1,False,True,False
2000033502,2025-02,24.0,8.0,16.0,4,3,1,1,2,1,2.0,41600.0,1,0,1,True,True,False
2000033502,2025-03,28.0,0.0,28.0,4,4,0,2,3,0,0.0,0.0,0,0,0,True,False,False
2000033502,2025-04,16.0,1.0,15.0,3,2,1,2,3,5,14.0,166400.04,2,1,4,True,True,False
2000033502,2025-05,21.0,0.0,21.0,3,3,0,2,3,2,2.0,41600.0,0,0,2,True,True,False
2000033502,2025-06,16.0,0.0,16.0,2,2,0,1,1,3,9.0,168383.72999999998,1,0,3,True,True,False
2000033502,2025-07,1055.0,0.0,1055.0,10,10,0,8,4,0,0.0,0.0,0,0,0,True,False,False
2000033502,2025-08,21.0,0.0,21.0,3,3,0,1,2,4,10.0,228121.3,2,0,4,True,True,False
2000033502,2025-09,32.0,8.0,24.0,5,4,1,1,1,3,5.0,144242.6,0,0,3,True,True,False
2000033502,2025-10,130.0,53.0,77.0,6,5,1,1,2,0,0.0,0.0,0,0,0,True,False,False
2000033502,2025-11,32.0,8.0,24.0,5,4,1,1,1,0,0.0,0.0,0,0,0,True,False,False
2000033502,2025-12,33.0,29.0,4.0,8,5,3,4,3,0,0.0,0.0,0,0,0,True,False,False
2000033502,2026-01,4.0,0.0,4.0,2,2,0,1,2,0,0.0,0.0,0,0,0,True,False,False
2000033502,2026-02,8.0,0.0,8.0,1,1,0,1,1,0,0.0,0.0,0,0,0,True,False,False
2000033506,2019-04,0.0,0.0,0.0,0,0,0,0,0,3,8.0,2553.8599999999997,0,0,3,False,True,False
2000033506,2019-05,0.0,0.0,0.0,0,0,0,0,0,4,19.0,19984.579999999998,0,0,4,False,True,False
2000033506,2019-06,0.0,0.0,0.0,0,0,0,0,0,3,5.0,934.95,1,0,3,False,True,False
2000033506,2019-07,0.0,0.0,0.0,0,0,0,0,0,17,283.0,68666.48,10,0,17,False,True,False
2000033506,2019-08,0.0,0.0,0.0,0,0,0,0,0,8,14.0,3316.66,1,0,8,False,True,False
2000033506,2019-09,0.0,0.0,0.0,0,0,0,0,0,5,4.0,747.95,1,0,5,False,True,False
2000033506,2019-10,0.0,0.0,0.0,0,0,0,0,0,13,20.0,5060.04,9,0,13,False,True,False
2000033506,2019-11,0.0,0.0,0.0,0,0,0,0,0,18,29.0,6438.73,0,0,18,False,True,False
2000033506,2019-12,0.0,0.0,0.0,0,0,0,0,0,5,5.0,17492.68,0,0,5,False,True,False
2000033506,2020-01,0.0,0.0,0.0,0,0,0,0,0,11,17.0,73500.61,6,0,11,False,True,False
2000033506,2020-02,0.0,0.0,0.0,0,0,0,0,0,9,11.0,2354.49,3,0,9,False,True,False
2000033506,2020-03,0.0,0.0,0.0,0,0,0,0,0,11,58.0,240879.38,9,0,11,False,True,False
2000033506,2020-04,0.0,0.0,0.0,0,0,0,0,0,3,12.0,200125.68,1,0,3,False,True,False
2000033506,2020-05,0.0,0.0,0.0,0,0,0,0,0,7,13.0,117115.66,5,0,7,False,True,False
2000033506,2020-06,0.0,0.0,0.0,0,0,0,0,0,6,18.0,53794.32,2,0,6,False,True,False
2000033506,2020-07,0.0,0.0,0.0,0,0,0,0,0,1,3.0,0.03,1,0,1,False,True,False
2000033506,2020-08,0.0,0.0,0.0,0,0,0,0,0,2,2.0,7953.64,2,0,2,False,True,False
2000033506,2020-09,0.0,0.0,0.0,0,0,0,0,0,4,181.0,88110.41,3,0,4,False,True,False
2000033506,2020-10,0.0,0.0,0.0,0,0,0,0,0,4,106.0,16666.02,1,0,4,False,True,False
2000033506,2020-12,0.0,0.0,0.0,0,0,0,0,0,2,2.0,16677.149999999998,0,0,2,False,True,False
2000033506,2021-01,0.0,0.0,0.0,0,0,0,0,0,2,11.0,2872.27,0,0,2,False,True,False
2000033506,2021-02,0.0,0.0,0.0,0,0,0,0,0,1,1.0,6998.74,0,0,1,False,True,False
2000033506,2021-03,0.0,0.0,0.0,0,0,0,0,0,1,1.0,16677.14,1,0,1,False,True,False
2000033506,2021-05,0.0,0.0,0.0,0,0,0,0,0,3,37.0,12356.689999999999,0,0,3,False,True,False
2000033506,2021-06,0.0,0.0,0.0,0,0,0,0,0,5,186.0,49834.86,0,0,5,False,True,False
2000033506,2021-07,0.0,0.0,0.0,0,0,0,0,0,5,49.0,8600.210000000001,1,0,5,False,True,False
2000033506,2021-08,0.0,0.0,0.0,0,0,0,0,0,5,8.0,20315.989999999998,1,0,5,False,True,False
2000033506,2021-09,0.0,0.0,0.0,0,0,0,0,0,1,1.0,16677.14,1,0,1,False,True,False
2000033506,2021-10,0.0,0.0,0.0,0,0,0,0,0,3,6.0,82615.81999999999,0,0,3,False,True,False
2000033506,2021-11,0.0,0.0,0.0,0,0,0,0,0,19,27.0,312002.75,3,0,19,False,True,False
2000033506,2021-12,0.0,0.0,0.0,0,0,0,0,0,1,76.0,12179.0,0,0,1,False,True,False
2000033506,2022-01,0.0,0.0,0.0,0,0,0,0,0,1,1.0,16677.14,1,0,1,False,True,False
2000033506,2022-02,0.0,0.0,0.0,0,0,0,0,0,1,6.0,434.82,0,0,1,False,True,False
2000033506,2022-03,0.0,0.0,0.0,0,0,0,0,0,4,46.0,10719.16,0,0,4,False,True,False
2000033506,2022-04,0.0,0.0,0.0,0,0,0,0,0,1,2.0,33354.28,1,0,1,False,True,False
2000033506,2022-05,0.0,0.0,0.0,0,0,0,0,0,1,1.0,6587.69,0,0,1,False,True,False
2000033506,2022-06,0.0,0.0,0.0,0,0,0,0,0,1,1.0,6891.36,1,0,1,False,True,False
2000033506,2022-07,0.0,0.0,0.0,0,0,0,0,0,5,108.0,26413.87,0,0,5,False,True,False
2000033506,2022-10,0.0,0.0,0.0,0,0,0,0,0,5,58.0,16824.739999999998,2,0,5,False,True,False
2000033506,2022-11,0.0,0.0,0.0,0,0,0,0,0,2,5.0,2659.8,0,0,2,False,True,False
2000033506,2023-01,0.0,0.0,0.0,0,0,0,0,0,1,1.0,16677.14,1,0,1,False,True,False
2000033506,2023-02,0.0,0.0,0.0,0,0,0,0,0,2,3.0,16997.64,1,0,2,False,True,False
2000033506,2023-03,0.0,0.0,0.0,0,0,0,0,0,1,1.0,16677.14,1,0,1,False,True,False
2000033506,2023-04,0.0,0.0,0.0,0,0,0,0,0,2,67.0,12826.05,0,0,2,False,True,False
2000033506,2023-05,0.0,0.0,0.0,0,0,0,0,0,2,2.0,33354.28,2,0,2,False,True,False
2000033506,2023-07,0.0,0.0,0.0,0,0,0,0,0,3,50.0,8894.32,0,0,3,False,True,False
2000033506,2023-08,0.0,0.0,0.0,0,0,0,0,0,6,40.0,8544.45,0,0,6,False,True,False
2000033506,2023-10,0.0,0.0,0.0,0,0,0,0,0,2,25.0,4557.65,0,0,2,False,True,False
2000033506,2023-11,0.0,0.0,0.0,0,0,0,0,0,1,1.0,446.67,0,0,1,False,True,False
2000033506,2024-03,0.0,0.0,0.0,0,0,0,0,0,3,4.0,1510.5900000000001,2,0,3,False,True,False
2000033506,2024-05,0.0,0.0,0.0,0,0,0,0,0,3,5.0,1228.1,0,0,3,False,True,False
2000033506,2024-06,0.0,0.0,0.0,0,0,0,0,0,1,4.0,66708.56,1,0,1,False,True,False
2000033506,2024-08,0.0,0.0,0.0,0,0,0,0,0,3,3.0,7015.139999999999,1,0,3,False,True,False
2000033506,2024-10,0.0,0.0,0.0,0,0,0,0,0,1,2.0,15907.26,1,0,1,False,True,False
2000033506,2024-11,0.0,0.0,0.0,0,0,0,0,0,2,4.0,1213.8400000000001,1,0,2,False,True,False
2000033506,2025-04,0.0,729.0,-729.0,8,0,8,7,2,0,0.0,0.0,0,0,0,True,False,False
2000033507,2019-04,0.0,0.0,0.0,0,0,0,0,0,3,3.0,1615.98,0,0,3,False,True,False
2000033507,2019-05,0.0,0.0,0.0,0,0,0,0,0,15,42.0,16249.08,1,0,15,False,True,False
2000033507,2019-06,0.0,0.0,0.0,0,0,0,0,0,5,18.0,4711.42,1,0,5,False,True,False
2000033507,2019-07,0.0,0.0,0.0,0,0,0,0,0,8,12.0,10297.26,2,0,8,False,True,False
2000033507,2019-08,0.0,0.0,0.0,0,0,0,0,0,2,3.0,516.61,0,0,2,False,True,False
2000033507,2019-09,0.0,0.0,0.0,0,0,0,0,0,3,3.0,820.19,0,0,3,False,True,False
2000033507,2019-10,0.0,0.0,0.0,0,0,0,0,0,5,4.0,1559.44,2,0,5,False,True,False
2000033507,2019-11,0.0,0.0,0.0,0,0,0,0,0,7,7.0,2116.04,3,0,7,False,True,False
2000033507,2019-12,0.0,0.0,0.0,0,0,0,0,0,3,3.0,749.75,0,0,3,False,True,False
2000033507,2020-01,0.0,0.0,0.0,0,0,0,0,0,12,104.0,82995.52,4,0,12,False,True,False
2000033507,2020-02,0.0,0.0,0.0,0,0,0,0,0,4,4.0,764.28,1,0,4,False,True,False
2000033507,2020-03,0.0,0.0,0.0,0,0,0,0,0,5,133.0,2467.75,2,0,5,False,True,False
2000033507,2020-05,0.0,0.0,0.0,0,0,0,0,0,1,1.0,872.85,0,0,1,False,True,False
2000033507,2020-06,0.0,0.0,0.0,0,0,0,0,0,6,11.0,3261.6400000000003,2,0,6,False,True,False
2000033507,2020-07,0.0,0.0,0.0,0,0,0,0,0,5,5.0,4690.1900000000005,1,0,5,False,True,False
2000033507,2020-08,0.0,0.0,0.0,0,0,0,0,0,9,19.0,4989.1900000000005,2,0,9,False,True,False
2000033507,2020-09,0.0,0.0,0.0,0,0,0,0,0,2,5.0,926.95,2,0,2,False,True,False
2000033507,2020-10,0.0,0.0,0.0,0,0,0,0,0,6,8.0,5701.52,2,0,6,False,True,False
2000033507,2020-11,0.0,0.0,0.0,0,0,0,0,0,4,10.0,2154.17,1,0,4,False,True,False
2000033507,2020-12,0.0,0.0,0.0,0,0,0,0,0,17,112.0,18030.02,6,0,17,False,True,False
2000033507,2021-01,0.0,0.0,0.0,0,0,0,0,0,3,12.0,9972.150000000001,1,0,3,False,True,False
2000033507,2021-02,0.0,0.0,0.0,0,0,0,0,0,7,8.0,4608.46,3,0,7,False,True,False
2000033507,2021-03,0.0,0.0,0.0,0,0,0,0,0,6,6.0,1859.41,3,0,6,False,True,False
2000033507,2021-04,0.0,0.0,0.0,0,0,0,0,0,7,12.0,3415.9500000000003,4,0,7,False,True,False
2000033507,2021-05,0.0,0.0,0.0,0,0,0,0,0,6,6.0,1764.8300000000002,1,0,6,False,True,False
2000033507,2021-06,0.0,0.0,0.0,0,0,0,0,0,11,14.0,3465.49,1,0,11,False,True,False
2000033507,2021-07,0.0,0.0,0.0,0,0,0,0,0,3,5.0,1023.0500000000002,1,0,3,False,True,False
2000033507,2021-08,0.0,0.0,0.0,0,0,0,0,0,7,111.0,14381.91,3,0,7,False,True,False
2000033507,2021-09,0.0,0.0,0.0,0,0,0,0,0,6,7.0,12542.160000000002,2,0,6,False,True,False
2000033507,2021-10,0.0,0.0,0.0,0,0,0,0,0,10,20.0,3952.7,1,0,10,False,True,False
2000033507,2021-11,0.0,0.0,0.0,0,0,0,0,0,14,27.0,7589.580000000001,2,0,12,False,True,False
2000033507,2021-12,0.0,0.0,0.0,0,0,0,0,0,6,23.0,8002.42,2,0,6,False,True,False
2000033507,2022-01,0.0,0.0,0.0,0,0,0,0,0,9,15.0,8170.040000000001,2,0,9,False,True,False
2000033507,2022-02,0.0,0.0,0.0,0,0,0,0,0,13,24.0,48598.61,8,0,13,False,True,False
2000033507,2022-03,0.0,0.0,0.0,0,0,0,0,0,15,37.0,15645.7,1,0,15,False,True,False
2000033507,2022-04,0.0,0.0,0.0,0,0,0,0,0,8,39.0,5258.360000000001,4,0,7,False,True,False
2000033507,2022-05,0.0,0.0,0.0,0,0,0,0,0,10,23.0,11803.7,4,0,10,False,True,False
2000033507,2022-06,0.0,0.0,0.0,0,0,0,0,0,10,14.0,5410.27,4,0,10,False,True,False
2000033507,2022-07,0.0,0.0,0.0,0,0,0,0,0,3,19.0,8897.33,0,0,3,False,True,False
2000033507,2022-08,0.0,0.0,0.0,0,0,0,0,0,2,4.0,556.5600000000001,1,0,2,False,True,False
2000033507,2022-09,0.0,0.0,0.0,0,0,0,0,0,3,3.0,483.07,3,0,3,False,True,False
2000033507,2022-10,0.0,0.0,0.0,0,0,0,0,0,5,5.0,3985.68,2,0,5,False,True,False
2000033507,2022-11,0.0,0.0,0.0,0,0,0,0,0,10,143.0,21069.94,2,0,10,False,True,False
2000033507,2022-12,0.0,0.0,0.0,0,0,0,0,0,2,13.0,5193.21,1,0,2,False,True,False
2000033507,2023-01,0.0,0.0,0.0,0,0,0,0,0,5,5.0,353.44,1,0,2,False,True,False
2000033507,2023-02,0.0,0.0,0.0,0,0,0,0,0,4,4.0,1883.0700000000002,1,0,4,False,True,False
2000033507,2023-03,0.0,0.0,0.0,0,0,0,0,0,1,1.0,499.8,1,0,1,False,True,False
2000033507,2023-04,0.0,0.0,0.0,0,0,0,0,0,12,25.0,5326.57,3,0,12,False,True,False
2000033507,2023-05,0.0,0.0,0.0,0,0,0,0,0,6,7.0,4582.91,1,0,6,False,True,False
2000033507,2023-07,0.0,0.0,0.0,0,0,0,0,0,5,7.0,1768.1599999999999,0,0,5,False,True,False
2000033507,2023-08,0.0,0.0,0.0,0,0,0,0,0,13,47.0,9488.82,5,0,13,False,True,False
2000033507,2023-09,0.0,0.0,0.0,0,0,0,0,0,15,92.0,6785.54,8,0,15,False,True,False
2000033507,2023-10,0.0,0.0,0.0,0,0,0,0,0,6,6.0,4484.780000000001,3,0,6,False,True,False
2000033507,2023-11,0.0,0.0,0.0,0,0,0,0,0,10,11.0,7337.0,3,0,10,False,True,False
2000033507,2023-12,0.0,0.0,0.0,0,0,0,0,0,8,9.0,5200.63,5,0,8,False,True,False
2000033507,2024-01,0.0,0.0,0.0,0,0,0,0,0,11,14.0,6320.35,6,0,11,False,True,False
2000033507,2024-02,0.0,0.0,0.0,0,0,0,0,0,6,8.0,2371.04,3,0,6,False,True,False
2000033507,2024-03,0.0,0.0,0.0,0,0,0,0,0,16,32.0,7686.95,7,0,16,False,True,False
2000033507,2024-04,0.0,0.0,0.0,0,0,0,0,0,9,15.0,10167.16,3,0,9,False,True,False
2000033507,2024-05,0.0,0.0,0.0,0,0,0,0,0,13,15.0,16433.93,7,0,13,False,True,False
2000033507,2024-06,0.0,0.0,0.0,0,0,0,0,0,8,8.0,3676.98,4,0,8,False,True,False
2000033507,2024-07,0.0,0.0,0.0,0,0,0,0,0,16,18.0,9944.42,13,0,16,False,True,False
2000033507,2024-08,0.0,0.0,0.0,0,0,0,0,0,21,26.0,11872.720000000001,17,0,21,False,True,False
2000033507,2024-09,0.0,0.0,0.0,0,0,0,0,0,15,290.0,56249.340000000004,15,0,15,False,True,False
2000033507,2024-10,0.0,0.0,0.0,0,0,0,0,0,12,12.0,8268.130000000001,11,0,12,False,True,False
2000033507,2024-11,0.0,0.0,0.0,0,0,0,0,0,13,291.0,57055.630000000005,11,0,13,False,True,False
2000033507,2024-12,0.0,0.0,0.0,0,0,0,0,0,15,15.0,11204.7,14,0,15,False,True,False
2000033507,2025-01,0.0,0.0,0.0,0,0,0,0,0,10,11.0,10556.0,8,0,10,False,True,False
2000033507,2025-02,5.0,0.0,5.0,4,4,0,1,4,12,16.0,5621.72,10,0,12,True,True,False
2000033507,2025-03,436.0,0.0,436.0,52,52,0,24,3,18,24.0,8831.12,16,0,18,True,True,False
2000033507,2025-04,7.0,14.0,-7.0,8,7,1,5,8,20,57.0,13889.02,19,1,19,True,True,False
2000033507,2025-05,5854.0,12.0,5842.0,30,29,1,12,2,11,11.0,11653.65,9,2,9,True,True,False
2000033507,2025-06,4486.0,0.0,4486.0,7,7,0,4,6,9,13.0,7851.530000000001,9,3,6,True,True,False
2000033507,2025-07,182.0,0.0,182.0,15,15,0,15,1,13,13.0,10040.52,9,4,9,True,True,False
2000033507,2025-08,162.0,0.0,162.0,9,9,0,5,5,21,24.0,16267.92,17,9,12,True,True,False
2000033507,2025-09,75.0,4.0,71.0,11,10,1,11,2,13,20.0,12376.9,13,6,7,True,True,False
2000033507,2025-10,260.0,0.0,260.0,8,8,0,5,5,16,19.0,13708.11,16,16,0,True,True,False
2000033507,2025-11,31.0,0.0,31.0,2,2,0,1,2,2,2.0,1745.7,2,2,0,True,True,False
2000033507,2025-12,24.0,0.0,24.0,1,1,0,1,1,11,14.0,12375.62,10,11,0,True,True,False
2000033507,2026-01,32.0,0.0,32.0,2,2,0,2,1,13,17.0,11309.23,13,13,0,True,True,False
2000033507,2026-02,0.0,0.0,0.0,0,0,0,0,0,6,6.0,3087.24,6,6,0,False,True,False
2000033509,2019-06,0.0,0.0,0.0,0,0,0,0,0,2,2.0,11763.99,0,0,2,False,True,False
2000033509,2019-09,0.0,0.0,0.0,0,0,0,0,0,2,2.0,20907.629999999997,0,0,2,False,True,False
2000033509,2019-11,0.0,0.0,0.0,0,0,0,0,0,1,1.0,11763.98,0,0,1,False,True,False
2000033509,2020-02,0.0,0.0,0.0,0,0,0,0,0,1,1.0,11763.98,1,0,1,False,True,False
2000033509,2020-06,0.0,0.0,0.0,0,0,0,0,0,1,1.0,11763.98,1,0,1,False,True,False
2000033509,2020-07,0.0,0.0,0.0,0,0,0,0,0,1,1.0,11763.98,0,0,1,False,True,False
2000033509,2021-01,0.0,0.0,0.0,0,0,0,0,0,1,1.0,11763.98,0,0,1,False,True,False
2000033509,2021-04,0.0,0.0,0.0,0,0,0,0,0,1,1.0,11763.98,1,0,1,False,True,False
2000033509,2021-06,0.0,0.0,0.0,0,0,0,0,0,1,1.0,13432.21,0,0,1,False,True,False
2000033509,2021-08,0.0,0.0,0.0,0,0,0,0,0,4,4.0,47055.92,0,0,4,False,True,False
2000033509,2021-09,0.0,0.0,0.0,0,0,0,0,0,1,17.0,199987.66,0,0,1,False,True,False
2000033509,2021-10,0.0,0.0,0.0,0,0,0,0,0,1,1.0,11763.98,0,0,1,False,True,False
2000033509,2021-11,0.0,0.0,0.0,0,0,0,0,0,4,6.0,77256.79999999999,2,0,3,False,True,False
2000033509,2021-12,0.0,0.0,0.0,0,0,0,0,0,3,6.0,78925.03,0,0,3,False,True,False
2000033509,2022-04,0.0,0.0,0.0,0,0,0,0,0,1,3.0,35291.94,1,0,1,False,True,False
2000033509,2022-05,0.0,0.0,0.0,0,0,0,0,0,3,12.0,24428.559999999998,2,0,3,False,True,False
2000033509,2022-08,0.0,0.0,0.0,0,0,0,0,0,1,1.0,11763.98,1,0,1,False,True,False
2000033509,2022-10,0.0,0.0,0.0,0,0,0,0,0,1,1.0,11763.98,1,0,1,False,True,False
2000033509,2023-04,0.0,0.0,0.0,0,0,0,0,0,1,1.0,11763.98,0,0,1,False,True,False
2000033509,2023-05,0.0,0.0,0.0,0,0,0,0,0,4,7.0,94025.47,4,0,4,False,True,False
2000033509,2023-06,0.0,0.0,0.0,0,0,0,0,0,3,6.0,23527.96,3,0,3,False,True,False
2000033509,2023-10,0.0,0.0,0.0,0,0,0,0,0,1,1.0,11763.98,0,0,1,False,True,False
2000033509,2023-11,0.0,0.0,0.0,0,0,0,0,0,3,3.0,38628.399999999994,3,0,3,False,True,False
2000033509,2023-12,0.0,0.0,0.0,0,0,0,0,0,8,8.0,94111.84,3,0,8,False,True,False
2000033509,2024-01,0.0,0.0,0.0,0,0,0,0,0,2,2.0,23527.96,0,0,2,False,True,False
2000033509,2024-03,0.0,0.0,0.0,0,0,0,0,0,2,2.0,23527.96,1,0,2,False,True,False
2000033509,2024-04,0.0,0.0,0.0,0,0,0,0,0,10,10.0,105875.81999999999,9,0,9,False,True,False
2000033509,2024-05,0.0,0.0,0.0,0,0,0,0,0,4,4.0,35382.0,3,0,4,False,True,False
2000033509,2024-06,0.0,0.0,0.0,0,0,0,0,0,3,3.0,35291.94,3,0,3,False,True,False
2000033509,2024-07,0.0,0.0,0.0,0,0,0,0,0,5,5.0,58819.899999999994,5,0,5,False,True,False
2000033509,2024-08,0.0,0.0,0.0,0,0,0,0,0,6,6.0,70583.88,6,0,6,False,True,False
2000033509,2024-09,0.0,0.0,0.0,0,0,0,0,0,3,3.0,35291.94,2,0,3,False,True,False
2000033509,2024-10,0.0,0.0,0.0,0,0,0,0,0,4,4.0,47055.92,3,2,2,False,True,False
2000033509,2024-12,0.0,0.0,0.0,0,0,0,0,0,1,4.0,53728.84,0,0,1,False,True,False
2000033509,2025-02,0.0,0.0,0.0,0,0,0,0,0,2,2.0,25196.19,2,1,1,False,True,False
2000033509,2025-03,7.0,2.0,5.0,4,3,1,3,2,1,1.0,0.01,1,0,1,True,True,False
2000033509,2025-04,4.0,0.0,4.0,2,2,0,1,2,1,1.0,11763.98,1,0,1,True,True,False
2000033509,2025-05,6.0,0.0,6.0,2,2,0,2,1,3,3.0,35291.94,3,2,1,True,True,False
2000033509,2025-06,3.0,0.0,3.0,1,1,0,1,1,4,4.0,47055.92,4,1,3,True,True,False
2000033509,2025-07,7.0,0.0,7.0,3,3,0,1,2,2,2.0,23527.96,2,0,2,True,True,False
2000033509,2025-08,4.0,0.0,4.0,2,2,0,2,2,1,1.0,13432.21,1,0,1,True,True,False
2000033509,2025-09,3.0,0.0,3.0,1,1,0,1,1,3,3.0,38628.399999999994,3,2,1,True,True,False
2000033509,2025-10,6.0,6.0,0.0,3,1,2,1,1,2,2.0,26864.42,1,2,0,True,True,False
2000033509,2025-11,3.0,0.0,3.0,2,2,0,1,2,1,1.0,11763.98,0,0,1,True,True,False
2000033509,2025-12,2.0,0.0,2.0,1,1,0,1,1,1,1.0,11763.98,0,1,0,True,True,False
2000033509,2026-01,5.0,0.0,5.0,1,1,0,1,1,1,1.0,11763.98,0,0,1,True,True,False
2000033510,2019-04,0.0,0.0,0.0,0,0,0,0,0,7,5.0,12983.9,1,0,7,False,True,False
2000033510,2019-05,0.0,0.0,0.0,0,0,0,0,0,1,1.0,66.01,0,0,1,False,True,False
2000033510,2019-06,0.0,0.0,0.0,0,0,0,0,0,2,3.0,8082.299999999999,1,0,2,False,True,False
2000033510,2019-07,0.0,0.0,0.0,0,0,0,0,0,3,6.0,20112.76,1,0,3,False,True,False
2000033510,2019-09,0.0,0.0,0.0,0,0,0,0,0,2,2.0,6100.91,1,0,2,False,True,False
2000033510,2019-10,0.0,0.0,0.0,0,0,0,0,0,5,5.0,16323.93,2,0,5,False,True,False
2000033510,2019-12,0.0,0.0,0.0,0,0,0,0,0,6,140.0,453044.13,6,0,6,False,True,False
2000033510,2020-01,0.0,0.0,0.0,0,0,0,0,0,3,5.0,16439.52,3,0,3,False,True,False
2000033510,2020-02,0.0,0.0,0.0,0,0,0,0,0,2,2.0,6049.58,0,0,2,False,True,False
2000033510,2020-03,0.0,0.0,0.0,0,0,0,0,0,1,3.0,10220.43,1,0,1,False,True,False
2000033510,2020-04,0.0,0.0,0.0,0,0,0,0,0,3,3.0,6039.24,1,0,2,False,True,False
2000033510,2020-05,0.0,0.0,0.0,0,0,0,0,0,1,1.0,3019.62,1,0,1,False,True,False
2000033510,2020-06,0.0,0.0,0.0,0,0,0,0,0,1,12.0,668.76,1,0,1,False,True,False
2000033510,2020-08,0.0,0.0,0.0,0,0,0,0,0,1,2.0,236.82,1,0,1,False,True,False
2000033510,2020-09,0.0,0.0,0.0,0,0,0,0,0,4,7.0,10812.25,2,0,4,False,True,False
2000033510,2020-10,0.0,0.0,0.0,0,0,0,0,0,4,38.0,24229.98,1,0,4,False,True,False
2000033510,2020-11,0.0,0.0,0.0,0,0,0,0,0,3,4.0,12973.619999999999,2,0,3,False,True,False
2000033510,2020-12,0.0,0.0,0.0,0,0,0,0,0,2,2.0,5713.719999999999,1,0,2,False,True,False
2000033510,2021-01,0.0,0.0,0.0,0,0,0,0,0,1,1.0,3019.62,0,0,1,False,True,False
2000033510,2021-02,0.0,0.0,0.0,0,0,0,0,0,7,10.0,27021.25,6,0,6,False,True,False
2000033510,2021-03,0.0,0.0,0.0,0,0,0,0,0,3,3.0,7537.98,3,0,3,False,True,False
2000033510,2021-04,0.0,0.0,0.0,0,0,0,0,0,4,4.0,10425.28,3,0,4,False,True,False
2000033510,2021-05,0.0,0.0,0.0,0,0,0,0,0,2,2.0,1503.08,1,0,2,False,True,False
2000033510,2021-06,0.0,0.0,0.0,0,0,0,0,0,1,1.0,2694.1,0,0,1,False,True,False
2000033510,2021-07,0.0,0.0,0.0,0,0,0,0,0,5,41.0,137709.47,3,0,5,False,True,False
2000033510,2021-08,0.0,0.0,0.0,0,0,0,0,0,1,3.0,10220.43,1,0,1,False,True,False
2000033510,2021-10,0.0,0.0,0.0,0,0,0,0,0,5,53.0,176441.41,3,0,4,False,True,False
2000033510,2021-11,0.0,0.0,0.0,0,0,0,0,0,4,3.0,10338.61,3,0,3,False,True,False
2000033510,2022-01,0.0,0.0,0.0,0,0,0,0,0,5,201.0,647599.29,1,0,5,False,True,False
2000033510,2022-02,0.0,0.0,0.0,0,0,0,0,0,1,2.0,5388.2,1,0,1,False,True,False
2000033510,2022-03,0.0,0.0,0.0,0,0,0,0,0,2,6.0,20058.84,2,0,2,False,True,False
2000033510,2022-04,0.0,0.0,0.0,0,0,0,0,0,1,1.0,2694.1,1,0,1,False,True,False
2000033510,2022-05,0.0,0.0,0.0,0,0,0,0,0,1,1.0,3406.81,0,0,1,False,True,False
2000033510,2022-07,0.0,0.0,0.0,0,0,0,0,0,5,8.0,17950.1,2,0,5,False,True,False
2000033510,2022-09,0.0,0.0,0.0,0,0,0,0,0,1,3.0,4311.21,0,0,1,False,True,False
2000033510,2022-10,0.0,0.0,0.0,0,0,0,0,0,8,8.0,27490.84,0,0,8,False,True,False
2000033510,2023-02,0.0,0.0,0.0,0,0,0,0,0,1,8.0,11496.56,0,0,1,False,True,False
2000033510,2023-03,0.0,0.0,0.0,0,0,0,0,0,2,2.0,4131.17,2,0,2,False,True,False
2000033510,2023-04,0.0,0.0,0.0,0,0,0,0,0,3,9.0,30720.379999999997,1,0,3,False,True,False
2000033510,2023-05,0.0,0.0,0.0,0,0,0,0,0,5,5.0,15182.49,4,0,5,False,True,False
2000033510,2023-06,0.0,0.0,0.0,0,0,0,0,0,2,14.0,46982.63,1,0,2,False,True,False
2000033510,2023-08,0.0,0.0,0.0,0,0,0,0,0,3,3.0,5568.24,3,0,3,False,True,False
2000033510,2023-09,0.0,0.0,0.0,0,0,0,0,0,2,2.0,4131.17,2,0,2,False,True,False
2000033510,2023-10,0.0,0.0,0.0,0,0,0,0,0,1,1.0,3019.62,1,0,1,False,True,False
2000033510,2023-11,0.0,0.0,0.0,0,0,0,0,0,2,2.0,6813.62,0,0,2,False,True,False
2000033510,2023-12,0.0,0.0,0.0,0,0,0,0,0,1,1.0,1437.07,1,0,1,False,True,False
2000033510,2024-01,0.0,0.0,0.0,0,0,0,0,0,6,140.0,14282.06,1,0,6,False,True,False
2000033510,2024-02,0.0,0.0,0.0,0,0,0,0,0,6,6.0,20618.13,5,0,6,False,True,False
2000033510,2024-03,0.0,0.0,0.0,0,0,0,0,0,2,2.0,5388.2,0,0,2,False,True,False
2000033510,2024-04,0.0,0.0,0.0,0,0,0,0,0,5,37.0,16502.03,1,0,5,False,True,False
2000033510,2024-05,0.0,0.0,0.0,0,0,0,0,0,1,1.0,3406.81,0,0,1,False,True,False
2000033510,2024-06,0.0,0.0,0.0,0,0,0,0,0,2,129.0,1923.4699999999998,2,0,2,False,True,False
2000033510,2024-07,0.0,0.0,0.0,0,0,0,0,0,1,1.0,3406.81,1,0,1,False,True,False
2000033510,2024-08,0.0,0.0,0.0,0,0,0,0,0,1,1.0,2694.1,1,0,1,False,True,False
2000033510,2024-10,0.0,0.0,0.0,0,0,0,0,0,1,1.0,3024.79,0,0,1,False,True,False
2000033510,2024-11,0.0,0.0,0.0,0,0,0,0,0,2,3.0,2940.15,0,0,2,False,True,False
2000033510,2024-12,0.0,0.0,0.0,0,0,0,0,0,3,209.0,3610.81,2,0,2,False,True,False
2000033510,2025-01,0.0,0.0,0.0,0,0,0,0,0,2,2.0,4843.88,1,1,1,False,True,False
2000033510,2025-02,86.0,0.0,86.0,10,10,0,9,4,2,4.0,5748.28,1,0,2,True,True,False
2000033510,2025-03,128.0,0.0,128.0,11,11,0,11,2,2,2.0,4902.97,2,1,1,True,True,False
2000033510,2025-04,92.0,0.0,92.0,10,10,0,10,1,0,0.0,0.0,0,0,0,True,False,False
2000033510,2025-05,750.0,0.0,750.0,32,32,0,21,4,6,15.0,15801.18,2,2,4,True,True,False
2000033510,2025-06,1292.0,0.0,1292.0,6,6,0,6,2,0,0.0,0.0,0,0,0,True,False,False
2000033510,2025-07,104.0,0.0,104.0,13,12,1,10,3,4,4.0,11775.68,2,3,1,True,True,False
2000033510,2025-08,51.0,0.0,51.0,8,8,0,8,2,6,7.0,20827.89,1,6,0,True,True,False
2000033510,2025-09,122.0,0.0,122.0,18,18,0,11,2,9,21.0,50028.39,5,9,0,True,True,False
2000033510,2025-10,104.0,0.0,104.0,17,17,0,10,1,2,2.0,6044.41,2,2,0,True,True,False
2000033510,2025-11,0.0,0.0,0.0,0,0,0,0,0,1,1.0,978.97,1,1,0,False,True,False
2000033510,2025-12,152.0,0.0,152.0,10,10,0,10,1,6,6.0,16550.68,5,6,0,True,True,False
2000033510,2026-02,7.0,0.0,7.0,4,4,0,3,1,3,3.0,5822.85,1,3,0,True,True,False
2000033511,2019-04,0.0,0.0,0.0,0,0,0,0,0,3,3.0,78.39,0,0,3,False,True,False
2000033511,2019-05,0.0,0.0,0.0,0,0,0,0,0,1,1.0,64.22,0,0,1,False,True,False
2000033511,2019-06,0.0,0.0,0.0,0,0,0,0,0,2,2.0,79.53,0,0,2,False,True,False
2000033511,2019-07,0.0,0.0,0.0,0,0,0,0,0,2,2.0,107.38000000000001,1,0,2,False,True,False
2000033511,2019-08,0.0,0.0,0.0,0,0,0,0,0,2,2.0,144.5,2,0,2,False,True,False
2000033511,2019-09,0.0,0.0,0.0,0,0,0,0,0,1,1.0,165.08,0,0,1,False,True,False
2000033511,2019-10,0.0,0.0,0.0,0,0,0,0,0,1,1.0,62.41,0,0,1,False,True,False
2000033511,2019-11,0.0,0.0,0.0,0,0,0,0,0,1,1.0,51.41,0,0,1,False,True,False
2000033511,2019-12,0.0,0.0,0.0,0,0,0,0,0,2,1.0,56.73,2,0,2,False,True,False
2000033511,2020-02,0.0,0.0,0.0,0,0,0,0,0,1,1.0,51.41,0,0,1,False,True,False
2000033511,2020-03,0.0,0.0,0.0,0,0,0,0,0,1,1.0,64.22,0,0,1,False,True,False
2000033511,2020-04,0.0,0.0,0.0,0,0,0,0,0,3,3.0,495.24,0,0,3,False,True,False
2000033511,2020-06,0.0,0.0,0.0,0,0,0,0,0,1,1.0,165.08,1,0,1,False,True,False
2000033511,2020-07,0.0,0.0,0.0,0,0,0,0,0,2,2.0,122.27,1,0,2,False,True,False
2000033511,2020-08,0.0,0.0,0.0,0,0,0,0,0,2,2.0,120.97999999999999,1,0,2,False,True,False
2000033511,2020-09,0.0,0.0,0.0,0,0,0,0,0,1,2.0,128.44,0,0,1,False,True,False
2000033511,2021-06,0.0,0.0,0.0,0,0,0,0,0,2,2.0,110.28,0,0,2,False,True,False
2000033511,2021-09,0.0,0.0,0.0,0,0,0,0,0,1,1.0,64.25,0,0,1,False,True,False
2000033511,2022-01,0.0,0.0,0.0,0,0,0,0,0,2,2.0,102.82,0,0,2,False,True,False
2000033511,2022-03,0.0,0.0,0.0,0,0,0,0,0,4,10.0,698.12,3,0,4,False,True,False
2000033511,2022-05,0.0,0.0,0.0,0,0,0,0,0,1,1.0,7.34,1,0,1,False,True,False
2000033511,2022-08,0.0,0.0,0.0,0,0,0,0,0,1,1.0,51.41,0,0,1,False,True,False
2000033511,2023-02,0.0,0.0,0.0,0,0,0,0,0,2,2.0,102.82,0,0,2,False,True,False
2000033511,2023-08,0.0,0.0,0.0,0,0,0,0,0,5,6.0,428.84000000000003,0,0,5,False,True,False
2000033511,2023-09,0.0,0.0,0.0,0,0,0,0,0,2,2.0,115.63,1,0,2,False,True,False
2000033511,2024-01,0.0,0.0,0.0,0,0,0,0,0,1,221.0,12364.95,1,0,1,False,True,False
2000033511,2024-04,0.0,0.0,0.0,0,0,0,0,0,1,1.0,165.08,1,0,1,False,True,False
2000033511,2024-09,0.0,0.0,0.0,0,0,0,0,0,1,1.0,51.41,0,0,1,False,True,False
2000033511,2024-10,0.0,0.0,0.0,0,0,0,0,0,2,2.0,128.44,0,0,2,False,True,False
2000033511,2024-12,0.0,0.0,0.0,0,0,0,0,0,1,1.0,62.41,0,0,1,False,True,False
2000033511,2025-02,156.0,0.0,156.0,13,13,0,13,1,0,0.0,0.0,0,0,0,True,False,False
2000033511,2025-03,0.0,0.0,0.0,0,0,0,0,0,1,1.0,53.93,0,0,1,False,True,False
2000033511,2025-04,368.0,221.0,147.0,15,14,1,14,3,1,1.0,64.25,0,0,1,True,True,False
2000033511,2025-05,44.0,0.0,44.0,1,1,0,1,1,0,0.0,0.0,0,0,0,True,False,False
2000033511,2025-06,48.0,0.0,48.0,2,2,0,2,1,0,0.0,0.0,0,0,0,True,False,False
2000033511,2025-08,1048.0,0.0,1048.0,26,26,0,26,1,0,0.0,0.0,0,0,0,True,False,False
2000033511,2025-10,552.0,0.0,552.0,7,7,0,7,1,0,0.0,0.0,0,0,0,True,False,False
2000033511,2025-11,519.0,0.0,519.0,19,19,0,18,1,0,0.0,0.0,0,0,0,True,False,False
2000033511,2026-01,620.0,0.0,620.0,7,7,0,7,1,0,0.0,0.0,0,0,0,True,False,False
2000033514,2025-03,0.0,0.0,0.0,1,1,0,0,1,0,0.0,0.0,0,0,0,True,False,False
2000033514,2025-08,0.0,0.0,0.0,1,1,0,0,1,0,0.0,0.0,0,0,0,True,False,False
2000033514,2025-11,0.0,0.0,0.0,1,1,0,0,1,0,0.0,0.0,0,0,0,True,False,False
2000033515,2019-05,0.0,0.0,0.0,0,0,0,0,0,1,1.0,260.0,0,0,1,False,True,False
2000033515,2019-10,0.0,0.0,0.0,0,0,0,0,0,1,2.0,520.0,0,0,1,False,True,False
2000033515,2019-11,0.0,0.0,0.0,0,0,0,0,0,8,43.0,8940.0,6,0,8,False,True,False
2000033515,2019-12,0.0,0.0,0.0,0,0,0,0,0,1,1.0,260.0,1,0,1,False,True,False
2000033515,2020-03,0.0,0.0,0.0,0,0,0,0,0,2,2.0,408.0,2,0,2,False,True,False
2000033515,2020-05,0.0,0.0,0.0,0,0,0,0,0,7,13.0,2596.0,1,0,7,False,True,False
2000033515,2020-06,0.0,0.0,0.0,0,0,0,0,0,3,3.0,668.0,3,0,3,False,True,False
2000033515,2020-08,0.0,0.0,0.0,0,0,0,0,0,2,2.0,408.0,0,0,2,False,True,False
2000033515,2020-09,0.0,0.0,0.0,0,0,0,0,0,1,1.0,148.0,0,0,1,False,True,False
2000033515,2020-10,0.0,0.0,0.0,0,0,0,0,0,8,14.0,2520.0,0,0,8,False,True,False
2000033515,2020-12,0.0,0.0,0.0,0,0,0,0,0,4,11.0,2636.0,0,0,4,False,True,False
2000033515,2021-02,0.0,0.0,0.0,0,0,0,0,0,1,1.0,148.0,0,0,1,False,True,False
2000033515,2021-03,0.0,0.0,0.0,0,0,0,0,0,3,36.0,7344.0,1,0,3,False,True,False
2000033515,2021-08,0.0,0.0,0.0,0,0,0,0,0,3,11.0,2412.0,1,0,3,False,True,False
2000033515,2021-09,0.0,0.0,0.0,0,0,0,0,0,3,3.0,668.0,3,0,3,False,True,False
2000033515,2021-11,0.0,0.0,0.0,0,0,0,0,0,2,13.0,1924.0,2,0,2,False,True,False
2000033515,2021-12,0.0,0.0,0.0,0,0,0,0,0,1,1.0,260.0,1,0,1,False,True,False
2000033515,2022-02,0.0,0.0,0.0,0,0,0,0,0,2,28.0,5712.0,0,0,2,False,True,False
2000033515,2022-03,0.0,0.0,0.0,0,0,0,0,0,4,4.0,358939.01,0,0,4,False,True,False
2000033515,2022-04,0.0,0.0,0.0,0,0,0,0,0,8,24.0,4896.0,0,0,8,False,True,False
2000033515,2022-05,0.0,0.0,0.0,0,0,0,0,0,2,2.0,520.0,1,0,2,False,True,False
2000033515,2022-11,0.0,0.0,0.0,0,0,0,0,0,1,1.0,148.0,0,0,1,False,True,False
2000033515,2023-04,0.0,0.0,0.0,0,0,0,0,0,1,1.0,260.0,1,0,1,False,True,False
2000033515,2023-07,0.0,0.0,0.0,0,0,0,0,0,2,4.0,816.0,0,0,2,False,True,False
2000033515,2023-12,0.0,0.0,0.0,0,0,0,0,0,2,4.0,816.0,0,0,2,False,True,False
2000033515,2025-05,0.0,0.0,0.0,0,0,0,0,0,2,24.0,4896.0,0,0,2,False,True,False
2000033515,2025-12,0.0,0.0,0.0,0,0,0,0,0,2,8.0,1632.0,0,0,2,False,True,False
2000033515,2026-01,0.0,0.0,0.0,0,0,0,0,0,3,6.0,1112.0,0,3,0,False,True,False
2000033516,2025-04,0.0,17.0,-17.0,1,0,1,1,1,0,0.0,0.0,0,0,0,True,False,False
2000033516,2025-05,116.0,15.0,101.0,10,9,1,7,2,0,0.0,0.0,0,0,0,True,False,False
2000033518,2019-06,0.0,0.0,0.0,0,0,0,0,0,1,1.0,67.94,1,0,1,False,True,False
2000033518,2019-10,0.0,0.0,0.0,0,0,0,0,0,1,1.0,61.31,0,0,1,False,True,False
2000033518,2020-08,0.0,0.0,0.0,0,0,0,0,0,1,1.0,102.88,0,0,1,False,True,False
2000033518,2020-10,0.0,0.0,0.0,0,0,0,0,0,1,1.0,128.59,0,0,1,False,True,False
2000033518,2020-11,0.0,0.0,0.0,0,0,0,0,0,1,1.0,102.88,0,0,1,False,True,False
2000033518,2021-03,0.0,0.0,0.0,0,0,0,0,0,1,1.0,35.98,0,0,1,False,True,False
2000033518,2021-04,0.0,0.0,0.0,0,0,0,0,0,1,1.0,0.01,0,0,1,False,True,False
2000033518,2021-09,0.0,0.0,0.0,0,0,0,0,0,2,2.0,209.98,2,0,2,False,True,False
2000033518,2021-11,0.0,0.0,0.0,0,0,0,0,0,1,1.0,209.98,0,0,1,False,True,False
2000033518,2024-01,0.0,0.0,0.0,0,0,0,0,0,1,1.0,29.53,0,0,1,False,True,False
2000033518,2024-02,0.0,0.0,0.0,0,0,0,0,0,1,1.0,260.13,1,0,1,False,True,False
2000033518,2025-04,0.0,0.0,0.0,0,0,0,0,0,2,3.0,94.69,0,0,2,False,True,False
2000033524,2019-05,0.0,0.0,0.0,0,0,0,0,0,1,1.0,6041.84,0,0,1,False,True,False
2000033524,2019-09,0.0,0.0,0.0,0,0,0,0,0,1,1.0,8243.9,1,0,1,False,True,False
2000033524,2019-11,0.0,0.0,0.0,0,0,0,0,0,1,6.0,36251.04,1,0,1,False,True,False
2000033524,2020-05,0.0,0.0,0.0,0,0,0,0,0,2,2.0,14285.74,2,0,2,False,True,False
2000033524,2020-06,0.0,0.0,0.0,0,0,0,0,0,1,16.0,131902.4,1,0,1,False,True,False
2000033524,2020-07,0.0,0.0,0.0,0,0,0,0,0,1,1.0,6041.84,1,0,1,False,True,False
2000033524,2020-08,0.0,0.0,0.0,0,0,0,0,0,5,19.0,113157.24,4,0,4,False,True,False
2000033524,2020-09,0.0,0.0,0.0,0,0,0,0,0,9,9.0,74195.09999999999,8,0,9,False,True,False
2000033524,2020-10,0.0,0.0,0.0,0,0,0,0,0,1,2.0,16487.8,1,0,1,False,True,False
2000033524,2020-11,0.0,0.0,0.0,0,0,0,0,0,1,2.0,16487.8,1,0,1,False,True,False
2000033524,2021-02,0.0,0.0,0.0,0,0,0,0,0,1,1.0,8243.9,0,0,1,False,True,False
2000033524,2021-03,0.0,0.0,0.0,0,0,0,0,0,2,2.0,16487.8,2,0,2,False,True,False
2000033524,2021-04,0.0,0.0,0.0,0,0,0,0,0,4,4.0,16487.8,2,0,2,False,True,False
2000033524,2021-05,0.0,0.0,0.0,0,0,0,0,0,2,2.0,14285.74,2,0,2,False,True,False
2000033524,2021-06,0.0,0.0,0.0,0,0,0,0,0,1,1.0,8243.9,1,0,1,False,True,False
2000033524,2021-07,0.0,0.0,0.0,0,0,0,0,0,3,3.0,24731.699999999997,3,0,3,False,True,False
2000033524,2021-08,0.0,0.0,0.0,0,0,0,0,0,3,3.0,16742.26,1,0,3,False,True,False
2000033524,2022-01,0.0,0.0,0.0,0,0,0,0,0,1,1.0,8243.9,1,0,1,False,True,False
2000033524,2022-03,0.0,0.0,0.0,0,0,0,0,0,2,2.0,16487.8,2,0,2,False,True,False
2000033524,2022-04,0.0,0.0,0.0,0,0,0,0,0,3,4.0,16575.58,3,0,3,False,True,False
2000033524,2022-05,0.0,0.0,0.0,0,0,0,0,0,2,2.0,16487.8,2,0,2,False,True,False
2000033524,2022-06,0.0,0.0,0.0,0,0,0,0,0,3,3.0,18125.52,0,0,3,False,True,False
2000033524,2022-08,0.0,0.0,0.0,0,0,0,0,0,1,1.0,8243.9,0,0,1,False,True,False
2000033524,2022-09,0.0,0.0,0.0,0,0,0,0,0,1,1.0,8243.9,1,0,1,False,True,False
2000033524,2022-10,0.0,0.0,0.0,0,0,0,0,0,2,112.0,8243.9,1,0,1,False,True,False
2000033524,2023-01,0.0,0.0,0.0,0,0,0,0,0,1,1.0,8243.9,1,0,1,False,True,False
2000033524,2023-02,0.0,0.0,0.0,0,0,0,0,0,2,3.0,20327.58,1,0,2,False,True,False
2000033524,2023-03,0.0,0.0,0.0,0,0,0,0,0,4,4.0,30773.54,2,0,4,False,True,False
2000033524,2023-04,0.0,0.0,0.0,0,0,0,0,0,2,2.0,16487.8,2,0,2,False,True,False
2000033524,2023-05,0.0,0.0,0.0,0,0,0,0,0,2,2.0,14285.74,2,0,2,False,True,False
2000033524,2023-07,0.0,0.0,0.0,0,0,0,0,0,1,1.0,8243.9,1,0,1,False,True,False
2000033524,2023-08,0.0,0.0,0.0,0,0,0,0,0,4,4.0,28571.48,4,0,4,False,True,False
2000033524,2023-09,0.0,0.0,0.0,0,0,0,0,0,2,2.0,14285.74,2,0,2,False,True,False
2000033524,2023-11,0.0,0.0,0.0,0,0,0,0,0,1,1.0,8243.9,1,0,1,False,True,False
2000033524,2023-12,0.0,0.0,0.0,0,0,0,0,0,2,2.0,16487.8,2,0,2,False,True,False
2000033524,2024-01,0.0,0.0,0.0,0,0,0,0,0,4,32.0,263804.8,2,0,4,False,True,False
2000033524,2024-02,0.0,0.0,0.0,0,0,0,0,0,3,3.0,24731.699999999997,3,0,3,False,True,False
2000033524,2024-04,0.0,0.0,0.0,0,0,0,0,0,3,3.0,24731.699999999997,3,0,3,False,True,False
2000033524,2024-05,0.0,0.0,0.0,0,0,0,0,0,5,5.0,41219.5,5,0,5,False,True,False
2000033524,2024-07,0.0,0.0,0.0,0,0,0,0,0,1,1.0,8243.9,1,0,1,False,True,False
2000033524,2024-08,0.0,0.0,0.0,0,0,0,0,0,3,3.0,20327.58,1,0,3,False,True,False
2000033524,2024-09,0.0,0.0,0.0,0,0,0,0,0,1,1.0,8243.9,1,0,1,False,True,False
2000033524,2024-10,0.0,0.0,0.0,0,0,0,0,0,5,5.0,34613.32,4,0,5,False,True,False
2000033524,2024-11,0.0,0.0,0.0,0,0,0,0,0,1,1.0,8243.9,1,0,1,False,True,False
2000033524,2024-12,0.0,0.0,0.0,0,0,0,0,0,3,3.0,22529.64,3,0,3,False,True,False
2000033524,2025-01,0.0,0.0,0.0,0,0,0,0,0,2,2.0,16487.8,2,0,2,False,True,False
2000033524,2025-02,0.0,0.0,0.0,0,0,0,0,0,2,2.0,16487.8,2,0,2,False,True,False
2000033524,2025-03,21.0,0.0,21.0,3,3,0,3,1,2,2.0,14285.74,2,0,2,True,True,False
2000033524,2025-04,28.0,0.0,28.0,13,13,0,4,10,0,0.0,0.0,0,0,0,True,False,False
2000033524,2025-05,9.0,0.0,9.0,3,3,0,3,2,5,5.0,36815.38,4,0,5,True,True,False
2000033524,2025-06,18.0,0.0,18.0,3,3,0,3,1,1,1.0,6041.84,1,0,1,True,True,False
2000033524,2025-07,15.0,0.0,15.0,3,3,0,3,1,1,1.0,6041.84,0,0,1,True,True,False
2000033524,2025-08,16.0,0.0,16.0,5,5,0,4,2,1,1.0,8243.9,1,0,1,True,True,False
2000033524,2025-09,9.0,0.0,9.0,9,9,0,2,2,1,1.0,8243.9,1,0,1,True,True,False
2000033524,2025-10,0.0,0.0,0.0,0,0,0,0,0,2,3.0,20327.58,1,1,1,False,True,False
2000033524,2025-11,3.0,0.0,3.0,2,2,0,1,2,2,2.0,12083.68,0,1,1,True,True,False
2000034089,2025-05,29019.0,0.0,29019.0,34,34,0,33,1,0,0.0,0.0,0,0,0,True,False,False
2000034091,2019-04,0.0,0.0,0.0,0,0,0,0,0,5,22.0,43281.4,0,0,5,False,True,False
2000034091,2019-05,0.0,0.0,0.0,0,0,0,0,0,15,40.0,156376.34,2,0,15,False,True,False
2000034091,2019-06,0.0,0.0,0.0,0,0,0,0,0,16,17.0,137118.05,1,0,16,False,True,False
2000034091,2019-07,0.0,0.0,0.0,0,0,0,0,0,17,569.0,99875.38,8,0,17,False,True,False
2000034091,2019-08,0.0,0.0,0.0,0,0,0,0,0,12,23.0,35761.78,5,0,12,False,True,False
2000034091,2019-09,0.0,0.0,0.0,0,0,0,0,0,10,23.0,95854.06,5,0,10,False,True,False
2000034091,2019-10,0.0,0.0,0.0,0,0,0,0,0,14,22.0,56135.990000000005,10,0,14,False,True,False
2000034091,2019-11,0.0,0.0,0.0,0,0,0,0,0,13,23.0,172907.2,6,0,13,False,True,False
2000034091,2019-12,0.0,0.0,0.0,0,0,0,0,0,24,35.0,92639.63,9,0,24,False,True,False
2000034091,2020-01,0.0,0.0,0.0,0,0,0,0,0,23,43.0,461121.31,16,0,22,False,True,False
2000034091,2020-02,0.0,0.0,0.0,0,0,0,0,0,25,68.0,153623.5,16,0,25,False,True,False
2000034091,2020-03,0.0,0.0,0.0,0,0,0,0,0,2,2.0,6190.12,2,0,2,False,True,False
2000034091,2020-04,0.0,0.0,0.0,0,0,0,0,0,6,36.0,13857.52,1,0,6,False,True,False
2000034091,2020-05,0.0,0.0,0.0,0,0,0,0,0,3,4.0,5623.530000000001,2,0,2,False,True,False
2000034091,2020-06,0.0,0.0,0.0,0,0,0,0,0,22,167.0,748963.77,13,1,21,False,True,False
2000034091,2020-07,0.0,0.0,0.0,0,0,0,0,0,22,77.0,302950.45,6,0,22,False,True,False
2000034091,2020-08,0.0,0.0,0.0,0,0,0,0,0,13,85.0,85176.93,10,0,13,False,True,False
2000034091,2020-09,0.0,0.0,0.0,0,0,0,0,0,29,56.0,70743.08,14,0,29,False,True,False
2000034091,2020-10,0.0,0.0,0.0,0,0,0,0,0,27,137.0,434403.38,13,0,27,False,True,False
2000034091,2020-11,0.0,0.0,0.0,0,0,0,0,0,23,67.0,359861.62,9,0,23,False,True,False
2000034091,2020-12,0.0,0.0,0.0,0,0,0,0,0,28,62.0,243084.99,18,0,27,False,True,False
2000034091,2021-01,0.0,0.0,0.0,0,0,0,0,0,26,28.0,118260.12,16,0,26,False,True,False
2000034091,2021-02,0.0,0.0,0.0,0,0,0,0,0,38,65.0,307131.96,31,0,38,False,True,False
2000034091,2021-03,0.0,0.0,0.0,0,0,0,0,0,48,63.0,288375.8,37,0,48,False,True,False
2000034091,2021-04,0.0,0.0,0.0,0,0,0,0,0,51,99.0,759156.61,39,0,50,False,True,False
2000034091,2021-05,0.0,0.0,0.0,0,0,0,0,0,49,99.0,959610.6,36,0,49,False,True,False
2000034091,2021-06,0.0,0.0,0.0,0,0,0,0,0,32,41.0,670801.4,19,0,32,False,True,False
2000034091,2021-07,0.0,0.0,0.0,0,0,0,0,0,48,53.0,361944.17,34,0,48,False,True,False
2000034091,2021-08,0.0,0.0,0.0,0,0,0,0,0,41,50.0,834269.56,35,1,40,False,True,False
2000034091,2021-09,0.0,0.0,0.0,0,0,0,0,0,69,129.0,1245339.29,61,0,69,False,True,False
2000034091,2021-10,0.0,0.0,0.0,0,0,0,0,0,58,91.0,751488.07,42,0,54,False,True,False
2000034091,2021-11,0.0,0.0,0.0,0,0,0,0,0,52,86.0,881181.29,38,0,48,False,True,False
2000034091,2021-12,0.0,0.0,0.0,0,0,0,0,0,31,64.0,437883.12,21,0,31,False,True,False
2000034091,2022-01,0.0,0.0,0.0,0,0,0,0,0,33,93.0,636284.91,26,0,33,False,True,False
2000034091,2022-02,0.0,0.0,0.0,0,0,0,0,0,53,100.0,573280.01,38,0,53,False,True,False
2000034091,2022-03,0.0,0.0,0.0,0,0,0,0,0,49,84.0,335377.13,22,0,48,False,True,False
2000034091,2022-04,0.0,0.0,0.0,0,0,0,0,0,33,61.0,345468.32,17,0,33,False,True,False
2000034091,2022-05,0.0,0.0,0.0,0,0,0,0,0,37,85.0,344688.75,14,0,36,False,True,False
2000034091,2022-06,0.0,0.0,0.0,0,0,0,0,0,29,74.0,366203.87,9,1,28,False,True,False
2000034091,2022-07,0.0,0.0,0.0,0,0,0,0,0,28,67.0,421506.19,3,0,28,False,True,False
2000034091,2022-08,0.0,0.0,0.0,0,0,0,0,0,13,56.0,261802.88,10,0,13,False,True,False
2000034091,2022-09,0.0,0.0,0.0,0,0,0,0,0,15,63.0,328027.65,11,0,15,False,True,False
2000034091,2022-10,0.0,0.0,0.0,0,0,0,0,0,10,21.0,77656.70999999999,7,0,10,False,True,False
2000034091,2022-11,0.0,0.0,0.0,0,0,0,0,0,2,2.0,3587.58,1,0,2,False,True,False
2000034091,2022-12,0.0,0.0,0.0,0,0,0,0,0,7,8.0,4006.29,4,0,7,False,True,False
2000034091,2023-01,0.0,0.0,0.0,0,0,0,0,0,6,7.0,8405.87,6,0,6,False,True,False
2000034091,2023-02,0.0,0.0,0.0,0,0,0,0,0,6,6.0,16399.32,5,0,6,False,True,False
2000034091,2023-03,0.0,0.0,0.0,0,0,0,0,0,21,25.0,170343.21,20,0,21,False,True,False
2000034091,2023-04,0.0,0.0,0.0,0,0,0,0,0,8,8.0,39652.36,7,0,8,False,True,False
2000034091,2023-05,0.0,0.0,0.0,0,0,0,0,0,6,6.0,7634.59,5,0,6,False,True,False
2000034091,2023-06,0.0,0.0,0.0,0,0,0,0,0,8,8.0,81900.46,7,0,8,False,True,False
2000034091,2023-07,0.0,0.0,0.0,0,0,0,0,0,4,4.0,1224.7500000000002,3,0,4,False,True,False
2000034091,2023-08,0.0,0.0,0.0,0,0,0,0,0,3,4.0,3781.45,3,0,3,False,True,False
2000034091,2023-09,0.0,0.0,0.0,0,0,0,0,0,12,12.0,30698.2,10,0,12,False,True,False
2000034091,2023-10,0.0,0.0,0.0,0,0,0,0,0,16,47.0,104707.16,11,0,16,False,True,False
2000034091,2023-11,0.0,0.0,0.0,0,0,0,0,0,19,50.0,180363.51,13,0,19,False,True,False
2000034091,2023-12,0.0,0.0,0.0,0,0,0,0,0,13,31.0,113286.61,6,0,13,False,True,False
2000034091,2024-01,0.0,0.0,0.0,0,0,0,0,0,30,42.0,263372.72,16,0,30,False,True,False
2000034091,2024-02,0.0,0.0,0.0,0,0,0,0,0,13,24.0,348219.19,12,0,13,False,True,False
2000034091,2024-03,0.0,0.0,0.0,0,0,0,0,0,25,53.0,463229.68,17,0,25,False,True,False
2000034091,2024-04,0.0,0.0,0.0,0,0,0,0,0,24,60.0,322473.44,21,0,24,False,True,False
2000034091,2024-05,0.0,0.0,0.0,0,0,0,0,0,19,26.0,264121.48,13,0,19,False,True,False
2000034091,2024-06,0.0,0.0,0.0,0,0,0,0,0,6,8.0,45194.63,6,0,6,False,True,False
2000034091,2024-07,0.0,0.0,0.0,0,0,0,0,0,36,129.0,466599.0,15,2,33,False,True,False
2000034091,2024-08,0.0,0.0,0.0,0,0,0,0,0,11,16.0,275435.47,9,2,9,False,True,False
2000034091,2024-09,0.0,0.0,0.0,0,0,0,0,0,33,41.0,262051.5,31,4,29,False,True,False
2000034091,2024-10,0.0,0.0,0.0,0,0,0,0,0,20,28.0,241213.61,15,0,20,False,True,False
2000034091,2024-11,0.0,0.0,0.0,0,0,0,0,0,14,16.0,297718.77999999997,11,0,14,False,True,False
2000034091,2024-12,0.0,0.0,0.0,0,0,0,0,0,23,64.0,239889.44999999998,12,0,23,False,True,False
2000034091,2025-01,0.0,0.0,0.0,0,0,0,0,0,28,40.0,251152.06,23,1,27,False,True,False
2000034091,2025-02,9212.0,0.0,9212.0,25,25,0,21,6,20,31.0,208587.37,16,1,19,True,True,False
2000034091,2025-03,18258.0,98.0,18160.0,121,119,2,71,8,20,73.0,176267.01,16,1,19,True,True,False
2000034091,2025-04,12573.0,20.0,12553.0,121,118,3,49,9,30,175.0,398052.72,20,5,25,True,True,False
2000034091,2025-05,11551.0,0.0,11551.0,165,165,0,122,15,17,48.0,250185.21,12,7,10,True,True,False
2000034091,2025-06,490.0,0.0,490.0,24,24,0,15,6,25,45.0,500025.54,22,8,15,True,True,False
2000034091,2025-07,49956.0,774.0,49182.0,211,208,3,53,16,14,245.0,225230.2,14,2,12,True,True,False
2000034091,2025-08,45188.58,16.0,45172.58,241,237,4,175,8,7,10.0,141262.69,7,2,5,True,True,False
2000034091,2025-09,11963.0,0.0,11963.0,177,177,0,88,12,15,20.0,220230.59,10,8,7,True,True,False
2000034091,2025-10,35135.0,0.0,35135.0,172,172,0,55,7,10,17.0,261884.44999999998,8,4,6,True,True,False
2000034091,2025-11,24864.0,0.0,24864.0,106,106,0,47,9,4,9.0,158523.05,4,0,4,True,True,False
2000034091,2025-12,16498.0,0.0,16498.0,114,114,0,48,4,12,34.0,141999.89,9,5,7,True,True,False
2000034091,2026-01,10850.0,1.0,10849.0,65,64,1,33,1,12,12.0,9821.28,12,5,7,True,True,False
2000034091,2026-02,32.0,0.0,32.0,1,1,0,1,1,6,6.0,17802.54,4,6,0,True,True,False
2000034092,2019-06,0.0,0.0,0.0,0,0,0,0,0,1,1.0,27.44,0,0,1,False,True,False
2000034092,2019-11,0.0,0.0,0.0,0,0,0,0,0,2,2.0,63.07000000000001,1,0,2,False,True,False
2000034092,2020-07,0.0,0.0,0.0,0,0,0,0,0,3,69.0,6620.679999999999,2,0,3,False,True,False
2000034092,2020-09,0.0,0.0,0.0,0,0,0,0,0,1,1.0,69.95,0,0,1,False,True,False
2000034092,2020-10,0.0,0.0,0.0,0,0,0,0,0,3,4.0,315.24,1,0,3,False,True,False
2000034092,2021-02,0.0,0.0,0.0,0,0,0,0,0,1,1.0,44.12,0,0,1,False,True,False
2000034092,2021-03,0.0,0.0,0.0,0,0,0,0,0,2,3.0,378.42,1,0,2,False,True,False
2000034092,2021-04,0.0,0.0,0.0,0,0,0,0,0,2,2.0,63.07000000000001,2,0,2,False,True,False
2000034092,2021-05,0.0,0.0,0.0,0,0,0,0,0,3,6.0,6410.7699999999995,1,0,3,False,True,False
2000034092,2021-06,0.0,0.0,0.0,0,0,0,0,0,5,10.0,412.93,0,0,5,False,True,False
2000034092,2021-07,0.0,0.0,0.0,0,0,0,0,0,2,2.0,88.24,0,0,2,False,True,False
2000034092,2021-08,0.0,0.0,0.0,0,0,0,0,0,4,5.0,629.06,1,0,4,False,True,False
2000034092,2021-09,0.0,0.0,0.0,0,0,0,0,0,1,1.0,167.15,0,0,1,False,True,False
2000034092,2021-11,0.0,0.0,0.0,0,0,0,0,0,1,1.0,36.95,1,0,1,False,True,False
2000034092,2022-01,0.0,0.0,0.0,0,0,0,0,0,2,2.0,88.49,0,0,2,False,True,False
2000034092,2022-03,0.0,0.0,0.0,0,0,0,0,0,3,3.0,536.45,2,0,3,False,True,False
2000034092,2022-04,0.0,0.0,0.0,0,0,0,0,0,3,3.0,225.35000000000002,0,0,3,False,True,False
2000034092,2022-07,0.0,0.0,0.0,0,0,0,0,0,3,3.0,474.05,0,0,3,False,True,False
2000034092,2022-10,0.0,0.0,0.0,0,0,0,0,0,3,3.0,387.1,0,0,3,False,True,False
2000034092,2022-12,0.0,0.0,0.0,0,0,0,0,0,1,1.0,128.59,0,0,1,False,True,False
2000034092,2023-03,0.0,0.0,0.0,0,0,0,0,0,2,2.0,121.13999999999999,0,0,2,False,True,False
2000034092,2023-08,0.0,0.0,0.0,0,0,0,0,0,1,1.0,27.44,0,0,1,False,True,False
2000034092,2023-09,0.0,0.0,0.0,0,0,0,0,0,5,5.0,342.74,3,0,5,False,True,False
2000034092,2024-03,0.0,0.0,0.0,0,0,0,0,0,2,4.0,907.96,2,0,2,False,True,False
2000034092,2024-04,0.0,0.0,0.0,0,0,0,0,0,3,4.0,375.16999999999996,0,0,3,False,True,False
2000034092,2024-05,0.0,0.0,0.0,0,0,0,0,0,2,2.0,394.14,2,0,2,False,True,False
2000034092,2024-07,0.0,0.0,0.0,0,0,0,0,0,1,1.0,209.98,1,0,1,False,True,False
2000034092,2024-08,0.0,0.0,0.0,0,0,0,0,0,1,1.0,242.81,0,0,1,False,True,False
2000034092,2024-09,0.0,0.0,0.0,0,0,0,0,0,1,1.0,242.81,1,0,1,False,True,False
2000034092,2025-02,0.0,0.0,0.0,0,0,0,0,0,1,1.0,128.59,0,0,1,False,True,False
2000034092,2025-04,1524.0,0.0,1524.0,1,1,0,1,1,0,0.0,0.0,0,0,0,True,False,False
2000034092,2025-06,0.0,0.0,0.0,0,0,0,0,0,1,1.0,242.81,1,0,1,False,True,False
2000034092,2025-11,0.0,0.0,0.0,0,0,0,0,0,1,1.0,226.99,1,1,0,False,True,False
2000034094,2019-05,0.0,0.0,0.0,0,0,0,0,0,1,1.0,133.38,0,0,1,False,True,False
2000034094,2019-08,0.0,0.0,0.0,0,0,0,0,0,1,2.0,5930.8,1,0,1,False,True,False
2000034094,2019-09,0.0,0.0,0.0,0,0,0,0,0,3,3.0,52076.299999999996,2,0,3,False,True,False
2000034094,2020-09,0.0,0.0,0.0,0,0,0,0,0,1,1.0,25960.67,1,0,1,False,True,False
2000034094,2020-10,0.0,0.0,0.0,0,0,0,0,0,1,1.0,174.32,0,0,1,False,True,False
2000034094,2020-12,0.0,0.0,0.0,0,0,0,0,0,2,3.0,8896.2,0,0,2,False,True,False
2000034094,2021-02,0.0,0.0,0.0,0,0,0,0,0,3,3.0,54886.74,2,0,3,False,True,False
2000034094,2021-03,0.0,0.0,0.0,0,0,0,0,0,1,1.0,133.38,0,0,1,False,True,False
2000034094,2021-04,0.0,0.0,0.0,0,0,0,0,0,3,6.0,25981.219999999998,2,0,3,False,True,False
2000034094,2021-07,0.0,0.0,0.0,0,0,0,0,0,2,2.0,26134.989999999998,0,0,2,False,True,False
2000034094,2021-08,0.0,0.0,0.0,0,0,0,0,0,2,2.0,26115.629999999997,2,0,2,False,True,False
2000034094,2021-10,0.0,0.0,0.0,0,0,0,0,0,1,1.0,25960.67,1,0,1,False,True,False
2000034094,2021-11,0.0,0.0,0.0,0,0,0,0,0,1,1.0,25960.67,1,0,1,False,True,False
2000034094,2022-01,0.0,0.0,0.0,0,0,0,0,0,1,1.0,25960.67,0,0,1,False,True,False
2000034094,2022-03,0.0,0.0,0.0,0,0,0,0,0,1,1.0,25960.67,1,0,1,False,True,False
2000034094,2022-04,0.0,0.0,0.0,0,0,0,0,0,3,18.0,52598.14,2,0,3,False,True,False
2000034094,2022-11,0.0,0.0,0.0,0,0,0,0,0,1,1.0,25960.67,1,0,1,False,True,False
2000034094,2023-03,0.0,0.0,0.0,0,0,0,0,0,1,1.0,25960.67,1,0,1,False,True,False
2000034094,2023-05,0.0,0.0,0.0,0,0,0,0,0,1,1.0,25960.67,1,0,1,False,True,False
2000034094,2023-07,0.0,0.0,0.0,0,0,0,0,0,2,2.0,51921.34,2,0,2,False,True,False
2000034094,2023-08,0.0,0.0,0.0,0,0,0,0,0,1,1.0,25960.67,1,0,1,False,True,False
2000034094,2023-09,0.0,0.0,0.0,0,0,0,0,0,1,1.0,154.96,0,0,1,False,True,False
2000034094,2023-10,0.0,0.0,0.0,0,0,0,0,0,2,2.0,51921.34,2,0,2,False,True,False
2000034094,2023-11,0.0,0.0,0.0,0,0,0,0,0,1,1.0,25960.67,1,0,1,False,True,False
2000034094,2024-02,0.0,0.0,0.0,0,0,0,0,0,2,2.0,51921.34,1,0,2,False,True,False
2000034094,2024-03,0.0,0.0,0.0,0,0,0,0,0,2,2.0,51921.34,1,0,2,False,True,False
2000034094,2024-07,0.0,0.0,0.0,0,0,0,0,0,1,1.0,25960.67,0,0,1,False,True,False
2000034094,2024-08,0.0,0.0,0.0,0,0,0,0,0,1,1.0,25960.67,1,0,1,False,True,False
2000034094,2024-11,0.0,0.0,0.0,0,0,0,0,0,1,1.0,30.94,0,0,1,False,True,False
2000034094,2025-01,0.0,0.0,0.0,0,0,0,0,0,3,3.0,46334.61,3,0,3,False,True,False
2000034094,2025-02,0.0,0.0,0.0,0,0,0,0,0,1,1.0,25960.67,1,0,1,False,True,False
2000034094,2025-03,5215.0,0.0,5215.0,12,12,0,9,3,2,2.0,30889.74,2,0,2,True,True,False
2000034094,2025-04,10.0,0.0,10.0,1,1,0,1,1,1,10.0,6426.3,1,0,1,True,True,False
2000034094,2025-05,0.0,0.0,0.0,0,0,0,0,0,4,4.0,43636.8,3,0,4,False,True,False
2000034094,2025-06,565.0,0.0,565.0,18,18,0,6,1,0,0.0,0.0,0,0,0,True,False,False
2000034094,2025-07,0.0,0.0,0.0,0,0,0,0,0,1,1.0,25960.67,1,0,1,False,True,False
2000034094,2025-08,1277.0,0.0,1277.0,11,11,0,11,1,2,2.0,42122.97,2,0,2,True,True,False
2000034094,2025-09,274.0,0.0,274.0,9,9,0,6,2,3,6.0,42139.409999999996,1,1,2,True,True,False
2000034094,2025-10,403.0,0.0,403.0,3,3,0,3,1,2,2.0,41405.54,2,1,1,True,True,False
2000034094,2025-11,1.0,0.0,1.0,1,1,0,1,1,0,0.0,0.0,0,0,0,True,False,False
2000034098,2025-02,1000.0,0.0,1000.0,4,4,0,1,2,0,0.0,0.0,0,0,0,True,False,False
2000034098,2025-03,0.0,0.0,0.0,13,13,0,0,2,0,0.0,0.0,0,0,0,True,False,False
2000034098,2025-04,100.0,0.0,100.0,15,15,0,1,5,0,0.0,0.0,0,0,0,True,False,False
2000034098,2025-05,1300.0,0.0,1300.0,8,8,0,1,4,0,0.0,0.0,0,0,0,True,False,False
2000034098,2025-07,0.0,0.0,0.0,9,9,0,0,3,0,0.0,0.0,0,0,0,True,False,False
2000034098,2025-08,52.0,2.0,50.0,6,4,2,1,1,0,0.0,0.0,0,0,0,True,False,False
2000034098,2025-09,0.0,0.0,0.0,5,5,0,0,1,0,0.0,0.0,0,0,0,True,False,False
2000034098,2026-01,0.0,0.0,0.0,1,1,0,0,1,0,0.0,0.0,0,0,0,True,False,False
2000034106,2025-03,0.0,0.0,0.0,1,1,0,0,1,0,0.0,0.0,0,0,0,True,False,False
2000034120,2025-02,0.0,0.0,0.0,15,15,0,0,7,0,0.0,0.0,0,0,0,True,False,False
2000034120,2025-03,0.0,0.0,0.0,48,48,0,0,15,0,0.0,0.0,0,0,0,True,False,False
2000034120,2025-04,1000.0,0.0,1000.0,30,29,1,1,16,0,0.0,0.0,0,0,0,True,False,False
2000034120,2025-05,0.0,0.0,0.0,24,22,2,0,15,0,0.0,0.0,0,0,0,True,False,False
2000034120,2025-06,0.0,0.0,0.0,21,19,2,0,11,0,0.0,0.0,0,0,0,True,False,False
2000034120,2025-07,0.0,0.0,0.0,11,11,0,0,8,0,0.0,0.0,0,0,0,True,False,False
2000034120,2025-08,0.0,0.0,0.0,1,0,1,0,1,0,0.0,0.0,0,0,0,True,False,False
2000034120,2025-09,0.0,0.0,0.0,10,8,2,0,3,0,0.0,0.0,0,0,0,True,False,False
2000034120,2025-10,0.0,0.0,0.0,1,1,0,0,1,0,0.0,0.0,0,0,0,True,False,False
2000034120,2026-01,0.0,0.0,0.0,1,1,0,0,1,0,0.0,0.0,0,0,0,True,False,False
2000034129,2019-05,0.0,0.0,0.0,0,0,0,0,0,1,1.0,72.5,0,0,1,False,True,False
2000034129,2019-07,0.0,0.0,0.0,0,0,0,0,0,1,1.0,223.99,0,0,1,False,True,False
2000034129,2019-09,0.0,0.0,0.0,0,0,0,0,0,3,3.0,520.48,1,0,3,False,True,False
2000034129,2019-10,0.0,0.0,0.0,0,0,0,0,0,2,2.0,476.28,2,0,2,False,True,False
2000034129,2019-11,0.0,0.0,0.0,0,0,0,0,0,2,6.0,482.89,1,0,2,False,True,False
2000034129,2019-12,0.0,0.0,0.0,0,0,0,0,0,4,4.0,1116.4,2,0,4,False,True,False
2000034129,2020-01,0.0,0.0,0.0,0,0,0,0,0,5,6.0,1277.71,2,0,4,False,True,False
2000034129,2020-02,0.0,0.0,0.0,0,0,0,0,0,3,3.0,519.41,3,0,3,False,True,False
2000034129,2020-06,0.0,0.0,0.0,0,0,0,0,0,4,4.0,639.8,4,0,4,False,True,False
2000034129,2020-07,0.0,0.0,0.0,0,0,0,0,0,1,1.0,83.44,0,0,1,False,True,False
2000034129,2020-11,0.0,0.0,0.0,0,0,0,0,0,1,6.0,2505.54,1,0,1,False,True,False
2000034129,2021-03,0.0,0.0,0.0,0,0,0,0,0,2,2.0,477.32,0,0,2,False,True,False
2000034129,2021-06,0.0,0.0,0.0,0,0,0,0,0,1,1.0,179.85,0,0,1,False,True,False
2000034129,2021-07,0.0,0.0,0.0,0,0,0,0,0,6,6.0,1695.6599999999999,2,0,6,False,True,False
2000034129,2021-09,0.0,0.0,0.0,0,0,0,0,0,4,6.0,783.4,2,0,4,False,True,False
2000034129,2021-11,0.0,0.0,0.0,0,0,0,0,0,1,1.0,120.39,0,0,1,False,True,False
2000034129,2021-12,0.0,0.0,0.0,0,0,0,0,0,1,2.0,240.78,1,0,1,False,True,False
2000034129,2022-01,0.0,0.0,0.0,0,0,0,0,0,3,3.0,324.22,2,0,3,False,True,False
2000034129,2022-03,0.0,0.0,0.0,0,0,0,0,0,4,35.0,4792.69,0,0,4,False,True,False
2000034129,2022-04,0.0,0.0,0.0,0,0,0,0,0,2,2.0,238.69,0,0,2,False,True,False
2000034129,2022-05,0.0,0.0,0.0,0,0,0,0,0,1,1.0,179.85,0,0,1,False,True,False
2000034129,2022-06,0.0,0.0,0.0,0,0,0,0,0,3,5.0,778.65,0,0,3,False,True,False
2000034129,2022-07,0.0,0.0,0.0,0,0,0,0,0,2,2.0,462.43999999999994,0,0,2,False,True,False
2000034129,2022-11,0.0,0.0,0.0,0,0,0,0,0,1,8.0,1001.04,1,0,1,False,True,False
2000034129,2023-01,0.0,0.0,0.0,0,0,0,0,0,2,8.0,1554.48,1,0,2,False,True,False
2000034129,2023-05,0.0,0.0,0.0,0,0,0,0,0,1,2.0,240.78,0,0,1,False,True,False
2000034129,2023-06,0.0,0.0,0.0,0,0,0,0,0,2,2.0,403.84000000000003,0,0,2,False,True,False
2000034129,2023-08,0.0,0.0,0.0,0,0,0,0,0,1,1.0,120.39,0,0,1,False,True,False
2000034129,2023-09,0.0,0.0,0.0,0,0,0,0,0,2,2.0,255.45,0,0,2,False,True,False
2000034129,2023-11,0.0,0.0,0.0,0,0,0,0,0,1,1.0,417.59,0,0,1,False,True,False
2000034129,2023-12,0.0,0.0,0.0,0,0,0,0,0,1,24.0,4663.44,1,0,1,False,True,False
2000034129,2024-01,0.0,0.0,0.0,0,0,0,0,0,2,2.0,495.01,0,0,2,False,True,False
2000034129,2024-03,0.0,0.0,0.0,0,0,0,0,0,3,3.0,1051.8899999999999,0,0,3,False,True,False
2000034129,2024-04,0.0,0.0,0.0,0,0,0,0,0,3,5.0,279.71999999999997,0,0,3,False,True,False
2000034129,2024-07,0.0,0.0,0.0,0,0,0,0,0,3,3.0,688.81,1,0,3,False,True,False
2000034129,2024-08,0.0,0.0,0.0,0,0,0,0,0,2,2.0,319.03999999999996,2,0,2,False,True,False
2000034129,2024-09,0.0,0.0,0.0,0,0,0,0,0,2,3.0,179.51999999999998,0,0,2,False,True,False
2000034129,2024-10,0.0,0.0,0.0,0,0,0,0,0,1,1.0,359.95,1,0,1,False,True,False
2000034129,2024-11,0.0,0.0,0.0,0,0,0,0,0,5,5.0,1490.32,3,0,5,False,True,False
2000034129,2024-12,0.0,0.0,0.0,0,0,0,0,0,2,3.0,839.0500000000001,0,0,2,False,True,False
2000034129,2025-01,0.0,0.0,0.0,0,0,0,0,0,1,1.0,417.59,1,0,1,False,True,False
2000034129,2025-02,8.0,0.0,8.0,1,1,0,1,1,2,2.0,194.54999999999998,1,0,2,True,True,False
2000034129,2025-03,169.0,0.0,169.0,32,32,0,32,3,4,4.0,958.2,2,1,3,True,True,False
2000034129,2025-04,4.0,1.0,3.0,3,2,1,1,1,2,5.0,918.1099999999999,2,0,2,True,True,False
2000034129,2025-05,32.0,0.0,32.0,4,4,0,4,3,4,15.0,3429.79,2,3,1,True,True,False
2000034129,2025-06,252.0,0.0,252.0,28,28,0,28,2,1,7.0,1653.4,1,1,0,True,True,False
2000034129,2025-07,160.0,0.0,160.0,14,14,0,14,2,1,1.0,304.34,1,1,0,True,True,False
2000034129,2025-09,104.0,0.0,104.0,19,19,0,19,1,0,0.0,0.0,0,0,0,True,False,False
2000034129,2025-12,42.0,25.0,17.0,4,2,2,2,2,1,1.0,304.34,0,1,0,True,True,False
2000034130,2025-02,0.0,0.0,0.0,7,6,1,0,2,0,0.0,0.0,0,0,0,True,False,False
2000034130,2025-03,0.0,0.0,0.0,10,10,0,0,4,0,0.0,0.0,0,0,0,True,False,False
2000034130,2025-04,0.0,0.0,0.0,18,17,1,0,6,0,0.0,0.0,0,0,0,True,False,False
2000034130,2025-05,0.0,0.0,0.0,39,38,1,0,10,0,0.0,0.0,0,0,0,True,False,False
2000034130,2025-06,0.0,0.0,0.0,8,7,1,0,5,0,0.0,0.0,0,0,0,True,False,False
2000034130,2025-07,0.0,0.0,0.0,5,5,0,0,5,0,0.0,0.0,0,0,0,True,False,False
2000034130,2025-08,0.0,0.0,0.0,1,1,0,0,1,0,0.0,0.0,0,0,0,True,False,False
2000034130,2025-09,0.0,0.0,0.0,4,4,0,0,3,0,0.0,0.0,0,0,0,True,False,False
2000034130,2025-10,0.0,0.0,0.0,1,1,0,0,1,0,0.0,0.0,0,0,0,True,False,False
2000034130,2025-12,0.0,0.0,0.0,1,1,0,0,1,0,0.0,0.0,0,0,0,True,False,False
2000034134,2020-03,0.0,0.0,0.0,0,0,0,0,0,1,1.0,884.2,1,0,1,False,True,False
2000034134,2020-04,0.0,0.0,0.0,0,0,0,0,0,3,20.0,16185.68,3,0,3,False,True,False
2000034134,2020-10,0.0,0.0,0.0,0,0,0,0,0,2,2.0,3990.43,2,0,2,False,True,False
2000034134,2020-11,0.0,0.0,0.0,0,0,0,0,0,2,2.0,41990.22,2,0,2,False,True,False
2000034134,2020-12,0.0,0.0,0.0,0,0,0,0,0,3,4.0,20043.72,3,0,3,False,True,False
2000034134,2021-01,0.0,0.0,0.0,0,0,0,0,0,1,24.0,93858.96,1,0,1,False,True,False
2000034134,2021-05,0.0,0.0,0.0,0,0,0,0,0,1,23.0,89948.17,1,0,1,False,True,False
2000034134,2021-11,0.0,0.0,0.0,0,0,0,0,0,1,1.0,318.99,0,0,1,False,True,False
2000034134,2021-12,0.0,0.0,0.0,0,0,0,0,0,2,2.0,2664.0,0,0,2,False,True,False
2000034134,2022-02,0.0,0.0,0.0,0,0,0,0,0,1,1.0,3910.79,0,0,1,False,True,False
2000034134,2022-07,0.0,0.0,0.0,0,0,0,0,0,3,6.0,927.3199999999999,1,0,3,False,True,False
2000034134,2023-03,0.0,0.0,0.0,0,0,0,0,0,2,34.0,245141.40000000002,2,0,2,False,True,False
2000034134,2023-07,0.0,0.0,0.0,0,0,0,0,0,2,19.0,149873.06999999998,1,0,2,False,True,False
2000034134,2023-08,0.0,0.0,0.0,0,0,0,0,0,1,1.0,382.69,1,0,1,False,True,False
2000034134,2023-12,0.0,0.0,0.0,0,0,0,0,0,7,7.0,17731.94,4,0,7,False,True,False
2000034134,2024-01,0.0,0.0,0.0,0,0,0,0,0,1,1.0,382.69,1,0,1,False,True,False
2000034134,2024-02,0.0,0.0,0.0,0,0,0,0,0,2,2.0,301.08,2,0,2,False,True,False
2000034134,2024-03,0.0,0.0,0.0,0,0,0,0,0,1,9.0,1197.0,1,0,1,False,True,False
2000034134,2024-04,0.0,0.0,0.0,0,0,0,0,0,5,71.0,139457.58,4,0,5,False,True,False
2000034134,2024-05,0.0,0.0,0.0,0,0,0,0,0,4,4.0,8639.94,2,0,4,False,True,False
2000034134,2024-06,0.0,0.0,0.0,0,0,0,0,0,5,4.0,10891.37,3,0,5,False,True,False
2000034134,2024-08,0.0,0.0,0.0,0,0,0,0,0,4,5.0,22287.57,2,0,4,False,True,False
2000034134,2024-09,0.0,0.0,0.0,0,0,0,0,0,2,9.0,31669.01,1,0,2,False,True,False
2000034134,2024-10,0.0,0.0,0.0,0,0,0,0,0,8,16.0,99520.88,7,0,8,False,True,False
2000034134,2024-11,0.0,0.0,0.0,0,0,0,0,0,1,1.0,6231.1,1,0,1,False,True,False
2000034134,2024-12,0.0,0.0,0.0,0,0,0,0,0,10,21.0,53875.76,9,0,10,False,True,False
2000034134,2025-01,0.0,0.0,0.0,0,0,0,0,0,2,17.0,1986.05,1,0,2,False,True,False
2000034134,2025-02,1.0,0.0,1.0,1,1,0,1,1,11,25.0,13167.42,6,0,10,True,True,False
2000034134,2025-03,438.0,0.0,438.0,39,39,0,32,5,9,29.0,85427.48000000001,8,0,9,True,True,False
2000034134,2025-04,45.0,0.0,45.0,1,1,0,1,1,5,6.0,19383.49,4,0,5,True,True,False
2000034134,2025-05,20.0,0.0,20.0,9,9,0,9,5,5,27.0,44487.18,4,0,5,True,True,False
2000034134,2025-06,196.0,0.0,196.0,30,30,0,19,11,6,9.0,65810.66,5,1,5,True,True,False
2000034134,2025-07,47.0,0.0,47.0,8,8,0,6,4,7,14.0,14164.45,5,0,7,True,True,False
2000034134,2025-08,131.0,0.0,131.0,18,18,0,14,10,4,11.0,58207.67,4,0,4,True,True,False
2000034134,2025-09,2060.0,878.0,1182.0,43,31,12,7,5,8,8.0,40494.05,8,1,7,True,True,False
2000034134,2025-10,38.0,15.0,23.0,9,7,2,5,3,11,12.0,86417.65,11,3,8,True,True,False
2000034134,2025-11,71.0,5.0,66.0,8,7,1,5,5,4,5.0,45956.91,1,2,2,True,True,False
2000034134,2025-12,13.0,0.0,13.0,6,6,0,4,4,3,3.0,27234.629999999997,2,1,2,True,True,False
2000034134,2026-01,3.0,0.0,3.0,2,2,0,2,1,4,4.0,8639.94,4,3,1,True,True,False
2000034134,2026-02,1.0,0.0,1.0,1,1,0,1,1,2,2.0,0.0,0,0,0,True,True,False
2000034135,2022-04,0.0,0.0,0.0,0,0,0,0,0,2,42.0,2456.4,2,0,2,False,True,False
2000034135,2022-06,0.0,0.0,0.0,0,0,0,0,0,4,7.0,824.66,0,0,4,False,True,False
2000034135,2022-08,0.0,0.0,0.0,0,0,0,0,0,2,2.0,252.85,2,0,2,False,True,False
2000034135,2022-09,0.0,0.0,0.0,0,0,0,0,0,1,20.0,3420.0,1,0,1,False,True,False
2000034135,2022-11,0.0,0.0,0.0,0,0,0,0,0,1,43.0,8249.55,1,0,1,False,True,False
2000034135,2022-12,0.0,0.0,0.0,0,0,0,0,0,1,1.0,87.3,0,0,1,False,True,False
2000034135,2023-01,0.0,0.0,0.0,0,0,0,0,0,1,8.0,1534.8,0,0,1,False,True,False
2000034135,2023-02,0.0,0.0,0.0,0,0,0,0,0,1,1.0,214.0,1,0,1,False,True,False
2000034135,2023-04,0.0,0.0,0.0,0,0,0,0,0,2,2.0,160.88,0,0,2,False,True,False
2000034135,2023-05,0.0,0.0,0.0,0,0,0,0,0,1,59.0,11319.15,1,0,1,False,True,False
2000034135,2023-08,0.0,0.0,0.0,0,0,0,0,0,2,3.0,474.31,1,0,2,False,True,False
2000034135,2023-09,0.0,0.0,0.0,0,0,0,0,0,3,5.0,62.96,0,0,3,False,True,False
2000034135,2023-10,0.0,0.0,0.0,0,0,0,0,0,1,1.0,191.85,1,0,1,False,True,False
2000034135,2023-12,0.0,0.0,0.0,0,0,0,0,0,3,5.0,662.23,0,0,3,False,True,False
2000034135,2024-03,0.0,0.0,0.0,0,0,0,0,0,1,1.0,90.61,0,0,1,False,True,False
2000034135,2024-04,0.0,0.0,0.0,0,0,0,0,0,1,1.0,171.0,0,0,1,False,True,False
2000034135,2024-05,0.0,0.0,0.0,0,0,0,0,0,1,2.0,383.7,0,0,1,False,True,False
2000034135,2024-06,0.0,0.0,0.0,0,0,0,0,0,1,2.0,342.0,0,0,1,False,True,False
2000034135,2024-07,0.0,0.0,0.0,0,0,0,0,0,2,2.0,222.29000000000002,2,0,2,False,True,False
2000034135,2024-08,0.0,0.0,0.0,0,0,0,0,0,4,8.0,1382.24,4,0,4,False,True,False
2000034135,2024-09,0.0,0.0,0.0,0,0,0,0,0,5,266.0,74453.83,4,0,5,False,True,False
2000034135,2024-10,0.0,0.0,0.0,0,0,0,0,0,3,171.0,50363.42,1,0,3,False,True,False
2000034135,2024-11,0.0,0.0,0.0,0,0,0,0,0,2,2.0,241.5,1,0,2,False,True,False
2000034135,2024-12,0.0,0.0,0.0,0,0,0,0,0,3,3.0,431.84,2,0,3,False,True,False
2000034135,2025-01,0.0,0.0,0.0,0,0,0,0,0,1,1.0,191.85,0,0,1,False,True,False
2000034135,2025-02,240.0,0.0,240.0,4,4,0,3,3,3,74.0,553.2,2,0,3,True,True,False
2000034135,2025-03,598.0,5.0,593.0,12,11,1,8,5,5,13.0,1912.0800000000002,1,0,5,True,True,False
2000034135,2025-04,724.0,0.0,724.0,12,12,0,10,6,5,8.0,965.28,5,0,5,True,True,False
2000034135,2025-05,27.0,0.0,27.0,1,1,0,1,1,2,10.0,1308.03,1,0,2,True,True,False
2000034135,2025-06,26.0,4.0,22.0,10,9,1,6,6,2,2.0,261.61,2,0,2,True,True,False
2000034135,2025-07,83.0,6.0,77.0,16,14,2,8,9,3,5.0,277.08,2,0,3,True,True,False
2000034135,2025-08,16.0,1.0,15.0,7,6,1,4,4,5,6.0,1236.55,2,0,5,True,True,False
2000034135,2025-09,26.0,2.0,24.0,7,6,1,3,4,4,29.0,1168.92,4,0,4,True,True,False
2000034135,2025-10,12.0,0.0,12.0,4,4,0,2,3,0,0.0,0.0,0,0,0,True,False,False
2000034135,2025-11,6.0,0.0,6.0,5,5,0,3,5,1,1.0,191.85,0,0,1,True,True,False
2000034135,2025-12,24.0,0.0,24.0,3,3,0,1,3,0,0.0,0.0,0,0,0,True,False,False
2000034135,2026-01,56.0,0.0,56.0,1,1,0,1,1,0,0.0,0.0,0,0,0,True,False,False
2000034135,2026-02,542.0,0.0,542.0,3,3,0,3,1,0,0.0,0.0,0,0,0,True,False,False
2000034140,2019-12,0.0,0.0,0.0,0,0,0,0,0,1,1.0,31.01,0,0,1,False,True,False
2000034140,2022-01,0.0,0.0,0.0,0,0,0,0,0,1,1.0,31.01,1,0,1,False,True,False
2000034140,2022-02,0.0,0.0,0.0,0,0,0,0,0,1,1.0,31.01,1,0,1,False,True,False
2000034140,2022-06,0.0,0.0,0.0,0,0,0,0,0,1,1.0,31.01,1,0,1,False,True,False
2000034140,2022-12,0.0,0.0,0.0,0,0,0,0,0,1,1.0,31.01,1,0,1,False,True,False
2000034140,2025-03,0.0,0.0,0.0,0,0,0,0,0,1,2.0,62.02,0,0,1,False,True,False
2000034142,2019-04,0.0,0.0,0.0,0,0,0,0,0,3,0.0,0.0,0,0,3,False,True,False
2000034142,2019-05,0.0,0.0,0.0,0,0,0,0,0,5,24.0,120.80000000000001,0,0,5,False,True,False
2000034142,2019-06,0.0,0.0,0.0,0,0,0,0,0,1,1.0,0.0,0,0,1,False,True,False
2000034142,2019-10,0.0,0.0,0.0,0,0,0,0,0,3,163.0,10015590.42,1,0,3,False,True,False
2000034142,2019-11,0.0,0.0,0.0,0,0,0,0,0,1,78.0,0.0,1,0,1,False,True,False
2000034142,2019-12,0.0,0.0,0.0,0,0,0,0,0,2,9.0,0.0,0,0,2,False,True,False
2000034142,2020-01,0.0,0.0,0.0,0,0,0,0,0,2,2.0,0.0,2,0,2,False,True,False
2000034142,2020-02,0.0,0.0,0.0,0,0,0,0,0,4,58.0,0.0,3,0,4,False,True,False
2000034142,2020-03,0.0,0.0,0.0,0,0,0,0,0,11,33.0,112457.02,11,0,11,False,True,False
2000034142,2020-04,0.0,0.0,0.0,0,0,0,0,0,2,2.0,0.0,2,0,2,False,True,False
2000034142,2020-05,0.0,0.0,0.0,0,0,0,0,0,1,2.0,0.02,1,0,1,False,True,False
2000034142,2020-06,0.0,0.0,0.0,0,0,0,0,0,1,2.0,0.02,1,0,1,False,True,False
2000034142,2020-07,0.0,0.0,0.0,0,0,0,0,0,5,60.0,1021362.56,5,0,5,False,True,False
2000034142,2020-08,0.0,0.0,0.0,0,0,0,0,0,2,2.0,6.44,1,0,1,False,True,False
2000034142,2020-09,0.0,0.0,0.0,0,0,0,0,0,4,7.0,204045.76,3,0,4,False,True,False
2000034142,2020-10,0.0,0.0,0.0,0,0,0,0,0,7,8.0,11.08,5,0,7,False,True,False
2000034142,2020-11,0.0,0.0,0.0,0,0,0,0,0,3,3.0,0.0,2,0,3,False,True,False
2000034142,2020-12,0.0,0.0,0.0,0,0,0,0,0,6,122.0,0.0,5,0,6,False,True,False
2000034142,2021-01,0.0,0.0,0.0,0,0,0,0,0,2,5.0,255057.2,2,0,2,False,True,False
2000034142,2021-03,0.0,0.0,0.0,0,0,0,0,0,4,6.0,0.02,3,0,4,False,True,False
2000034142,2021-05,0.0,0.0,0.0,0,0,0,0,0,1,1.0,34084.83,0,0,1,False,True,False
2000034142,2021-07,0.0,0.0,0.0,0,0,0,0,0,7,10.0,204045.76,6,0,7,False,True,False
2000034142,2021-08,0.0,0.0,0.0,0,0,0,0,0,4,7.0,204045.76,4,0,4,False,True,False
2000034142,2021-09,0.0,0.0,0.0,0,0,0,0,0,7,31.0,1554577.98,2,0,4,False,True,False
2000034142,2021-10,0.0,0.0,0.0,0,0,0,0,0,5,5.0,0.0,5,0,5,False,True,False
2000034142,2021-11,0.0,0.0,0.0,0,0,0,0,0,5,13.0,153265.93,4,0,5,False,True,False
2000034142,2021-12,0.0,0.0,0.0,0,0,0,0,0,3,49.0,14943.52,2,0,3,False,True,False
2000034142,2022-01,0.0,0.0,0.0,0,0,0,0,0,1,1.0,0.0,0,0,1,False,True,False
2000034142,2022-02,0.0,0.0,0.0,0,0,0,0,0,6,23.0,55854.98,3,0,6,False,True,False
2000034142,2022-03,0.0,0.0,0.0,0,0,0,0,0,3,36.0,1532206.0999999999,2,0,3,False,True,False
2000034142,2022-04,0.0,0.0,0.0,0,0,0,0,0,9,14.0,55109.82000000001,8,0,9,False,True,False
2000034142,2022-05,0.0,0.0,0.0,0,0,0,0,0,6,1170.0,4017.46,5,0,6,False,True,False
2000034142,2022-06,0.0,0.0,0.0,0,0,0,0,0,3,4.0,102022.88,2,0,3,False,True,False
2000034142,2022-07,0.0,0.0,0.0,0,0,0,0,0,2,3.0,0.0,2,0,2,False,True,False
2000034142,2022-08,0.0,0.0,0.0,0,0,0,0,0,9,76.0,104113.14,5,0,9,False,True,False
2000034142,2022-10,0.0,0.0,0.0,0,0,0,0,0,5,28.0,4509.4800000000005,0,0,5,False,True,False
2000034142,2022-12,0.0,0.0,0.0,0,0,0,0,0,2,2.0,102022.88,2,0,2,False,True,False
2000034142,2023-03,0.0,0.0,0.0,0,0,0,0,0,1,3.0,19.32,1,0,1,False,True,False
2000034142,2023-04,0.0,0.0,0.0,0,0,0,0,0,1,8.0,272678.64,1,0,1,False,True,False
2000034142,2023-05,0.0,0.0,0.0,0,0,0,0,0,2,2.0,51011.44,2,0,2,False,True,False
2000034142,2023-06,0.0,0.0,0.0,0,0,0,0,0,2,10.0,3566.9399999999996,2,0,2,False,True,False
2000034142,2023-08,0.0,0.0,0.0,0,0,0,0,0,9,68.0,22012.46,6,0,9,False,True,False
2000034142,2023-09,0.0,0.0,0.0,0,0,0,0,0,4,14.0,5216.12,3,0,4,False,True,False
2000034142,2023-10,0.0,0.0,0.0,0,0,0,0,0,17,110.0,446094.68,9,0,17,False,True,False
2000034142,2023-11,0.0,0.0,0.0,0,0,0,0,0,6,153.0,2538.82,4,0,6,False,True,False
2000034142,2023-12,0.0,0.0,0.0,0,0,0,0,0,6,35.0,172410.14,5,0,6,False,True,False
2000034142,2024-02,0.0,0.0,0.0,0,0,0,0,0,3,26.0,916.04,2,0,3,False,True,False
2000034142,2024-03,0.0,0.0,0.0,0,0,0,0,0,9,2541.0,123405.96,8,0,9,False,True,False
2000034142,2024-04,0.0,0.0,0.0,0,0,0,0,0,3,3.0,372.58,2,0,3,False,True,False
2000034142,2024-05,0.0,0.0,0.0,0,0,0,0,0,3,9.0,238130.63,1,0,3,False,True,False
2000034142,2024-06,0.0,0.0,0.0,0,0,0,0,0,4,20.0,808.28,2,0,4,False,True,False
2000034142,2024-08,0.0,0.0,0.0,0,0,0,0,0,2,187.0,69672.46,1,1,1,False,True,False
2000034142,2024-09,0.0,0.0,0.0,0,0,0,0,0,3,6.0,246153.93999999997,1,0,3,False,True,False
2000034142,2024-10,0.0,0.0,0.0,0,0,0,0,0,3,3.0,0.0,1,0,3,False,True,False
2000034142,2024-11,0.0,0.0,0.0,0,0,0,0,0,9,10.0,609.6899999999999,5,0,9,False,True,False
2000034142,2024-12,0.0,0.0,0.0,0,0,0,0,0,9,18.0,54376.96000000001,8,2,7,False,True,False
2000034142,2025-01,0.0,0.0,0.0,0,0,0,0,0,2,103.0,38375.74,2,0,2,False,True,False
2000034142,2025-02,378.0,0.0,378.0,20,20,0,12,2,11,160.0,54938.03,11,0,11,True,True,False
2000034142,2025-03,5992.0,352.0,5640.0,189,185,4,35,9,5,24.0,552.68,0,0,5,True,True,False
2000034142,2025-04,1620.0,75.0,1545.0,68,63,5,26,5,3,86.0,23177.96,2,0,3,True,True,False
2000034142,2025-05,6753.0,1040.0,5713.0,112,96,16,83,8,7,8.0,102265.78,1,0,7,True,True,False
2000034142,2025-06,7096.0,5673.0,1423.0,151,113,38,59,7,3,3.0,0.0,3,0,3,True,True,False
2000034142,2025-07,1207.0,836.0,371.0,75,51,24,33,7,3,3.0,0.0,3,1,2,True,True,False
2000034142,2025-08,608.0,8.0,600.0,37,36,1,11,2,4,22.0,0.0,4,2,2,True,True,False
2000034142,2025-09,201.0,0.0,201.0,10,10,0,10,2,6,15.0,170231.85,5,0,6,True,True,False
2000034142,2025-10,2544.0,156.0,2388.0,98,89,9,17,3,20,79.0,34456.23,9,0,20,True,True,False
2000034142,2025-11,510.0,24.0,486.0,35,32,3,11,3,8,10.0,85333.33,5,2,6,True,True,False
2000034142,2025-12,993.0,0.0,993.0,54,54,0,14,6,12,22.0,153729.1,5,5,7,True,True,False
2000034142,2026-01,303.0,8.0,295.0,26,24,2,16,6,7,35.0,51175.87,2,2,5,True,True,False
2000034142,2026-02,18.0,8.0,10.0,3,2,1,2,2,0,0.0,0.0,0,0,0,True,False,False
2000034144,2025-02,0.0,0.0,0.0,25,25,0,0,9,0,0.0,0.0,0,0,0,True,False,False
2000034144,2025-03,300.0,100.0,200.0,35,33,2,2,13,0,0.0,0.0,0,0,0,True,False,False
2000034144,2025-04,50.0,0.0,50.0,39,34,5,1,13,0,0.0,0.0,0,0,0,True,False,False
2000034144,2025-05,0.0,0.0,0.0,44,41,3,0,15,0,0.0,0.0,0,0,0,True,False,False
2000034144,2025-06,0.0,0.0,0.0,8,8,0,0,6,0,0.0,0.0,0,0,0,True,False,False
2000034144,2025-07,0.0,0.0,0.0,30,30,0,0,11,0,0.0,0.0,0,0,0,True,False,False
2000034144,2025-08,0.0,0.0,0.0,10,10,0,0,7,0,0.0,0.0,0,0,0,True,False,False
2000034144,2025-09,0.0,0.0,0.0,19,19,0,0,3,0,0.0,0.0,0,0,0,True,False,False
2000034144,2025-10,77.0,0.0,77.0,19,19,0,6,5,0,0.0,0.0,0,0,0,True,False,False
2000034144,2025-11,33.0,33.0,0.0,35,32,3,3,11,0,0.0,0.0,0,0,0,True,False,False
2000034144,2025-12,0.0,0.0,0.0,13,13,0,0,4,0,0.0,0.0,0,0,0,True,False,False
2000034144,2026-01,0.0,0.0,0.0,13,13,0,0,4,0,0.0,0.0,0,0,0,True,False,False
2000034144,2026-02,0.0,0.0,0.0,1,1,0,0,1,0,0.0,0.0,0,0,0,True,False,False
2000034146,2025-03,0.0,0.0,0.0,4,4,0,0,1,0,0.0,0.0,0,0,0,True,False,False
2000034146,2025-05,0.0,0.0,0.0,3,3,0,0,1,0,0.0,0.0,0,0,0,True,False,False
2000034146,2025-06,0.0,0.0,0.0,4,4,0,0,1,0,0.0,0.0,0,0,0,True,False,False
2000034146,2025-08,0.0,0.0,0.0,4,4,0,0,1,0,0.0,0.0,0,0,0,True,False,False
2000034146,2025-10,0.0,0.0,0.0,4,4,0,0,1,0,0.0,0.0,0,0,0,True,False,False
2000034146,2026-02,0.0,0.0,0.0,2,2,0,0,1,0,0.0,0.0,0,0,0,True,False,False
2000034153,2020-02,0.0,0.0,0.0,0,0,0,0,0,1,1.0,126.66,0,0,1,False,True,False
2000034153,2020-03,0.0,0.0,0.0,0,0,0,0,0,2,2.0,154.42000000000002,0,0,2,False,True,False
2000034153,2020-06,0.0,0.0,0.0,0,0,0,0,0,2,2.0,155.94,2,0,2,False,True,False
2000034153,2020-07,0.0,0.0,0.0,0,0,0,0,0,3,3.0,232.39,1,0,3,False,True,False
2000034153,2020-08,0.0,0.0,0.0,0,0,0,0,0,1,1.0,77.97,1,0,1,False,True,False
2000034153,2020-09,0.0,0.0,0.0,0,0,0,0,0,1,1.0,77.97,1,0,1,False,True,False
2000034153,2020-10,0.0,0.0,0.0,0,0,0,0,0,1,1.0,126.66,0,0,1,False,True,False
2000034153,2020-11,0.0,0.0,0.0,0,0,0,0,0,1,1.0,126.66,1,0,1,False,True,False
2000034153,2020-12,0.0,0.0,0.0,0,0,0,0,0,1,1.0,77.97,1,0,1,False,True,False
2000034153,2021-06,0.0,0.0,0.0,0,0,0,0,0,1,1.0,76.45,1,0,1,False,True,False
2000034153,2021-07,0.0,0.0,0.0,0,0,0,0,0,3,3.0,0.03,0,0,3,False,True,False
2000034153,2021-10,0.0,0.0,0.0,0,0,0,0,0,1,1.0,76.45,1,0,1,False,True,False
2000034153,2021-11,0.0,0.0,0.0,0,0,0,0,0,1,1.0,76.45,1,0,1,False,True,False
2000034153,2021-12,0.0,0.0,0.0,0,0,0,0,0,1,2.0,253.32,1,0,1,False,True,False
2000034153,2022-01,0.0,0.0,0.0,0,0,0,0,0,1,1.0,77.97,1,0,1,False,True,False
2000034153,2022-06,0.0,0.0,0.0,0,0,0,0,0,1,2.0,155.94,1,0,1,False,True,False
2000034153,2022-07,0.0,0.0,0.0,0,0,0,0,0,2,4.0,506.64,2,0,2,False,True,False
2000034153,2022-09,0.0,0.0,0.0,0,0,0,0,0,2,49.0,3799.25,2,0,2,False,True,False
2000034153,2022-10,0.0,0.0,0.0,0,0,0,0,0,2,2.0,154.42000000000002,2,0,2,False,True,False
2000034153,2023-01,0.0,0.0,0.0,0,0,0,0,0,10,10.0,772.1,10,0,10,False,True,False
2000034153,2023-02,0.0,0.0,0.0,0,0,0,0,0,1,1.0,77.97,1,0,1,False,True,False
2000034153,2023-03,0.0,0.0,0.0,0,0,0,0,0,26,26.0,2010.5,26,0,26,False,True,False
2000034153,2023-04,0.0,0.0,0.0,0,0,0,0,0,2,2.0,155.94,2,0,2,False,True,False
2000034153,2023-06,0.0,0.0,0.0,0,0,0,0,0,2,2.0,154.42000000000002,2,0,2,False,True,False
2000034153,2023-07,0.0,0.0,0.0,0,0,0,0,0,2,2.0,154.42000000000002,2,0,2,False,True,False
2000034153,2023-08,0.0,0.0,0.0,0,0,0,0,0,2,2.0,154.42000000000002,2,0,2,False,True,False
2000034153,2024-01,0.0,0.0,0.0,0,0,0,0,0,1,1.0,77.97,1,0,1,False,True,False
2000034153,2024-02,0.0,0.0,0.0,0,0,0,0,0,2,2.0,154.42000000000002,2,0,2,False,True,False
2000034153,2024-03,0.0,0.0,0.0,0,0,0,0,0,2,2.0,204.63,1,0,2,False,True,False
2000034153,2024-05,0.0,0.0,0.0,0,0,0,0,0,2,2.0,154.42000000000002,2,0,2,False,True,False
2000034153,2024-09,0.0,0.0,0.0,0,0,0,0,0,1,1.0,77.97,1,0,1,False,True,False
2000034153,2024-10,0.0,0.0,0.0,0,0,0,0,0,3,3.0,232.39,3,0,3,False,True,False
2000034153,2024-11,0.0,0.0,0.0,0,0,0,0,0,1,1.0,77.97,1,0,1,False,True,False
2000034153,2024-12,0.0,0.0,0.0,0,0,0,0,0,10,10.0,776.66,10,0,10,False,True,False
2000034153,2025-01,0.0,0.0,0.0,0,0,0,0,0,3,3.0,232.39,3,0,3,False,True,False
2000034153,2025-02,0.0,0.0,0.0,0,0,0,0,0,4,4.0,307.32,4,0,4,False,True,False
2000034153,2025-04,31.0,0.0,31.0,4,4,0,2,2,3,3.0,232.39,3,0,3,True,True,False
2000034153,2025-05,0.0,0.0,0.0,0,0,0,0,0,2,2.0,154.42000000000002,2,0,2,False,True,False
2000034153,2025-06,0.0,0.0,0.0,0,0,0,0,0,10,10.0,772.1,10,0,10,False,True,False
2000034153,2025-07,0.0,0.0,0.0,0,0,0,0,0,6,8.0,617.6800000000001,6,0,6,False,True,False
2000034153,2025-08,40.0,0.0,40.0,2,2,0,2,1,10,12.0,1026.94,9,0,10,True,True,False
2000034153,2025-09,40.0,0.0,40.0,4,4,0,3,3,5,5.0,383.77,5,0,5,True,True,False
2000034153,2025-10,0.0,0.0,0.0,0,0,0,0,0,1,1.0,76.45,1,0,1,False,True,False
2000034153,2025-11,34.0,20.0,14.0,6,4,2,5,3,1,1.0,77.97,1,0,1,True,True,False
2000034153,2025-12,32.0,0.0,32.0,2,2,0,2,1,1,1.0,0.0,1,0,1,True,True,False
2000034153,2026-01,264.0,0.0,264.0,5,5,0,2,1,0,0.0,0.0,0,0,0,True,False,False
2000034160,2021-07,0.0,0.0,0.0,0,0,0,0,0,2,2.0,8.22,0,0,2,False,True,False
2000034165,2024-06,0.0,0.0,0.0,0,0,0,0,0,2,20.0,1299.3999999999999,0,0,2,False,True,False
2000034165,2025-03,102.0,0.0,102.0,3,3,0,3,1,0,0.0,0.0,0,0,0,True,False,False
2000034165,2025-04,3000.0,1500.0,1500.0,3,2,1,1,1,1,452.0,230.52,1,1,0,True,True,False
2000034165,2025-05,208894.2,0.0,208894.2,51,51,0,49,3,0,0.0,0.0,0,0,0,True,False,False
2000034165,2025-06,1982.0,199694.2,-197712.2,52,3,49,50,3,0,0.0,0.0,0,0,0,True,False,False
2000034165,2025-09,770.0,200.0,570.0,5,4,1,4,3,0,0.0,0.0,0,0,0,True,False,False
2000034165,2025-10,10000.0,0.0,10000.0,1,1,0,1,1,0,0.0,0.0,0,0,0,True,False,False
2000034165,2025-11,15.0,0.0,15.0,1,1,0,1,1,0,0.0,0.0,0,0,0,True,False,False
2000034165,2025-12,60.0,0.0,60.0,2,2,0,1,2,0,0.0,0.0,0,0,0,True,False,False
2000034167,2025-06,0.0,0.0,0.0,3,3,0,0,1,0,0.0,0.0,0,0,0,True,False,False
2000034171,2021-06,0.0,0.0,0.0,0,0,0,0,0,2,3.0,629.43,0,0,2,False,True,False
2000034171,2021-07,0.0,0.0,0.0,0,0,0,0,0,1,2.0,218.34,0,0,1,False,True,False
2000034171,2022-03,0.0,0.0,0.0,0,0,0,0,0,1,1.0,260.13,0,0,1,False,True,False
2000034171,2022-04,0.0,0.0,0.0,0,0,0,0,0,2,2.0,388.72,0,0,2,False,True,False
2000034171,2022-05,0.0,0.0,0.0,0,0,0,0,0,1,1.0,260.13,0,0,1,False,True,False
2000034171,2022-06,0.0,0.0,0.0,0,0,0,0,0,1,1.0,260.13,0,0,1,False,True,False
2000034171,2022-11,0.0,0.0,0.0,0,0,0,0,0,1,1.0,109.17,0,0,1,False,True,False
2000034174,2019-08,0.0,0.0,0.0,0,0,0,0,0,1,1.0,0.01,0,0,1,False,True,False
2000034174,2020-06,0.0,0.0,0.0,0,0,0,0,0,1,1.0,358531.0,1,0,1,False,True,False
2000034174,2020-12,0.0,0.0,0.0,0,0,0,0,0,2,32.0,0.32,2,0,2,False,True,False
2000034174,2021-02,0.0,0.0,0.0,0,0,0,0,0,1,1.0,24.64,1,0,1,False,True,False
2000034174,2021-03,0.0,0.0,0.0,0,0,0,0,0,3,3.0,298.33000000000004,1,0,3,False,True,False
2000034174,2021-04,0.0,0.0,0.0,0,0,0,0,0,3,3.0,358673.19,2,0,3,False,True,False
2000034174,2021-05,0.0,0.0,0.0,0,0,0,0,0,2,2.0,35.57,1,0,2,False,True,False
2000034174,2021-08,0.0,0.0,0.0,0,0,0,0,0,2,2.0,358540.17,1,0,2,False,True,False
2000034174,2021-11,0.0,0.0,0.0,0,0,0,0,0,5,24.0,323.34000000000003,3,0,5,False,True,False
2000034174,2022-01,0.0,0.0,0.0,0,0,0,0,0,1,18.0,443.52,1,0,1,False,True,False
2000034174,2022-02,0.0,0.0,0.0,0,0,0,0,0,3,3.0,175.85,1,0,3,False,True,False
2000034174,2022-03,0.0,0.0,0.0,0,0,0,0,0,9,20.0,698.76,9,0,9,False,True,False
2000034174,2022-05,0.0,0.0,0.0,0,0,0,0,0,1,1.0,9.17,0,0,1,False,True,False
2000034174,2022-06,0.0,0.0,0.0,0,0,0,0,0,2,3.0,944.9,0,0,2,False,True,False
2000034174,2022-07,0.0,0.0,0.0,0,0,0,0,0,1,1.0,9.17,0,0,1,False,True,False
2000034174,2022-09,0.0,0.0,0.0,0,0,0,0,0,1,1.0,39.94,0,0,1,False,True,False
2000034174,2023-01,0.0,0.0,0.0,0,0,0,0,0,2,2.0,77.33,2,0,2,False,True,False
2000034174,2023-04,0.0,0.0,0.0,0,0,0,0,0,1,1.0,9.17,0,0,1,False,True,False
2000034174,2023-05,0.0,0.0,0.0,0,0,0,0,0,3,16.0,2121.84,1,0,3,False,True,False
2000034174,2023-06,0.0,0.0,0.0,0,0,0,0,0,1,1.0,0.0,0,0,0,False,True,False
2000034174,2023-09,0.0,0.0,0.0,0,0,0,0,0,1,1.0,26.37,0,0,1,False,True,False
2000034174,2023-10,0.0,0.0,0.0,0,0,0,0,0,1,1.0,1.92,0,0,1,False,True,False
2000034174,2023-11,0.0,0.0,0.0,0,0,0,0,0,3,19.0,2374.19,3,0,3,False,True,False
2000034174,2023-12,0.0,0.0,0.0,0,0,0,0,0,7,30.0,817.1800000000001,1,0,7,False,True,False
2000034174,2024-03,0.0,0.0,0.0,0,0,0,0,0,3,34.0,83.62,0,0,3,False,True,False
2000034174,2024-12,0.0,0.0,0.0,0,0,0,0,0,1,1.0,1.92,0,0,1,False,True,False
2000034174,2025-04,0.0,0.0,0.0,0,0,0,0,0,1,1.0,1.92,0,0,1,False,True,False
2000034174,2025-10,0.0,0.0,0.0,0,0,0,0,0,1,1.0,9.2,0,1,0,False,True,False
2000034174,2025-12,0.0,0.0,0.0,0,0,0,0,0,1,1.0,4.03,0,0,1,False,True,False
2000034181,2025-02,0.0,0.0,0.0,21,21,0,0,4,0,0.0,0.0,0,0,0,True,False,False
2000034181,2025-03,0.0,0.0,0.0,20,20,0,0,6,0,0.0,0.0,0,0,0,True,False,False
2000034181,2025-04,0.0,0.0,0.0,6,5,1,0,4,0,0.0,0.0,0,0,0,True,False,False
2000034181,2025-05,0.0,0.0,0.0,32,32,0,0,6,0,0.0,0.0,0,0,0,True,False,False
2000034181,2025-06,0.0,0.0,0.0,11,11,0,0,4,0,0.0,0.0,0,0,0,True,False,False
2000034181,2025-07,0.0,0.0,0.0,3,3,0,0,1,0,0.0,0.0,0,0,0,True,False,False
2000034181,2025-08,55.0,0.0,55.0,10,10,0,1,4,0,0.0,0.0,0,0,0,True,False,False
2000034181,2025-09,0.0,0.0,0.0,29,29,0,0,2,0,0.0,0.0,0,0,0,True,False,False
2000034181,2025-10,55.0,0.0,55.0,7,7,0,1,3,0,0.0,0.0,0,0,0,True,False,False
2000034181,2025-11,0.0,0.0,0.0,16,16,0,0,1,0,0.0,0.0,0,0,0,True,False,False
2000034181,2025-12,0.0,0.0,0.0,20,4,16,0,2,0,0.0,0.0,0,0,0,True,False,False
2000034181,2026-02,0.0,0.0,0.0,3,3,0,0,1,0,0.0,0.0,0,0,0,True,False,False
2000034186,2019-02,0.0,0.0,0.0,0,0,0,0,0,1,0.0,0.0,0,0,1,False,True,False
2000034186,2019-04,0.0,0.0,0.0,0,0,0,0,0,7,12.0,54035.090000000004,0,0,7,False,True,False
2000034186,2019-05,0.0,0.0,0.0,0,0,0,0,0,24,40.0,95177.95,5,0,24,False,True,False
2000034186,2019-06,0.0,0.0,0.0,0,0,0,0,0,17,21.0,97820.48,7,0,17,False,True,False
2000034186,2019-07,0.0,0.0,0.0,0,0,0,0,0,21,40.0,351628.25,9,0,21,False,True,False
2000034186,2019-08,0.0,0.0,0.0,0,0,0,0,0,16,654.0,125775.70000000001,4,0,16,False,True,False
2000034186,2019-09,0.0,0.0,0.0,0,0,0,0,0,46,147.0,665832.71,28,0,46,False,True,False
2000034186,2019-10,0.0,0.0,0.0,0,0,0,0,0,14,15.0,17826.45,6,0,14,False,True,False
2000034186,2019-11,0.0,0.0,0.0,0,0,0,0,0,24,241.0,169416.65,11,0,24,False,True,False
2000034186,2019-12,0.0,0.0,0.0,0,0,0,0,0,19,22.0,146613.92,16,0,19,False,True,False
2000034186,2020-01,0.0,0.0,0.0,0,0,0,0,0,19,23.0,45879.85,8,0,16,False,True,False
2000034186,2020-02,0.0,0.0,0.0,0,0,0,0,0,15,29.0,92748.51999999999,13,0,15,False,True,False
2000034186,2020-03,0.0,0.0,0.0,0,0,0,0,0,16,89.0,60047.61,9,0,15,False,True,False
2000034186,2020-04,0.0,0.0,0.0,0,0,0,0,0,15,36.0,54537.159999999996,11,0,14,False,True,False
2000034186,2020-05,0.0,0.0,0.0,0,0,0,0,0,4,9.0,125172.51999999999,4,0,4,False,True,False
2000034186,2020-06,0.0,0.0,0.0,0,0,0,0,0,28,855.0,255388.14,27,0,28,False,True,False
2000034186,2020-07,0.0,0.0,0.0,0,0,0,0,0,13,13.0,26014.65,5,0,13,False,True,False
2000034186,2020-08,0.0,0.0,0.0,0,0,0,0,0,25,69.0,240287.94,22,0,25,False,True,False
2000034186,2020-09,0.0,0.0,0.0,0,0,0,0,0,28,31.0,101815.49,13,0,24,False,True,False
2000034186,2020-10,0.0,0.0,0.0,0,0,0,0,0,25,119.0,66250.03,21,0,25,False,True,False
2000034186,2020-11,0.0,0.0,0.0,0,0,0,0,0,13,21.0,174023.38999999998,9,0,13,False,True,False
2000034186,2020-12,0.0,0.0,0.0,0,0,0,0,0,29,164.0,144778.18,17,0,26,False,True,False
2000034186,2021-01,0.0,0.0,0.0,0,0,0,0,0,20,25.0,212496.13,14,0,20,False,True,False
2000034186,2021-02,0.0,0.0,0.0,0,0,0,0,0,26,338.0,200020.25,14,0,26,False,True,False
2000034186,2021-03,0.0,0.0,0.0,0,0,0,0,0,35,63.0,215643.79,21,0,33,False,True,False
2000034186,2021-04,0.0,0.0,0.0,0,0,0,0,0,41,56.0,506462.92,27,0,40,False,True,False
2000034186,2021-05,0.0,0.0,0.0,0,0,0,0,0,21,23.0,151365.39,14,0,20,False,True,False
2000034186,2021-06,0.0,0.0,0.0,0,0,0,0,0,25,31.0,91527.67,13,0,24,False,True,False
2000034186,2021-07,0.0,0.0,0.0,0,0,0,0,0,64,76.0,620023.57,56,0,64,False,True,False
2000034186,2021-08,0.0,0.0,0.0,0,0,0,0,0,23,28.0,234199.69,15,0,21,False,True,False
2000034186,2021-09,0.0,0.0,0.0,0,0,0,0,0,25,86.0,178812.23,19,0,25,False,True,False
2000034186,2021-10,0.0,0.0,0.0,0,0,0,0,0,39,42.0,431920.2,31,0,39,False,True,False
2000034186,2021-11,0.0,0.0,0.0,0,0,0,0,0,52,245.0,420686.0,41,0,48,False,True,False
2000034186,2021-12,0.0,0.0,0.0,0,0,0,0,0,24,24.0,241042.92,21,0,24,False,True,False
2000034186,2022-01,0.0,0.0,0.0,0,0,0,0,0,38,469.0,128203.41,34,0,38,False,True,False
2000034186,2022-02,0.0,0.0,0.0,0,0,0,0,0,23,49.0,168897.71,19,0,23,False,True,False
2000034186,2022-03,0.0,0.0,0.0,0,0,0,0,0,34,121.0,303056.25,25,1,31,False,True,False
2000034186,2022-04,0.0,0.0,0.0,0,0,0,0,0,30,36.0,243896.69,27,0,30,False,True,False
2000034186,2022-05,0.0,0.0,0.0,0,0,0,0,0,38,54.0,234463.47,29,0,36,False,True,False
2000034186,2022-06,0.0,0.0,0.0,0,0,0,0,0,32,491.0,378930.17000000004,24,0,28,False,True,False
2000034186,2022-07,0.0,0.0,0.0,0,0,0,0,0,32,33.0,358992.45,29,0,32,False,True,False
2000034186,2022-08,0.0,0.0,0.0,0,0,0,0,0,28,44.0,355826.21,24,0,28,False,True,False
2000034186,2022-09,0.0,0.0,0.0,0,0,0,0,0,12,12.0,163434.55000000002,11,0,11,False,True,False
2000034186,2022-10,0.0,0.0,0.0,0,0,0,0,0,35,72.0,364004.93,32,1,34,False,True,False
2000034186,2022-11,0.0,0.0,0.0,0,0,0,0,0,29,35.0,283077.7,26,0,29,False,True,False
2000034186,2022-12,0.0,0.0,0.0,0,0,0,0,0,13,44.0,156754.54,8,0,12,False,True,False
2000034186,2023-01,0.0,0.0,0.0,0,0,0,0,0,21,33.0,266846.95,14,0,20,False,True,False
2000034186,2023-02,0.0,0.0,0.0,0,0,0,0,0,21,21.0,111679.31,19,0,21,False,True,False
2000034186,2023-03,0.0,0.0,0.0,0,0,0,0,0,52,61.0,354209.96,48,0,52,False,True,False
2000034186,2023-04,0.0,0.0,0.0,0,0,0,0,0,27,40.0,644851.41,23,0,27,False,True,False
2000034186,2023-05,0.0,0.0,0.0,0,0,0,0,0,34,102.0,188080.45,27,0,33,False,True,False
2000034186,2023-06,0.0,0.0,0.0,0,0,0,0,0,40,71.0,211005.55000000002,32,0,40,False,True,False
2000034186,2023-07,0.0,0.0,0.0,0,0,0,0,0,31,31.0,239820.43,28,0,31,False,True,False
2000034186,2023-08,0.0,0.0,0.0,0,0,0,0,0,62,87.0,778900.2000000001,52,0,61,False,True,False
2000034186,2023-09,0.0,0.0,0.0,0,0,0,0,0,27,110.0,184353.79,18,0,27,False,True,False
2000034186,2023-10,0.0,0.0,0.0,0,0,0,0,0,32,40.0,312073.99,27,0,32,False,True,False
2000034186,2023-11,0.0,0.0,0.0,0,0,0,0,0,31,160.0,149015.38,20,0,31,False,True,False
2000034186,2023-12,0.0,0.0,0.0,0,0,0,0,0,43,103.0,899994.7100000001,38,0,42,False,True,False
2000034186,2024-01,0.0,0.0,0.0,0,0,0,0,0,44,1536.0,655790.39,34,1,43,False,True,False
2000034186,2024-02,0.0,0.0,0.0,0,0,0,0,0,32,86.0,425708.92,22,0,32,False,True,False
2000034186,2024-03,0.0,0.0,0.0,0,0,0,0,0,62,235.0,877189.61,35,0,62,False,True,False
2000034186,2024-04,0.0,0.0,0.0,0,0,0,0,0,74,164.0,1206440.71,60,0,74,False,True,False
2000034186,2024-05,0.0,0.0,0.0,0,0,0,0,0,78,172.0,895139.51,59,2,76,False,True,False
2000034186,2024-06,0.0,0.0,0.0,0,0,0,0,0,58,107.0,856609.9,39,2,56,False,True,False
2000034186,2024-07,0.0,0.0,0.0,0,0,0,0,0,58,75.0,485052.39,31,0,58,False,True,False
2000034186,2024-08,0.0,0.0,0.0,0,0,0,0,0,71,152.0,1321468.34,56,1,69,False,True,False
2000034186,2024-09,0.0,0.0,0.0,0,0,0,0,0,74,198.0,515828.47000000003,55,0,74,False,True,False
2000034186,2024-10,0.0,0.0,0.0,0,0,0,0,0,132,337.0,1133670.61,86,6,126,False,True,False
2000034186,2024-11,0.0,0.0,0.0,0,0,0,0,0,59,68.0,564530.88,53,0,59,False,True,False
2000034186,2024-12,0.0,0.0,0.0,0,0,0,0,0,80,110.0,1228361.58,66,1,79,False,True,False
2000034186,2025-01,0.0,0.0,0.0,0,0,0,0,0,72,84.0,1069901.66,60,2,70,False,True,False
2000034186,2025-02,804.0,0.0,804.0,91,91,0,41,6,51,142.0,948168.2100000001,40,0,48,True,True,False
2000034186,2025-03,3154.0,0.0,3154.0,117,117,0,64,13,68,111.0,889839.92,52,4,64,True,True,False
2000034186,2025-04,1314.0,8.0,1306.0,159,158,1,56,24,55,71.0,690758.35,47,3,52,True,True,False
2000034186,2025-05,4608.0,3.0,4605.0,180,179,1,128,29,71,88.0,773051.9,63,6,65,True,True,False
2000034186,2025-06,1369.0,4.0,1365.0,47,46,1,30,10,48,100.0,338200.03,39,9,38,True,True,False
2000034186,2025-07,3572.0,276.0,3296.0,154,147,7,77,17,75,102.0,712608.66,63,6,68,True,True,False
2000034186,2025-08,3269.0,20.0,3249.0,90,89,1,40,16,62,94.0,460986.29000000004,56,7,55,True,True,False
2000034186,2025-09,3938.0,2.0,3936.0,162,160,2,61,9,85,164.0,647762.4,56,25,59,True,True,False
2000034186,2025-10,5681.0,1446.0,4235.0,203,193,10,106,13,67,280.0,708112.5,57,20,47,True,True,False
2000034186,2025-11,29647.89,1466.0,28181.89,361,318,43,259,14,53,99.0,717811.9,43,21,32,True,True,False
2000034186,2025-12,10804.0,5296.0,5508.0,454,322,132,189,13,72,247.0,632758.55,67,29,42,True,True,False
2000034186,2026-01,3939.0,160.0,3779.0,133,130,3,76,10,53,73.0,607705.89,46,29,23,True,True,False
2000034186,2026-02,3224.0,56.0,3168.0,61,60,1,58,3,31,35.0,154295.38,22,20,2,True,True,False
2000034260,2022-07,0.0,0.0,0.0,0,0,0,0,0,1,1.0,3365.58,0,0,1,False,True,False
2000034360,2019-07,0.0,0.0,0.0,0,0,0,0,0,1,1.0,1712.95,0,0,1,False,True,False
2000034360,2019-11,0.0,0.0,0.0,0,0,0,0,0,1,1.0,1712.95,0,0,1,False,True,False
2000034360,2020-03,0.0,0.0,0.0,0,0,0,0,0,1,1.0,1712.95,0,0,1,False,True,False
2000034360,2020-07,0.0,0.0,0.0,0,0,0,0,0,2,7.0,12860.7,0,0,2,False,True,False
2000034360,2021-01,0.0,0.0,0.0,0,0,0,0,0,1,2.0,3805.24,0,0,1,False,True,False
2000034360,2021-03,0.0,0.0,0.0,0,0,0,0,0,1,2.0,17.68,1,0,1,False,True,False
2000034360,2021-05,0.0,0.0,0.0,0,0,0,0,0,1,1.0,1673.8,0,0,1,False,True,False
2000034360,2021-12,0.0,0.0,0.0,0,0,0,0,0,1,1.0,1673.8,0,0,1,False,True,False
2000034360,2022-04,0.0,0.0,0.0,0,0,0,0,0,2,3.0,5556.53,2,0,2,False,True,False
2000034360,2022-05,0.0,0.0,0.0,0,0,0,0,0,3,6.0,10121.1,2,0,3,False,True,False
2000034360,2022-06,0.0,0.0,0.0,0,0,0,0,0,3,3.0,5707.86,3,0,3,False,True,False
2000034360,2022-07,0.0,0.0,0.0,0,0,0,0,0,1,116.0,1025.44,1,0,1,False,True,False
2000034360,2022-10,0.0,0.0,0.0,0,0,0,0,0,1,1.0,1712.95,1,0,1,False,True,False
2000034360,2022-11,0.0,0.0,0.0,0,0,0,0,0,1,2.0,3425.9,1,0,1,False,True,False
2000034360,2023-01,0.0,0.0,0.0,0,0,0,0,0,2,2.0,3615.5699999999997,2,0,2,False,True,False
2000034360,2023-02,0.0,0.0,0.0,0,0,0,0,0,1,10.0,17129.5,1,0,1,False,True,False
2000034360,2023-03,0.0,0.0,0.0,0,0,0,0,0,1,1.0,1712.95,0,0,1,False,True,False
2000034360,2023-04,0.0,0.0,0.0,0,0,0,0,0,1,1.0,1712.95,0,0,1,False,True,False
2000034360,2023-07,0.0,0.0,0.0,0,0,0,0,0,5,5.0,9133.76,4,0,5,False,True,False
2000034360,2023-12,0.0,0.0,0.0,0,0,0,0,0,2,2.0,3595.59,2,0,2,False,True,False
2000034360,2024-01,0.0,0.0,0.0,0,0,0,0,0,1,1.0,1673.8,1,0,1,False,True,False
2000034360,2024-05,0.0,0.0,0.0,0,0,0,0,0,2,3.0,5765.37,2,0,2,False,True,False
2000034360,2024-07,0.0,0.0,0.0,0,0,0,0,0,1,1.0,1673.8,0,0,1,False,True,False
2000034360,2024-08,0.0,0.0,0.0,0,0,0,0,0,1,1.0,1902.62,1,0,1,False,True,False
2000034360,2025-02,44.0,0.0,44.0,5,5,0,4,3,0,0.0,0.0,0,0,0,True,False,False
2000034360,2025-03,19.0,0.0,19.0,3,3,0,3,2,1,1.0,1921.79,1,0,1,True,True,False
2000034360,2025-04,26.0,0.0,26.0,3,3,0,3,1,1,1.0,1921.79,1,0,1,True,True,False
2000034360,2025-08,38.0,0.0,38.0,5,5,0,3,3,0,0.0,0.0,0,0,0,True,False,False
2000034360,2025-10,0.0,0.0,0.0,0,0,0,0,0,2,2.0,3425.9,1,0,2,False,True,False
2000034360,2025-11,36.0,0.0,36.0,3,3,0,3,1,0,0.0,0.0,0,0,0,True,False,False
2000034434,2019-04,0.0,0.0,0.0,0,0,0,0,0,15,33.0,14523.3,1,0,15,False,True,False
2000034434,2019-05,0.0,0.0,0.0,0,0,0,0,0,7,7.0,4061.51,1,0,7,False,True,False
2000034434,2019-06,0.0,0.0,0.0,0,0,0,0,0,15,16.0,4446.34,5,0,15,False,True,False
2000034434,2019-07,0.0,0.0,0.0,0,0,0,0,0,2,3.0,1187.04,0,0,2,False,True,False
2000034434,2019-08,0.0,0.0,0.0,0,0,0,0,0,2,2.0,9272.0,1,0,2,False,True,False
2000034434,2019-09,0.0,0.0,0.0,0,0,0,0,0,6,14.0,6177.41,0,0,6,False,True,False
2000034434,2019-10,0.0,0.0,0.0,0,0,0,0,0,34,123.0,23812.31,26,0,34,False,True,False
2000034434,2019-11,0.0,0.0,0.0,0,0,0,0,0,8,9.0,3931.23,2,0,8,False,True,False
2000034434,2019-12,0.0,0.0,0.0,0,0,0,0,0,8,8.0,2309.65,5,0,8,False,True,False
2000034434,2020-01,0.0,0.0,0.0,0,0,0,0,0,7,7.0,9507.300000000001,4,0,7,False,True,False
2000034434,2020-02,0.0,0.0,0.0,0,0,0,0,0,5,12.0,1967.11,1,0,5,False,True,False
2000034434,2020-03,0.0,0.0,0.0,0,0,0,0,0,2,2.0,280.75,1,0,2,False,True,False
2000034434,2020-05,0.0,0.0,0.0,0,0,0,0,0,2,7.0,2772.24,2,0,2,False,True,False
2000034434,2020-06,0.0,0.0,0.0,0,0,0,0,0,3,3.0,311.59,0,0,3,False,True,False
2000034434,2020-07,0.0,0.0,0.0,0,0,0,0,0,4,4.0,828.98,2,0,4,False,True,False
2000034434,2020-08,0.0,0.0,0.0,0,0,0,0,0,9,31.0,11678.6,6,0,9,False,True,False
2000034434,2020-09,0.0,0.0,0.0,0,0,0,0,0,2,2.0,1107.9,0,0,2,False,True,False
2000034434,2020-10,0.0,0.0,0.0,0,0,0,0,0,6,6.0,2143.42,0,0,6,False,True,False
2000034434,2020-11,0.0,0.0,0.0,0,0,0,0,0,1,1.0,369.61,0,0,1,False,True,False
2000034434,2020-12,0.0,0.0,0.0,0,0,0,0,0,1,1.0,415.25,0,0,1,False,True,False
2000034434,2021-01,0.0,0.0,0.0,0,0,0,0,0,4,5.0,1065.74,1,0,4,False,True,False
2000034434,2021-02,0.0,0.0,0.0,0,0,0,0,0,4,4.0,2102.6800000000003,1,0,4,False,True,False
2000034434,2021-03,0.0,0.0,0.0,0,0,0,0,0,7,7.0,2922.44,0,0,7,False,True,False
2000034434,2021-04,0.0,0.0,0.0,0,0,0,0,0,7,17.0,2349.3,1,0,7,False,True,False
2000034434,2021-05,0.0,0.0,0.0,0,0,0,0,0,11,12.0,3221.51,5,0,11,False,True,False
2000034434,2021-06,0.0,0.0,0.0,0,0,0,0,0,4,4.0,1714.5900000000001,0,0,4,False,True,False
2000034434,2021-08,0.0,0.0,0.0,0,0,0,0,0,8,11.0,5510.96,0,0,8,False,True,False
2000034434,2021-09,0.0,0.0,0.0,0,0,0,0,0,2,2.0,871.79,0,0,2,False,True,False
2000034434,2021-10,0.0,0.0,0.0,0,0,0,0,0,2,3.0,626.3299999999999,0,0,2,False,True,False
2000034434,2021-11,0.0,0.0,0.0,0,0,0,0,0,4,5.0,2339.02,0,0,4,False,True,False
2000034434,2021-12,0.0,0.0,0.0,0,0,0,0,0,2,2.0,539.6800000000001,0,0,2,False,True,False
2000034434,2022-03,0.0,0.0,0.0,0,0,0,0,0,2,2.0,517.87,0,0,2,False,True,False
2000034434,2022-06,0.0,0.0,0.0,0,0,0,0,0,1,1.0,577.69,0,0,1,False,True,False
2000034434,2023-02,0.0,0.0,0.0,0,0,0,0,0,4,18.0,9437.0,0,0,4,False,True,False
2000034434,2023-05,0.0,0.0,0.0,0,0,0,0,0,1,1.0,4438.39,0,0,1,False,True,False
2000034434,2023-12,0.0,0.0,0.0,0,0,0,0,0,1,1.0,121.34,0,0,1,False,True,False
2000034434,2024-01,0.0,0.0,0.0,0,0,0,0,0,1,1.0,68.1,1,0,1,False,True,False
2000034434,2025-05,0.0,0.0,0.0,0,0,0,0,0,1,1.0,361.02,1,0,1,False,True,False
2000034444,2025-05,723.0,0.0,723.0,14,14,0,14,1,0,0.0,0.0,0,0,0,True,False,False
2000034468,2025-04,0.0,19.0,-19.0,3,0,3,3,1,0,0.0,0.0,0,0,0,True,False,False
2000034468,2025-05,10143.0,0.0,10143.0,105,105,0,98,1,0,0.0,0.0,0,0,0,True,False,False
2000034468,2025-10,587.0,0.0,587.0,36,36,0,36,1,0,0.0,0.0,0,0,0,True,False,False
2000034764,2019-06,0.0,0.0,0.0,0,0,0,0,0,3,10.0,120.06,0,0,3,False,True,False
2000034764,2019-07,0.0,0.0,0.0,0,0,0,0,0,2,174.0,325.38,0,0,2,False,True,False
2000034764,2019-08,0.0,0.0,0.0,0,0,0,0,0,1,20.0,83.0,0,0,1,False,True,False
2000034764,2019-10,0.0,0.0,0.0,0,0,0,0,0,3,18.0,121.85999999999999,0,0,3,False,True,False
2000034764,2019-11,0.0,0.0,0.0,0,0,0,0,0,5,74.0,431.06,0,0,5,False,True,False
2000034764,2019-12,0.0,0.0,0.0,0,0,0,0,0,2,8.0,120.06,1,0,2,False,True,False
2000034764,2020-01,0.0,0.0,0.0,0,0,0,0,0,3,12009.0,17641.67,1,0,3,False,True,False
2000034764,2020-05,0.0,0.0,0.0,0,0,0,0,0,13,122.0,2370.54,5,0,13,False,True,False
2000034764,2020-06,0.0,0.0,0.0,0,0,0,0,0,4,97.0,2942.2,2,0,4,False,True,False
2000034764,2020-09,0.0,0.0,0.0,0,0,0,0,0,1,8.0,20.08,1,0,1,False,True,False
2000034764,2021-01,0.0,0.0,0.0,0,0,0,0,0,2,40.0,1791.94,2,0,2,False,True,False
2000034764,2021-02,0.0,0.0,0.0,0,0,0,0,0,2,4.0,243.68,2,0,2,False,True,False
2000034764,2021-03,0.0,0.0,0.0,0,0,0,0,0,4,549.0,521.8100000000001,2,0,4,False,True,False
2000034764,2021-04,0.0,0.0,0.0,0,0,0,0,0,1,113.0,2674.71,1,0,1,False,True,False
2000034764,2021-05,0.0,0.0,0.0,0,0,0,0,0,1,1.0,0.07,0,0,1,False,True,False
2000034764,2021-06,0.0,0.0,0.0,0,0,0,0,0,5,228.0,698.88,0,0,5,False,True,False
2000034764,2021-07,0.0,0.0,0.0,0,0,0,0,0,1,1.0,61.96,0,0,1,False,True,False
2000034764,2021-10,0.0,0.0,0.0,0,0,0,0,0,11,652.0,3689.78,2,0,11,False,True,False
2000034764,2021-12,0.0,0.0,0.0,0,0,0,0,0,2,132.0,331.35,0,0,2,False,True,False
2000034764,2022-01,0.0,0.0,0.0,0,0,0,0,0,2,138.0,3246.21,2,0,2,False,True,False
2000034764,2022-06,0.0,0.0,0.0,0,0,0,0,0,2,5.0,0.13999999999999999,0,0,2,False,True,False
2000034764,2022-08,0.0,0.0,0.0,0,0,0,0,0,1,20.0,3.8,1,0,1,False,True,False
2000034764,2022-09,0.0,0.0,0.0,0,0,0,0,0,6,139.0,423.95,0,0,6,False,True,False
2000034764,2022-10,0.0,0.0,0.0,0,0,0,0,0,2,14.0,85.12,1,0,2,False,True,False
2000034764,2022-11,0.0,0.0,0.0,0,0,0,0,0,1,13000.0,10530.0,1,0,1,False,True,False
2000034764,2023-01,0.0,0.0,0.0,0,0,0,0,0,12,128.0,172.95999999999998,0,0,12,False,True,False
2000034764,2023-02,0.0,0.0,0.0,0,0,0,0,0,1,1.0,13.21,0,0,1,False,True,False
2000034764,2023-04,0.0,0.0,0.0,0,0,0,0,0,3,226.0,2081.84,3,0,3,False,True,False
2000034764,2023-05,0.0,0.0,0.0,0,0,0,0,0,1,20.0,61.2,0,0,1,False,True,False
2000034764,2023-06,0.0,0.0,0.0,0,0,0,0,0,9,1262.0,3426.9700000000003,9,0,9,False,True,False
2000034764,2023-07,0.0,0.0,0.0,0,0,0,0,0,3,3334.0,4979.5,2,0,3,False,True,False
2000034764,2023-08,0.0,0.0,0.0,0,0,0,0,0,2,257.0,1117.1100000000001,2,0,2,False,True,False
2000034764,2023-12,0.0,0.0,0.0,0,0,0,0,0,4,1174.0,1523.83,1,0,4,False,True,False
2000034764,2024-01,0.0,0.0,0.0,0,0,0,0,0,8,70.0,19.599999999999998,0,0,8,False,True,False
2000034764,2024-02,0.0,0.0,0.0,0,0,0,0,0,6,1645.0,1723.8500000000001,1,0,6,False,True,False
2000034764,2024-03,0.0,0.0,0.0,0,0,0,0,0,6,195.0,7720.860000000001,1,0,6,False,True,False
2000034764,2024-04,0.0,0.0,0.0,0,0,0,0,0,1,1.0,35.98,1,0,1,False,True,False
2000034764,2024-05,0.0,0.0,0.0,0,0,0,0,0,5,2697.0,7089.32,2,0,5,False,True,False
2000034764,2024-06,0.0,0.0,0.0,0,0,0,0,0,9,11749.0,6619.1900000000005,3,0,9,False,True,False
2000034764,2024-07,0.0,0.0,0.0,0,0,0,0,0,30,4445.0,4342.76,3,0,30,False,True,False
2000034764,2024-08,0.0,0.0,0.0,0,0,0,0,0,15,138.0,264.54,2,0,15,False,True,False
2000034764,2024-09,0.0,0.0,0.0,0,0,0,0,0,16,597.0,1193.3799999999999,6,0,16,False,True,False
2000034764,2024-10,0.0,0.0,0.0,0,0,0,0,0,17,782.0,31979.39,0,0,17,False,True,False
2000034764,2024-11,0.0,0.0,0.0,0,0,0,0,0,10,56.0,325.44,0,0,10,False,True,False
2000034764,2024-12,0.0,0.0,0.0,0,0,0,0,0,6,431.0,1561.5900000000001,2,0,6,False,True,False
2000034764,2025-01,0.0,0.0,0.0,0,0,0,0,0,17,197.0,428.5,3,0,17,False,True,False
2000034764,2025-02,72272.0,0.0,72272.0,30,30,0,28,2,5,281.0,97.16,0,0,5,True,True,False
2000034764,2025-03,120731.0,0.0,120731.0,58,58,0,50,3,13,97.0,221.59,3,0,13,True,True,False
2000034764,2025-04,44732.0,0.0,44732.0,30,30,0,28,3,14,152.0,539.83,2,0,14,True,True,False
2000034764,2025-05,9749.0,240.0,9509.0,19,17,2,19,2,19,15576.0,276.21999999999997,5,0,19,True,True,False
2000034764,2025-06,127762.0,0.0,127762.0,32,32,0,30,2,3,20.0,23.16,0,0,3,True,True,False
2000034764,2025-07,153549.0,0.0,153549.0,45,45,0,40,3,2,10.0,17.7,1,0,2,True,True,False
2000034764,2025-08,35591.0,0.0,35591.0,29,29,0,27,4,25,111.0,175.86,3,0,25,True,True,False
2000034764,2025-09,40660.0,2325.0,38335.0,44,36,8,29,4,20,72.0,229.12,16,0,20,True,True,False
2000034764,2025-10,6421.0,2000.0,4421.0,13,12,1,8,4,19,804.0,1209.06,9,1,18,True,True,False
2000034764,2025-11,38879.0,15579.0,23300.0,32,10,22,25,5,7,182.0,52.96,1,1,6,True,True,False
2000034764,2025-12,0.0,0.0,0.0,0,0,0,0,0,27,92.0,272.7,13,0,27,False,True,False
2000034764,2026-01,0.0,0.0,0.0,0,0,0,0,0,18,124.0,427.32,18,0,18,False,True,False
2000034815,2025-02,0.0,0.0,0.0,5,5,0,0,1,0,0.0,0.0,0,0,0,True,False,False
2000034892,2025-05,144.0,0.0,144.0,10,10,0,10,1,0,0.0,0.0,0,0,0,True,False,False
2000034892,2025-07,1.0,1.0,0.0,2,1,1,1,1,0,0.0,0.0,0,0,0,True,False,False
2000034895,2020-02,0.0,0.0,0.0,0,0,0,0,0,3,3.0,0.03,0,0,3,False,True,False
2000035015,2020-03,0.0,0.0,0.0,0,0,0,0,0,1,1.0,374.45,1,0,1,False,True,False
2000035015,2020-07,0.0,0.0,0.0,0,0,0,0,0,1,2.0,0.0,0,0,0,False,True,False
2000035015,2021-02,0.0,0.0,0.0,0,0,0,0,0,2,2.0,1955.8700000000001,1,1,1,False,True,False
2000035015,2021-03,0.0,0.0,0.0,0,0,0,0,0,1,1.0,1581.42,1,0,1,False,True,False
2000035015,2021-05,0.0,0.0,0.0,0,0,0,0,0,1,1.0,1581.42,1,0,1,False,True,False
2000035015,2021-07,0.0,0.0,0.0,0,0,0,0,0,2,3.0,3537.29,1,1,1,False,True,False
2000035015,2021-10,0.0,0.0,0.0,0,0,0,0,0,1,1.0,1581.42,1,0,1,False,True,False
2000035015,2021-12,0.0,0.0,0.0,0,0,0,0,0,1,1.0,1581.42,0,0,1,False,True,False
2000035015,2022-02,0.0,0.0,0.0,0,0,0,0,0,1,1.0,374.45,0,0,1,False,True,False
2000035015,2022-04,0.0,0.0,0.0,0,0,0,0,0,1,3.0,1123.35,0,0,1,False,True,False
2000035015,2022-07,0.0,0.0,0.0,0,0,0,0,0,1,1.0,1581.42,0,0,1,False,True,False
2000035015,2022-09,0.0,0.0,0.0,0,0,0,0,0,1,1.0,1581.42,0,0,1,False,True,False
2000035015,2022-11,0.0,0.0,0.0,0,0,0,0,0,1,1.0,374.45,1,0,1,False,True,False
2000035015,2023-02,0.0,0.0,0.0,0,0,0,0,0,1,1.0,1581.42,0,0,1,False,True,False
2000035015,2023-04,0.0,0.0,0.0,0,0,0,0,0,1,1.0,374.45,1,0,1,False,True,False
2000035015,2023-10,0.0,0.0,0.0,0,0,0,0,0,1,1.0,1581.42,0,0,1,False,True,False
2000035015,2023-11,0.0,0.0,0.0,0,0,0,0,0,2,3.0,4744.26,1,0,2,False,True,False
2000035015,2024-02,0.0,0.0,0.0,0,0,0,0,0,1,1.0,1581.42,0,0,1,False,True,False
2000035015,2024-03,0.0,0.0,0.0,0,0,0,0,0,3,5.0,4286.1900000000005,2,0,3,False,True,False
2000035015,2024-05,0.0,0.0,0.0,0,0,0,0,0,1,1.0,1581.42,1,0,1,False,True,False
2000035015,2025-02,1.0,0.0,1.0,1,1,0,1,1,1,1.0,1727.78,1,0,1,True,True,False
2000035015,2025-03,0.0,0.0,0.0,2,2,0,0,1,0,0.0,0.0,0,0,0,True,False,False
2000035015,2025-04,3.0,0.0,3.0,4,4,0,1,3,0,0.0,0.0,0,0,0,True,False,False
2000035015,2025-05,2.0,0.0,2.0,1,1,0,1,1,0,0.0,0.0,0,0,0,True,False,False
2000035015,2025-06,6.0,0.0,6.0,2,2,0,1,2,0,0.0,0.0,0,0,0,True,False,False
2000035015,2025-07,8.0,0.0,8.0,2,2,0,2,1,1,1.0,1727.78,1,0,1,True,True,False
2000035015,2025-08,8.0,0.0,8.0,3,3,0,2,3,0,0.0,0.0,0,0,0,True,False,False
2000035015,2025-09,0.0,0.0,0.0,0,0,0,0,0,2,2.0,3455.56,2,1,1,False,True,False
2000035015,2025-10,12.0,0.0,12.0,1,1,0,1,1,1,1.0,1727.78,1,1,0,True,True,False
2000035015,2025-11,12.0,0.0,12.0,1,1,0,1,1,0,0.0,0.0,0,0,0,True,False,False
2000035015,2025-12,0.0,0.0,0.0,0,0,0,0,0,3,3.0,4744.26,2,3,0,False,True,False
2000035200,2019-04,0.0,0.0,0.0,0,0,0,0,0,5,5.0,587.89,0,0,5,False,True,False
2000035200,2019-05,0.0,0.0,0.0,0,0,0,0,0,11,14.0,1211.08,0,0,11,False,True,False
2000035200,2019-06,0.0,0.0,0.0,0,0,0,0,0,2,2.0,369.3,0,0,2,False,True,False
2000035200,2019-08,0.0,0.0,0.0,0,0,0,0,0,1,1.0,174.96,0,0,1,False,True,False
2000035200,2019-11,0.0,0.0,0.0,0,0,0,0,0,1,0.0,0.0,0,0,1,False,True,False
2000035200,2019-12,0.0,0.0,0.0,0,0,0,0,0,2,1.0,378.4,1,0,2,False,True,False
2000035200,2020-02,0.0,0.0,0.0,0,0,0,0,0,2,45197.0,21604.92,2,0,2,False,True,False
2000035200,2020-06,0.0,0.0,0.0,0,0,0,0,0,1,1.0,378.4,0,0,1,False,True,False
2000035200,2020-09,0.0,0.0,0.0,0,0,0,0,0,3,3.0,860.24,0,0,3,False,True,False
2000035200,2020-10,0.0,0.0,0.0,0,0,0,0,0,1,1.0,109.17,0,0,1,False,True,False
2000035200,2020-11,0.0,0.0,0.0,0,0,0,0,0,3,3.0,472.74,1,0,3,False,True,False
2000035200,2020-12,0.0,0.0,0.0,0,0,0,0,0,4,9.0,682.15,2,0,4,False,True,False
2000035200,2021-01,0.0,0.0,0.0,0,0,0,0,0,5,7.0,1706.07,1,0,5,False,True,False
2000035200,2021-02,0.0,0.0,0.0,0,0,0,0,0,2,2.0,638.53,1,0,2,False,True,False
2000035200,2021-03,0.0,0.0,0.0,0,0,0,0,0,7,8.0,13191.44,2,0,7,False,True,False
2000035200,2021-04,0.0,0.0,0.0,0,0,0,0,0,1,2.0,12130.6,1,0,1,False,True,False
2000035200,2021-05,0.0,0.0,0.0,0,0,0,0,0,5,5.0,946.26,1,0,5,False,True,False
2000035200,2021-08,0.0,0.0,0.0,0,0,0,0,0,3,3.0,441.17,1,0,3,False,True,False
2000035200,2021-09,0.0,0.0,0.0,0,0,0,0,0,4,4.0,1116.73,1,0,4,False,True,False
2000035200,2021-11,0.0,0.0,0.0,0,0,0,0,0,1,1.0,378.4,0,0,1,False,True,False
2000035200,2022-01,0.0,0.0,0.0,0,0,0,0,0,1,1.0,269.45,1,0,1,False,True,False
2000035200,2022-02,0.0,0.0,0.0,0,0,0,0,0,1,1.0,137.44,0,0,1,False,True,False
2000035200,2022-03,0.0,0.0,0.0,0,0,0,0,0,12,21.0,1545.0,5,0,11,False,True,False
2000035200,2022-04,0.0,0.0,0.0,0,0,0,0,0,2,2.0,363.57,0,0,2,False,True,False
2000035200,2022-05,0.0,0.0,0.0,0,0,0,0,0,1,1.0,260.13,0,0,1,False,True,False
2000035200,2022-06,0.0,0.0,0.0,0,0,0,0,0,2,2.0,435.09000000000003,0,0,2,False,True,False
2000035200,2022-07,0.0,0.0,0.0,0,0,0,0,0,3,3.0,814.53,2,0,3,False,True,False
2000035200,2023-01,0.0,0.0,0.0,0,0,0,0,0,1,1.0,269.45,1,0,1,False,True,False
2000035200,2023-02,0.0,0.0,0.0,0,0,0,0,0,2,13.0,326.25,0,0,2,False,True,False
2000035200,2023-03,0.0,0.0,0.0,0,0,0,0,0,1,3.0,780.39,0,0,1,False,True,False
2000035200,2023-04,0.0,0.0,0.0,0,0,0,0,0,2,3.0,321.78,0,0,2,False,True,False
2000035200,2023-05,0.0,0.0,0.0,0,0,0,0,0,2,3.0,763.0699999999999,0,0,2,False,True,False
2000035200,2023-07,0.0,0.0,0.0,0,0,0,0,0,1,2.0,117.62,0,0,1,False,True,False
2000035200,2023-09,0.0,0.0,0.0,0,0,0,0,0,1,1.0,260.13,0,0,1,False,True,False
2000035200,2024-01,0.0,0.0,0.0,0,0,0,0,0,5,5.0,960.99,2,0,5,False,True,False
2000035200,2024-02,0.0,0.0,0.0,0,0,0,0,0,4,10.0,545.77,1,0,4,False,True,False
2000035200,2024-03,0.0,0.0,0.0,0,0,0,0,0,1,1.0,260.13,0,0,1,False,True,False
2000035200,2024-04,0.0,0.0,0.0,0,0,0,0,0,5,6.0,884.01,1,0,5,False,True,False
2000035200,2024-05,0.0,0.0,0.0,0,0,0,0,0,1,2.0,218.34,0,0,1,False,True,False
2000035200,2024-10,0.0,0.0,0.0,0,0,0,0,0,2,2.0,333.92,1,0,2,False,True,False
2000035201,2019-05,0.0,0.0,0.0,0,0,0,0,0,4,5.0,12555.5,3,0,4,False,True,False
2000035201,2019-06,0.0,0.0,0.0,0,0,0,0,0,5,10.0,25111.0,2,0,5,False,True,False
2000035201,2019-07,0.0,0.0,0.0,0,0,0,0,0,2,4.0,10044.4,1,0,2,False,True,False
2000035201,2019-09,0.0,0.0,0.0,0,0,0,0,0,1,1.0,2763.2,1,0,1,False,True,False
2000035201,2019-11,0.0,0.0,0.0,0,0,0,0,0,1,1.0,101.11,1,0,1,False,True,False
2000035201,2019-12,0.0,0.0,0.0,0,0,0,0,0,1,1.0,2511.1,1,0,1,False,True,False
2000035201,2020-01,0.0,0.0,0.0,0,0,0,0,0,3,5.0,4884.33,3,0,3,False,True,False
2000035201,2020-03,0.0,0.0,0.0,0,0,0,0,0,3,14.0,35434.4,0,0,3,False,True,False
2000035201,2020-08,0.0,0.0,0.0,0,0,0,0,0,4,4.0,10044.4,3,0,4,False,True,False
2000035201,2021-03,0.0,0.0,0.0,0,0,0,0,0,1,28.0,2831.08,1,0,1,False,True,False
2000035201,2021-07,0.0,0.0,0.0,0,0,0,0,0,1,1.0,2511.1,0,0,1,False,True,False
2000035201,2021-08,0.0,0.0,0.0,0,0,0,0,0,1,1.0,2511.1,1,0,1,False,True,False
2000035201,2021-12,0.0,0.0,0.0,0,0,0,0,0,1,0.0,0.0,1,0,1,False,True,False
2000035201,2022-03,0.0,0.0,0.0,0,0,0,0,0,2,2.0,5022.2,1,0,2,False,True,False
2000035201,2023-06,0.0,0.0,0.0,0,0,0,0,0,1,21.0,2123.31,0,0,1,False,True,False
2000035201,2023-10,0.0,0.0,0.0,0,0,0,0,0,3,12.0,30734.52,3,0,3,False,True,False
2000035201,2024-03,0.0,0.0,0.0,0,0,0,0,0,1,1.0,2511.1,1,0,1,False,True,False
2000035201,2024-07,0.0,0.0,0.0,0,0,0,0,0,1,1.0,2710.43,1,0,1,False,True,False
2000035201,2024-10,0.0,0.0,0.0,0,0,0,0,0,1,3.0,5213.58,1,0,1,False,True,False
2000035201,2025-01,0.0,0.0,0.0,0,0,0,0,0,2,3.0,8131.289999999999,2,0,2,False,True,False
2000035201,2025-03,0.0,0.0,0.0,0,0,0,0,0,1,4.0,10841.72,1,0,1,False,True,False
2000035201,2025-05,0.0,0.0,0.0,0,0,0,0,0,1,3.0,8131.29,1,0,1,False,True,False
2000035201,2025-06,0.0,0.0,0.0,0,0,0,0,0,2,3.0,8131.289999999999,2,0,2,False,True,False
2000035392,2019-04,0.0,0.0,0.0,0,0,0,0,0,1,1.0,215.33,0,0,1,False,True,False
2000035392,2019-05,0.0,0.0,0.0,0,0,0,0,0,4,191.0,8213.0,0,0,4,False,True,False
2000035392,2019-11,0.0,0.0,0.0,0,0,0,0,0,1,1.0,117.97,1,0,1,False,True,False
2000035392,2020-02,0.0,0.0,0.0,0,0,0,0,0,1,1.0,24.25,1,0,1,False,True,False
2000035392,2020-04,0.0,0.0,0.0,0,0,0,0,0,4,7.0,169.75,0,0,4,False,True,False
2000035392,2020-06,0.0,0.0,0.0,0,0,0,0,0,2,2.0,330.58,0,0,2,False,True,False
2000035392,2020-07,0.0,0.0,0.0,0,0,0,0,0,1,2.0,48.5,0,0,1,False,True,False
2000035392,2020-08,0.0,0.0,0.0,0,0,0,0,0,1,1.0,24.25,0,0,1,False,True,False
2000035392,2020-11,0.0,0.0,0.0,0,0,0,0,0,2,91.0,1980.41,0,0,2,False,True,False
2000035392,2021-01,0.0,0.0,0.0,0,0,0,0,0,2,2.0,205.69,1,0,2,False,True,False
2000035392,2021-02,0.0,0.0,0.0,0,0,0,0,0,1,2.0,0.02,1,0,1,False,True,False
2000035392,2021-03,0.0,0.0,0.0,0,0,0,0,0,4,6.0,749.62,3,0,4,False,True,False
2000035392,2021-04,0.0,0.0,0.0,0,0,0,0,0,2,3.0,353.90999999999997,2,0,2,False,True,False
2000035392,2021-05,0.0,0.0,0.0,0,0,0,0,0,1,2.0,0.02,0,0,1,False,True,False
2000035392,2021-06,0.0,0.0,0.0,0,0,0,0,0,1,1.0,24.25,1,0,1,False,True,False
2000035392,2021-07,0.0,0.0,0.0,0,0,0,0,0,2,2.0,540.82,2,0,2,False,True,False
2000035392,2021-08,0.0,0.0,0.0,0,0,0,0,0,2,50.0,13368.06,2,0,2,False,True,False
2000035392,2021-09,0.0,0.0,0.0,0,0,0,0,0,2,2.0,473.73,2,0,2,False,True,False
2000035392,2021-11,0.0,0.0,0.0,0,0,0,0,0,3,3.0,525.16,2,0,3,False,True,False
2000035392,2021-12,0.0,0.0,0.0,0,0,0,0,0,2,3.0,418.5,2,0,2,False,True,False
2000035392,2022-02,0.0,0.0,0.0,0,0,0,0,0,1,1.0,270.41,0,0,1,False,True,False
2000035392,2022-03,0.0,0.0,0.0,0,0,0,0,0,7,7.0,962.49,5,0,7,False,True,False
2000035392,2022-04,0.0,0.0,0.0,0,0,0,0,0,1,1.0,139.5,1,0,1,False,True,False
2000035392,2022-06,0.0,0.0,0.0,0,0,0,0,0,2,41.0,11116.51,2,0,2,False,True,False
2000035392,2022-08,0.0,0.0,0.0,0,0,0,0,0,1,1.0,139.5,1,0,1,False,True,False
2000035392,2022-10,0.0,0.0,0.0,0,0,0,0,0,1,1.0,117.97,1,0,1,False,True,False
2000035392,2023-01,0.0,0.0,0.0,0,0,0,0,0,1,1.0,139.5,1,0,1,False,True,False
2000035392,2023-03,0.0,0.0,0.0,0,0,0,0,0,1,1.0,159.57,1,0,1,False,True,False
2000035392,2023-04,0.0,0.0,0.0,0,0,0,0,0,2,2.0,279.0,2,0,2,False,True,False
2000035392,2023-06,0.0,0.0,0.0,0,0,0,0,0,1,1.0,117.97,1,0,1,False,True,False
2000035392,2023-09,0.0,0.0,0.0,0,0,0,0,0,1,1.0,272.06,1,0,1,False,True,False
2000035392,2023-10,0.0,0.0,0.0,0,0,0,0,0,1,1.0,272.06,1,0,1,False,True,False
2000035392,2023-11,0.0,0.0,0.0,0,0,0,0,0,2,2.0,257.47,2,0,2,False,True,False
2000035392,2024-01,0.0,0.0,0.0,0,0,0,0,0,4,7.0,1091.7399999999998,2,0,4,False,True,False
2000035392,2024-02,0.0,0.0,0.0,0,0,0,0,0,1,2.0,534.8,1,0,1,False,True,False
2000035392,2024-04,0.0,0.0,0.0,0,0,0,0,0,1,1.0,117.97,0,0,1,False,True,False
2000035392,2024-05,0.0,0.0,0.0,0,0,0,0,0,1,1.0,258.4,1,0,1,False,True,False
2000035392,2024-08,0.0,0.0,0.0,0,0,0,0,0,1,1.0,139.5,1,0,1,False,True,False
2000035392,2024-09,0.0,0.0,0.0,0,0,0,0,0,2,2.0,505.85,2,0,2,False,True,False
2000035392,2024-10,0.0,0.0,0.0,0,0,0,0,0,2,4.0,685.9,1,0,2,False,True,False
2000035392,2024-12,0.0,0.0,0.0,0,0,0,0,0,1,2.0,279.0,1,0,1,False,True,False
2000035392,2025-01,0.0,0.0,0.0,0,0,0,0,0,1,1.0,117.97,1,0,1,False,True,False
2000035392,2025-02,3118.0,0.0,3118.0,1,1,0,1,1,0,0.0,0.0,0,0,0,True,False,False
2000035392,2025-03,64.0,0.0,64.0,4,4,0,4,3,3,4.0,493.40999999999997,3,0,3,True,True,False
2000035392,2025-04,895.0,0.0,895.0,13,13,0,10,5,0,0.0,0.0,0,0,0,True,False,False
2000035392,2025-05,95.0,0.0,95.0,4,4,0,4,3,1,1.0,66.19,1,0,1,True,True,False
2000035392,2025-06,70.0,1.0,69.0,4,3,1,2,2,0,0.0,0.0,0,0,0,True,False,False
2000035392,2025-07,21.0,0.0,21.0,3,3,0,3,3,1,1.0,194.17,1,0,1,True,True,False
2000035392,2025-08,4745.0,0.0,4745.0,8,8,0,8,1,0,0.0,0.0,0,0,0,True,False,False
2000035392,2025-09,1.0,0.0,1.0,1,1,0,1,1,5,5.0,811.79,4,2,3,True,True,False
2000035392,2025-10,0.0,0.0,0.0,0,0,0,0,0,2,4.0,776.68,2,2,0,False,True,False
2000035392,2025-12,2.0,0.0,2.0,1,1,0,1,1,0,0.0,0.0,0,0,0,True,False,False
2000035392,2026-01,0.0,0.0,0.0,0,0,0,0,0,1,1.0,117.97,1,1,0,False,True,False
2000035447,2025-07,64.0,0.0,64.0,1,1,0,1,1,0,0.0,0.0,0,0,0,True,False,False
2000035447,2025-08,0.0,0.0,0.0,0,0,0,0,0,1,1.0,56.87,0,0,1,False,True,False
2000035447,2025-09,64.0,0.0,64.0,1,1,0,1,1,0,0.0,0.0,0,0,0,True,False,False
2000035447,2025-11,64.0,0.0,64.0,1,1,0,1,1,0,0.0,0.0,0,0,0,True,False,False
2000035447,2025-12,64.0,0.0,64.0,1,1,0,1,1,0,0.0,0.0,0,0,0,True,False,False
2000036006,2022-04,0.0,0.0,0.0,0,0,0,0,0,1,1.0,36.89,0,0,1,False,True,False
2000036159,2020-10,0.0,0.0,0.0,0,0,0,0,0,1,2.0,21277.08,1,0,1,False,True,False
2000036159,2021-03,0.0,0.0,0.0,0,0,0,0,0,1,3.0,0.03,0,0,1,False,True,False
2000036159,2021-05,0.0,0.0,0.0,0,0,0,0,0,3,3.0,0.0,0,0,0,False,True,False
2000036159,2021-06,0.0,0.0,0.0,0,0,0,0,0,3,5.0,150167.79,2,0,3,False,True,False
2000036159,2021-07,0.0,0.0,0.0,0,0,0,0,0,2,4.0,259174.08000000002,1,0,2,False,True,False
2000036159,2021-08,0.0,0.0,0.0,0,0,0,0,0,1,2.0,138280.9,0,0,1,False,True,False
2000036159,2021-09,0.0,0.0,0.0,0,0,0,0,0,7,30.0,278668.92000000004,1,0,7,False,True,False
2000036159,2022-02,0.0,0.0,0.0,0,0,0,0,0,3,45.0,69133.63,2,0,3,False,True,False
2000036159,2022-03,0.0,0.0,0.0,0,0,0,0,0,1,1.0,10960.32,1,0,1,False,True,False
2000036159,2022-05,0.0,0.0,0.0,0,0,0,0,0,1,1.0,69140.45,1,0,1,False,True,False
2000036159,2022-06,0.0,0.0,0.0,0,0,0,0,0,2,8.0,90980.0,2,0,2,False,True,False
2000036159,2022-07,0.0,0.0,0.0,0,0,0,0,0,1,2.0,138280.9,1,0,1,False,True,False
2000036159,2022-09,0.0,0.0,0.0,0,0,0,0,0,1,2.0,42925.42,0,0,1,False,True,False
2000036159,2022-10,0.0,0.0,0.0,0,0,0,0,0,1,16.0,343403.36,1,0,1,False,True,False
2000036159,2022-11,0.0,0.0,0.0,0,0,0,0,0,7,24.0,701156.28,2,0,7,False,True,False
2000036159,2022-12,0.0,0.0,0.0,0,0,0,0,0,1,1.0,69140.45,0,0,1,False,True,False
2000036159,2023-04,0.0,0.0,0.0,0,0,0,0,0,4,4.0,267867.94,3,0,4,False,True,False
2000036159,2023-06,0.0,0.0,0.0,0,0,0,0,0,5,14.0,245383.09,5,0,5,False,True,False
2000036159,2023-07,0.0,0.0,0.0,0,0,0,0,0,3,20.0,1244537.52,1,0,3,False,True,False
2000036159,2023-08,0.0,0.0,0.0,0,0,0,0,0,5,14.0,225940.35,2,1,4,False,True,False
2000036159,2023-09,0.0,0.0,0.0,0,0,0,0,0,2,2.0,80975.9,2,0,2,False,True,False
2000036159,2023-10,0.0,0.0,0.0,0,0,0,0,0,9,44.0,908524.3899999999,9,0,9,False,True,False
2000036159,2023-11,0.0,0.0,0.0,0,0,0,0,0,3,4.0,21966.14,0,1,2,False,True,False
2000036159,2023-12,0.0,0.0,0.0,0,0,0,0,0,2,2.0,10960.33,1,0,2,False,True,False
2000036159,2024-01,0.0,0.0,0.0,0,0,0,0,0,2,2.0,49803.83,2,0,2,False,True,False
2000036159,2024-02,0.0,0.0,0.0,0,0,0,0,0,1,1.0,10638.54,1,0,1,False,True,False
2000036159,2024-03,0.0,0.0,0.0,0,0,0,0,0,8,9.0,272720.51,7,0,8,False,True,False
2000036159,2024-04,0.0,0.0,0.0,0,0,0,0,0,13,83.0,1179.16,0,0,13,False,True,False
2000036159,2024-05,0.0,0.0,0.0,0,0,0,0,0,16,35.0,642002.47,12,0,16,False,True,False
2000036159,2024-06,0.0,0.0,0.0,0,0,0,0,0,4,114.0,81108.28,3,0,4,False,True,False
2000036159,2024-07,0.0,0.0,0.0,0,0,0,0,0,3,6.0,0.04,1,0,2,False,True,False
2000036159,2024-08,0.0,0.0,0.0,0,0,0,0,0,5,7.0,219213.01,2,0,5,False,True,False
2000036159,2024-09,0.0,0.0,0.0,0,0,0,0,0,4,4.0,101377.85,4,0,4,False,True,False
2000036159,2024-10,0.0,0.0,0.0,0,0,0,0,0,11,12.0,578475.6799999999,8,0,11,False,True,False
2000036159,2024-11,0.0,0.0,0.0,0,0,0,0,0,3,14.0,12058.52,2,0,3,False,True,False
2000036159,2024-12,0.0,0.0,0.0,0,0,0,0,0,12,77.0,105787.56,4,0,12,False,True,False
2000036159,2025-01,0.0,0.0,0.0,0,0,0,0,0,17,23.0,258024.11,9,0,13,False,True,False
2000036159,2025-02,250.0,0.0,250.0,10,10,0,9,6,28,67.0,710013.64,22,0,28,True,True,False
2000036159,2025-03,1085.0,182.0,903.0,51,44,7,27,7,12,71.0,316792.8,10,1,11,True,True,False
2000036159,2025-04,3207.0,1280.0,1927.0,129,97,32,70,22,50,213.0,526649.1599999999,26,0,49,True,True,False
2000036159,2025-05,1094.0,0.0,1094.0,47,47,0,39,13,12,15.0,193267.85,11,1,11,True,True,False
2000036159,2025-06,5770.0,16.0,5754.0,86,84,2,74,14,8,36.0,668814.9400000001,2,1,7,True,True,False
2000036159,2025-07,201.0,133.0,68.0,16,9,7,8,5,5,7.0,229005.1,3,1,4,True,True,False
2000036159,2025-08,341.0,1.0,340.0,25,24,1,19,10,12,16.0,1071319.99,9,2,10,True,True,False
2000036159,2025-09,1859.0,16.0,1843.0,21,20,1,19,4,11,139.0,349123.2,10,1,10,True,True,False
2000036159,2025-10,26.0,0.0,26.0,7,7,0,5,5,16,715.0,263961.18,12,1,15,True,True,False
2000036159,2025-11,386.0,24.0,362.0,11,9,2,7,3,3,4.0,32632.62,2,2,1,True,True,False
2000036159,2025-12,293.0,285.0,8.0,48,27,21,13,11,5,6.0,110378.38,4,4,1,True,True,False
2000036159,2026-01,482.0,66.0,416.0,70,61,9,42,13,5,12.0,22057.26,1,2,3,True,True,False
2000036159,2026-02,360.0,0.0,360.0,11,11,0,10,3,1,2.0,22745.0,0,1,0,True,True,False
2000036161,2024-08,0.0,0.0,0.0,0,0,0,0,0,2,2.0,186.15,2,0,2,False,True,False
2000036161,2025-10,0.0,0.0,0.0,0,0,0,0,0,1,2.0,0.0,1,0,1,False,True,False
2000036531,2021-09,0.0,0.0,0.0,0,0,0,0,0,1,2.0,0.02,1,0,1,False,True,False
2000036531,2021-12,0.0,0.0,0.0,0,0,0,0,0,4,41.0,93.27999999999999,0,0,4,False,True,False
2000036531,2022-08,0.0,0.0,0.0,0,0,0,0,0,2,2.0,250.84,2,0,2,False,True,False
2000036531,2022-11,0.0,0.0,0.0,0,0,0,0,0,1,4.0,55332.92,0,0,1,False,True,False
2000036531,2023-07,0.0,0.0,0.0,0,0,0,0,0,1,1.0,1044.94,0,0,1,False,True,False
2000036531,2023-08,0.0,0.0,0.0,0,0,0,0,0,1,1.0,199.18,0,0,1,False,True,False
2000036531,2024-02,0.0,0.0,0.0,0,0,0,0,0,1,1.0,13833.23,0,0,1,False,True,False
2000036531,2024-08,0.0,0.0,0.0,0,0,0,0,0,1,1.0,13833.23,1,0,1,False,True,False
2000036531,2025-04,0.0,0.0,0.0,0,0,0,0,0,1,1.0,1029.36,1,0,1,False,True,False
2000036531,2025-05,0.0,0.0,0.0,0,0,0,0,0,2,2.0,14862.59,2,0,2,False,True,False
2000036531,2025-11,0.0,0.0,0.0,0,0,0,0,0,2,60.0,62696.4,2,0,2,False,True,False
2000036532,2025-05,249.0,0.0,249.0,37,37,0,35,1,0,0.0,0.0,0,0,0,True,False,False
2000036534,2020-08,0.0,0.0,0.0,0,0,0,0,0,1,1.0,0.01,1,0,1,False,True,False
2000036608,2025-02,10750.0,0.0,10750.0,8,8,0,6,2,0,0.0,0.0,0,0,0,True,False,False
2000036608,2025-03,45039.0,250.0,44789.0,21,20,1,8,3,0,0.0,0.0,0,0,0,True,False,False
2000036608,2025-04,121760.0,20000.0,101760.0,22,21,1,10,3,0,0.0,0.0,0,0,0,True,False,False
2000036608,2025-05,72500.0,0.0,72500.0,2,2,0,1,2,0,0.0,0.0,0,0,0,True,False,False
2000036608,2025-09,1000.0,0.0,1000.0,1,1,0,1,1,0,0.0,0.0,0,0,0,True,False,False
2000036608,2025-10,11000.0,0.0,11000.0,2,2,0,1,2,0,0.0,0.0,0,0,0,True,False,False
2000036608,2025-11,12.0,0.0,12.0,2,2,0,1,1,0,0.0,0.0,0,0,0,True,False,False
2000036608,2026-01,10356.0,53.0,10303.0,10,9,1,8,2,0,0.0,0.0,0,0,0,True,False,False
2000036747,2023-05,0.0,0.0,0.0,0,0,0,0,0,1,2.0,56.12,0,0,1,False,True,False
2000036747,2024-04,0.0,0.0,0.0,0,0,0,0,0,1,1.0,1274.32,0,0,1,False,True,False
2000036747,2024-05,0.0,0.0,0.0,0,0,0,0,0,1,1.0,1274.32,0,0,1,False,True,False
2000036747,2024-06,0.0,0.0,0.0,0,0,0,0,0,2,2.0,3393.02,2,0,2,False,True,False
2000036747,2024-09,0.0,0.0,0.0,0,0,0,0,0,2,2.0,2548.64,0,0,2,False,True,False
2000036747,2024-11,0.0,0.0,0.0,0,0,0,0,0,1,1.0,1696.51,0,0,1,False,True,False
2000036747,2025-02,124.0,0.0,124.0,35,35,0,35,2,0,0.0,0.0,0,0,0,True,False,False
2000036747,2025-03,554.0,2.0,552.0,36,35,1,34,1,0,0.0,0.0,0,0,0,True,False,False
2000036747,2025-04,0.0,0.0,0.0,0,0,0,0,0,2,2.0,2548.64,0,0,2,False,True,False
2000036747,2025-05,938.0,0.0,938.0,22,22,0,22,2,2,4.0,5097.28,1,0,2,True,True,False
2000036747,2025-06,0.0,0.0,0.0,8,8,0,0,1,0,0.0,0.0,0,0,0,True,False,False
2000036747,2025-07,5.0,0.0,5.0,1,1,0,1,1,0,0.0,0.0,0,0,0,True,False,False
2000036747,2025-08,16000.0,0.0,16000.0,1,1,0,1,1,0,0.0,0.0,0,0,0,True,False,False
2000036747,2025-10,0.0,0.0,0.0,0,0,0,0,0,1,1.0,83.32,0,1,0,False,True,False
2000036747,2025-11,0.0,0.0,0.0,2,2,0,0,1,0,0.0,0.0,0,0,0,True,False,False
2000036760,2019-06,0.0,0.0,0.0,0,0,0,0,0,1,1.0,33.88,1,0,1,False,True,False
2000036760,2019-07,0.0,0.0,0.0,0,0,0,0,0,3,3.0,101.64000000000001,3,0,3,False,True,False
2000036760,2019-09,0.0,0.0,0.0,0,0,0,0,0,1,1.0,33.88,0,0,1,False,True,False
2000036760,2019-10,0.0,0.0,0.0,0,0,0,0,0,1,1.0,33.88,0,0,1,False,True,False
2000036760,2019-11,0.0,0.0,0.0,0,0,0,0,0,2,2.0,225.68,0,0,2,False,True,False
2000036760,2019-12,0.0,0.0,0.0,0,0,0,0,0,4,4.0,717174.85,0,0,4,False,True,False
2000036760,2020-03,0.0,0.0,0.0,0,0,0,0,0,4,13.0,4660903.0,0,0,4,False,True,False
2000036760,2020-12,0.0,0.0,0.0,0,0,0,0,0,4,64.0,0.64,4,0,4,False,True,False
2000036760,2021-01,0.0,0.0,0.0,0,0,0,0,0,4,4.0,1441.99,4,0,4,False,True,False
2000036760,2021-03,0.0,0.0,0.0,0,0,0,0,0,1,1.0,358531.0,1,0,1,False,True,False
2000036760,2021-04,0.0,0.0,0.0,0,0,0,0,0,5,5.0,1792655.0,0,0,5,False,True,False
2000036760,2021-05,0.0,0.0,0.0,0,0,0,0,0,2,2.0,995524.75,0,0,2,False,True,False
2000036760,2021-08,0.0,0.0,0.0,0,0,0,0,0,3,3.0,1168598.83,3,0,3,False,True,False
2000036760,2021-09,0.0,0.0,0.0,0,0,0,0,0,2,2.0,1168126.38,2,0,2,False,True,False
2000036760,2021-10,0.0,0.0,0.0,0,0,0,0,0,7,7.0,2071161.05,4,0,7,False,True,False
2000036760,2021-11,0.0,0.0,0.0,0,0,0,0,0,4,4.0,359005.38,2,0,4,False,True,False
2000036760,2021-12,0.0,0.0,0.0,0,0,0,0,0,2,2.0,717062.0,2,0,2,False,True,False
2000036760,2022-01,0.0,0.0,0.0,0,0,0,0,0,4,34.0,359403.97,2,0,4,False,True,False
2000036760,2022-03,0.0,0.0,0.0,0,0,0,0,0,4,4.0,1712586.75,3,0,4,False,True,False
2000036760,2022-05,0.0,0.0,0.0,0,0,0,0,0,6,6.0,1076537.91,2,0,6,False,True,False
2000036760,2022-07,0.0,0.0,0.0,0,0,0,0,0,4,4.0,0.04,2,0,4,False,True,False
2000036760,2022-08,0.0,0.0,0.0,0,0,0,0,0,1,1.0,1462251.77,1,0,1,False,True,False
2000036760,2022-09,0.0,0.0,0.0,0,0,0,0,0,2,2.0,67.76,0,0,2,False,True,False
2000036760,2022-10,0.0,0.0,0.0,0,0,0,0,0,2,2.0,67.76,0,0,2,False,True,False
2000036760,2023-02,0.0,0.0,0.0,0,0,0,0,0,2,2.0,717062.0,0,0,2,False,True,False
2000036760,2023-03,0.0,0.0,0.0,0,0,0,0,0,1,1.0,33.88,1,0,1,False,True,False
2000036760,2023-04,0.0,0.0,0.0,0,0,0,0,0,7,25.0,847.0,3,0,7,False,True,False
2000036760,2023-05,0.0,0.0,0.0,0,0,0,0,0,7,20.0,1116.17,0,0,7,False,True,False
2000036760,2023-06,0.0,0.0,0.0,0,0,0,0,0,6,12.0,359342.25,0,0,6,False,True,False
2000036760,2023-07,0.0,0.0,0.0,0,0,0,0,0,3,4.0,135.52,0,0,3,False,True,False
2000036760,2023-08,0.0,0.0,0.0,0,0,0,0,0,4,8.0,717265.28,0,0,4,False,True,False
2000036760,2023-09,0.0,0.0,0.0,0,0,0,0,0,4,4.0,554.29,0,0,4,False,True,False
2000036760,2023-10,0.0,0.0,0.0,0,0,0,0,0,5,32.0,899.36,2,0,5,False,True,False
2000036760,2023-11,0.0,0.0,0.0,0,0,0,0,0,6,32.0,1522.73,2,0,6,False,True,False
2000036760,2023-12,0.0,0.0,0.0,0,0,0,0,0,7,14.0,1338.26,0,0,7,False,True,False
2000036760,2024-01,0.0,0.0,0.0,0,0,0,0,0,6,80.0,3587.54,3,0,6,False,True,False
2000036760,2024-02,0.0,0.0,0.0,0,0,0,0,0,1,1.0,472.45,0,0,1,False,True,False
2000036760,2024-03,0.0,0.0,0.0,0,0,0,0,0,9,25.0,2601.28,0,0,9,False,True,False
2000036760,2024-04,0.0,0.0,0.0,0,0,0,0,0,6,13.0,1756.15,1,0,6,False,True,False
2000036760,2024-05,0.0,0.0,0.0,0,0,0,0,0,4,12.0,406.56,0,0,4,False,True,False
2000036760,2024-06,0.0,0.0,0.0,0,0,0,0,0,3,3.0,540.21,0,0,3,False,True,False
2000036760,2024-07,0.0,0.0,0.0,0,0,0,0,0,9,10.0,743.5,4,0,9,False,True,False
2000036760,2024-08,0.0,0.0,0.0,0,0,0,0,0,12,17.0,4535.33,1,0,12,False,True,False
2000036760,2024-09,0.0,0.0,0.0,0,0,0,0,0,13,28.0,1464899.1800000002,5,0,13,False,True,False
2000036760,2024-10,0.0,0.0,0.0,0,0,0,0,0,9,10.0,789.61,1,0,9,False,True,False
2000036760,2024-11,0.0,0.0,0.0,0,0,0,0,0,4,7.0,1114.3,0,0,4,False,True,False
2000036760,2024-12,0.0,0.0,0.0,0,0,0,0,0,7,23.0,791.48,1,0,7,False,True,False
2000036760,2025-01,0.0,0.0,0.0,0,0,0,0,0,10,21.0,637650.5900000001,5,0,10,False,True,False
2000036760,2025-02,0.0,0.0,0.0,0,0,0,0,0,9,9.0,317.16,2,0,9,False,True,False
2000036760,2025-03,0.0,0.0,0.0,0,0,0,0,0,4,4.0,147.76,1,0,4,False,True,False
2000036760,2025-04,0.0,0.0,0.0,0,0,0,0,0,11,18.0,602.76,5,0,11,False,True,False
2000036760,2025-05,0.0,0.0,0.0,0,0,0,0,0,3,3.0,972.18,1,0,3,False,True,False
2000036760,2025-06,90.0,0.0,90.0,1,1,0,1,1,10,10.0,1233.82,0,0,10,True,True,False
2000036760,2025-07,1.0,0.0,1.0,1,1,0,1,1,7,7.0,1106.74,0,0,7,True,True,False
2000036760,2025-08,0.0,0.0,0.0,0,0,0,0,0,6,6.0,1079.94,1,0,6,False,True,False
2000036760,2025-09,0.0,0.0,0.0,0,0,0,0,0,9,14.0,1297.7,0,0,9,False,True,False
2000036760,2025-10,0.0,0.0,0.0,0,0,0,0,0,7,8.0,702.05,1,0,7,False,True,False
2000036760,2025-11,0.0,0.0,0.0,0,0,0,0,0,3,3.0,113.88,0,0,3,False,True,False
2000036760,2025-12,0.0,0.0,0.0,0,0,0,0,0,5,5.0,1064.9,0,1,4,False,True,False
2000036760,2026-01,0.0,0.0,0.0,0,0,0,0,0,4,6.0,615.45,0,0,4,False,True,False
2000036760,2026-02,0.0,0.0,0.0,0,0,0,0,0,1,1.0,472.45,0,1,0,False,True,False
2000037176,2025-05,2.0,0.0,2.0,1,1,0,1,1,0,0.0,0.0,0,0,0,True,False,False
2000037210,2022-03,0.0,0.0,0.0,0,0,0,0,0,1,1.0,174.96,1,0,1,False,True,False
2000037257,2025-04,0.0,18.0,-18.0,3,0,3,3,1,0,0.0,0.0,0,0,0,True,False,False
2000037257,2025-05,61.0,15.0,46.0,12,11,1,11,2,0,0.0,0.0,0,0,0,True,False,False
2000037929,2025-04,0.0,0.0,0.0,1,1,0,0,1,0,0.0,0.0,0,0,0,True,False,False
2000037929,2025-05,0.0,0.0,0.0,1,1,0,0,1,0,0.0,0.0,0,0,0,True,False,False
2000037932,2025-03,16.0,0.0,16.0,1,1,0,1,1,0,0.0,0.0,0,0,0,True,False,False
2000037932,2025-04,0.0,23.0,-23.0,3,0,3,3,1,0,0.0,0.0,0,0,0,True,False,False
2000037932,2025-05,220.0,0.0,220.0,17,17,0,16,1,0,0.0,0.0,0,0,0,True,False,False
2000037933,2021-04,0.0,0.0,0.0,0,0,0,0,0,1,1.0,88.27,0,0,1,False,True,False
2000037933,2025-05,60.0,0.0,60.0,9,9,0,9,1,0,0.0,0.0,0,0,0,True,False,False
2000038267,2025-05,786.0,0.0,786.0,8,8,0,7,1,0,0.0,0.0,0,0,0,True,False,False
2000038270,2020-01,0.0,0.0,0.0,0,0,0,0,0,2,2.0,38.07,0,0,2,False,True,False
2000038271,2025-04,0.0,48.0,-48.0,13,0,13,6,1,0,0.0,0.0,0,0,0,True,False,False
2000038271,2025-05,2228.0,0.0,2228.0,20,20,0,13,1,0,0.0,0.0,0,0,0,True,False,False
2000038474,2020-09,0.0,0.0,0.0,0,0,0,0,0,2,3.0,6152.18,0,0,2,False,True,False
2000038474,2024-02,0.0,0.0,0.0,0,0,0,0,0,1,1.0,1698.94,1,0,1,False,True,False
2000038474,2025-04,0.0,4.0,-4.0,1,0,1,1,1,0,0.0,0.0,0,0,0,True,False,False
2000038916,2021-07,0.0,0.0,0.0,0,0,0,0,0,1,1.0,2395.23,0,0,1,False,True,False
2000038916,2022-08,0.0,0.0,0.0,0,0,0,0,0,4,4.0,17549.780000000002,4,0,4,False,True,False
2000038916,2023-04,0.0,0.0,0.0,0,0,0,0,0,1,1.0,6231.1,0,0,1,False,True,False
2000038916,2023-06,0.0,0.0,0.0,0,0,0,0,0,1,1.0,20995.11,1,0,1,False,True,False
2000038916,2024-05,0.0,0.0,0.0,0,0,0,0,0,12,347.0,3986.25,1,0,12,False,True,False
2000038916,2024-07,0.0,0.0,0.0,0,0,0,0,0,2,24.0,947.28,0,0,2,False,True,False
2000038916,2024-09,0.0,0.0,0.0,0,0,0,0,0,1,1.0,149.06,1,0,1,False,True,False
2000038916,2024-12,0.0,0.0,0.0,0,0,0,0,0,1,1.0,3910.79,1,0,1,False,True,False
2000038916,2025-05,1945.0,0.0,1945.0,26,26,0,24,1,0,0.0,0.0,0,0,0,True,False,False
2000038916,2025-07,28377.0,0.0,28377.0,199,199,0,176,2,0,0.0,0.0,0,0,0,True,False,False
2000038917,2025-05,289.0,0.0,289.0,7,7,0,6,1,0,0.0,0.0,0,0,0,True,False,False
2000039130,2025-02,0.0,0.0,0.0,19,19,0,0,1,0,0.0,0.0,0,0,0,True,False,False
2000039130,2025-03,0.0,0.0,0.0,21,21,0,0,3,0,0.0,0.0,0,0,0,True,False,False
2000039130,2025-04,0.0,0.0,0.0,7,7,0,0,2,0,0.0,0.0,0,0,0,True,False,False
2000039130,2025-05,0.0,0.0,0.0,25,25,0,0,4,0,0.0,0.0,0,0,0,True,False,False
2000039130,2025-06,0.0,0.0,0.0,20,20,0,0,1,0,0.0,0.0,0,0,0,True,False,False
2000039130,2025-07,0.0,0.0,0.0,13,13,0,0,1,0,0.0,0.0,0,0,0,True,False,False
2000039130,2025-08,0.0,0.0,0.0,23,23,0,0,1,0,0.0,0.0,0,0,0,True,False,False
2000039130,2025-09,0.0,0.0,0.0,12,12,0,0,1,0,0.0,0.0,0,0,0,True,False,False
2000039130,2025-10,0.0,0.0,0.0,8,8,0,0,1,0,0.0,0.0,0,0,0,True,False,False
2000039130,2025-11,0.0,0.0,0.0,33,33,0,0,3,0,0.0,0.0,0,0,0,True,False,False
2000039130,2025-12,0.0,0.0,0.0,3,3,0,0,1,0,0.0,0.0,0,0,0,True,False,False
2000039130,2026-01,0.0,0.0,0.0,8,8,0,0,1,0,0.0,0.0,0,0,0,True,False,False
2000039499,2025-05,10.0,0.0,10.0,1,1,0,1,1,0,0.0,0.0,0,0,0,True,False,False
2000039500,2025-05,121798.0,0.0,121798.0,19,19,0,19,1,0,0.0,0.0,0,0,0,True,False,False
2000039501,2023-09,0.0,0.0,0.0,0,0,0,0,0,2,3.0,0.0,0,0,2,False,True,False
2000039501,2025-04,0.0,7.0,-7.0,3,0,3,3,1,0,0.0,0.0,0,0,0,True,False,False
2000039502,2025-05,9.0,0.0,9.0,2,2,0,2,1,0,0.0,0.0,0,0,0,True,False,False
2000039561,2021-02,0.0,0.0,0.0,0,0,0,0,0,1,1.0,3886.22,1,0,1,False,True,False
2000039561,2021-05,0.0,0.0,0.0,0,0,0,0,0,1,5.0,759.2,1,0,1,False,True,False
2000039561,2021-07,0.0,0.0,0.0,0,0,0,0,0,1,10.0,38862.2,1,0,1,False,True,False
2000039561,2022-08,0.0,0.0,0.0,0,0,0,0,0,1,1.0,2125.24,0,0,1,False,True,False
2000039561,2022-09,0.0,0.0,0.0,0,0,0,0,0,1,1.0,11336.94,1,0,1,False,True,False
2000039561,2023-01,0.0,0.0,0.0,0,0,0,0,0,2,2.0,22673.88,0,0,2,False,True,False
2000039561,2023-04,0.0,0.0,0.0,0,0,0,0,0,2,2.0,2201.81,0,0,2,False,True,False
2000039561,2023-08,0.0,0.0,0.0,0,0,0,0,0,2,2.0,22673.88,2,0,2,False,True,False
2000039561,2023-09,0.0,0.0,0.0,0,0,0,0,0,1,1.0,165.49,0,0,1,False,True,False
2000039561,2023-11,0.0,0.0,0.0,0,0,0,0,0,1,1.0,282.68,1,0,1,False,True,False
2000039561,2024-02,0.0,0.0,0.0,0,0,0,0,0,3,4.0,19473.64,2,0,3,False,True,False
2000039561,2024-03,0.0,0.0,0.0,0,0,0,0,0,2,2.0,11336.94,1,0,1,False,True,False
2000039561,2024-04,0.0,0.0,0.0,0,0,0,0,0,3,66.0,250919.88999999998,2,0,3,False,True,False
2000039561,2024-05,0.0,0.0,0.0,0,0,0,0,0,1,1.0,11336.94,1,0,1,False,True,False
2000039561,2024-06,0.0,0.0,0.0,0,0,0,0,0,4,4.0,18173.34,4,0,4,False,True,False
2000039561,2024-07,0.0,0.0,0.0,0,0,0,0,0,1,1.0,3886.22,1,0,1,False,True,False
2000039561,2024-08,0.0,0.0,0.0,0,0,0,0,0,3,3.0,4822.719999999999,3,0,3,False,True,False
2000039561,2024-09,0.0,0.0,0.0,0,0,0,0,0,1,2.0,7772.44,1,0,1,False,True,False
2000039561,2024-10,0.0,0.0,0.0,0,0,0,0,0,5,5.0,49233.98,5,0,5,False,True,False
2000039561,2024-11,0.0,0.0,0.0,0,0,0,0,0,5,9.0,31205.52,5,0,5,False,True,False
2000039561,2024-12,0.0,0.0,0.0,0,0,0,0,0,1,1.0,11336.94,1,0,1,False,True,False
2000039561,2025-02,142.0,0.0,142.0,7,7,0,7,2,4,5.0,19750.82,4,0,4,True,True,False
2000039561,2025-03,5.0,0.0,5.0,1,1,0,1,1,8,8.0,20229.350000000002,6,0,7,True,True,False
2000039561,2025-04,53.0,0.0,53.0,8,8,0,8,4,2,3.0,6375.719999999999,2,0,2,True,True,False
2000039561,2025-05,36.0,1.0,35.0,7,6,1,6,3,6,6.0,25786.27,4,1,5,True,True,False
2000039561,2025-07,6.0,0.0,6.0,2,2,0,2,2,1,1.0,196.19,1,0,1,True,True,False
2000039561,2025-08,31.0,0.0,31.0,3,3,0,2,2,1,1.0,3886.22,1,1,0,True,True,False
2000039561,2025-09,33.0,0.0,33.0,4,4,0,4,2,2,8.0,38540.48,2,2,0,True,True,False
2000039561,2025-10,10.0,0.0,10.0,2,2,0,2,1,4,4.0,15811.15,4,3,1,True,True,False
2000039561,2025-11,46.0,0.0,46.0,10,10,0,5,8,2,2.0,15223.16,1,2,0,True,True,False
2000039561,2025-12,4.0,0.0,4.0,1,1,0,1,1,0,0.0,0.0,0,0,0,True,False,False
2000039561,2026-01,0.0,0.0,0.0,1,1,0,0,1,0,0.0,0.0,0,0,0,True,False,False
2000039561,2026-02,3.0,0.0,3.0,2,2,0,2,2,0,0.0,0.0,0,0,0,True,False,False
2000040241,2020-12,0.0,0.0,0.0,0,0,0,0,0,1,3.0,33.36,0,0,1,False,True,False
2000040241,2021-04,0.0,0.0,0.0,0,0,0,0,0,1,1.0,63.85,1,0,1,False,True,False
2000040241,2022-04,0.0,0.0,0.0,0,0,0,0,0,1,1.0,135.18,0,0,1,False,True,False
2000040241,2022-12,0.0,0.0,0.0,0,0,0,0,0,1,1.0,128.59,1,0,1,False,True,False
2000040241,2023-01,0.0,0.0,0.0,0,0,0,0,0,1,1.0,378.4,0,0,1,False,True,False
2000040241,2023-03,0.0,0.0,0.0,0,0,0,0,0,1,1.0,14.44,1,0,1,False,True,False
2000040241,2023-05,0.0,0.0,0.0,0,0,0,0,0,2,2.0,164.88,0,0,2,False,True,False
2000040241,2023-08,0.0,0.0,0.0,0,0,0,0,0,3,3.0,1548.5099999999998,1,0,3,False,True,False
2000040241,2024-01,0.0,0.0,0.0,0,0,0,0,0,1,1.0,337.32,0,0,1,False,True,False
2000040241,2024-04,0.0,0.0,0.0,0,0,0,0,0,5,6.0,998.68,1,0,5,False,True,False
2000040241,2024-05,0.0,0.0,0.0,0,0,0,0,0,6,8.0,1769.07,3,0,6,False,True,False
2000040241,2024-06,0.0,0.0,0.0,0,0,0,0,0,2,2.0,330.08,1,0,2,False,True,False
2000040241,2024-07,0.0,0.0,0.0,0,0,0,0,0,2,2.0,45.2,1,0,2,False,True,False
2000040241,2024-08,0.0,0.0,0.0,0,0,0,0,0,3,3.0,666.4,3,0,3,False,True,False
2000040241,2024-09,0.0,0.0,0.0,0,0,0,0,0,5,25.0,2323.71,5,0,5,False,True,False
2000040241,2024-10,0.0,0.0,0.0,0,0,0,0,0,7,9.0,1624.35,2,0,7,False,True,False
2000040241,2024-11,0.0,0.0,0.0,0,0,0,0,0,5,8.0,1413.33,5,0,5,False,True,False
2000040241,2025-01,0.0,0.0,0.0,0,0,0,0,0,4,47.0,10511.63,3,0,4,False,True,False
2000040241,2025-02,0.0,0.0,0.0,0,0,0,0,0,4,6.0,2115.02,3,0,4,False,True,False
2000040241,2025-03,400.0,0.0,400.0,7,7,0,7,4,1,1.0,82.82,0,0,1,True,True,False
2000040241,2025-04,25.0,0.0,25.0,7,7,0,6,4,0,0.0,0.0,0,0,0,True,False,False
2000040241,2025-05,70.0,0.0,70.0,4,4,0,4,3,1,1.0,260.13,0,0,1,True,True,False
2000040241,2025-06,179.0,1.0,178.0,5,4,1,3,2,2,2.0,453.98,0,0,2,True,True,False
2000040241,2025-07,26.0,10.0,16.0,14,10,4,5,3,2,2.0,204.10000000000002,2,0,2,True,True,False
2000040241,2025-08,108.0,0.0,108.0,9,9,0,8,5,0,0.0,0.0,0,0,0,True,False,False
2000040241,2025-09,53.0,13.0,40.0,7,6,1,5,5,1,2.0,520.26,0,0,1,True,True,False
2000040241,2025-10,45.0,0.0,45.0,3,3,0,2,2,1,1.0,32.56,0,0,1,True,True,False
2000040241,2025-11,42.0,0.0,42.0,3,3,0,2,3,0,0.0,0.0,0,0,0,True,False,False
2000040241,2026-01,53.0,0.0,53.0,2,2,0,2,2,1,1.0,174.53,1,1,0,True,True,False
2000040242,2025-05,15.0,0.0,15.0,1,1,0,1,1,0,0.0,0.0,0,0,0,True,False,False
2000040337,2025-05,13.0,0.0,13.0,2,2,0,2,2,0,0.0,0.0,0,0,0,True,False,False
2000040738,2025-05,203.0,0.0,203.0,19,19,0,17,1,0,0.0,0.0,0,0,0,True,False,False
2000040739,2025-05,14.0,0.0,14.0,4,4,0,4,1,0,0.0,0.0,0,0,0,True,False,False
2000041239,2024-06,0.0,0.0,0.0,0,0,0,0,0,2,2.0,0.0,0,0,2,False,True,False
2000041410,2021-03,0.0,0.0,0.0,0,0,0,0,0,1,1.0,142.23,0,0,1,False,True,False
2000041410,2021-04,0.0,0.0,0.0,0,0,0,0,0,1,1.0,282.51,0,0,1,False,True,False
2000041410,2021-09,0.0,0.0,0.0,0,0,0,0,0,1,1.0,142.23,0,0,1,False,True,False
2000042032,2020-12,0.0,0.0,0.0,0,0,0,0,0,1,24.0,3276.48,0,0,1,False,True,False
2000042032,2021-03,0.0,0.0,0.0,0,0,0,0,0,1,8.0,1092.16,0,0,1,False,True,False
2000042178,2021-10,0.0,0.0,0.0,0,0,0,0,0,1,8.0,57639.44,1,0,1,False,True,False
2000042178,2021-12,0.0,0.0,0.0,0,0,0,0,0,1,8.0,57639.44,1,0,1,False,True,False
2000042178,2022-03,0.0,0.0,0.0,0,0,0,0,0,1,16.0,0.16,0,0,1,False,True,False
2000042178,2024-01,0.0,0.0,0.0,0,0,0,0,0,1,3.0,44150.85,1,0,1,False,True,False
2000042178,2024-10,0.0,0.0,0.0,0,0,0,0,0,1,8.0,57639.44,1,0,1,False,True,False
2000042178,2025-01,0.0,0.0,0.0,0,0,0,0,0,1,1.0,7204.93,1,0,1,False,True,False
2000042178,2025-02,0.0,0.0,0.0,0,0,0,0,0,2,2.0,14409.86,0,1,1,False,True,False
2000042178,2025-03,44.0,4.0,40.0,3,2,1,1,2,1,4.0,28819.72,1,1,0,True,True,False
2000042178,2025-04,1.0,0.0,1.0,1,1,0,1,1,1,1.0,7204.93,1,0,1,True,True,False
2000042178,2025-05,0.0,0.0,0.0,0,0,0,0,0,1,32.0,230557.76,1,0,1,False,True,False
2000042178,2025-08,0.0,0.0,0.0,2,2,0,0,1,0,0.0,0.0,0,0,0,True,False,False
2000044404,2019-12,0.0,0.0,0.0,0,0,0,0,0,1,1.0,636993.75,1,0,1,False,True,True
2000044404,2020-12,0.0,0.0,0.0,0,0,0,0,0,1,6.0,353.22,0,0,1,False,True,True
2000044404,2021-01,0.0,0.0,0.0,0,0,0,0,0,1,16.0,14.56,0,0,1,False,True,True
2000044404,2021-09,0.0,0.0,0.0,0,0,0,0,0,2,2.0,0.02,1,0,2,False,True,True
2000044404,2022-01,0.0,0.0,0.0,0,0,0,0,0,1,1.0,33.32,0,0,1,False,True,True
2000044404,2022-05,0.0,0.0,0.0,0,0,0,0,0,2,2.0,110.88,0,0,2,False,True,True
2000044404,2022-06,0.0,0.0,0.0,0,0,0,0,0,1,1.0,358531.0,1,0,1,False,True,True
2000044404,2022-09,0.0,0.0,0.0,0,0,0,0,0,3,4.0,2836476.9,1,0,3,False,True,True
2000044404,2024-07,0.0,0.0,0.0,0,0,0,0,0,1,1.0,0.01,1,0,1,False,True,True
2000044404,2025-05,0.0,0.0,0.0,0,0,0,0,0,1,1.0,0.0,0,0,1,False,True,True
2000044404,2025-07,0.0,0.0,0.0,0,0,0,0,0,1,1.0,531132.63,0,0,1,False,True,True
2000044404,2025-08,0.0,0.0,0.0,0,0,0,0,0,1,1.0,531132.63,1,0,1,False,True,True
2000044404,2025-10,0.0,0.0,0.0,0,0,0,0,0,1,1.0,3.44,0,1,0,False,True,True
2000046101,2025-02,0.0,0.0,0.0,2,2,0,0,1,0,0.0,0.0,0,0,0,True,False,False
2000046101,2025-04,0.0,0.0,0.0,2,2,0,0,1,0,0.0,0.0,0,0,0,True,False,False
2000046781,2025-02,0.0,0.0,0.0,1,1,0,0,1,0,0.0,0.0,0,0,0,True,False,False
2000046781,2025-03,0.0,0.0,0.0,1,1,0,0,1,0,0.0,0.0,0,0,0,True,False,False
2000046781,2025-04,0.0,0.0,0.0,8,6,2,0,2,0,0.0,0.0,0,0,0,True,False,False
2000046781,2025-05,0.0,0.0,0.0,1,1,0,0,1,0,0.0,0.0,0,0,0,True,False,False
2000046781,2025-06,0.0,0.0,0.0,1,1,0,0,1,0,0.0,0.0,0,0,0,True,False,False
2000046781,2025-07,0.0,0.0,0.0,2,2,0,0,1,0,0.0,0.0,0,0,0,True,False,False
2000046781,2026-01,0.0,0.0,0.0,1,1,0,0,1,0,0.0,0.0,0,0,0,True,False,False
2000047746,2021-07,0.0,0.0,0.0,0,0,0,0,0,2,3.0,4812.85,1,0,2,False,True,False
2000047746,2022-11,0.0,0.0,0.0,0,0,0,0,0,2,10.0,17035.54,0,0,2,False,True,False
2000047746,2024-08,0.0,0.0,0.0,0,0,0,0,0,1,1.0,2596.99,1,0,1,False,True,False
2000047746,2025-05,0.0,0.0,0.0,0,0,0,0,0,1,1.0,2596.99,1,0,1,False,True,False
2000047746,2025-07,27.0,0.0,27.0,2,2,0,2,1,0,0.0,0.0,0,0,0,True,False,False
2000047996,2023-08,0.0,0.0,0.0,0,0,0,0,0,1,2.0,207.24,1,0,1,False,True,False
2000047996,2025-05,2339.0,0.0,2339.0,11,11,0,11,1,0,0.0,0.0,0,0,0,True,False,False
2000048498,2024-05,0.0,0.0,0.0,0,0,0,0,0,1,1.0,1009.39,1,0,1,False,True,False
2000048498,2025-05,60.0,0.0,60.0,7,7,0,7,1,0,0.0,0.0,0,0,0,True,False,False
2000048498,2025-12,0.0,0.0,0.0,0,0,0,0,0,1,4.0,4037.56,1,1,0,False,True,False
2000048498,2026-02,4.0,0.0,4.0,2,2,0,1,1,0,0.0,0.0,0,0,0,True,False,False
2000049283,2025-05,44.0,0.0,44.0,7,7,0,6,1,0,0.0,0.0,0,0,0,True,False,False
2000049744,2025-05,4.0,0.0,4.0,1,1,0,1,1,0,0.0,0.0,0,0,0,True,False,False
2000050539,2026-01,120.0,0.0,120.0,3,3,0,3,1,0,0.0,0.0,0,0,0,True,False,False
2000051688,2020-11,0.0,0.0,0.0,0,0,0,0,0,1,1.0,0.01,1,0,1,False,True,False
2000051688,2020-12,0.0,0.0,0.0,0,0,0,0,0,1,0.0,0.0,1,0,1,False,True,False
2000051688,2021-02,0.0,0.0,0.0,0,0,0,0,0,1,1.0,0.0,1,0,1,False,True,False
2000051688,2023-11,0.0,0.0,0.0,0,0,0,0,0,1,1.0,0.0,1,0,1,False,True,False
2000051688,2024-02,0.0,0.0,0.0,0,0,0,0,0,1,2.0,0.02,0,0,1,False,True,False
2000051688,2025-03,11.0,0.0,11.0,3,3,0,3,2,0,0.0,0.0,0,0,0,True,False,False
2000051688,2025-06,8.0,0.0,8.0,4,4,0,4,1,0,0.0,0.0,0,0,0,True,False,False
2000051688,2025-07,6.0,0.0,6.0,3,3,0,3,1,0,0.0,0.0,0,0,0,True,False,False
2000051688,2025-08,68.0,0.0,68.0,5,5,0,5,2,2,3.0,0.02,2,0,2,True,True,False
2000051688,2025-09,9.0,0.0,9.0,3,3,0,3,1,0,0.0,0.0,0,0,0,True,False,False
2000051819,2025-02,130.0,0.0,130.0,1,1,0,1,1,0,0.0,0.0,0,0,0,True,False,False
2000051819,2025-04,194.0,0.0,194.0,2,2,0,2,1,0,0.0,0.0,0,0,0,True,False,False
2000051819,2025-05,27339.0,0.0,27339.0,36,36,0,33,3,0,0.0,0.0,0,0,0,True,False,False
2000051819,2025-06,413.0,0.0,413.0,6,6,0,6,1,0,0.0,0.0,0,0,0,True,False,False
2000051819,2025-07,100.0,0.0,100.0,1,1,0,1,1,0,0.0,0.0,0,0,0,True,False,False
2000051819,2025-09,350.0,350.0,0.0,4,2,2,2,1,0,0.0,0.0,0,0,0,True,False,False
2000051819,2025-10,496.0,50.0,446.0,12,11,1,6,8,0,0.0,0.0,0,0,0,True,False,False
2000051819,2025-11,1095.0,500.0,595.0,7,6,1,6,3,0,0.0,0.0,0,0,0,True,False,False
2000051819,2025-12,228.0,0.0,228.0,4,4,0,4,3,0,0.0,0.0,0,0,0,True,False,False
2000051819,2026-02,1000.0,0.0,1000.0,1,1,0,1,1,0,0.0,0.0,0,0,0,True,False,False
2000052777,2025-05,0.0,0.0,0.0,0,0,0,0,0,2,2.0,2696.84,2,0,2,False,True,False
2000052820,2025-05,1.0,0.0,1.0,1,1,0,1,1,0,0.0,0.0,0,0,0,True,False,False
2000052821,2025-05,2769.0,0.0,2769.0,15,15,0,13,1,0,0.0,0.0,0,0,0,True,False,False
2000052821,2025-12,0.0,2769.0,-2769.0,15,0,15,13,1,0,0.0,0.0,0,0,0,True,False,False
2000052822,2025-05,2.0,0.0,2.0,2,2,0,2,1,0,0.0,0.0,0,0,0,True,False,False
2000053039,2023-01,0.0,0.0,0.0,0,0,0,0,0,1,30.0,1016.4,0,0,1,False,True,False
2000053536,2020-03,0.0,0.0,0.0,0,0,0,0,0,1,1.0,260.0,0,0,1,False,True,False
2000053536,2020-12,0.0,0.0,0.0,0,0,0,0,0,3,3.0,668.0,0,0,3,False,True,False
2000053536,2021-11,0.0,0.0,0.0,0,0,0,0,0,2,3.0,780.0,2,0,2,False,True,False
2000053536,2024-12,0.0,0.0,0.0,0,0,0,0,0,2,3.0,444.0,0,0,2,False,True,False
2000053536,2025-03,9.0,0.0,9.0,2,2,0,1,1,0,0.0,0.0,0,0,0,True,False,False
2000053536,2025-05,8.0,0.0,8.0,2,2,0,1,1,0,0.0,0.0,0,0,0,True,False,False
2000053536,2025-06,4.0,0.0,4.0,1,1,0,1,1,0,0.0,0.0,0,0,0,True,False,False
2000053536,2025-07,4.0,0.0,4.0,1,1,0,1,1,0,0.0,0.0,0,0,0,True,False,False
2000053536,2025-08,4.0,0.0,4.0,1,1,0,1,1,0,0.0,0.0,0,0,0,True,False,False
2000053536,2025-09,4.0,0.0,4.0,1,1,0,1,1,0,0.0,0.0,0,0,0,True,False,False
2000053536,2025-10,4.0,0.0,4.0,1,1,0,1,1,0,0.0,0.0,0,0,0,True,False,False
2000053536,2025-11,4.0,0.0,4.0,1,1,0,1,1,0,0.0,0.0,0,0,0,True,False,False
2000053536,2025-12,20.0,16.0,4.0,3,2,1,1,1,0,0.0,0.0,0,0,0,True,False,False
2000053536,2026-02,4.0,0.0,4.0,1,1,0,1,1,0,0.0,0.0,0,0,0,True,False,False
2000054285,2021-01,0.0,0.0,0.0,0,0,0,0,0,1,1.0,0.01,1,0,1,False,True,False
2000054285,2021-02,0.0,0.0,0.0,0,0,0,0,0,1,1.0,0.37,1,0,1,False,True,False
2000054285,2021-05,0.0,0.0,0.0,0,0,0,0,0,1,6.0,2.22,0,0,1,False,True,False
2000054285,2021-06,0.0,0.0,0.0,0,0,0,0,0,1,1.0,0.57,0,0,1,False,True,False
2000054285,2023-07,0.0,0.0,0.0,0,0,0,0,0,1,2.0,1.22,1,0,1,False,True,False
2000054285,2024-11,0.0,0.0,0.0,0,0,0,0,0,1,3.0,14.31,1,0,1,False,True,False
2000054285,2025-05,540694.27,0.0,540694.27,73,73,0,62,1,0,0.0,0.0,0,0,0,True,False,False
2000055327,2025-08,0.0,0.0,0.0,1,1,0,0,1,0,0.0,0.0,0,0,0,True,False,False
2000055353,2021-06,0.0,0.0,0.0,0,0,0,0,0,1,1.0,0.37,0,0,1,False,True,False
2000055641,2025-01,0.0,0.0,0.0,0,0,0,0,0,1,1.0,58.81,0,0,1,False,True,False
2000055641,2025-03,370.0,0.0,370.0,2,2,0,1,2,0,0.0,0.0,0,0,0,True,False,False
2000055641,2025-04,5153.54,0.0,5153.54,5,5,0,4,5,0,0.0,0.0,0,0,0,True,False,False
2000055641,2025-05,446.0,0.0,446.0,3,3,0,2,3,0,0.0,0.0,0,0,0,True,False,False
2000055641,2025-10,2972.0,0.0,2972.0,2,2,0,2,2,0,0.0,0.0,0,0,0,True,False,False
2000055856,2019-10,0.0,0.0,0.0,0,0,0,0,0,1,1.0,0.01,0,0,1,False,True,False
2000055856,2020-03,0.0,0.0,0.0,0,0,0,0,0,1,1.0,0.01,0,0,1,False,True,False
2000055856,2020-04,0.0,0.0,0.0,0,0,0,0,0,1,1.0,258.46,1,0,1,False,True,False
2000055856,2020-07,0.0,0.0,0.0,0,0,0,0,0,4,4.0,155.20000000000002,1,0,4,False,True,False
2000055856,2020-08,0.0,0.0,0.0,0,0,0,0,0,3,3.0,82344.79999999999,0,0,3,False,True,False
2000055856,2020-09,0.0,0.0,0.0,0,0,0,0,0,1,1.0,0.0,0,0,1,False,True,False
2000055856,2020-10,0.0,0.0,0.0,0,0,0,0,0,10,30.0,998.1999999999999,1,0,9,False,True,False
2000055856,2020-11,0.0,0.0,0.0,0,0,0,0,0,2,2.0,249.18,1,0,2,False,True,False
2000055856,2020-12,0.0,0.0,0.0,0,0,0,0,0,9,10.0,360655.64,5,0,9,False,True,False
2000055856,2021-01,0.0,0.0,0.0,0,0,0,0,0,15,15.0,3076692.83,2,0,14,False,True,False
2000055856,2021-02,0.0,0.0,0.0,0,0,0,0,0,5,5.0,297.04999999999995,1,0,5,False,True,False
2000055856,2021-03,0.0,0.0,0.0,0,0,0,0,0,8,8.0,7044.09,2,0,8,False,True,False
2000055856,2021-04,0.0,0.0,0.0,0,0,0,0,0,1,1.0,358531.0,0,0,1,False,True,False
2000055856,2021-06,0.0,0.0,0.0,0,0,0,0,0,16,16.0,5849163.52,0,0,16,False,True,False
2000055856,2021-07,0.0,0.0,0.0,0,0,0,0,0,4,4.0,364969.52,0,0,4,False,True,False
2000055856,2021-08,0.0,0.0,0.0,0,0,0,0,0,9,9.0,117.46,2,0,9,False,True,False
2000055856,2021-09,0.0,0.0,0.0,0,0,0,0,0,8,13.0,8291.44,1,0,8,False,True,False
2000055856,2021-10,0.0,0.0,0.0,0,0,0,0,0,10,10.0,1967.66,0,0,9,False,True,False
2000055856,2021-11,0.0,0.0,0.0,0,0,0,0,0,4,4.0,1.67,0,0,4,False,True,False
2000055856,2021-12,0.0,0.0,0.0,0,0,0,0,0,3,3.0,261.05999999999995,0,0,3,False,True,False
2000055856,2022-01,0.0,0.0,0.0,0,0,0,0,0,3,4.0,31.780000000000005,1,0,3,False,True,False
2000055856,2022-02,0.0,0.0,0.0,0,0,0,0,0,1,2.0,31.76,1,0,1,False,True,False
2000055856,2022-03,0.0,0.0,0.0,0,0,0,0,0,3,3.0,31.07,1,0,3,False,True,False
2000055856,2022-04,0.0,0.0,0.0,0,0,0,0,0,8,9.0,485.83,2,0,8,False,True,False
2000055856,2022-05,0.0,0.0,0.0,0,0,0,0,0,3,3.0,2099251.89,1,0,3,False,True,False
2000055856,2022-06,0.0,0.0,0.0,0,0,0,0,0,6,6.0,358745.41,1,0,6,False,True,False
2000055856,2022-08,0.0,0.0,0.0,0,0,0,0,0,2,8.0,6219.52,0,0,2,False,True,False
2000055856,2022-09,0.0,0.0,0.0,0,0,0,0,0,2,23.0,2587.69,1,0,2,False,True,False
2000055856,2022-12,0.0,0.0,0.0,0,0,0,0,0,3,28.0,2858.73,2,0,3,False,True,False
2000055856,2023-02,0.0,0.0,0.0,0,0,0,0,0,5,5.0,4941.020000000001,1,0,5,False,True,False
2000055856,2023-04,0.0,0.0,0.0,0,0,0,0,0,13,16.0,1684.52,2,0,13,False,True,False
2000055856,2023-05,0.0,0.0,0.0,0,0,0,0,0,4,5.0,1463368.0,1,0,4,False,True,False
2000055856,2023-06,0.0,0.0,0.0,0,0,0,0,0,5,5.0,0.03,0,0,5,False,True,False
2000055856,2023-07,0.0,0.0,0.0,0,0,0,0,0,5,5.0,276.74,2,0,5,False,True,False
2000055856,2023-09,0.0,0.0,0.0,0,0,0,0,0,2,2.0,69.84,2,0,2,False,True,False
2000055856,2023-11,0.0,0.0,0.0,0,0,0,0,0,9,9.0,161.95,0,8,1,False,True,False
2000055856,2023-12,0.0,0.0,0.0,0,0,0,0,0,4,5.0,141.14,0,0,4,False,True,False
2000055856,2024-01,0.0,0.0,0.0,0,0,0,0,0,8,45.0,3753.99,2,0,8,False,True,False
2000055856,2024-02,0.0,0.0,0.0,0,0,0,0,0,5,7.0,260.06,0,0,5,False,True,False
2000055856,2024-03,0.0,0.0,0.0,0,0,0,0,0,11,21.0,1092315.5399999998,2,0,11,False,True,False
2000055856,2024-04,0.0,0.0,0.0,0,0,0,0,0,7,39.0,717379.1900000001,3,0,7,False,True,False
2000055856,2024-05,0.0,0.0,0.0,0,0,0,0,0,10,13.0,6132422.41,9,0,10,False,True,False
2000055856,2024-06,0.0,0.0,0.0,0,0,0,0,0,5,5.0,2057822.88,5,0,5,False,True,False
2000055856,2024-07,0.0,0.0,0.0,0,0,0,0,0,4,13.0,547.73,3,0,4,False,True,False
2000055856,2024-08,0.0,0.0,0.0,0,0,0,0,0,9,25.0,358849.61000000004,6,0,8,False,True,False
2000055856,2024-09,0.0,0.0,0.0,0,0,0,0,0,10,11.0,1712586.76,8,0,10,False,True,False
2000055856,2024-10,0.0,0.0,0.0,0,0,0,0,0,1,1.0,358531.0,1,0,1,False,True,False
2000055856,2024-11,0.0,0.0,0.0,0,0,0,0,0,2,4.0,4492.71,0,0,2,False,True,False
2000055856,2024-12,0.0,0.0,0.0,0,0,0,0,0,1,1.0,358531.0,1,0,1,False,True,False
2000055856,2025-02,0.0,0.0,0.0,0,0,0,0,0,3,3.0,2385.1600000000003,1,0,3,False,True,False
2000055856,2025-03,0.0,0.0,0.0,0,0,0,0,0,2,4.0,0.04,1,0,2,False,True,False
2000055856,2025-04,0.0,0.0,0.0,0,0,0,0,0,2,2.0,995524.75,0,0,2,False,True,False
2000055856,2025-05,0.0,0.0,0.0,0,0,0,0,0,3,10.0,3504387.98,2,0,3,False,True,False
2000055856,2025-06,0.0,0.0,0.0,0,0,0,0,0,4,7.0,3.19,0,0,4,False,True,False
2000055856,2025-07,0.0,0.0,0.0,0,0,0,0,0,1,1.0,358531.0,0,0,1,False,True,False
2000055856,2025-08,0.0,0.0,0.0,0,0,0,0,0,2,2.0,531132.64,2,0,2,False,True,False
2000055856,2025-09,0.0,0.0,0.0,0,0,0,0,0,1,1.0,0.01,1,0,1,False,True,False
2000055856,2025-11,0.0,0.0,0.0,0,0,0,0,0,1,2.0,717062.0,0,0,1,False,True,False
2000055856,2026-01,0.0,0.0,0.0,0,0,0,0,0,1,1.0,2.06,0,0,1,False,True,False
2000055856,2026-02,0.0,0.0,0.0,0,0,0,0,0,2,5.0,7.36,2,2,0,False,True,False
2000056115,2025-04,0.0,0.0,0.0,6,6,0,0,1,0,0.0,0.0,0,0,0,True,False,False
2000059045,2020-07,0.0,0.0,0.0,0,0,0,0,0,2,2.0,973.9,0,0,2,False,True,False
2000059045,2020-12,0.0,0.0,0.0,0,0,0,0,0,4,6.0,15004.869999999999,2,0,4,False,True,False
2000059045,2021-03,0.0,0.0,0.0,0,0,0,0,0,2,2.0,724.62,0,0,2,False,True,False
2000059045,2021-04,0.0,0.0,0.0,0,0,0,0,0,1,11.0,0.11,1,0,1,False,True,False
2000059045,2021-05,0.0,0.0,0.0,0,0,0,0,0,2,2.0,1107.9,1,0,2,False,True,False
2000059045,2021-08,0.0,0.0,0.0,0,0,0,0,0,2,4.0,1130.38,0,0,2,False,True,False
2000059045,2022-01,0.0,0.0,0.0,0,0,0,0,0,2,5.0,2497.29,2,0,2,False,True,False
2000059045,2022-05,0.0,0.0,0.0,0,0,0,0,0,1,1.0,124.43,1,0,1,False,True,False
2000059045,2022-11,0.0,0.0,0.0,0,0,0,0,0,1,5.0,256.65,0,0,1,False,True,False
2000059045,2022-12,0.0,0.0,0.0,0,0,0,0,0,3,48.0,3524.64,0,0,3,False,True,False
2000059045,2023-01,0.0,0.0,0.0,0,0,0,0,0,1,5.0,256.65,0,0,1,False,True,False
2000059045,2023-03,0.0,0.0,0.0,0,0,0,0,0,3,1840.0,3206.8,3,0,3,False,True,False
2000059045,2023-07,0.0,0.0,0.0,0,0,0,0,0,1,1.0,69.69,0,0,1,False,True,False
2000059045,2023-09,0.0,0.0,0.0,0,0,0,0,0,6,4861.0,330830.51,6,0,6,False,True,False
2000059045,2023-10,0.0,0.0,0.0,0,0,0,0,0,3,693.0,49574.39,2,0,3,False,True,False
2000059045,2023-11,0.0,0.0,0.0,0,0,0,0,0,2,644.0,2871.3599999999997,2,0,2,False,True,False
2000059045,2024-01,0.0,0.0,0.0,0,0,0,0,0,3,990.0,186.49,2,0,3,False,True,False
2000059045,2024-03,0.0,0.0,0.0,0,0,0,0,0,7,40.0,3030.46,1,0,7,False,True,False
2000059045,2024-04,0.0,0.0,0.0,0,0,0,0,0,2,3.0,214.63,0,0,2,False,True,False
2000059045,2024-05,0.0,0.0,0.0,0,0,0,0,0,5,9.0,756.47,0,0,5,False,True,False
2000059045,2024-07,0.0,0.0,0.0,0,0,0,0,0,8,128.0,3923.2799999999997,5,0,8,False,True,False
2000059045,2024-08,0.0,0.0,0.0,0,0,0,0,0,18,2030.0,6073.46,9,0,18,False,True,False
2000059045,2024-09,0.0,0.0,0.0,0,0,0,0,0,2,11523.0,15093.96,2,0,2,False,True,False
2000059045,2024-10,0.0,0.0,0.0,0,0,0,0,0,13,9200.0,17637.69,9,0,13,False,True,False
2000059045,2024-11,0.0,0.0,0.0,0,0,0,0,0,4,5562.0,5085.8,3,0,4,False,True,False
2000059045,2024-12,0.0,0.0,0.0,0,0,0,0,0,4,69.0,4696.45,3,0,4,False,True,False
2000059045,2025-01,0.0,0.0,0.0,0,0,0,0,0,4,62.0,118.33000000000001,2,0,4,False,True,False
2000059045,2025-02,25902.0,0.0,25902.0,14,14,0,12,6,4,32.0,271.9,0,0,4,True,True,False
2000059045,2025-03,38434.0,240.0,38194.0,44,42,2,40,10,1,2400.0,1104.0,1,0,1,True,True,False
2000059045,2025-04,60150.0,3.0,60147.0,133,132,1,55,13,4,2433.0,2529.7200000000003,2,0,4,True,True,False
2000059045,2025-05,22345.0,0.0,22345.0,106,106,0,35,11,8,172.0,1846.02,1,0,8,True,True,False
2000059045,2025-06,12204.0,1.0,12203.0,27,26,1,25,8,4,11.0,1133.83,2,0,4,True,True,False
2000059045,2025-07,10594.0,0.0,10594.0,11,11,0,10,6,4,7.0,298.78,1,0,4,True,True,False
2000059045,2025-08,11488.0,2996.0,8492.0,22,21,1,19,7,1,1.0,577.69,0,0,1,True,True,False
2000059045,2025-09,19215.0,0.0,19215.0,21,21,0,21,6,3,3.0,263.36,1,0,3,True,True,False
2000059045,2025-10,1969.0,14.0,1955.0,18,17,1,15,9,2,10.0,703.22,0,0,2,True,True,False
2000059045,2025-11,7570.0,10.0,7560.0,48,47,1,17,27,0,0.0,0.0,0,0,0,True,False,False
2000059045,2025-12,1176.0,0.0,1176.0,8,8,0,7,5,4,5.0,421.66999999999996,0,0,4,True,True,False
2000059045,2026-01,77.0,0.0,77.0,9,9,0,5,7,0,0.0,0.0,0,0,0,True,False,False
2000059045,2026-02,30.0,0.0,30.0,1,1,0,1,1,0,0.0,0.0,0,0,0,True,False,False
2000061556,2025-04,0.0,2180.0,-2180.0,87,0,87,63,1,0,0.0,0.0,0,0,0,True,False,False
2000061556,2025-05,232.0,28.0,204.0,16,14,2,15,2,0,0.0,0.0,0,0,0,True,False,False
2000067889,2025-02,41.0,0.0,41.0,1,1,0,1,1,0,0.0,0.0,0,0,0,True,False,False
2000067889,2025-03,752.0,0.0,752.0,48,48,0,47,2,0,0.0,0.0,0,0,0,True,False,False
2000067889,2025-04,360.0,0.0,360.0,44,44,0,44,2,0,0.0,0.0,0,0,0,True,False,False
2000067889,2025-05,716.0,0.0,716.0,44,44,0,44,2,0,0.0,0.0,0,0,0,True,False,False
2000067889,2025-06,716.0,0.0,716.0,44,44,0,44,2,0,0.0,0.0,0,0,0,True,False,False
2000067889,2025-07,358.0,0.0,358.0,44,44,0,44,2,0,0.0,0.0,0,0,0,True,False,False
2000067889,2025-08,358.0,0.0,358.0,44,44,0,44,2,0,0.0,0.0,0,0,0,True,False,False
2000067889,2025-09,714.0,0.0,714.0,46,46,0,46,3,0,0.0,0.0,0,0,0,True,False,False
2000067889,2025-10,328.0,0.0,328.0,42,42,0,42,2,0,0.0,0.0,0,0,0,True,False,False
2000069606,2022-04,0.0,0.0,0.0,0,0,0,0,0,1,1.0,374.45,1,0,1,False,True,False
2000071093,2025-05,977.0,0.0,977.0,4,4,0,4,1,0,0.0,0.0,0,0,0,True,False,False
2000071463,2023-11,0.0,0.0,0.0,0,0,0,0,0,1,1.0,0.0,0,0,1,False,True,False
2000071463,2023-12,0.0,0.0,0.0,0,0,0,0,0,5,137.0,0.0,0,0,5,False,True,False
2000071463,2024-01,0.0,0.0,0.0,0,0,0,0,0,2,2.0,0.0,0,0,2,False,True,False
2000071463,2024-02,0.0,0.0,0.0,0,0,0,0,0,1,1.0,0.0,0,0,1,False,True,False
2000071463,2024-03,0.0,0.0,0.0,0,0,0,0,0,1,1.0,0.0,0,0,1,False,True,False
2000071463,2024-09,0.0,0.0,0.0,0,0,0,0,0,1,1.0,0.0,0,0,1,False,True,False
2000071463,2025-03,2.0,2.0,0.0,4,2,2,1,2,0,0.0,0.0,0,0,0,True,False,False
2000071463,2025-05,0.0,36256.0,-36256.0,680,0,680,142,6,0,0.0,0.0,0,0,0,True,False,False
2000071463,2025-09,117879.7,0.0,117879.7,2771,2771,0,947,5,0,0.0,0.0,0,0,0,True,False,False
2000071463,2025-10,63789.5,30444.5,33345.0,1705,1067,638,718,3,0,0.0,0.0,0,0,0,True,False,False
2000072566,2021-07,0.0,0.0,0.0,0,0,0,0,0,7,32.0,91339.8,7,0,7,False,True,False
2000072566,2021-12,0.0,0.0,0.0,0,0,0,0,0,1,2.0,60.48,0,0,1,False,True,False
2000072566,2022-03,0.0,0.0,0.0,0,0,0,0,0,2,7.0,1853.3899999999999,2,0,2,False,True,False
2000072566,2022-08,0.0,0.0,0.0,0,0,0,0,0,1,1.0,2.33,0,0,1,False,True,False
2000072566,2022-09,0.0,0.0,0.0,0,0,0,0,0,1,1.0,4188.84,1,0,1,False,True,False
2000072566,2022-11,0.0,0.0,0.0,0,0,0,0,0,11,79.0,159115.38,2,0,11,False,True,False
2000072566,2023-02,0.0,0.0,0.0,0,0,0,0,0,1,1.0,2653.57,0,0,1,False,True,False
2000072566,2023-04,0.0,0.0,0.0,0,0,0,0,0,1,1.0,5989.25,0,0,1,False,True,False
2000072566,2023-05,0.0,0.0,0.0,0,0,0,0,0,6,12.0,8986.23,2,0,5,False,True,False
2000072566,2023-06,0.0,0.0,0.0,0,0,0,0,0,5,5.0,6130.09,4,0,5,False,True,False
2000072566,2023-07,0.0,0.0,0.0,0,0,0,0,0,4,4.0,5257.76,1,0,4,False,True,False
2000072566,2023-08,0.0,0.0,0.0,0,0,0,0,0,2,3.0,728.72,2,0,2,False,True,False
2000072566,2023-09,0.0,0.0,0.0,0,0,0,0,0,2,2.0,2898.9,2,0,2,False,True,False
2000072566,2023-10,0.0,0.0,0.0,0,0,0,0,0,5,20.0,16162.59,3,0,5,False,True,False
2000072566,2023-11,0.0,0.0,0.0,0,0,0,0,0,2,2.0,4876.8,1,0,2,False,True,False
2000072566,2023-12,0.0,0.0,0.0,0,0,0,0,0,8,8.0,14086.87,7,0,8,False,True,False
2000072566,2024-01,0.0,0.0,0.0,0,0,0,0,0,5,6.0,28930.96,1,0,5,False,True,False
2000072566,2024-02,0.0,0.0,0.0,0,0,0,0,0,4,6.0,19154.28,3,0,4,False,True,False
2000072566,2024-03,0.0,0.0,0.0,0,0,0,0,0,4,36.0,11725.11,1,0,4,False,True,False
2000072566,2024-04,0.0,0.0,0.0,0,0,0,0,0,2,2.0,2759.4900000000002,2,0,2,False,True,False
2000072566,2024-05,0.0,0.0,0.0,0,0,0,0,0,4,4.0,1088.76,2,0,4,False,True,False
2000072566,2024-06,0.0,0.0,0.0,0,0,0,0,0,7,10.0,27106.04,7,0,7,False,True,False
2000072566,2024-07,0.0,0.0,0.0,0,0,0,0,0,8,47.0,78909.05,8,0,8,False,True,False
2000072566,2024-08,0.0,0.0,0.0,0,0,0,0,0,6,14.0,117291.24999999999,5,0,6,False,True,False
2000072566,2024-09,0.0,0.0,0.0,0,0,0,0,0,2,5.0,3036.74,1,0,2,False,True,False
2000072566,2024-10,0.0,0.0,0.0,0,0,0,0,0,12,140.0,368792.7,12,0,12,False,True,False
2000072566,2024-11,0.0,0.0,0.0,0,0,0,0,0,4,4.0,1282.7800000000002,4,0,4,False,True,False
2000072566,2024-12,0.0,0.0,0.0,0,0,0,0,0,11,27.0,63605.56,9,0,11,False,True,False
2000072566,2025-01,0.0,0.0,0.0,0,0,0,0,0,3,3.0,14035.539999999999,2,0,3,False,True,False
2000072566,2025-02,318.0,0.0,318.0,20,20,0,20,4,8,15.0,11238.36,5,1,7,True,True,False
2000072566,2025-03,600.0,0.0,600.0,35,35,0,34,2,6,9.0,11373.53,6,0,6,True,True,False
2000072566,2025-04,787.0,0.0,787.0,23,23,0,22,3,6,6.0,11986.509999999998,5,0,6,True,True,False
2000072566,2025-05,77.0,0.0,77.0,15,15,0,12,9,5,5.0,5055.11,4,1,4,True,True,False
2000072566,2025-06,3540.0,24.0,3516.0,52,51,1,38,4,3,3.0,3820.81,3,0,3,True,True,False
2000072566,2025-07,1226.0,0.0,1226.0,69,69,0,52,4,2,2.0,5147.68,1,1,1,True,True,False
2000072566,2025-08,104.0,0.0,104.0,3,3,0,2,2,4,4.0,8935.92,3,1,3,True,True,False
2000072566,2025-09,4707.0,0.0,4707.0,30,30,0,23,9,2,2.0,1584.3200000000002,1,0,2,True,True,False
2000072566,2025-10,192.0,0.0,192.0,1,1,0,1,1,5,5.0,3117.37,4,0,5,True,True,False
2000072566,2025-11,203.0,0.0,203.0,23,23,0,9,8,4,4.0,17188.46,4,3,1,True,True,False
2000072566,2025-12,50.0,0.0,50.0,2,2,0,2,1,5,7.0,13857.4,4,3,2,True,True,False
2000072566,2026-01,0.0,0.0,0.0,0,0,0,0,0,5,8.0,9042.82,5,3,2,False,True,False
2000073976,2022-02,0.0,0.0,0.0,0,0,0,0,0,1,1.0,160.25,1,0,1,False,True,False
2000073976,2022-03,0.0,0.0,0.0,0,0,0,0,0,4,42.0,23597.8,2,0,4,False,True,False
2000073976,2022-04,0.0,0.0,0.0,0,0,0,0,0,1,1.0,82.86,1,0,1,False,True,False
2000073976,2022-06,0.0,0.0,0.0,0,0,0,0,0,1,1.0,16677.14,1,0,1,False,True,False
2000073976,2022-07,0.0,0.0,0.0,0,0,0,0,0,2,6.0,50833.02,2,0,2,False,True,False
2000073976,2022-10,0.0,0.0,0.0,0,0,0,0,0,3,15.0,19681.71,2,0,3,False,True,False
2000073976,2022-11,0.0,0.0,0.0,0,0,0,0,0,5,5.0,8067.54,4,0,5,False,True,False
2000073976,2022-12,0.0,0.0,0.0,0,0,0,0,0,3,3.0,801.5999999999999,3,0,3,False,True,False
2000073976,2023-01,0.0,0.0,0.0,0,0,0,0,0,2,2.0,534.4,2,0,2,False,True,False
2000073976,2023-02,0.0,0.0,0.0,0,0,0,0,0,6,6.0,1603.1999999999998,6,0,6,False,True,False
2000073976,2023-03,0.0,0.0,0.0,0,0,0,0,0,4,7.0,1763.4499999999998,4,0,4,False,True,False
2000073976,2023-04,0.0,0.0,0.0,0,0,0,0,0,4,5.0,1336.0,4,0,4,False,True,False
2000073976,2023-05,0.0,0.0,0.0,0,0,0,0,0,9,16.0,5872.65,7,0,9,False,True,False
2000073976,2023-06,0.0,0.0,0.0,0,0,0,0,0,7,8.0,2137.6,7,0,7,False,True,False
2000073976,2023-07,0.0,0.0,0.0,0,0,0,0,0,3,3.0,801.5999999999999,3,0,3,False,True,False
2000073976,2023-08,0.0,0.0,0.0,0,0,0,0,0,5,5.0,1336.0,5,0,5,False,True,False
2000073976,2023-09,0.0,0.0,0.0,0,0,0,0,0,4,15.0,3055.44,3,0,4,False,True,False
2000073976,2023-10,0.0,0.0,0.0,0,0,0,0,0,6,9.0,2087.2799999999997,5,0,6,False,True,False
2000073976,2023-11,0.0,0.0,0.0,0,0,0,0,0,2,2.0,534.4,1,0,2,False,True,False
2000073976,2023-12,0.0,0.0,0.0,0,0,0,0,0,9,12.0,3206.4,9,0,9,False,True,False
2000073976,2024-01,0.0,0.0,0.0,0,0,0,0,0,7,9.0,2404.7999999999997,5,0,7,False,True,False
2000073976,2024-02,0.0,0.0,0.0,0,0,0,0,0,3,3.0,801.5999999999999,3,0,3,False,True,False
2000073976,2024-03,0.0,0.0,0.0,0,0,0,0,0,5,36.0,3298.8799999999997,5,0,5,False,True,False
2000073976,2024-04,0.0,0.0,0.0,0,0,0,0,0,2,2.0,534.4,2,0,2,False,True,False
2000073976,2024-05,0.0,0.0,0.0,0,0,0,0,0,12,20.0,11267.59,11,0,12,False,True,False
2000073976,2024-06,0.0,0.0,0.0,0,0,0,0,0,3,3.0,694.65,2,0,3,False,True,False
2000073976,2024-07,0.0,0.0,0.0,0,0,0,0,0,2,2.0,799.1600000000001,2,0,2,False,True,False
2000073976,2024-08,0.0,0.0,0.0,0,0,0,0,0,10,209.0,2856.7999999999997,9,0,10,False,True,False
2000073976,2024-09,0.0,0.0,0.0,0,0,0,0,0,6,7.0,2049.87,6,0,6,False,True,False
2000073976,2024-10,0.0,0.0,0.0,0,0,0,0,0,1,1.0,446.67,0,0,1,False,True,False
2000073976,2024-11,0.0,0.0,0.0,0,0,0,0,0,1,2.0,1063.92,1,0,1,False,True,False
2000073976,2024-12,0.0,0.0,0.0,0,0,0,0,0,1,1.0,187.82,0,0,1,False,True,False
2000073976,2025-01,0.0,0.0,0.0,0,0,0,0,0,1,2.0,320.5,0,0,1,False,True,False
2000073976,2025-02,4.0,1.0,3.0,2,1,1,2,2,5,51.0,8319.720000000001,1,1,4,True,True,False
2000073976,2025-03,20.0,11.0,9.0,8,7,1,5,6,0,0.0,0.0,0,0,0,True,False,False
2000073976,2025-04,742.0,0.0,742.0,11,11,0,11,4,0,0.0,0.0,0,0,0,True,False,False
2000073976,2025-05,957.0,0.0,957.0,32,32,0,22,2,1,4.0,2127.84,1,0,1,True,True,False
2000073976,2025-06,18362.0,0.0,18362.0,32,32,0,32,1,4,4.0,32405.739999999998,4,1,3,True,True,False
2000073976,2025-07,2.0,0.0,2.0,1,1,0,1,1,0,0.0,0.0,0,0,0,True,False,False
2000073976,2025-08,0.0,0.0,0.0,0,0,0,0,0,1,5.0,801.25,0,0,1,False,True,False
2000073976,2025-12,0.0,0.0,0.0,0,0,0,0,0,1,1.0,267.2,0,0,1,False,True,False
2000077242,2025-05,0.0,0.0,0.0,3,3,0,0,1,0,0.0,0.0,0,0,0,True,False,False
2000077242,2025-08,0.0,0.0,0.0,1,1,0,0,1,0,0.0,0.0,0,0,0,True,False,False
2000077242,2025-09,0.0,0.0,0.0,1,1,0,0,1,0,0.0,0.0,0,0,0,True,False,False
2000077242,2026-01,0.0,0.0,0.0,3,3,0,0,2,0,0.0,0.0,0,0,0,True,False,False
2000077594,2022-09,0.0,0.0,0.0,0,0,0,0,0,1,1.0,2641.39,0,0,1,False,True,False
2000077594,2023-07,0.0,0.0,0.0,0,0,0,0,0,1,1.0,2710.43,1,0,1,False,True,False
2000077594,2024-06,0.0,0.0,0.0,0,0,0,0,0,1,5.0,12555.5,0,0,1,False,True,False
2000077594,2024-09,0.0,0.0,0.0,0,0,0,0,0,1,1.0,2710.43,0,0,1,False,True,False
2000077594,2024-10,0.0,0.0,0.0,0,0,0,0,0,2,2.0,5221.53,1,0,2,False,True,False
2000077594,2024-11,0.0,0.0,0.0,0,0,0,0,0,1,5.0,13816.0,0,0,1,False,True,False
2000077594,2024-12,0.0,0.0,0.0,0,0,0,0,0,1,1.0,2710.43,1,0,1,False,True,False
2000077594,2025-02,40.0,0.0,40.0,3,3,0,3,1,1,1.0,2511.1,0,0,1,True,True,False
2000077594,2025-03,84.0,0.0,84.0,4,4,0,4,2,1,1.0,2511.1,1,0,1,True,True,False
2000077594,2025-04,69.0,0.0,69.0,8,8,0,4,6,0,0.0,0.0,0,0,0,True,False,False
2000077594,2025-05,92.0,0.0,92.0,4,4,0,4,2,0,0.0,0.0,0,0,0,True,False,False
2000077594,2025-06,68.0,0.0,68.0,3,3,0,3,1,0,0.0,0.0,0,0,0,True,False,False
2000077594,2025-07,109.0,0.0,109.0,10,10,0,7,6,0,0.0,0.0,0,0,0,True,False,False
2000077594,2025-08,62.0,0.0,62.0,3,3,0,3,1,0,0.0,0.0,0,0,0,True,False,False
2000077594,2025-09,110.0,0.0,110.0,6,6,0,6,2,0,0.0,0.0,0,0,0,True,False,False
2000077594,2025-10,188.0,20.0,168.0,11,10,1,6,3,2,3.0,8131.289999999999,2,0,2,True,True,False
2000077594,2025-11,70.0,0.0,70.0,5,5,0,4,3,0,0.0,0.0,0,0,0,True,False,False
2000077594,2025-12,192.0,0.0,192.0,7,7,0,3,1,1,1.0,2710.43,1,0,1,True,True,False
2000077594,2026-02,0.0,0.0,0.0,0,0,0,0,0,1,3.0,8131.29,1,1,0,False,True,False
2000081442,2024-06,0.0,0.0,0.0,0,0,0,0,0,1,210.0,333.9,1,0,1,False,True,False
2000081442,2024-07,0.0,0.0,0.0,0,0,0,0,0,1,1.0,2958.13,1,0,1,False,True,False
2000081442,2024-09,0.0,0.0,0.0,0,0,0,0,0,1,1.0,3672.19,0,0,1,False,True,False
2000081442,2025-01,0.0,0.0,0.0,0,0,0,0,0,2,2.0,7344.38,0,0,2,False,True,False
2000081442,2025-02,649.0,0.0,649.0,4,4,0,3,1,0,0.0,0.0,0,0,0,True,False,False
2000081442,2025-03,362.0,0.0,362.0,2,2,0,2,1,1,1.0,3672.19,1,0,1,True,True,False
2000081442,2025-04,33849.0,0.0,33849.0,15,15,0,13,2,0,0.0,0.0,0,0,0,True,False,False
2000081442,2025-05,0.0,0.0,0.0,0,0,0,0,0,1,4.0,14688.76,1,0,1,False,True,False
2000081442,2025-06,0.0,0.0,0.0,0,0,0,0,0,1,1.0,3672.19,1,0,1,False,True,False
2000081442,2025-07,92.0,0.0,92.0,2,2,0,2,1,0,0.0,0.0,0,0,0,True,False,False
2000081442,2025-09,0.0,0.0,0.0,0,0,0,0,0,1,1.0,3672.19,1,0,1,False,True,False
2000081442,2025-10,0.0,0.0,0.0,0,0,0,0,0,2,2.0,7344.38,2,0,2,False,True,False
2000081442,2025-11,0.0,0.0,0.0,0,0,0,0,0,1,1.0,3672.19,1,1,0,False,True,False
2000081442,2026-01,0.0,0.0,0.0,0,0,0,0,0,1,1.0,2958.13,1,1,0,False,True,False
2000082994,2025-03,0.0,0.0,0.0,2,2,0,0,1,0,0.0,0.0,0,0,0,True,False,False
2000082994,2025-06,0.0,0.0,0.0,3,3,0,0,2,0,0.0,0.0,0,0,0,True,False,False
2000082994,2025-10,0.0,0.0,0.0,1,1,0,0,1,0,0.0,0.0,0,0,0,True,False,False
2000083539,2025-07,0.0,0.0,0.0,0,0,0,0,0,1,1.0,203886.44,1,0,1,False,True,False
2000085734,2023-10,0.0,0.0,0.0,0,0,0,0,0,1,2.0,138280.9,1,0,1,False,True,False
2000085734,2025-08,0.0,0.0,0.0,0,0,0,0,0,1,1.0,16.44,1,0,1,False,True,False
2000085734,2025-10,0.0,0.0,0.0,0,0,0,0,0,2,2.0,32.88,2,0,2,False,True,False
2000087614,2023-05,0.0,0.0,0.0,0,0,0,0,0,1,1.0,4.03,0,0,1,False,True,False
2000087614,2023-06,0.0,0.0,0.0,0,0,0,0,0,2,42.0,85.68,0,0,2,False,True,False
2000087614,2023-11,0.0,0.0,0.0,0,0,0,0,0,1,50.0,102.0,0,0,1,False,True,False
2000087614,2023-12,0.0,0.0,0.0,0,0,0,0,0,3,10.0,249.5,0,0,3,False,True,False
2000087614,2024-01,0.0,0.0,0.0,0,0,0,0,0,1,1.0,2.09,0,0,1,False,True,False
2000087614,2024-03,0.0,0.0,0.0,0,0,0,0,0,3,7.0,230.59,1,0,3,False,True,False
2000087614,2024-04,0.0,0.0,0.0,0,0,0,0,0,1,1.0,39.94,0,0,1,False,True,False
2000087614,2024-07,0.0,0.0,0.0,0,0,0,0,0,7,7.0,190.15,1,0,7,False,True,False
2000087614,2024-08,0.0,0.0,0.0,0,0,0,0,0,1,2.0,280.54,1,0,1,False,True,False
2000087614,2024-09,0.0,0.0,0.0,0,0,0,0,0,2,3.0,158.61,0,0,2,False,True,False
2000087614,2025-02,30.0,0.0,30.0,4,4,0,4,1,1,10.0,464.3,1,0,1,True,True,False
2000087614,2025-04,402.0,0.0,402.0,8,8,0,8,2,0,0.0,0.0,0,0,0,True,False,False
2000087614,2025-05,0.0,0.0,0.0,0,0,0,0,0,2,2.0,7.8,0,0,2,False,True,False
2000087614,2025-06,67.0,0.0,67.0,3,3,0,3,3,0,0.0,0.0,0,0,0,True,False,False
2000087614,2025-07,11.0,0.0,11.0,1,1,0,1,1,1,1.0,140.27,1,0,1,True,True,False
2000087614,2025-08,1411.0,12.0,1399.0,246,245,1,60,1,1,1.0,17.79,0,0,1,True,True,False
2000087614,2025-09,1687.0,0.0,1687.0,364,364,0,75,2,1,4.0,25.48,0,0,1,True,True,False
2000087614,2025-10,1592.0,0.0,1592.0,310,310,0,76,4,2,2.0,77.33,2,2,0,True,True,False
2000087614,2025-12,1545.0,1.0,1544.0,307,306,1,76,2,0,0.0,0.0,0,0,0,True,False,False
2000087614,2026-01,1587.0,0.0,1587.0,307,307,0,78,2,0,0.0,0.0,0,0,0,True,False,False
2000090776,2025-02,0.0,0.0,0.0,2,2,0,0,2,0,0.0,0.0,0,0,0,True,False,False
2000090776,2025-05,0.0,0.024,-0.024,1,0,1,1,1,0,0.0,0.0,0,0,0,True,False,False
2000090776,2025-07,0.0,0.0,0.0,2,2,0,0,1,0,0.0,0.0,0,0,0,True,False,False
2000090776,2025-08,9.0,0.0,9.0,4,2,2,2,2,0,0.0,0.0,0,0,0,True,False,False
2000090776,2025-09,0.0,0.0,0.0,1,1,0,0,1,0,0.0,0.0,0,0,0,True,False,False
2000090776,2025-10,54.0,54.0,0.0,6,4,2,2,3,0,0.0,0.0,0,0,0,True,False,False
2000090818,2025-05,1153.0,0.0,1153.0,5,5,0,5,1,0,0.0,0.0,0,0,0,True,False,False
2000090989,2024-08,0.0,0.0,0.0,0,0,0,0,0,2,2.0,1049.92,2,0,2,False,True,False
2000104029,2025-05,0.0,27.0,-27.0,1,0,1,1,1,0,0.0,0.0,0,0,0,True,False,False
2000104031,2025-02,17260.0,0.0,17260.0,10,10,0,5,5,0,0.0,0.0,0,0,0,True,False,False
2000104031,2025-07,9463.0,0.0,9463.0,4,4,0,3,3,0,0.0,0.0,0,0,0,True,False,False
2000104031,2025-08,1349.0,0.0,1349.0,2,2,0,2,1,0,0.0,0.0,0,0,0,True,False,False
2000104031,2025-12,10572.0,0.0,10572.0,3,3,0,3,1,0,0.0,0.0,0,0,0,True,False,False
2000104031,2026-01,15558.0,0.0,15558.0,6,6,0,6,3,0,0.0,0.0,0,0,0,True,False,False
2000104129,2025-09,0.0,0.0,0.0,0,0,0,0,0,2,3.0,1475.78,1,0,2,False,True,False
2000104129,2025-10,0.0,0.0,0.0,0,0,0,0,0,8,13.0,100043.75000000001,4,0,8,False,True,False
2000104129,2025-11,0.0,0.0,0.0,0,0,0,0,0,11,18.0,22643.61,1,0,11,False,True,False
2000104129,2025-12,0.0,0.0,0.0,0,0,0,0,0,7,13.0,10569.44,4,1,6,False,True,False
2000104129,2026-01,0.0,0.0,0.0,0,0,0,0,0,1,1.0,31828.95,0,1,0,False,True,False
2000104129,2026-02,0.0,0.0,0.0,0,0,0,0,0,1,1.0,6190.46,0,1,0,False,True,False
2000107050,2025-02,8.0,0.0,8.0,2,2,0,2,1,0,0.0,0.0,0,0,0,True,False,False
2000107050,2025-03,12.0,0.0,12.0,2,2,0,2,1,0,0.0,0.0,0,0,0,True,False,False
2000107050,2025-09,8.0,0.0,8.0,2,2,0,2,1,0,0.0,0.0,0,0,0,True,False,False
2000107050,2025-10,10.0,0.0,10.0,2,2,0,2,1,0,0.0,0.0,0,0,0,True,False,False
2000107050,2025-12,16.0,0.0,16.0,2,2,0,2,1,0,0.0,0.0,0,0,0,True,False,False
2000107050,2026-02,8.0,0.0,8.0,2,2,0,2,1,0,0.0,0.0,0,0,0,True,False,False
2000112440,2025-04,0.0,0.0,0.0,4,4,0,0,1,0,0.0,0.0,0,0,0,True,False,False
2000114038,2025-06,0.0,0.0,0.0,2,2,0,0,1,0,0.0,0.0,0,0,0,True,False,False
2000119277,2025-08,0.0,0.0,0.0,2,2,0,0,1,0,0.0,0.0,0,0,0,True,False,False
2000121455,2025-07,51645.0,0.0,51645.0,45,45,0,45,1,0,0.0,0.0,0,0,0,True,False,False
2000121455,2025-09,0.0,10248.0,-10248.0,2,0,2,2,1,0,0.0,0.0,0,0,0,True,False,False
2000122483,2025-11,125.0,0.0,125.0,16,16,0,8,1,0,0.0,0.0,0,0,0,True,False,False
2000122483,2025-12,0.0,0.0,0.0,0,0,0,0,0,1,1.0,6891.36,1,0,1,False,True,False
2000122761,2025-10,801.0,24.0,777.0,8,7,1,6,1,0,0.0,0.0,0,0,0,True,False,False
2000122761,2025-11,633.0,0.0,633.0,3,3,0,3,1,0,0.0,0.0,0,0,0,True,False,False
