vendor_id,month,internal_supplier_candidate,ncr_count_1m,ncr_count_3m,ncr_count_6m,severe_ncr_count_3m,severe_ncr_count_6m,max_severity_6m,exposure_qty_3m,exposure_qty_6m,ncr_rate_3m,severe_rate_3m,loss_rate_3m,material_value_sum_3m,material_value_sum_6m,material_value_max_6m,material_value_missing_count_3m,material_value_missing_count_6m,days_since_last_ncr,recent_severe_flag,supplier_fault_share_6m,internal_fault_share_6m,unknown_fault_share_6m,responsibility_known_count_6m,ncr_rate_change,severe_rate_change,exposure_3m_missing,ncr_rate_3m_missing,severe_rate_3m_missing,loss_rate_3m_missing,days_since_last_ncr_missing,responsibility_share_6m_missing
1000200000,2019-04,True,0.0,0.0,0.0,0.0,0.0,0.0,0.0,0.0,,,,0.0,0.0,0.0,0.0,0.0,,False,,,,0.0,,,True,True,True,True,True,True
1000200000,2019-05,True,35.0,35.0,35.0,33.0,33.0,4.0,0.0,0.0,,,,18700.43,18700.43,6746.96,0.0,0.0,1.0,True,0.17142857142857143,0.08571428571428572,0.7428571428571429,9.0,,,True,True,True,True,False,False
1000200000,2019-06,True,57.0,92.0,92.0,39.0,39.0,4.0,0.0,0.0,,,,86263.13,86263.13,26152.65,0.0,0.0,1.0,True,0.20652173913043478,0.11956521739130435,0.6739130434782609,30.0,,,True,True,True,True,False,False
1000200000,2019-07,True,42.0,134.0,134.0,39.0,39.0,4.0,0.0,0.0,,,,120006.10999999999,120006.10999999999,26152.65,0.0,0.0,3.0,True,0.2537313432835821,0.19402985074626866,0.5522388059701493,60.0,,,True,True,True,True,False,False
1000200000,2019-08,True,48.0,147.0,182.0,6.0,39.0,4.0,0.0,0.0,,,,42063050.19,42081750.62,7887682.0,0.0,0.0,6.0,True,0.3516483516483517,0.2087912087912088,0.43956043956043955,102.0,,,True,True,True,True,False,False
1000200000,2019-09,True,30.0,120.0,212.0,0.0,39.0,4.0,0.0,0.0,,,,54411313.85999999,54497576.989999995,7887682.0,0.0,0.0,2.0,False,0.33490566037735847,0.25471698113207547,0.41037735849056606,125.0,,,True,True,True,True,False,False
1000200000,2019-10,True,29.0,107.0,241.0,0.0,39.0,4.0,0.0,0.0,,,,55823939.47,55943945.58,7887682.0,0.0,0.0,1.0,False,0.33195020746887965,0.2572614107883817,0.4107883817427386,142.0,,,True,True,True,True,False,False
1000200000,2019-11,True,65.0,124.0,271.0,0.0,6.0,4.0,0.0,0.0,,,,16382582.559999999,58445632.75,7887682.0,0.0,0.0,1.0,False,0.4022140221402214,0.2656826568265683,0.33210332103321033,181.0,,,True,True,True,True,False,False
1000200000,2019-12,True,43.0,137.0,257.0,0.0,0.0,3.0,0.0,0.0,,,,7164038.210000001,61575352.06999999,7887682.0,0.0,0.0,1.0,False,0.46303501945525294,0.30739299610894943,0.22957198443579765,198.0,,,True,True,True,True,False,False
1000200000,2020-01,True,47.0,155.0,262.0,0.0,0.0,3.0,0.0,0.0,,,,12863496.75,68687436.22,7887682.0,0.0,0.0,1.0,False,0.5038167938931297,0.29389312977099236,0.20229007633587787,209.0,,,True,True,True,True,False,False
1000200000,2020-02,True,48.0,138.0,262.0,0.0,0.0,3.0,0.0,0.0,,,,19370174.279999997,35752756.839999996,2509717.0,0.0,0.0,1.0,False,0.4580152671755725,0.3473282442748092,0.1946564885496183,211.0,,,True,True,True,True,False,False
1000200000,2020-03,True,53.0,148.0,285.0,0.0,0.0,3.0,0.0,0.0,,,,22869116.449999996,30033154.66,2509717.0,0.0,0.0,2.0,False,0.5017543859649123,0.3333333333333333,0.1649122807017544,238.0,,,True,True,True,True,False,False
1000200000,2020-04,True,47.0,148.0,303.0,0.0,0.0,3.0,0.0,0.0,,,,32585864.289999995,45449361.03999999,9321806.0,0.0,0.0,5.0,False,0.5478547854785478,0.33003300330033003,0.12211221122112212,266.0,,,True,True,True,True,False,False
1000200000,2020-05,True,12.0,112.0,250.0,0.0,0.0,3.0,0.0,0.0,,,,23558844.709999997,42929018.989999995,9321806.0,0.0,0.0,1.0,False,0.552,0.368,0.08,230.0,,,True,True,True,True,False,False
1000200000,2020-06,True,13.0,72.0,220.0,0.0,0.0,3.0,0.0,0.0,,,,16864462.859999996,39733579.309999995,9321806.0,0.0,0.0,3.0,False,0.5545454545454546,0.35909090909090907,0.08636363636363636,201.0,,,True,True,True,True,False,False
1000200000,2020-07,True,66.0,91.0,239.0,0.0,0.0,3.0,0.0,0.0,,,,8952868.609999998,41538732.9,9321806.0,0.0,0.0,1.0,False,0.5104602510460251,0.38493723849372385,0.10460251046025104,214.0,,,True,True,True,True,False,False
1000200000,2020-08,True,39.0,118.0,230.0,0.0,0.0,3.0,0.0,0.0,,,,11862977.529999997,35421822.24,9321806.0,0.0,0.0,1.0,False,0.5130434782608696,0.3565217391304348,0.13043478260869565,200.0,,,True,True,True,True,False,False
1000200000,2020-09,True,62.0,167.0,239.0,0.0,0.0,3.0,0.0,0.0,,,,19098688.65,35963151.51,9321806.0,0.0,0.0,1.0,False,0.497907949790795,0.34309623430962344,0.1589958158995816,201.0,,,True,True,True,True,False,False
1000200000,2020-10,True,60.0,161.0,252.0,0.0,0.0,3.0,0.0,0.0,,,,17322918.789999995,26275787.400000002,1462251.77,0.0,0.0,1.0,False,0.4722222222222222,0.3412698412698413,0.1865079365079365,205.0,,,True,True,True,True,False,False
1000200000,2020-11,True,123.0,245.0,363.0,0.0,0.0,3.0,0.0,0.0,,,,28713275.759999998,40576253.29,1462251.77,0.0,0.0,2.0,False,0.4380165289256198,0.3140495867768595,0.24793388429752067,273.0,,,True,True,True,True,False,False
1000200000,2020-12,True,68.0,251.0,418.0,0.0,0.0,3.0,0.0,0.0,,,,34002354.19,53101042.84,1462251.77,0.0,0.0,1.0,False,0.47368421052631576,0.2942583732057416,0.23205741626794257,321.0,,,True,True,True,True,False,False
1000200000,2021-01,True,77.0,268.0,429.0,6.0,6.0,4.0,0.0,0.0,,,,36478075.169999994,53800993.95999999,1462251.77,1.0,1.0,1.0,True,0.4988344988344988,0.2937062937062937,0.20745920745920746,340.0,,,True,True,True,True,False,False
1000200000,2021-02,True,61.0,206.0,451.0,8.0,8.0,4.0,0.0,0.0,,,,27493753.25,56207029.01,1462251.77,1.0,1.0,2.0,True,0.5077605321507761,0.2860310421286031,0.20620842572062084,358.0,,,True,True,True,True,False,False
1000200000,2021-03,True,85.0,223.0,474.0,9.0,9.0,4.0,0.0,0.0,,,,23312798.779999997,57315152.97,1462251.77,1.0,1.0,3.0,True,0.5126582278481012,0.29535864978902954,0.19198312236286919,383.0,,,True,True,True,True,False,False
1000200000,2021-04,True,87.0,233.0,501.0,4.0,10.0,4.0,0.0,0.0,,,,29024121.119999997,65502196.29,1462251.77,0.0,1.0,1.0,True,0.4810379241516966,0.3153692614770459,0.20359281437125748,399.0,,,True,True,True,True,False,False
1000200000,2021-05,True,81.0,253.0,459.0,2.0,10.0,4.0,0.0,0.0,,,,31787931.29,59281684.54,1462251.77,0.0,1.0,1.0,True,0.4793028322440087,0.3790849673202614,0.14161220043572983,394.0,,,True,True,True,True,False,False
1000200000,2021-06,True,67.0,235.0,458.0,1.0,10.0,4.0,0.0,0.0,,,,30078043.559999995,53390842.339999996,1462251.77,0.0,1.0,4.0,True,0.4148471615720524,0.45633187772925765,0.12882096069868995,399.0,,,True,True,True,True,False,False
1000200000,2021-07,True,62.0,210.0,443.0,5.0,9.0,4.0,0.0,0.0,,,,23861358.08,52885479.2,1462251.77,0.0,0.0,2.0,True,0.3340857787810384,0.5304740406320542,0.13544018058690746,383.0,,,True,True,True,True,False,False
1000200000,2021-08,True,56.0,185.0,438.0,10.0,12.0,4.0,0.0,0.0,,,,39272580.43,71060511.72,11472992.0,0.0,0.0,2.0,True,0.3059360730593607,0.5753424657534246,0.1187214611872146,386.0,,,True,True,True,True,False,False
1000200000,2021-09,True,48.0,166.0,401.0,24.0,25.0,4.0,0.0,0.0,,,,41085752.72,71163796.28,11472992.0,0.0,0.0,1.0,True,0.24937655860349128,0.6384039900249376,0.11221945137157108,356.0,,,True,True,True,True,False,False
1000200000,2021-10,True,50.0,154.0,364.0,25.0,30.0,4.0,0.0,0.0,,,,45125750.64,68987108.72,11472992.0,1.0,1.0,2.0,True,0.22527472527472528,0.7032967032967034,0.07142857142857142,338.0,,,True,True,True,True,False,False
1000200000,2021-11,True,34.0,132.0,317.0,25.0,35.0,4.0,0.0,0.0,,,,26298045.619999997,65570626.050000004,11472992.0,1.0,1.0,6.0,True,0.19558359621451105,0.7413249211356467,0.06309148264984227,297.0,,,True,True,True,True,False,False
1000200000,2021-12,True,34.0,118.0,284.0,11.0,35.0,4.0,0.0,0.0,,,,20362031.089999996,61447783.81,11472992.0,1.0,1.0,2.0,True,0.17253521126760563,0.7711267605633803,0.056338028169014086,268.0,,,True,True,True,True,False,False
1000200000,2022-01,True,29.0,97.0,251.0,5.0,30.0,4.0,0.0,0.0,,,,13316208.839999996,58441959.480000004,11472992.0,0.0,1.0,3.0,True,0.22709163346613545,0.7131474103585658,0.05976095617529881,236.0,,,True,True,True,True,False,False
1000200000,2022-02,True,18.0,81.0,213.0,1.0,26.0,4.0,0.0,0.0,,,,10808005.839999996,37106051.45999999,2151186.0,0.0,1.0,1.0,True,0.2300469483568075,0.7183098591549296,0.051643192488262914,202.0,,,True,True,True,True,False,False
1000200000,2022-03,True,30.0,77.0,195.0,2.0,13.0,4.0,0.0,0.0,,,,18501987.179999996,38864018.269999996,2151186.0,0.0,1.0,1.0,True,0.28205128205128205,0.6717948717948717,0.046153846153846156,186.0,,,True,True,True,True,False,False
1000200000,2022-04,True,42.0,90.0,187.0,10.0,15.0,4.0,0.0,0.0,,,,23229893.469999995,36546102.31,2151186.0,0.0,0.0,2.0,True,0.29411764705882354,0.6737967914438503,0.03208556149732621,181.0,,,True,True,True,True,False,False
1000200000,2022-05,True,42.0,114.0,195.0,17.0,18.0,4.0,0.0,0.0,,,,23160386.869999997,33968392.70999999,2151186.0,0.0,0.0,2.0,True,0.3435897435897436,0.6102564102564103,0.046153846153846156,186.0,,,True,True,True,True,False,False
1000200000,2022-06,True,55.0,139.0,216.0,26.0,28.0,4.0,0.0,0.0,,,,25660737.979999997,44162725.16,2151186.0,0.0,0.0,1.0,True,0.39814814814814814,0.5,0.10185185185185185,194.0,,,True,True,True,True,False,False
1000200000,2022-07,True,36.0,133.0,223.0,18.0,28.0,4.0,0.0,0.0,,,,18804304.199999996,42034197.67,1462251.77,0.0,0.0,2.0,True,0.3721973094170404,0.5112107623318386,0.11659192825112108,197.0,,,True,True,True,True,False,False
1000200000,2022-08,True,27.0,118.0,232.0,10.0,27.0,4.0,0.0,0.0,,,,27241630.939999998,50402017.81,2836476.88,0.0,0.0,5.0,True,0.3577586206896552,0.5043103448275862,0.13793103448275862,200.0,,,True,True,True,True,False,False
1000200000,2022-09,True,41.0,104.0,243.0,0.0,26.0,4.0,0.0,0.0,,,,20280741.81,45941479.79,2836476.88,1.0,1.0,1.0,False,0.3497942386831276,0.49382716049382713,0.15637860082304528,205.0,,,True,True,True,True,False,False
1000200000,2022-10,True,26.0,94.0,227.0,0.0,18.0,4.0,0.0,0.0,,,,17708490.959999997,36512795.160000004,2836476.88,1.0,1.0,2.0,False,0.3788546255506608,0.44493392070484583,0.1762114537444934,187.0,,,True,True,True,True,False,False
1000200000,2022-11,True,39.0,106.0,224.0,1.0,11.0,4.0,0.0,0.0,,,,12926749.339999996,40168380.28,2836476.88,1.0,1.0,1.0,True,0.36607142857142855,0.41517857142857145,0.21875,175.0,,,True,True,True,True,False,False
1000200000,2022-12,True,27.0,92.0,196.0,1.0,1.0,4.0,0.0,0.0,,,,13894696.759999998,34175438.57000001,2836476.88,0.0,1.0,1.0,True,0.32142857142857145,0.4387755102040816,0.23979591836734693,149.0,,,True,True,True,True,False,False
1000200000,2023-01,True,81.0,147.0,241.0,1.0,1.0,4.0,0.0,0.0,,,,23485703.58,41194194.54000001,4254715.32,1.0,2.0,2.0,True,0.24896265560165975,0.3278008298755187,0.42323651452282157,139.0,,,True,True,True,True,False,False
1000200000,2023-02,True,41.0,149.0,255.0,0.0,1.0,4.0,0.0,0.0,,,,24193255.16,37120004.5,4254715.32,1.0,2.0,1.0,False,0.23921568627450981,0.3058823529411765,0.4549019607843137,139.0,,,True,True,True,True,False,False
1000200000,2023-03,True,38.0,160.0,252.0,0.0,1.0,4.0,0.0,0.0,,,,27135956.9,41030653.660000004,4254715.32,1.0,1.0,2.0,False,0.19047619047619047,0.30158730158730157,0.5079365079365079,124.0,,,True,True,True,True,False,False
1000200000,2023-04,True,44.0,123.0,270.0,0.0,1.0,4.0,0.0,0.0,,,,38819670.9,62305374.480000004,8509430.64,0.0,1.0,3.0,False,0.18518518518518517,0.3111111111111111,0.5037037037037037,134.0,,,True,True,True,True,False,False
1000200000,2023-05,True,36.0,118.0,267.0,0.0,0.0,3.0,0.0,0.0,,,,36775671.11,60968926.27,8509430.64,1.0,2.0,3.0,False,0.1760299625468165,0.352059925093633,0.47191011235955055,141.0,,,True,True,True,True,False,False
1000200000,2023-06,True,51.0,131.0,291.0,0.0,0.0,3.0,0.0,0.0,,,,62284163.699999996,89420120.6,8509430.64,1.0,2.0,1.0,False,0.23711340206185566,0.3642611683848797,0.39862542955326463,175.0,,,True,True,True,True,False,False
1000200000,2023-07,True,55.0,142.0,265.0,0.0,0.0,3.0,0.0,0.0,,,,54561936.78999999,93381607.69,8509430.64,1.0,1.0,2.0,False,0.29056603773584905,0.4981132075471698,0.21132075471698114,209.0,,,True,True,True,True,False,False
1000200000,2023-08,True,37.0,143.0,261.0,0.0,0.0,3.0,0.0,0.0,,,,75252848.47999999,112028519.59,16262168.88,0.0,1.0,1.0,False,0.29118773946360155,0.5095785440613027,0.19923371647509577,209.0,,,True,True,True,True,False,False
1000200000,2023-09,True,54.0,146.0,277.0,1.0,1.0,4.0,0.0,0.0,,,,48502837.78,110787001.47999999,16262168.88,1.0,2.0,1.0,True,0.2996389891696751,0.555956678700361,0.1444043321299639,237.0,,,True,True,True,True,False,False
1000200000,2023-10,True,41.0,132.0,274.0,1.0,1.0,4.0,0.0,0.0,,,,35933508.17,90495444.96,16262168.88,1.0,2.0,2.0,True,0.3029197080291971,0.5802919708029197,0.11678832116788321,242.0,,,True,True,True,True,False,False
1000200000,2023-11,True,77.0,172.0,315.0,1.0,1.0,4.0,0.0,0.0,,,,37061949.92,112314798.4,16262168.88,1.0,1.0,1.0,True,0.2634920634920635,0.6349206349206349,0.10158730158730159,283.0,,,True,True,True,True,False,False
1000200000,2023-12,True,50.0,168.0,314.0,9.0,10.0,4.0,0.0,0.0,,,,30200635.6,78703473.38,16262168.88,0.0,1.0,1.0,True,0.2929936305732484,0.6050955414012739,0.10191082802547771,282.0,,,True,True,True,True,False,False
1000200000,2024-01,True,37.0,164.0,296.0,9.0,10.0,4.0,0.0,0.0,,,,35063253.370000005,70996761.54,16262168.88,0.0,1.0,3.0,True,0.3141891891891892,0.5743243243243243,0.11148648648648649,263.0,,,True,True,True,True,False,False
1000200000,2024-02,True,84.0,171.0,343.0,9.0,10.0,4.0,0.0,0.0,,,,19253591.9,56315541.82,5672953.76,0.0,1.0,1.0,True,0.32653061224489793,0.6180758017492711,0.05539358600583091,324.0,,,True,True,True,True,False,False
1000200000,2024-03,True,122.0,243.0,411.0,0.0,9.0,4.0,0.0,0.0,,,,59546505.53,89747141.13,8131084.44,0.0,0.0,1.0,False,0.3844282238442822,0.5182481751824818,0.09732360097323602,371.0,,,True,True,True,True,False,False
1000200000,2024-04,True,83.0,289.0,453.0,0.0,9.0,4.0,0.0,0.0,,,,101561943.47,136625196.84,8131084.44,0.0,0.0,3.0,False,0.3730684326710817,0.5187637969094923,0.10816777041942605,404.0,,,True,True,True,True,False,False
1000200000,2024-05,True,96.0,301.0,472.0,0.0,9.0,4.0,0.0,0.0,,,,136255463.26,155509055.16,14906988.14,0.0,0.0,1.0,False,0.4004237288135593,0.4809322033898305,0.11864406779661017,416.0,,,True,True,True,True,False,False
1000200000,2024-06,True,99.0,278.0,521.0,8.0,8.0,4.0,0.0,0.0,,,,136276557.63,195823063.16,14906988.14,0.0,0.0,2.0,True,0.3435700575815739,0.5412667946257198,0.11516314779270634,461.0,,,True,True,True,True,False,False
1000200000,2024-07,True,59.0,254.0,543.0,8.0,8.0,4.0,0.0,0.0,,,,116062885.85,217624829.32,14906988.14,0.0,0.0,3.0,True,0.31860036832412525,0.567219152854512,0.1141804788213628,481.0,,,True,True,True,True,False,False
1000200000,2024-08,True,81.0,239.0,540.0,9.0,9.0,4.0,0.0,0.0,,,,141015808.83,277271272.09000003,14906988.14,0.0,0.0,1.0,True,0.30925925925925923,0.5574074074074075,0.13333333333333333,468.0,,,True,True,True,True,False,False
1000200000,2024-09,True,99.0,239.0,517.0,1.0,9.0,4.0,0.0,0.0,,,,133547290.10000002,269823847.73,14906988.14,0.0,0.0,2.0,True,0.29980657640232106,0.6092843326885881,0.09090909090909091,470.0,,,True,True,True,True,False,False
1000200000,2024-10,True,141.0,321.0,575.0,1.0,9.0,4.0,0.0,0.0,,,,200950153.08,317013038.93,14906988.14,0.0,0.0,1.0,True,0.3843478260869565,0.5530434782608695,0.06260869565217392,539.0,,,True,True,True,True,False,False
1000200000,2024-11,True,97.0,337.0,576.0,0.0,9.0,4.0,0.0,0.0,,,,194201510.99,335217319.82000005,18437099.72,0.0,0.0,2.0,False,0.3993055555555556,0.5538194444444444,0.046875,549.0,,,True,True,True,True,False,False
1000200000,2024-12,True,131.0,369.0,608.0,0.0,1.0,4.0,0.0,0.0,,,,210765200.13,344312490.23,18437099.72,0.0,0.0,4.0,False,0.4342105263157895,0.5296052631578947,0.03618421052631579,586.0,,,True,True,True,True,False,False
1000200000,2025-01,True,89.0,317.0,638.0,0.0,1.0,4.0,0.0,0.0,,,,142822986.5,343773139.58,18437099.72,0.0,0.0,1.0,False,0.4780564263322884,0.49686520376175547,0.025078369905956112,622.0,,,True,True,True,True,False,False
1000200000,2025-02,True,73.0,293.0,630.0,0.0,0.0,3.0,0.0,0.0,,,,95476110.33,289677621.32,18437099.72,0.0,0.0,1.0,False,0.5079365079365079,0.4873015873015873,0.004761904761904762,627.0,,,True,True,True,True,False,False
1000200000,2025-03,True,75.0,237.0,606.0,0.0,0.0,3.0,48450.0,48450.0,0.004891640866873065,0.0,1810.5695942208463,87722096.84,298487296.96999997,18437099.72,0.0,0.0,1.0,False,0.4768976897689769,0.5214521452145214,0.0016501650165016502,605.0,,,False,False,False,False,False,False
1000200000,2025-04,True,147.0,295.0,612.0,1.0,1.0,4.0,110107.0,110107.0,0.0026792120391982343,9.082074709146557e-06,1085.8219027854723,119556592.25,262379578.75,18437099.72,1.0,1.0,1.0,True,0.3888888888888889,0.6078431372549019,0.0032679738562091504,610.0,,,False,False,False,False,False,False
1000200000,2025-05,True,71.0,293.0,586.0,1.0,1.0,4.0,129756.88,129756.88,0.0022580690904405224,7.706720445189495e-06,1148.686326690346,149049953.85000002,244526064.18,10841445.92,1.0,1.0,1.0,True,0.3703071672354949,0.6262798634812287,0.0034129692832764505,584.0,,,False,False,False,False,False,False
1000200000,2025-06,True,86.0,304.0,541.0,1.0,1.0,4.0,105828.42,154278.42,0.002872574304709453,9.449257581281097e-06,1510.988101211376,159905483.39000002,247627580.23000002,10841445.92,1.0,1.0,2.0,True,0.34935304990757854,0.6414048059149723,0.009242144177449169,536.0,-0.0020190665621636116,9.449257581281097e-06,False,False,False,False,False,False
1000200000,2025-07,True,87.0,244.0,539.0,0.0,1.0,4.0,78793.3,188900.3,0.003096709999454268,0.0,1878.0269045718355,147975937.3,267532529.55,10841445.92,0.0,1.0,1.0,False,0.32838589981447125,0.6623376623376623,0.00927643784786642,534.0,0.0004174979602560337,-9.082074709146557e-06,False,False,False,False,False,False
1000200000,2025-08,True,65.0,238.0,531.0,0.0,1.0,4.0,92083.42,221840.3,0.0025846129520384884,0.0,1435.3335009711845,132170417.61,281220371.46000004,10841445.92,0.0,1.0,1.0,False,0.32015065913371,0.6685499058380414,0.011299435028248588,525.0,0.00032654386159796604,-7.706720445189495e-06,False,False,False,False,False,False
1000200000,2025-09,True,80.0,232.0,536.0,0.0,1.0,4.0,70600.88,176429.3,0.0032860780205572508,0.0,1748.6995458130266,123459726.79,283365210.18,8917912.5,0.0,1.0,3.0,False,0.36007462686567165,0.6268656716417911,0.013059701492537313,529.0,0.00041350371584779767,-9.449257581281097e-06,False,False,False,False,False,False
1000200000,2025-10,True,54.0,199.0,443.0,0.0,0.0,3.0,45534.0,124327.3,0.004370360609654325,0.0,1907.0336372820311,86834869.64,234810806.94,8917912.5,0.0,0.0,1.0,False,0.3972911963882618,0.5869074492099323,0.01580135440180587,436.0,0.0012736506102000566,0.0,False,False,False,False,False,False
1000200000,2025-11,True,75.0,209.0,447.0,1.0,1.0,4.0,39569.0,131652.41999999998,0.005281912608355026,2.527230913088529e-05,2113.7747494250552,83639953.06,215810370.67,3821962.5,1.0,1.0,1.0,True,0.41834451901565994,0.5637583892617449,0.017897091722595078,439.0,0.0026972996563165374,2.527230913088529e-05,False,False,False,False,False,False
1000200000,2025-12,True,16.0,145.0,377.0,1.0,1.0,4.0,14239.82,84840.70000000001,0.010182712983731535,7.022560678435543e-05,3486.0476852937745,49640691.55,173100418.34,3821962.5,1.0,1.0,10.0,True,0.4376657824933687,0.5517241379310345,0.010610079575596816,373.0,0.006896634963174285,7.022560678435543e-05,False,False,False,False,False,False
1000200000,2026-01,True,41.0,132.0,331.0,1.0,1.0,4.0,6644.82,52178.82,0.019865097925903186,0.00015049316610532716,8517.056672716491,56594308.519999996,143429178.16,3821962.5,2.0,2.0,3.0,True,0.44108761329305135,0.5438066465256798,0.015105740181268883,326.0,0.015494737316248862,0.00015049316610532716,False,False,False,False,False,False
1000200000,2026-02,True,9.0,66.0,275.0,0.0,1.0,4.0,-21130.46,18438.54,,,,32112496.18,115752449.24,3821962.5,1.0,2.0,4.0,False,0.44727272727272727,0.5381818181818182,0.014545454545454545,271.0,,,True,True,True,True,False,False
1000201000,2019-09,False,0.0,0.0,0.0,0.0,0.0,0.0,0.0,0.0,,,,0.0,0.0,0.0,0.0,0.0,,False,,,,0.0,,,True,True,True,True,True,True
1000201000,2022-02,False,0.0,0.0,0.0,0.0,0.0,0.0,0.0,0.0,,,,0.0,0.0,0.0,0.0,0.0,868.0,False,,,,0.0,,,True,True,True,True,False,True
1000201000,2023-08,False,0.0,0.0,0.0,0.0,0.0,0.0,0.0,0.0,,,,0.0,0.0,0.0,0.0,0.0,533.0,False,,,,0.0,,,True,True,True,True,False,True
1000201000,2023-09,False,2.0,2.0,2.0,0.0,0.0,3.0,0.0,0.0,,,,0.0,0.0,0.0,0.0,0.0,25.0,False,0.0,1.0,0.0,2.0,,,True,True,True,True,False,False
1000201000,2023-10,False,1.0,3.0,3.0,0.0,0.0,3.0,0.0,0.0,,,,0.0,0.0,0.0,0.0,0.0,17.0,False,0.0,0.6666666666666666,0.3333333333333333,2.0,,,True,True,True,True,False,False
1000201000,2024-02,False,0.0,0.0,8.0,0.0,0.0,3.0,0.0,0.0,,,,0.0,0.0,0.0,0.0,0.0,104.0,False,0.0,0.875,0.125,7.0,,,True,True,True,True,False,False
1000201000,2024-09,False,0.0,0.0,0.0,0.0,0.0,0.0,0.0,0.0,,,,0.0,0.0,0.0,0.0,0.0,199.0,False,,,,0.0,,,True,True,True,True,False,True
1000501600,2019-04,False,0.0,0.0,0.0,0.0,0.0,0.0,0.0,0.0,,,,0.0,0.0,0.0,0.0,0.0,,False,,,,0.0,,,True,True,True,True,True,True
1000501600,2019-05,False,5.0,5.0,5.0,5.0,5.0,4.0,0.0,0.0,,,,40653.26,40653.26,10370.29,0.0,0.0,9.0,True,0.6,0.0,0.4,3.0,,,True,True,True,True,False,False
1000501600,2019-06,False,15.0,20.0,20.0,7.0,7.0,4.0,0.0,0.0,,,,133541.57,133541.57,27048.57,0.0,0.0,1.0,True,0.3,0.05,0.65,7.0,,,True,True,True,True,False,False
1000501600,2019-07,False,26.0,46.0,46.0,7.0,7.0,4.0,0.0,0.0,,,,274391.89,274391.89,27048.57,0.0,0.0,3.0,True,0.45652173913043476,0.13043478260869565,0.41304347826086957,27.0,,,True,True,True,True,False,False
1000501600,2019-08,False,24.0,65.0,70.0,2.0,7.0,4.0,0.0,0.0,,,,372567.33,413220.59,27048.57,0.0,0.0,1.0,True,0.4,0.2714285714285714,0.32857142857142857,47.0,,,True,True,True,True,False,False
1000501600,2019-09,False,14.0,64.0,84.0,0.0,7.0,4.0,0.0,0.0,,,,382726.16000000003,516267.73000000004,27048.57,0.0,0.0,11.0,False,0.4523809523809524,0.23809523809523808,0.30952380952380953,58.0,,,True,True,True,True,False,False
1000501600,2019-10,False,4.0,42.0,88.0,0.0,7.0,4.0,0.0,0.0,,,,260640.39,535032.28,27048.57,0.0,0.0,14.0,False,0.4318181818181818,0.22727272727272727,0.3409090909090909,58.0,,,True,True,True,True,False,False
1000501600,2019-11,False,22.0,40.0,105.0,0.0,2.0,4.0,0.0,0.0,,,,146087.16,518654.49,27048.57,0.0,0.0,1.0,False,0.37142857142857144,0.3619047619047619,0.26666666666666666,77.0,,,True,True,True,True,False,False
1000501600,2019-12,False,11.0,37.0,101.0,0.0,0.0,3.0,0.0,0.0,,,,74852.07,457578.23000000004,27048.57,0.0,0.0,9.0,False,0.37623762376237624,0.45544554455445546,0.16831683168316833,84.0,,,True,True,True,True,False,False
1000501600,2020-01,False,8.0,41.0,83.0,0.0,0.0,3.0,0.0,0.0,,,,96070.20999999999,356710.6,29814.12,0.0,0.0,14.0,False,0.3253012048192771,0.5180722891566265,0.1566265060240964,70.0,,,True,True,True,True,False,False
1000501600,2020-02,False,7.0,26.0,66.0,0.0,0.0,3.0,0.0,0.0,,,,836968.1599999999,983055.3199999998,358531.0,0.0,0.0,9.0,False,0.36363636363636365,0.5,0.13636363636363635,57.0,,,True,True,True,True,False,False
1000501600,2020-03,False,8.0,23.0,60.0,0.0,0.0,3.0,0.0,0.0,,,,824418.0999999999,899270.1699999998,358531.0,0.0,0.0,5.0,False,0.35,0.55,0.1,54.0,,,True,True,True,True,False,False
1000501600,2020-05,False,0.0,13.0,39.0,0.0,0.0,3.0,0.0,0.0,,,,123956.91999999998,960925.0799999998,358531.0,0.0,0.0,43.0,False,0.5384615384615384,0.41025641025641024,0.05128205128205128,37.0,,,True,True,True,True,False,False
1000501600,2020-06,False,3.0,8.0,31.0,0.0,0.0,3.0,0.0,0.0,,,,104732.62999999999,929150.7299999999,358531.0,0.0,0.0,11.0,False,0.6451612903225806,0.2903225806451613,0.06451612903225806,29.0,,,True,True,True,True,False,False
1000501600,2020-07,False,4.0,7.0,27.0,0.0,0.0,3.0,0.0,0.0,,,,38473.869999999995,927604.2099999997,358531.0,0.0,0.0,7.0,False,0.6296296296296297,0.37037037037037035,0.0,27.0,,,True,True,True,True,False,False
1000501600,2020-08,False,3.0,10.0,23.0,0.0,0.0,3.0,0.0,0.0,,,,45765.969999999994,169722.88999999987,31110.87,0.0,0.0,10.0,False,0.6521739130434783,0.34782608695652173,0.0,23.0,,,True,True,True,True,False,False
1000501600,2020-09,False,2.0,9.0,17.0,0.0,0.0,3.0,0.0,0.0,,,,77660.1,182392.72999999986,31828.95,0.0,0.0,25.0,False,0.47058823529411764,0.5294117647058824,0.0,17.0,,,True,True,True,True,False,False
1000501600,2020-10,False,1.0,6.0,13.0,0.0,0.0,3.0,0.0,0.0,,,,45289.23,83763.09999999987,31828.95,0.0,0.0,19.0,False,0.3076923076923077,0.6923076923076923,0.0,13.0,,,True,True,True,True,False,False
1000501600,2020-11,False,11.0,14.0,24.0,0.0,0.0,3.0,0.0,0.0,,,,46314.350000000006,92080.31999999988,31828.95,0.0,0.0,3.0,False,0.4166666666666667,0.4583333333333333,0.125,21.0,,,True,True,True,True,False,False
1000501600,2020-12,False,3.0,15.0,24.0,0.0,0.0,3.0,0.0,0.0,,,,25780.08,103440.17999999988,31828.95,0.0,0.0,7.0,False,0.4166666666666667,0.4583333333333333,0.125,21.0,,,True,True,True,True,False,False
1000501600,2021-01,False,1.0,15.0,21.0,0.0,0.0,3.0,0.0,0.0,,,,19865.22,65154.44999999989,31828.95,0.0,0.0,25.0,False,0.47619047619047616,0.38095238095238093,0.14285714285714285,18.0,,,True,True,True,True,False,False
1000501600,2021-02,False,7.0,11.0,25.0,0.0,0.0,3.0,0.0,0.0,,,,35555.25,81869.59999999989,31828.95,0.0,0.0,2.0,False,0.48,0.4,0.12,22.0,,,True,True,True,True,False,False
1000501600,2021-03,False,20.0,28.0,43.0,0.0,0.0,3.0,0.0,0.0,,,,2258267.65,2284047.73,270485.7,0.0,0.0,5.0,False,0.3953488372093023,0.5348837209302325,0.06976744186046512,40.0,,,True,True,True,True,False,False
1000501600,2021-04,False,15.0,42.0,57.0,0.0,0.0,3.0,0.0,0.0,,,,2394714.59,2414579.81,270485.7,0.0,0.0,1.0,False,0.3684210526315789,0.5789473684210527,0.05263157894736842,54.0,,,True,True,True,True,False,False
1000501600,2021-05,False,6.0,41.0,52.0,0.0,0.0,3.0,0.0,0.0,,,,2395350.36,2430905.61,270485.7,0.0,0.0,8.0,False,0.3076923076923077,0.6730769230769231,0.019230769230769232,51.0,,,True,True,True,True,False,False
1000501600,2021-06,False,7.0,28.0,56.0,0.0,0.0,3.0,0.0,0.0,,,,1455683.7,3713951.3499999996,531132.63,0.0,0.0,7.0,False,0.2857142857142857,0.6964285714285714,0.017857142857142856,55.0,,,True,True,True,True,False,False
1000501600,2021-08,False,0.0,12.0,53.0,0.0,0.0,3.0,0.0,0.0,,,,1324859.1500000001,3720209.51,531132.63,0.0,0.0,33.0,False,0.2641509433962264,0.7169811320754716,0.018867924528301886,52.0,,,True,True,True,True,False,False
1000501600,2021-09,False,6.0,11.0,39.0,0.0,0.0,3.0,0.0,0.0,,,,30451.9,1486135.5999999999,531132.63,0.0,0.0,8.0,False,0.23076923076923078,0.7435897435897436,0.02564102564102564,38.0,,,True,True,True,True,False,False
1000501600,2021-10,False,1.0,7.0,25.0,0.0,0.0,3.0,0.0,0.0,,,,36.059999999999995,1349538.2299999997,531132.63,0.0,0.0,21.0,False,0.2,0.76,0.04,24.0,,,True,True,True,True,False,False
1000501600,2021-11,False,1.0,8.0,20.0,0.0,0.0,3.0,0.0,0.0,,,,650.5899999999999,1325509.74,531132.63,0.0,0.0,18.0,False,0.25,0.75,0.0,20.0,,,True,True,True,True,False,False
1000501600,2021-12,False,1.0,3.0,14.0,0.0,0.0,3.0,0.0,0.0,,,,9758.189999999999,40210.090000000004,19246.57,0.0,0.0,30.0,False,0.35714285714285715,0.6428571428571429,0.0,14.0,,,True,True,True,True,False,False
1000501600,2022-01,False,4.0,6.0,13.0,0.0,0.0,3.0,0.0,0.0,,,,33301.23,33337.29000000001,20740.58,0.0,0.0,10.0,False,0.46153846153846156,0.5384615384615384,0.0,13.0,,,True,True,True,True,False,False
1000501600,2022-04,False,0.0,3.0,9.0,0.0,0.0,3.0,0.0,0.0,,,,25283.85,58585.08,20740.58,0.0,0.0,60.0,False,0.8888888888888888,0.1111111111111111,0.0,9.0,,,True,True,True,True,False,False
1000501600,2022-05,False,1.0,1.0,9.0,0.0,0.0,3.0,0.0,0.0,,,,15060.39,73030.94,20740.58,0.0,0.0,19.0,False,0.8888888888888888,0.1111111111111111,0.0,9.0,,,True,True,True,True,False,False
1000501600,2022-07,False,0.0,2.0,5.0,0.0,0.0,3.0,0.0,0.0,,,,24204.04,49487.89,15060.39,0.0,0.0,35.0,False,0.8,0.2,0.0,5.0,,,True,True,True,True,False,False
1000501600,2023-02,False,0.0,0.0,0.0,0.0,0.0,0.0,0.0,0.0,,,,0.0,0.0,0.0,0.0,0.0,195.0,False,,,,0.0,,,True,True,True,True,False,True
1000501600,2023-03,False,1.0,1.0,1.0,0.0,0.0,3.0,0.0,0.0,,,,1229.06,1229.0600000000036,1229.06,0.0,0.0,20.0,False,1.0,0.0,0.0,1.0,,,True,True,True,True,False,False
1000501600,2023-04,False,2.0,3.0,3.0,0.0,0.0,3.0,0.0,0.0,,,,2603.4399999999996,2603.4400000000032,1229.06,0.0,0.0,11.0,False,0.6666666666666666,0.3333333333333333,0.0,3.0,,,True,True,True,True,False,False
1000501600,2023-06,False,0.0,3.0,4.0,0.0,0.0,3.0,0.0,0.0,,,,10518.029999999999,11747.090000000002,9143.65,0.0,0.0,50.0,False,0.75,0.25,0.0,4.0,,,True,True,True,True,False,False
1000501600,2023-10,False,0.0,0.0,2.0,0.0,0.0,3.0,0.0,0.0,,,,0.0,10350.390000000001,9143.65,0.0,0.0,114.0,False,0.5,0.5,0.0,2.0,,,True,True,True,True,False,False
1000501600,2023-11,False,1.0,1.0,2.0,0.0,0.0,3.0,0.0,0.0,,,,13993.099999999999,15199.840000000002,13993.1,0.0,0.0,13.0,False,0.0,1.0,0.0,2.0,,,True,True,True,True,False,False
1000501600,2023-12,False,5.0,6.0,7.0,0.0,0.0,3.0,0.0,0.0,,,,48044.6,49251.340000000004,13993.1,0.0,0.0,3.0,False,0.14285714285714285,0.8571428571428571,0.0,7.0,,,True,True,True,True,False,False
1000501600,2024-01,False,5.0,11.0,11.0,0.0,0.0,3.0,0.0,0.0,,,,64315.97,64315.97000000001,13993.1,0.0,0.0,4.0,False,0.09090909090909091,0.9090909090909091,0.0,11.0,,,True,True,True,True,False,False
1000501600,2024-04,False,0.0,5.0,16.0,0.0,0.0,3.0,0.0,0.0,,,,29392.949999999997,93708.92000000001,13993.1,0.0,0.0,73.0,False,0.0625,0.9375,0.0,16.0,,,True,True,True,True,False,False
1000501600,2024-09,False,0.0,0.0,2.0,0.0,0.0,3.0,0.0,0.0,,,,0.0,63657.9,31828.95,0.0,0.0,132.0,False,0.0,1.0,0.0,2.0,,,True,True,True,True,False,False
1000501600,2024-10,False,1.0,1.0,3.0,0.0,0.0,3.0,0.0,0.0,,,,1206.74,64864.64,31828.95,0.0,0.0,22.0,False,0.0,1.0,0.0,3.0,,,True,True,True,True,False,False
1000501600,2024-11,False,1.0,2.0,2.0,0.0,0.0,3.0,0.0,0.0,,,,2413.48,2413.48,1206.74,0.0,0.0,7.0,False,0.0,1.0,0.0,2.0,,,True,True,True,True,False,False
1000501600,2024-12,False,3.0,5.0,5.0,0.0,0.0,3.0,0.0,0.0,,,,2415.27,2415.27,1206.74,0.0,0.0,23.0,False,0.0,1.0,0.0,5.0,,,True,True,True,True,False,False
1000501600,2025-01,False,2.0,6.0,7.0,0.0,0.0,3.0,0.0,0.0,,,,18143.12,19349.86,9938.04,0.0,0.0,2.0,False,0.0,0.8571428571428571,0.14285714285714285,6.0,,,True,True,True,True,False,False
1000501600,2025-02,False,6.0,11.0,13.0,0.0,0.0,3.0,0.0,0.0,,,,100563.95000000001,102977.43000000001,31828.95,0.0,0.0,6.0,False,0.0,0.8461538461538461,0.15384615384615385,11.0,,,True,True,True,True,False,False
1000501600,2025-03,False,2.0,10.0,15.0,0.0,0.0,3.0,0.0,0.0,,,,101791.22000000002,104206.49,31828.95,0.0,0.0,17.0,False,0.06666666666666667,0.8,0.13333333333333333,13.0,,,True,True,True,True,False,False
1000501600,2025-04,False,3.0,11.0,17.0,0.0,0.0,3.0,10.0,10.0,1.1,0.0,8485.666000000001,84856.66,102999.78,31828.95,0.0,0.0,11.0,False,0.23529411764705882,0.6470588235294118,0.11764705882352941,15.0,,,False,False,False,False,False,False
1000501600,2025-06,False,0.0,3.0,13.0,0.0,0.0,3.0,10.0,10.0,0.3,0.0,0.003,0.03,101791.25,31828.95,0.0,0.0,72.0,False,0.3076923076923077,0.5384615384615384,0.15384615384615385,11.0,,,False,False,False,False,False,False
1000501600,2025-10,False,0.0,0.0,1.0,0.0,0.0,3.0,0.0,0.0,,,,0.0,0.01,0.01,0.0,0.0,118.0,False,1.0,0.0,0.0,1.0,,,True,True,True,True,False,False
1000501600,2025-11,False,0.0,0.0,1.0,0.0,0.0,3.0,18.0,18.0,0.0,0.0,0.0,0.0,0.01,0.01,0.0,0.0,149.0,False,1.0,0.0,0.0,1.0,,,False,False,False,False,False,False
1000501600,2025-12,False,2.0,2.0,3.0,0.0,0.0,3.0,18.0,18.0,0.1111111111111111,0.0,550.7027777777778,9912.65,9912.66,9143.65,0.0,0.0,14.0,False,0.6666666666666666,0.3333333333333333,0.0,3.0,,,False,False,False,False,False,False
1000502000,2019-04,False,0.0,0.0,0.0,0.0,0.0,0.0,0.0,0.0,,,,0.0,0.0,0.0,0.0,0.0,,False,,,,0.0,,,True,True,True,True,True,True
1000502000,2019-05,False,6.0,6.0,6.0,6.0,6.0,4.0,0.0,0.0,,,,19167.82,19167.82,9938.04,0.0,0.0,12.0,True,0.0,0.0,1.0,0.0,,,True,True,True,True,False,False
1000502000,2019-06,False,1.0,7.0,7.0,6.0,6.0,4.0,0.0,0.0,,,,19509.89,19509.89,9938.04,0.0,0.0,8.0,True,0.0,0.0,1.0,0.0,,,True,True,True,True,False,False
1000502000,2019-07,False,3.0,10.0,10.0,6.0,6.0,4.0,0.0,0.0,,,,34957.8,34957.8,9938.04,0.0,0.0,10.0,True,0.0,0.1,0.9,1.0,,,True,True,True,True,False,False
1000502000,2019-08,False,6.0,10.0,16.0,0.0,6.0,4.0,0.0,0.0,,,,158029.38,177197.2,27048.57,0.0,0.0,7.0,False,0.3125,0.125,0.5625,7.0,,,True,True,True,True,False,False
1000502000,2019-12,False,0.0,0.0,11.0,0.0,0.0,3.0,0.0,0.0,,,,0.0,165450.99999999997,27048.57,0.0,0.0,114.0,False,0.5454545454545454,0.2727272727272727,0.18181818181818182,9.0,,,True,True,True,True,False,False
1000502000,2020-01,False,1.0,1.0,9.0,0.0,0.0,3.0,0.0,0.0,,,,2040.15,152043.24,27048.57,0.0,0.0,27.0,False,0.6666666666666666,0.3333333333333333,0.0,9.0,,,True,True,True,True,False,False
1000502000,2020-02,False,2.0,3.0,5.0,0.0,0.0,3.0,0.0,0.0,,,,5705.46,13469.150000000001,6996.55,0.0,0.0,8.0,False,0.4,0.6,0.0,5.0,,,True,True,True,True,False,False
1000502000,2020-03,False,3.0,6.0,6.0,0.0,0.0,3.0,0.0,0.0,,,,8102.37,8102.37,3665.31,0.0,0.0,6.0,False,0.5,0.5,0.0,6.0,,,True,True,True,True,False,False
1000502000,2020-04,False,1.0,6.0,7.0,0.0,0.0,3.0,0.0,0.0,,,,33110.79,35150.94,27048.57,0.0,0.0,30.0,False,0.5714285714285714,0.42857142857142855,0.0,7.0,,,True,True,True,True,False,False
1000502000,2020-06,False,0.0,2.0,8.0,0.0,0.0,3.0,0.0,0.0,,,,86127.85,94230.22,59079.28,0.0,0.0,55.0,False,0.5,0.5,0.0,8.0,,,True,True,True,True,False,False
1000502000,2020-07,False,6.0,7.0,13.0,0.0,0.0,3.0,0.0,0.0,,,,72708.84,105819.63,59079.28,0.0,0.0,1.0,False,0.46153846153846156,0.46153846153846156,0.07692307692307693,12.0,,,True,True,True,True,False,False
1000502000,2020-08,False,3.0,9.0,14.0,0.0,0.0,3.0,0.0,0.0,,,,31825.47,120350.23,59079.28,0.0,0.0,7.0,False,0.5714285714285714,0.35714285714285715,0.07142857142857142,13.0,,,True,True,True,True,False,False
1000502000,2020-09,False,3.0,12.0,14.0,0.0,0.0,3.0,0.0,0.0,,,,42454.48,128582.33,59079.28,0.0,0.0,19.0,False,0.5,0.42857142857142855,0.07142857142857142,13.0,,,True,True,True,True,False,False
1000502000,2020-10,False,7.0,13.0,20.0,0.0,0.0,3.0,0.0,0.0,,,,76280.65,148989.49,59079.28,0.0,0.0,1.0,False,0.4,0.3,0.3,14.0,,,True,True,True,True,False,False
1000502000,2020-11,False,3.0,13.0,22.0,0.0,0.0,3.0,0.0,0.0,,,,58383.469999999994,90208.94,46728.42,0.0,0.0,2.0,False,0.36363636363636365,0.2727272727272727,0.36363636363636365,14.0,,,True,True,True,True,False,False
1000502000,2020-12,False,3.0,13.0,25.0,0.0,0.0,3.0,0.0,0.0,,,,75000.56,117455.04000000001,46728.42,0.0,0.0,7.0,False,0.44,0.24,0.32,17.0,,,True,True,True,True,False,False
1000502000,2021-01,False,9.0,15.0,28.0,0.0,0.0,3.0,0.0,0.0,,,,51757.26,128037.91,46728.42,0.0,0.0,3.0,False,0.5357142857142857,0.14285714285714285,0.32142857142857145,19.0,,,True,True,True,True,False,False
1000502000,2021-02,False,5.0,17.0,30.0,0.0,0.0,3.0,0.0,0.0,,,,92320.51999999999,150703.99,46728.42,0.0,0.0,6.0,False,0.5333333333333333,0.16666666666666666,0.3,21.0,,,True,True,True,True,False,False
1000502000,2021-03,False,3.0,17.0,30.0,0.0,0.0,3.0,0.0,0.0,,,,83659.05,158659.61,46728.42,0.0,0.0,7.0,False,0.5666666666666667,0.13333333333333333,0.3,21.0,,,True,True,True,True,False,False
1000502000,2021-04,False,10.0,18.0,33.0,0.0,0.0,3.0,0.0,0.0,,,,134708.79,186466.05,27048.57,0.0,0.0,7.0,False,0.6060606060606061,0.21212121212121213,0.18181818181818182,27.0,,,True,True,True,True,False,False
1000502000,2021-05,False,7.0,20.0,37.0,0.0,0.0,3.0,0.0,0.0,,,,493011.57999999996,585332.1,358531.0,0.0,0.0,2.0,False,0.6486486486486487,0.24324324324324326,0.10810810810810811,33.0,,,True,True,True,True,False,False
1000502000,2021-06,False,10.0,27.0,44.0,0.0,0.0,3.0,0.0,0.0,,,,515057.67000000004,598716.72,358531.0,1.0,1.0,11.0,False,0.5681818181818182,0.3181818181818182,0.11363636363636363,39.0,,,True,True,True,True,False,False
1000502000,2021-08,False,0.0,13.0,33.0,0.0,0.0,3.0,0.0,0.0,,,,51658.62000000006,544670.2,358531.0,1.0,1.0,33.0,False,0.48484848484848486,0.42424242424242425,0.09090909090909091,30.0,,,True,True,True,True,False,False
1000502000,2021-09,False,3.0,6.0,33.0,0.0,0.0,3.0,0.0,0.0,,,,11058.68000000006,526116.3499999999,358531.0,0.0,1.0,5.0,False,0.48484848484848486,0.42424242424242425,0.09090909090909091,30.0,,,True,True,True,True,False,False
1000502000,2021-10,False,5.0,8.0,28.0,0.0,0.0,3.0,0.0,0.0,,,,9093.600000000059,459916.99999999994,358531.0,0.0,1.0,4.0,False,0.5,0.4642857142857143,0.03571428571428571,27.0,,,True,True,True,True,False,False
1000502000,2021-11,False,4.0,12.0,25.0,0.0,0.0,3.0,0.0,0.0,,,,731533.9100000001,783192.53,717062.0,0.0,1.0,6.0,False,0.48,0.48,0.04,24.0,,,True,True,True,True,False,False
1000502000,2022-01,False,0.0,10.0,18.0,0.0,0.0,3.0,0.0,0.0,,,,731634.0300000001,740727.63,717062.0,0.0,0.0,32.0,False,0.5,0.5,0.0,18.0,,,True,True,True,True,False,False
1000502000,2022-02,False,1.0,7.0,19.0,0.0,0.0,3.0,0.0,0.0,,,,30183.37000000012,761717.28,717062.0,0.0,0.0,1.0,False,0.5263157894736842,0.47368421052631576,0.0,19.0,,,True,True,True,True,False,False
1000502000,2022-03,False,2.0,3.0,18.0,0.0,0.0,3.0,0.0,0.0,,,,27315.080000000118,768011.93,717062.0,0.0,0.0,5.0,False,0.4444444444444444,0.5555555555555556,0.0,18.0,,,True,True,True,True,False,False
1000502000,2022-04,False,8.0,11.0,21.0,0.0,0.0,3.0,0.0,0.0,,,,2177946.48,2909580.51,1462251.77,0.0,0.0,4.0,False,0.3333333333333333,0.6666666666666666,0.0,21.0,,,True,True,True,True,False,False
1000502000,2022-05,False,10.0,20.0,27.0,0.0,0.0,3.0,0.0,0.0,,,,2231473.61,2261656.98,1462251.77,0.0,0.0,3.0,False,0.3333333333333333,0.6666666666666666,0.0,27.0,,,True,True,True,True,False,False
1000502000,2022-06,False,2.0,20.0,23.0,0.0,0.0,3.0,0.0,0.0,,,,2225148.1999999997,2252463.28,1462251.77,0.0,0.0,9.0,False,0.34782608695652173,0.6521739130434783,0.0,23.0,,,True,True,True,True,False,False
1000502000,2022-07,False,5.0,17.0,28.0,0.0,0.0,3.0,0.0,0.0,,,,83771.77,2261718.25,1462251.77,0.0,0.0,7.0,False,0.42857142857142855,0.5357142857142857,0.03571428571428571,27.0,,,True,True,True,True,False,False
1000502000,2022-08,False,3.0,10.0,30.0,0.0,0.0,3.0,0.0,0.0,,,,14570.989999999998,2246044.6,1462251.77,0.0,0.0,12.0,False,0.4,0.5666666666666667,0.03333333333333333,29.0,,,True,True,True,True,False,False
1000502000,2022-09,False,2.0,10.0,30.0,0.0,0.0,3.0,0.0,0.0,,,,23804.44,2248952.6400000006,1462251.77,0.0,0.0,17.0,False,0.4666666666666667,0.5,0.03333333333333333,29.0,,,True,True,True,True,False,False
1000502000,2022-10,False,2.0,7.0,24.0,0.0,0.0,3.0,0.0,0.0,,,,20614.77,104386.54000000046,31828.95,0.0,0.0,9.0,False,0.5833333333333334,0.375,0.041666666666666664,23.0,,,True,True,True,True,False,False
1000502000,2022-12,False,0.0,9.0,19.0,0.0,0.0,3.0,0.0,0.0,,,,13099.880000000001,36904.320000000465,9143.65,0.0,0.0,34.0,False,0.7894736842105263,0.10526315789473684,0.10526315789473684,17.0,,,True,True,True,True,False,False
1000502000,2023-03,False,0.0,3.0,12.0,0.0,0.0,3.0,0.0,0.0,,,,311.7600000000018,13411.640000000465,6065.3,0.0,0.0,63.0,False,0.9166666666666666,0.0,0.08333333333333333,11.0,,,True,True,True,True,False,False
1000502000,2023-04,False,1.0,1.0,11.0,0.0,0.0,3.0,0.0,0.0,,,,0.0,7346.340000000466,6065.3,0.0,0.0,11.0,False,0.8181818181818182,0.09090909090909091,0.09090909090909091,10.0,,,True,True,True,True,False,False
1000502000,2023-06,False,0.0,3.0,6.0,0.0,0.0,3.0,0.0,0.0,,,,9618.830000000002,9930.590000000466,9618.83,0.0,0.0,38.0,False,0.6666666666666666,0.3333333333333333,0.0,6.0,,,True,True,True,True,False,False
1000502000,2023-07,False,5.0,7.0,8.0,0.0,0.0,3.0,0.0,0.0,,,,21919.4,21919.400000000467,9618.83,0.0,0.0,1.0,False,0.625,0.375,0.0,8.0,,,True,True,True,True,False,False
1000502000,2023-08,False,1.0,6.0,9.0,0.0,0.0,3.0,0.0,0.0,,,,18365.870000000003,27984.700000000466,9618.83,0.0,0.0,5.0,False,0.6666666666666666,0.3333333333333333,0.0,9.0,,,True,True,True,True,False,False
1000502000,2023-09,False,2.0,8.0,11.0,0.0,0.0,3.0,0.0,0.0,,,,36195.15,45813.98000000046,11763.98,0.0,0.0,10.0,False,0.7272727272727273,0.2727272727272727,0.0,11.0,,,True,True,True,True,False,False
1000502000,2023-10,False,4.0,7.0,14.0,0.0,0.0,3.0,0.0,0.0,,,,35386.47,57305.87000000046,11763.98,0.0,0.0,3.0,False,0.8571428571428571,0.14285714285714285,0.0,14.0,,,True,True,True,True,False,False
1000502000,2023-11,False,3.0,9.0,15.0,0.0,0.0,3.0,0.0,0.0,,,,57978.76,76344.63000000047,18287.3,0.0,0.0,6.0,False,0.8,0.2,0.0,15.0,,,True,True,True,True,False,False
1000502000,2023-12,False,2.0,9.0,17.0,0.0,0.0,3.0,0.0,0.0,,,,49293.130000000005,85488.28000000046,18287.3,0.0,0.0,18.0,False,0.7647058823529411,0.23529411764705882,0.0,17.0,,,True,True,True,True,False,False
1000502000,2024-01,False,3.0,8.0,15.0,0.0,0.0,3.0,0.0,0.0,,,,61539.520000000004,96925.99000000047,18359.97,0.0,0.0,25.0,False,0.7333333333333333,0.26666666666666666,0.0,15.0,,,True,True,True,True,False,False
1000502000,2024-02,False,3.0,8.0,17.0,0.0,0.0,3.0,0.0,0.0,,,,45012.530000000006,102991.29000000047,18359.97,0.0,0.0,3.0,False,0.7647058823529411,0.23529411764705882,0.0,17.0,,,True,True,True,True,False,False
1000502000,2024-03,False,8.0,14.0,23.0,0.0,0.0,3.0,0.0,0.0,,,,71800.70000000001,121093.83000000047,18359.97,0.0,0.0,2.0,False,0.782608695652174,0.17391304347826086,0.043478260869565216,22.0,,,True,True,True,True,False,False
1000502000,2024-04,False,1.0,12.0,20.0,0.0,0.0,3.0,0.0,0.0,,,,48290.07,109829.59000000046,18359.97,0.0,0.0,17.0,False,0.75,0.2,0.05,19.0,,,True,True,True,True,False,False
1000502000,2024-08,False,0.0,0.0,10.0,0.0,0.0,3.0,0.0,0.0,,,,0.0,36159.48000000047,6065.3,0.0,0.0,105.0,False,0.8,0.1,0.1,9.0,,,True,True,True,True,False,False
1000502000,2024-11,False,0.0,1.0,1.0,0.0,0.0,2.0,0.0,0.0,,,,0.0,0.0,0.0,0.0,0.0,86.0,False,1.0,0.0,0.0,1.0,,,True,True,True,True,False,False
1000502000,2024-12,False,3.0,3.0,4.0,0.0,0.0,3.0,0.0,0.0,,,,342.08,342.08000000046565,342.07,0.0,0.0,18.0,False,0.75,0.25,0.0,4.0,,,True,True,True,True,False,False
1000502000,2025-03,False,0.0,1.0,4.0,0.0,0.0,3.0,0.0,0.0,,,,798.97,1141.0500000004656,798.97,0.0,0.0,86.0,False,0.75,0.25,0.0,4.0,,,True,True,True,True,False,False
1000502000,2025-04,False,0.0,0.0,4.0,0.0,0.0,3.0,4.0,4.0,0.0,0.0,0.0,0.0,1141.0500000004656,798.97,0.0,0.0,117.0,False,0.75,0.25,0.0,4.0,,,False,False,False,False,False,False
1000502000,2025-05,False,1.0,1.0,5.0,0.0,0.0,3.0,4.0,4.0,0.25,0.0,85.5175,342.07,1483.1200000004656,798.97,0.0,0.0,9.0,False,0.8,0.2,0.0,5.0,,,False,False,False,False,False,False
1000502000,2025-07,False,0.0,2.0,2.0,0.0,0.0,3.0,0.0,4.0,,,,343.07,343.07000000046565,342.07,0.0,0.0,32.0,False,0.5,0.5,0.0,2.0,,,True,True,True,True,False,False
1000502000,2025-10,False,0.0,1.0,3.0,0.0,0.0,3.0,0.0,0.0,,,,31828.95,32172.020000000466,31828.95,0.0,0.0,86.0,False,0.6666666666666666,0.3333333333333333,0.0,3.0,,,True,True,True,True,False,False
1000502000,2025-11,False,1.0,1.0,3.0,0.0,0.0,3.0,0.0,0.0,,,,31828.95,63658.90000000047,31828.95,0.0,0.0,16.0,False,0.6666666666666666,0.3333333333333333,0.0,3.0,,,True,True,True,True,False,False
1000502000,2026-02,False,0.0,1.0,2.0,0.0,0.0,3.0,0.0,0.0,,,,31828.95,63657.900000000474,31828.95,0.0,0.0,73.0,False,1.0,0.0,0.0,2.0,,,True,True,True,True,False,False
1001000011,2022-05,False,0.0,0.0,0.0,0.0,0.0,0.0,0.0,0.0,,,,0.0,0.0,0.0,0.0,0.0,,False,,,,0.0,,,True,True,True,True,True,True
1001000024,2021-07,False,0.0,0.0,0.0,0.0,0.0,0.0,0.0,0.0,,,,0.0,0.0,0.0,0.0,0.0,,False,,,,0.0,,,True,True,True,True,True,True
1001000024,2023-01,False,0.0,0.0,0.0,0.0,0.0,0.0,0.0,0.0,,,,0.0,0.0,0.0,0.0,0.0,534.0,False,,,,0.0,,,True,True,True,True,False,True
1001000024,2024-05,False,0.0,0.0,0.0,0.0,0.0,0.0,0.0,0.0,,,,0.0,0.0,0.0,0.0,0.0,463.0,False,,,,0.0,,,True,True,True,True,False,True
1001000024,2024-10,False,0.0,0.0,1.0,0.0,0.0,3.0,0.0,0.0,,,,0.0,28522.0,28522.0,0.0,0.0,138.0,False,0.0,1.0,0.0,1.0,,,True,True,True,True,False,False
1001000024,2025-06,False,0.0,0.0,0.0,0.0,0.0,0.0,0.0,0.0,,,,0.0,0.0,0.0,0.0,0.0,221.0,False,,,,0.0,,,True,True,True,True,False,True
1001000024,2025-08,False,0.0,5.0,5.0,0.0,0.0,3.0,0.0,0.0,,,,1438.14,1438.14,1002.34,0.0,0.0,35.0,False,0.8,0.2,0.0,5.0,,,True,True,True,True,False,False
1001000025,2022-04,False,0.0,0.0,0.0,0.0,0.0,0.0,0.0,0.0,,,,0.0,0.0,0.0,0.0,0.0,,False,,,,0.0,,,True,True,True,True,True,True
1001000025,2022-11,False,0.0,0.0,0.0,0.0,0.0,0.0,0.0,0.0,,,,0.0,0.0,0.0,0.0,0.0,187.0,False,,,,0.0,,,True,True,True,True,False,True
1001000025,2024-05,False,0.0,0.0,0.0,0.0,0.0,0.0,0.0,0.0,,,,0.0,0.0,0.0,0.0,0.0,540.0,False,,,,0.0,,,True,True,True,True,False,True
1001000025,2025-03,False,0.0,0.0,0.0,0.0,0.0,0.0,0.0,0.0,,,,0.0,0.0,0.0,0.0,0.0,290.0,False,,,,0.0,,,True,True,True,True,False,True
1001000025,2025-06,False,0.0,1.0,1.0,0.0,0.0,3.0,64.0,64.0,0.015625,0.0,17.140625,1097.0,1097.0,1097.0,0.0,0.0,66.0,False,1.0,0.0,0.0,1.0,,,False,False,False,False,False,False
1001000025,2025-07,False,0.0,0.0,1.0,0.0,0.0,3.0,24.0,88.0,0.0,0.0,0.0,0.0,1097.0,1097.0,0.0,0.0,96.0,False,1.0,0.0,0.0,1.0,-0.015625,0.0,False,False,False,False,False,False
1001000025,2025-08,False,1.0,1.0,2.0,0.0,0.0,3.0,24.0,88.0,0.041666666666666664,0.0,45.708333333333336,1097.0,2194.0,1097.0,0.0,0.0,30.0,False,1.0,0.0,0.0,2.0,0.026041666666666664,0.0,False,False,False,False,False,False
1001000025,2025-09,False,1.0,2.0,3.0,0.0,0.0,3.0,24.0,88.0,0.08333333333333333,0.0,91.41666666666667,2194.0,3291.0,1097.0,0.0,0.0,18.0,False,1.0,0.0,0.0,3.0,0.06770833333333333,0.0,False,False,False,False,False,False
1001000025,2025-11,False,0.0,1.0,2.0,0.0,0.0,3.0,16.0,40.0,0.0625,0.0,68.5625,1097.0,2194.0,1097.0,0.0,0.0,79.0,False,1.0,0.0,0.0,2.0,0.020833333333333336,0.0,False,False,False,False,False,False
2000000501,2019-05,False,0.0,0.0,0.0,0.0,0.0,0.0,0.0,0.0,,,,0.0,0.0,0.0,0.0,0.0,,False,,,,0.0,,,True,True,True,True,True,True
2000000501,2019-06,False,2.0,2.0,2.0,0.0,0.0,3.0,0.0,0.0,,,,3338.84,3338.84,2364.65,0.0,0.0,8.0,False,0.0,0.5,0.5,1.0,,,True,True,True,True,False,False
2000000501,2019-09,False,0.0,1.0,3.0,0.0,0.0,3.0,0.0,0.0,,,,2511.1,5849.9400000000005,2511.1,0.0,0.0,75.0,False,0.3333333333333333,0.3333333333333333,0.3333333333333333,2.0,,,True,True,True,True,False,False
2000000501,2019-10,False,3.0,3.0,6.0,0.0,0.0,3.0,0.0,0.0,,,,15.55,5865.49,2511.1,0.0,0.0,12.0,False,0.5,0.3333333333333333,0.16666666666666666,5.0,,,True,True,True,True,False,False
2000000501,2019-12,False,0.0,8.0,9.0,0.0,0.0,3.0,0.0,0.0,,,,5259.120000000001,7770.22,2540.26,0.0,0.0,32.0,False,0.5555555555555556,0.2222222222222222,0.2222222222222222,7.0,,,True,True,True,True,False,False
2000000501,2020-01,False,4.0,9.0,12.0,0.0,0.0,3.0,0.0,0.0,,,,5736.130000000001,5751.680000000001,2540.26,0.0,0.0,11.0,False,0.4166666666666667,0.3333333333333333,0.25,9.0,,,True,True,True,True,False,False
2000000501,2020-02,False,12.0,16.0,24.0,0.0,0.0,3.0,0.0,0.0,,,,30013.02,35272.14,18917.2,0.0,0.0,4.0,False,0.625,0.25,0.125,21.0,,,True,True,True,True,False,False
2000000501,2020-03,False,1.0,17.0,25.0,0.0,0.0,3.0,0.0,0.0,,,,30075.21,35334.33,18917.2,0.0,0.0,9.0,False,0.64,0.24,0.12,22.0,,,True,True,True,True,False,False
2000000501,2020-06,False,0.0,6.0,23.0,0.0,0.0,3.0,0.0,0.0,,,,23738.27,53813.479999999996,18917.2,0.0,0.0,67.0,False,0.6956521739130435,0.2608695652173913,0.043478260869565216,22.0,,,True,True,True,True,False,False
2000000501,2020-07,False,2.0,2.0,21.0,0.0,0.0,3.0,0.0,0.0,,,,54945.33,108266.25,53837.76,0.0,0.0,22.0,False,0.8095238095238095,0.19047619047619047,0.0,21.0,,,True,True,True,True,False,False
2000000501,2020-08,False,3.0,5.0,12.0,0.0,0.0,3.0,0.0,0.0,,,,62554.5,86354.96,53837.76,0.0,0.0,12.0,False,0.75,0.25,0.0,12.0,,,True,True,True,True,False,False
2000000501,2020-09,False,3.0,8.0,14.0,0.0,0.0,3.0,0.0,0.0,,,,62554.520000000004,86292.79000000001,53837.76,0.0,0.0,4.0,False,0.5714285714285714,0.35714285714285715,0.07142857142857142,13.0,,,True,True,True,True,False,False
2000000501,2020-10,False,9.0,15.0,17.0,0.0,0.0,3.0,0.0,0.0,,,,13117.12,68062.45,53837.76,0.0,0.0,2.0,False,0.35294117647058826,0.29411764705882354,0.35294117647058826,11.0,,,True,True,True,True,False,False
2000000501,2020-11,False,21.0,33.0,38.0,0.0,0.0,3.0,0.0,0.0,,,,21791.670000000002,84346.17,53837.76,0.0,0.0,2.0,False,0.47368421052631576,0.3157894736842105,0.21052631578947367,30.0,,,True,True,True,True,False,False
2000000501,2020-12,False,2.0,32.0,40.0,0.0,0.0,3.0,0.0,0.0,,,,21791.72,84346.24,53837.76,0.0,0.0,1.0,False,0.45,0.35,0.2,32.0,,,True,True,True,True,False,False
2000000501,2021-01,False,5.0,28.0,43.0,0.0,0.0,3.0,0.0,0.0,,,,18736.710000000003,31853.83,2704.26,0.0,0.0,22.0,False,0.4186046511627907,0.37209302325581395,0.20930232558139536,34.0,,,True,True,True,True,False,False
2000000501,2021-02,False,4.0,11.0,44.0,0.0,0.0,3.0,0.0,0.0,,,,4999.66,26791.330000000005,2540.26,0.0,0.0,4.0,False,0.4090909090909091,0.36363636363636365,0.22727272727272727,34.0,,,True,True,True,True,False,False
2000000501,2021-03,False,1.0,10.0,42.0,0.0,0.0,3.0,0.0,0.0,,,,10408.11,32199.83,5408.52,0.0,0.0,11.0,False,0.4523809523809524,0.3333333333333333,0.21428571428571427,33.0,,,True,True,True,True,False,False
2000000501,2021-04,False,3.0,8.0,36.0,0.0,0.0,3.0,0.0,0.0,,,,13861.12,32597.83,5408.52,0.0,0.0,3.0,False,0.5,0.3611111111111111,0.1388888888888889,31.0,,,True,True,True,True,False,False
2000000501,2021-05,False,4.0,8.0,19.0,0.0,0.0,3.0,0.0,0.0,,,,11314.490000000002,16314.150000000001,5408.52,0.0,0.0,4.0,False,0.42105263157894735,0.3684210526315789,0.21052631578947367,15.0,,,True,True,True,True,False,False
2000000501,2021-06,False,3.0,10.0,20.0,0.0,0.0,3.0,0.0,0.0,,,,8279.8,18687.91,5408.52,0.0,0.0,6.0,False,0.45,0.35,0.2,16.0,,,True,True,True,True,False,False
2000000501,2021-07,False,2.0,9.0,17.0,1.0,1.0,4.0,0.0,0.0,,,,8274.91,22136.030000000002,5408.52,0.0,0.0,7.0,True,0.5294117647058824,0.29411764705882354,0.17647058823529413,14.0,,,True,True,True,True,False,False
2000000501,2021-08,False,2.0,7.0,15.0,1.0,1.0,4.0,0.0,0.0,,,,10802.55,22117.04,5408.52,0.0,0.0,9.0,True,0.5333333333333333,0.26666666666666666,0.2,12.0,,,True,True,True,True,False,False
2000000501,2021-09,False,3.0,7.0,17.0,1.0,1.0,4.0,0.0,0.0,,,,14958.860000000002,23238.660000000003,5408.52,0.0,0.0,5.0,True,0.5294117647058824,0.29411764705882354,0.17647058823529413,14.0,,,True,True,True,True,False,False
2000000501,2021-10,False,6.0,11.0,20.0,0.0,1.0,4.0,0.0,0.0,,,,23080.620000000003,31355.530000000006,5408.52,0.0,0.0,24.0,False,0.45,0.45,0.1,18.0,,,True,True,True,True,False,False
2000000501,2021-11,False,3.0,12.0,19.0,0.0,1.0,4.0,0.0,0.0,,,,28823.480000000003,39626.030000000006,5408.52,0.0,0.0,6.0,False,0.42105263157894735,0.5263157894736842,0.05263157894736842,18.0,,,True,True,True,True,False,False
2000000501,2021-12,False,4.0,13.0,20.0,0.0,1.0,4.0,0.0,0.0,,,,25971.79,40930.65,5408.52,0.0,0.0,2.0,False,0.35,0.55,0.1,18.0,,,True,True,True,True,False,False
2000000501,2022-01,False,2.0,9.0,20.0,0.0,0.0,3.0,0.0,0.0,,,,16596.13,39676.75,4647.13,0.0,0.0,11.0,False,0.3,0.6,0.1,18.0,,,True,True,True,True,False,False
2000000501,2022-02,False,1.0,7.0,19.0,0.0,0.0,3.0,0.0,0.0,,,,10865.85,39689.33,4647.13,0.0,0.0,8.0,False,0.2631578947368421,0.6842105263157895,0.05263157894736842,18.0,,,True,True,True,True,False,False
2000000501,2022-03,False,1.0,4.0,17.0,0.0,0.0,3.0,0.0,0.0,,,,7328.129999999999,33299.920000000006,4647.13,0.0,0.0,15.0,False,0.17647058823529413,0.7058823529411765,0.11764705882352941,15.0,,,True,True,True,True,False,False
2000000501,2022-04,False,13.0,15.0,24.0,0.0,0.0,3.0,0.0,0.0,,,,23463.949999999997,40060.08,5608.1,0.0,0.0,1.0,False,0.2916666666666667,0.625,0.08333333333333333,22.0,,,True,True,True,True,False,False
2000000501,2022-05,False,15.0,29.0,36.0,0.0,0.0,3.0,0.0,0.0,,,,43927.17999999999,54793.03,5608.1,0.0,0.0,2.0,False,0.4444444444444444,0.5,0.05555555555555555,34.0,,,True,True,True,True,False,False
2000000501,2022-06,False,3.0,31.0,35.0,0.0,0.0,3.0,0.0,0.0,,,,46036.46,53364.590000000004,5608.1,0.0,0.0,15.0,False,0.4857142857142857,0.4857142857142857,0.02857142857142857,34.0,,,True,True,True,True,False,False
2000000501,2022-08,False,0.0,17.0,46.0,0.0,0.0,3.0,0.0,0.0,,,,41279.81,85206.98999999999,6403.26,0.0,0.0,33.0,False,0.5,0.4782608695652174,0.021739130434782608,45.0,,,True,True,True,True,False,False
2000000501,2022-09,False,9.0,23.0,54.0,0.0,0.0,3.0,0.0,0.0,,,,39030.030000000006,85066.49,6403.26,0.0,0.0,6.0,False,0.42592592592592593,0.5740740740740741,0.0,54.0,,,True,True,True,True,False,False
2000000501,2022-10,False,7.0,16.0,48.0,0.0,0.0,3.0,0.0,0.0,,,,0.36,64283.66000000001,6403.26,0.0,0.0,10.0,False,0.4166666666666667,0.5833333333333334,0.0,48.0,,,True,True,True,True,False,False
2000000501,2022-12,False,0.0,17.0,40.0,0.0,0.0,3.0,0.0,0.0,,,,0.35,39030.380000000005,6403.26,0.0,0.0,34.0,False,0.225,0.775,0.0,40.0,,,True,True,True,True,False,False
2000000501,2023-01,False,2.0,12.0,28.0,0.0,0.0,3.0,0.0,0.0,,,,2364.88,2365.2400000000002,2364.65,0.0,0.0,4.0,False,0.14285714285714285,0.8571428571428571,0.0,28.0,,,True,True,True,True,False,False
2000000501,2023-04,False,0.0,2.0,14.0,0.0,0.0,3.0,0.0,0.0,,,,2364.6600000000003,4729.540000000001,2364.65,0.0,0.0,65.0,False,0.2857142857142857,0.7142857142857143,0.0,14.0,,,True,True,True,True,False,False
2000000501,2023-05,False,2.0,2.0,6.0,0.0,0.0,3.0,0.0,0.0,,,,5068.91,9798.23,2704.26,0.0,0.0,4.0,False,0.6666666666666666,0.3333333333333333,0.0,6.0,,,True,True,True,True,False,False
2000000501,2023-07,False,0.0,6.0,8.0,0.0,0.0,3.0,0.0,0.0,,,,9798.220000000001,12162.880000000001,2704.26,0.0,0.0,36.0,False,0.75,0.25,0.0,8.0,,,True,True,True,True,False,False
2000000501,2023-08,False,2.0,6.0,8.0,0.0,0.0,3.0,0.0,0.0,,,,10635.2,15704.11,3201.63,0.0,0.0,4.0,False,0.5,0.5,0.0,8.0,,,True,True,True,True,False,False
2000000501,2023-10,False,0.0,3.0,9.0,0.0,0.0,3.0,0.0,0.0,,,,5905.89,15704.11,3201.63,0.0,0.0,54.0,False,0.4444444444444444,0.5555555555555556,0.0,9.0,,,True,True,True,True,False,False
2000000501,2023-11,False,1.0,2.0,8.0,0.0,0.0,3.0,0.0,0.0,,,,492.52,11127.720000000001,3201.63,0.0,0.0,15.0,False,0.625,0.375,0.0,8.0,,,True,True,True,True,False,False
2000000501,2024-02,False,0.0,1.0,3.0,0.0,0.0,3.0,0.0,0.0,,,,2364.65,2857.17,2364.65,0.0,0.0,92.0,False,0.3333333333333333,0.6666666666666666,0.0,3.0,,,True,True,True,True,False,False
2000000501,2024-04,False,0.0,7.0,9.0,0.0,0.0,3.0,0.0,0.0,,,,19687.09,22544.26,5608.1,0.0,0.0,47.0,False,0.6666666666666666,0.3333333333333333,0.0,9.0,,,True,True,True,True,False,False
2000000501,2024-09,False,0.0,0.0,5.0,0.0,0.0,3.0,0.0,0.0,,,,0.0,2867.32,2704.26,0.0,0.0,129.0,False,0.2,0.8,0.0,5.0,,,True,True,True,True,False,False
2000000501,2025-02,False,0.0,0.0,1.0,0.0,0.0,3.0,0.0,0.0,,,,0.0,2364.65,2364.65,0.0,0.0,135.0,False,0.0,1.0,0.0,1.0,,,True,True,True,True,False,False
2000000501,2025-04,False,0.0,1.0,1.0,0.0,0.0,3.0,0.0,0.0,,,,2704.26,2704.26,2704.26,0.0,0.0,55.0,False,0.0,1.0,0.0,1.0,,,True,True,True,True,False,False
2000000501,2025-07,False,0.0,2.0,3.0,0.0,0.0,3.0,0.0,0.0,,,,70870.68,73574.93999999999,38419.56,0.0,0.0,67.0,False,0.6666666666666666,0.3333333333333333,0.0,3.0,,,True,True,True,True,False,False
2000000501,2025-09,False,0.0,1.0,3.0,0.0,0.0,3.0,0.0,0.0,,,,3.05,70873.73,38419.56,0.0,0.0,38.0,False,1.0,0.0,0.0,3.0,,,True,True,True,True,False,False
2000000501,2025-12,False,0.0,1.0,2.0,0.0,0.0,3.0,0.0,0.0,,,,1.8,4.85,3.05,0.0,0.0,77.0,False,1.0,0.0,0.0,2.0,,,True,True,True,True,False,False
2000000532,2019-04,False,0.0,0.0,0.0,0.0,0.0,0.0,0.0,0.0,,,,0.0,0.0,0.0,0.0,0.0,,False,,,,0.0,,,True,True,True,True,True,True
2000000532,2019-08,False,0.0,0.0,3.0,0.0,3.0,4.0,0.0,0.0,,,,0.0,136.97,85.42,0.0,0.0,93.0,False,0.0,0.0,1.0,0.0,,,True,True,True,True,False,False
2000000532,2019-10,False,0.0,3.0,6.0,0.0,3.0,4.0,0.0,0.0,,,,117.47,254.44,85.42,0.0,0.0,34.0,False,0.0,0.16666666666666666,0.8333333333333334,1.0,,,True,True,True,True,False,False
2000000532,2019-11,False,2.0,5.0,5.0,0.0,0.0,3.0,0.0,0.0,,,,649.45,649.45,495.15,0.0,0.0,11.0,False,0.2,0.2,0.6,2.0,,,True,True,True,True,False,False
2000000532,2019-12,False,2.0,4.0,7.0,0.0,0.0,3.0,0.0,0.0,,,,592.1800000000001,709.6500000000001,495.15,0.0,0.0,6.0,False,0.2857142857142857,0.2857142857142857,0.42857142857142855,4.0,,,True,True,True,True,False,False
2000000532,2020-01,False,3.0,7.0,10.0,0.0,0.0,3.0,0.0,0.0,,,,712.64,830.11,495.15,0.0,0.0,1.0,False,0.2,0.5,0.3,7.0,,,True,True,True,True,False,False
2000000532,2020-02,False,1.0,6.0,11.0,0.0,0.0,3.0,0.0,0.0,,,,266.08,915.5300000000001,495.15,0.0,0.0,5.0,False,0.18181818181818182,0.45454545454545453,0.36363636363636365,7.0,,,True,True,True,True,False,False
2000000532,2020-08,False,0.0,0.0,2.0,0.0,0.0,3.0,0.0,0.0,,,,0.0,4750.91,4665.49,0.0,0.0,157.0,False,0.5,0.5,0.0,2.0,,,True,True,True,True,False,False
2000000532,2020-10,False,0.0,1.0,1.0,0.0,0.0,3.0,0.0,0.0,,,,978.34,978.34,978.34,0.0,0.0,42.0,False,1.0,0.0,0.0,1.0,,,True,True,True,True,False,False
2000000532,2020-12,False,0.0,1.0,2.0,0.0,0.0,3.0,0.0,0.0,,,,14.72,993.0600000000001,978.34,0.0,0.0,34.0,False,0.5,0.5,0.0,2.0,,,True,True,True,True,False,False
2000000532,2021-01,False,2.0,3.0,4.0,0.0,0.0,3.0,0.0,0.0,,,,90.61,1068.95,978.34,0.0,0.0,23.0,False,0.25,0.75,0.0,4.0,,,True,True,True,True,False,False
2000000532,2021-02,False,2.0,4.0,6.0,0.0,0.0,3.0,0.0,0.0,,,,147.52,1140.58,978.34,0.0,0.0,5.0,False,0.3333333333333333,0.6666666666666666,0.0,6.0,,,True,True,True,True,False,False
2000000532,2021-05,False,0.0,1.0,5.0,0.0,0.0,3.0,0.0,0.0,,,,36.83,184.35000000000002,71.62,0.0,0.0,80.0,False,0.4,0.6,0.0,5.0,,,True,True,True,True,False,False
2000000532,2021-06,False,1.0,1.0,6.0,0.0,0.0,3.0,0.0,0.0,,,,69.66,254.01,71.62,0.0,0.0,15.0,False,0.3333333333333333,0.6666666666666666,0.0,6.0,,,True,True,True,True,False,False
2000000532,2021-08,False,0.0,3.0,4.0,0.0,0.0,3.0,0.0,0.0,,,,226.70000000000002,263.53,85.42,0.0,0.0,55.0,False,0.5,0.5,0.0,4.0,,,True,True,True,True,False,False
2000000532,2021-09,False,1.0,3.0,4.0,0.0,0.0,3.0,0.0,0.0,,,,546.7,616.36,389.66,0.0,0.0,9.0,False,0.5,0.5,0.0,4.0,,,True,True,True,True,False,False
2000000532,2022-03,False,0.0,0.0,1.0,0.0,0.0,2.0,0.0,0.0,,,,0.0,389.66,389.66,0.0,0.0,174.0,False,1.0,0.0,0.0,1.0,,,True,True,True,True,False,False
2000000532,2022-04,False,1.0,1.0,1.0,0.0,0.0,3.0,0.0,0.0,,,,170.84,170.84,170.84,0.0,0.0,18.0,False,0.0,1.0,0.0,1.0,,,True,True,True,True,False,False
2000000532,2023-04,False,0.0,0.0,0.0,0.0,0.0,0.0,0.0,0.0,,,,0.0,0.0,0.0,0.0,0.0,348.0,False,,,,0.0,,,True,True,True,True,False,True
2000000532,2023-06,False,0.0,1.0,1.0,0.0,0.0,3.0,0.0,0.0,,,,36.83,36.83,36.83,0.0,0.0,34.0,False,0.0,1.0,0.0,1.0,,,True,True,True,True,False,False
2000000532,2023-09,False,0.0,1.0,2.0,0.0,0.0,3.0,0.0,0.0,,,,20.32,57.15,36.83,0.0,0.0,65.0,False,0.0,1.0,0.0,2.0,,,True,True,True,True,False,False
2000000532,2023-12,False,0.0,2.0,3.0,0.0,0.0,3.0,0.0,0.0,,,,447.8,468.12,389.66,0.0,0.0,74.0,False,0.3333333333333333,0.6666666666666666,0.0,3.0,,,True,True,True,True,False,False
2000000532,2024-01,False,1.0,1.0,3.0,0.0,0.0,3.0,0.0,0.0,,,,170.84,618.64,389.66,0.0,0.0,11.0,False,0.3333333333333333,0.6666666666666666,0.0,3.0,,,True,True,True,True,False,False
2000000532,2024-02,False,1.0,2.0,4.0,0.0,0.0,3.0,0.0,0.0,,,,170.85,618.65,389.66,0.0,0.0,22.0,False,0.25,0.5,0.25,3.0,,,True,True,True,True,False,False
2000000532,2024-03,False,1.0,3.0,5.0,0.0,0.0,3.0,0.0,0.0,,,,185.57,633.37,389.66,0.0,0.0,8.0,False,0.2,0.6,0.2,4.0,,,True,True,True,True,False,False
2000000532,2024-12,False,0.0,0.0,0.0,0.0,0.0,0.0,0.0,0.0,,,,0.0,0.0,0.0,0.0,0.0,265.0,False,,,,0.0,,,True,True,True,True,False,True
2000000532,2025-02,False,0.0,1.0,1.0,0.0,0.0,3.0,0.0,0.0,,,,20.32,20.32,20.32,0.0,0.0,60.0,False,0.0,1.0,0.0,1.0,,,True,True,True,True,False,False
2000000532,2025-05,False,0.0,2.0,3.0,0.0,0.0,3.0,0.0,0.0,,,,185.56,205.88,170.84,0.0,0.0,76.0,False,0.0,1.0,0.0,3.0,,,True,True,True,True,False,False
2000000532,2025-06,False,4.0,4.0,7.0,0.0,0.0,3.0,0.0,0.0,,,,429.02000000000004,634.9000000000001,314.16,0.0,0.0,10.0,False,0.2857142857142857,0.7142857142857143,0.0,7.0,,,True,True,True,True,False,False
2000000532,2025-09,False,0.0,1.0,5.0,0.0,0.0,3.0,0.0,0.0,,,,0.0,429.02000000000004,314.16,0.0,0.0,69.0,False,0.6,0.4,0.0,5.0,,,True,True,True,True,False,False
2000000532,2025-10,False,1.0,1.0,6.0,0.0,0.0,3.0,0.0,0.0,,,,0.0,429.02000000000004,314.16,0.0,0.0,21.0,False,0.6666666666666666,0.3333333333333333,0.0,6.0,,,True,True,True,True,False,False
2000000657,2019-07,False,0.0,0.0,0.0,0.0,0.0,0.0,0.0,0.0,,,,0.0,0.0,0.0,0.0,0.0,,False,,,,0.0,,,True,True,True,True,True,True
2000000657,2021-07,False,0.0,0.0,0.0,0.0,0.0,0.0,0.0,0.0,,,,0.0,0.0,0.0,0.0,0.0,730.0,False,,,,0.0,,,True,True,True,True,False,True
2000000657,2021-08,False,12.0,12.0,12.0,12.0,12.0,4.0,0.0,0.0,,,,8966.2,8966.2,1259.6,0.0,0.0,4.0,True,0.25,0.75,0.0,12.0,,,True,True,True,True,False,False
2000000657,2021-11,False,0.0,8.0,20.0,7.0,19.0,4.0,0.0,0.0,,,,5712.33,14678.53,2017.85,0.0,0.0,68.0,True,0.15,0.85,0.0,20.0,,,True,True,True,True,False,False
2000000657,2021-12,False,1.0,1.0,21.0,0.0,19.0,4.0,0.0,0.0,,,,0.0,14678.53,2017.85,0.0,0.0,21.0,False,0.14285714285714285,0.8571428571428571,0.0,21.0,,,True,True,True,True,False,False
2000000657,2022-02,False,0.0,3.0,11.0,0.0,7.0,4.0,0.0,0.0,,,,2856.1499999999996,8568.48,2017.85,0.0,0.0,46.0,False,0.18181818181818182,0.8181818181818182,0.0,11.0,,,True,True,True,True,False,False
2000000657,2022-03,False,5.0,7.0,8.0,0.0,0.0,3.0,0.0,0.0,,,,5730.469999999999,5730.469999999999,2017.85,0.0,0.0,1.0,False,0.875,0.125,0.0,8.0,,,True,True,True,True,False,False
2000000657,2022-05,False,0.0,8.0,11.0,0.0,0.0,3.0,0.0,0.0,,,,3182.2200000000003,6038.37,2017.85,0.0,0.0,34.0,False,0.8181818181818182,0.18181818181818182,0.0,11.0,,,True,True,True,True,False,False
2000000657,2022-06,False,6.0,9.0,16.0,0.0,0.0,3.0,0.0,0.0,,,,5876.299999999999,11606.77,2017.85,0.0,0.0,21.0,False,0.875,0.125,0.0,16.0,,,True,True,True,True,False,False
2000000657,2022-08,False,0.0,7.0,15.0,0.0,0.0,3.0,0.0,0.0,,,,5813.32,8995.539999999999,1747.66,0.0,0.0,32.0,False,0.8,0.2,0.0,15.0,,,True,True,True,True,False,False
2000000657,2022-10,False,0.0,1.0,8.0,0.0,0.0,3.0,0.0,0.0,,,,224.16,6037.48,1747.66,0.0,0.0,31.0,False,0.625,0.375,0.0,8.0,,,True,True,True,True,False,False
2000000657,2022-11,False,2.0,3.0,10.0,0.0,0.0,3.0,0.0,0.0,,,,698.86,6512.179999999999,1747.66,0.0,0.0,17.0,False,0.6,0.4,0.0,10.0,,,True,True,True,True,False,False
2000000657,2023-01,False,0.0,3.0,4.0,0.0,0.0,3.0,0.0,0.0,,,,488.6,712.7600000000001,327.6,0.0,0.0,33.0,False,0.25,0.75,0.0,4.0,,,True,True,True,True,False,False
2000000657,2023-02,False,3.0,4.0,7.0,0.0,0.0,3.0,0.0,0.0,,,,617.67,1316.5300000000002,489.84,0.0,0.0,9.0,False,0.2857142857142857,0.7142857142857143,0.0,7.0,,,True,True,True,True,False,False
2000000657,2023-03,False,14.0,17.0,20.0,0.0,0.0,3.0,0.0,0.0,,,,6810.459999999999,7299.0599999999995,809.79,0.0,0.0,8.0,False,0.15,0.85,0.0,20.0,,,True,True,True,True,False,False
2000000657,2023-05,False,0.0,22.0,26.0,0.0,0.0,3.0,0.0,0.0,,,,6222.030000000001,6839.7,809.79,0.0,0.0,32.0,False,0.23076923076923078,0.6538461538461539,0.11538461538461539,23.0,,,True,True,True,True,False,False
2000000657,2023-08,False,0.0,3.0,25.0,0.0,0.0,3.0,0.0,0.0,,,,2501.86,8723.89,873.83,0.0,0.0,69.0,False,0.2,0.68,0.12,22.0,,,True,True,True,True,False,False
2000000657,2023-09,False,1.0,1.0,12.0,0.0,0.0,3.0,0.0,0.0,,,,206.15,2723.3500000000004,873.83,0.0,0.0,7.0,False,0.4166666666666667,0.3333333333333333,0.25,9.0,,,True,True,True,True,False,False
2000000657,2023-10,False,1.0,2.0,5.0,0.0,0.0,3.0,0.0,0.0,,,,212.25,2714.11,873.83,0.0,0.0,23.0,False,0.2,0.8,0.0,5.0,,,True,True,True,True,False,False
2000000657,2023-11,False,1.0,3.0,6.0,0.0,0.0,3.0,0.0,0.0,,,,212.25,2714.11,873.83,0.0,0.0,28.0,False,0.16666666666666666,0.8333333333333334,0.0,6.0,,,True,True,True,True,False,False
2000000657,2023-12,False,2.0,4.0,5.0,0.0,0.0,3.0,0.0,0.0,,,,6.119999999999999,212.27,206.15,0.0,0.0,11.0,False,0.6,0.4,0.0,5.0,,,True,True,True,True,False,False
2000000657,2024-04,False,0.0,0.0,4.0,0.0,0.0,3.0,0.0,0.0,,,,0.0,62.699999999999996,62.68,0.0,0.0,110.0,False,0.5,0.5,0.0,4.0,,,True,True,True,True,False,False
2000000657,2024-06,False,0.0,1.0,2.0,0.0,0.0,3.0,0.0,0.0,,,,0.0,62.68,62.68,0.0,0.0,33.0,False,0.5,0.5,0.0,2.0,,,True,True,True,True,False,False
2000000692,2020-08,False,0.0,0.0,0.0,0.0,0.0,0.0,0.0,0.0,,,,0.0,0.0,0.0,0.0,0.0,,False,,,,0.0,,,True,True,True,True,True,True
2000000692,2020-10,False,0.0,1.0,1.0,0.0,0.0,3.0,0.0,0.0,,,,15853.44,15853.44,15853.44,0.0,0.0,37.0,False,0.0,1.0,0.0,1.0,,,True,True,True,True,False,False
2000000692,2022-01,False,0.0,0.0,0.0,0.0,0.0,0.0,0.0,0.0,,,,0.0,0.0,0.0,0.0,0.0,436.0,False,,,,0.0,,,True,True,True,True,False,True
2000000692,2022-06,False,0.0,0.0,2.0,0.0,0.0,3.0,0.0,0.0,,,,0.0,31706.88,15853.44,0.0,0.0,138.0,False,0.0,1.0,0.0,2.0,,,True,True,True,True,False,False
2000000692,2022-08,False,0.0,1.0,1.0,0.0,0.0,3.0,0.0,0.0,,,,13626.0,13626.0,13626.0,0.0,0.0,35.0,False,1.0,0.0,0.0,1.0,,,True,True,True,True,False,False
2000000692,2022-09,False,1.0,2.0,2.0,0.0,0.0,3.0,0.0,0.0,,,,20439.0,20439.0,13626.0,0.0,0.0,29.0,False,1.0,0.0,0.0,2.0,,,True,True,True,True,False,False
2000000692,2022-11,False,0.0,2.0,3.0,0.0,0.0,3.0,0.0,0.0,,,,13626.0,27252.0,13626.0,0.0,0.0,35.0,False,1.0,0.0,0.0,3.0,,,True,True,True,True,False,False
2000000692,2022-12,False,2.0,3.0,5.0,0.0,0.0,3.0,0.0,0.0,,,,115393.1,135832.1,108560.0,0.0,0.0,14.0,False,0.6,0.4,0.0,5.0,,,True,True,True,True,False,False
2000000692,2023-02,False,0.0,3.0,5.0,0.0,0.0,3.0,0.0,0.0,,,,115393.1,129019.1,108560.0,0.0,0.0,47.0,False,0.4,0.4,0.2,4.0,,,True,True,True,True,False,False
2000000692,2023-08,False,0.0,0.0,1.0,0.0,0.0,3.0,0.0,0.0,,,,0.0,54504.0,54504.0,0.0,0.0,168.0,False,1.0,0.0,0.0,1.0,,,True,True,True,True,False,False
2000000692,2024-01,False,0.0,0.0,2.0,0.0,0.0,3.0,0.0,0.0,,,,0.0,47560.32,31706.88,0.0,0.0,153.0,False,1.0,0.0,0.0,2.0,,,True,True,True,True,False,False
2000000692,2024-02,False,1.0,1.0,3.0,0.0,0.0,3.0,0.0,0.0,,,,100.0,47660.32,31706.88,0.0,0.0,20.0,False,0.6666666666666666,0.3333333333333333,0.0,3.0,,,True,True,True,True,False,False
2000000692,2024-04,False,0.0,4.0,4.0,0.0,0.0,3.0,0.0,0.0,,,,47660.32,47660.32,15853.44,0.0,0.0,39.0,False,0.75,0.25,0.0,4.0,,,True,True,True,True,False,False
2000000692,2024-05,False,1.0,4.0,5.0,0.0,0.0,3.0,0.0,0.0,,,,63413.76,63513.76,15853.44,0.0,0.0,16.0,False,0.8,0.2,0.0,5.0,,,True,True,True,True,False,False
2000000692,2024-06,False,3.0,4.0,8.0,0.0,0.0,3.0,0.0,0.0,,,,63413.76,111074.08,15853.44,0.0,0.0,9.0,False,0.875,0.125,0.0,8.0,,,True,True,True,True,False,False
2000000692,2024-07,False,2.0,6.0,10.0,0.0,0.0,3.0,0.0,0.0,,,,95120.64,142780.96,15853.44,0.0,0.0,6.0,False,0.9,0.1,0.0,10.0,,,True,True,True,True,False,False
2000000692,2024-08,False,2.0,7.0,11.0,0.0,0.0,3.0,0.0,0.0,,,,126827.52,190241.28,31706.88,0.0,0.0,17.0,False,1.0,0.0,0.0,11.0,,,True,True,True,True,False,False
2000000692,2024-10,False,0.0,5.0,11.0,0.0,0.0,3.0,0.0,0.0,,,,95120.64000000001,190241.28,31706.88,0.0,0.0,35.0,False,1.0,0.0,0.0,11.0,,,True,True,True,True,False,False
2000000692,2024-11,False,1.0,4.0,11.0,0.0,0.0,3.0,0.0,0.0,,,,63413.76,190241.28,31706.88,0.0,0.0,30.0,False,1.0,0.0,0.0,11.0,,,True,True,True,True,False,False
2000000692,2024-12,False,2.0,3.0,10.0,0.0,0.0,3.0,0.0,0.0,,,,33222.24,160049.76,31706.88,0.0,0.0,10.0,False,1.0,0.0,0.0,10.0,,,True,True,True,True,False,False
2000000692,2025-01,False,1.0,4.0,9.0,0.0,0.0,3.0,0.0,0.0,,,,49075.68,144196.31999999998,31706.88,0.0,0.0,28.0,False,1.0,0.0,0.0,9.0,,,True,True,True,True,False,False
2000000692,2025-03,False,0.0,5.0,8.0,0.0,0.0,3.0,0.0,0.0,,,,43105.44,76327.68,15853.44,0.0,0.0,57.0,False,1.0,0.0,0.0,8.0,,,True,True,True,True,False,False
2000000692,2025-04,False,2.0,6.0,10.0,0.0,0.0,3.0,144.0,144.0,0.041666666666666664,0.0,393.57944444444445,56675.44,105751.12,15853.44,0.0,0.0,21.0,False,1.0,0.0,0.0,10.0,,,False,False,False,False,False,False
2000000692,2025-05,False,2.0,4.0,11.0,0.0,0.0,3.0,2415.0,2415.0,0.0016563146997929607,0.0,17.82585507246377,43049.44,103523.68000000001,15853.44,0.0,0.0,2.0,False,1.0,0.0,0.0,11.0,,,False,False,False,False,False,False
2000000692,2025-07,False,0.0,4.0,10.0,0.0,0.0,3.0,2574.0,2718.0,0.001554001554001554,0.0,11.466216006216007,29514.04,86189.48000000001,15853.44,0.0,0.0,41.0,False,0.9,0.1,0.0,10.0,-0.04011266511266511,0.0,False,False,False,False,False,False
2000000692,2025-08,False,2.0,4.0,8.0,0.0,0.0,3.0,303.0,2718.0,0.013201320132013201,0.0,261.72211221122114,79301.8,122351.24,31706.88,0.0,0.0,3.0,False,0.875,0.125,0.0,8.0,0.011545005432220241,0.0,False,False,False,False,False,False
2000000692,2025-09,False,4.0,6.0,12.0,0.0,0.0,3.0,0.0,2718.0,,,,142680.96,201618.44,31706.88,0.0,0.0,11.0,False,0.9166666666666666,0.08333333333333333,0.0,12.0,,,True,True,True,True,False,False
2000000692,2025-10,False,0.0,6.0,10.0,0.0,0.0,3.0,123.0,2697.0,0.04878048780487805,0.0,1160.007804878049,142680.96000000002,172195.0,31706.88,0.0,0.0,41.0,False,0.9,0.1,0.0,10.0,0.0472264862508765,0.0,False,False,False,False,False,False
2000000692,2025-11,False,1.0,5.0,9.0,0.0,0.0,3.0,127.0,430.0,0.03937007874015748,0.0,748.9814173228347,95120.64,174422.44,31706.88,0.0,0.0,28.0,False,0.8888888888888888,0.1111111111111111,0.0,9.0,0.02616875860814428,0.0,False,False,False,False,False,False
2000000692,2025-12,False,1.0,2.0,8.0,0.0,0.0,3.0,493.0,493.0,0.004056795131845842,0.0,64.31415821501017,31706.880000000016,174387.84,31706.88,0.0,0.0,26.0,False,1.0,0.0,0.0,8.0,,,False,False,False,False,False,False
2000000692,2026-02,False,0.0,4.0,9.0,0.0,0.0,3.0,366.0,493.0,0.01092896174863388,0.0,216.5770491803279,79267.20000000001,174387.83999999997,31706.88,0.0,0.0,45.0,False,1.0,0.0,0.0,9.0,-0.0284411169915236,0.0,False,False,False,False,False,False
2000001452,2020-02,False,0.0,0.0,0.0,0.0,0.0,0.0,0.0,0.0,,,,0.0,0.0,0.0,0.0,0.0,,False,,,,0.0,,,True,True,True,True,True,True
2000001452,2022-11,False,0.0,0.0,0.0,0.0,0.0,0.0,0.0,0.0,,,,0.0,0.0,0.0,0.0,0.0,985.0,False,,,,0.0,,,True,True,True,True,False,True
2000001452,2022-12,False,18.0,18.0,18.0,0.0,0.0,3.0,0.0,0.0,,,,38137.64,38137.64,2176.72,0.0,0.0,23.0,False,0.0,1.0,0.0,18.0,,,True,True,True,True,False,False
2000001452,2023-04,False,0.0,0.0,20.0,0.0,0.0,3.0,0.0,0.0,,,,0.0,38239.08,2176.72,0.0,0.0,110.0,False,0.0,1.0,0.0,20.0,,,True,True,True,True,False,False
2000001452,2023-05,False,1.0,1.0,21.0,0.0,0.0,3.0,0.0,0.0,,,,687.36,38926.44,2176.72,0.0,0.0,19.0,False,0.047619047619047616,0.9523809523809523,0.0,21.0,,,True,True,True,True,False,False
2000001452,2023-06,False,1.0,2.0,4.0,0.0,0.0,3.0,0.0,0.0,,,,5305.48,5406.92,4618.12,0.0,0.0,8.0,False,0.25,0.75,0.0,4.0,,,True,True,True,True,False,False
2000001452,2023-07,False,2.0,4.0,4.0,0.0,0.0,3.0,0.0,0.0,,,,6096.95,6096.950000000001,4618.12,0.0,0.0,3.0,False,0.75,0.25,0.0,4.0,,,True,True,True,True,False,False
2000001452,2023-08,False,3.0,6.0,7.0,0.0,0.0,3.0,0.0,0.0,,,,7511.349999999999,8198.71,4618.12,0.0,0.0,5.0,False,0.8571428571428571,0.14285714285714285,0.0,7.0,,,True,True,True,True,False,False
2000001452,2023-10,False,0.0,6.0,10.0,0.0,0.0,3.0,0.0,0.0,,,,9838.45,15935.400000000001,5839.77,0.0,0.0,39.0,False,0.8,0.1,0.1,9.0,,,True,True,True,True,False,False
2000001452,2023-12,False,0.0,1.0,9.0,0.0,0.0,3.0,0.0,0.0,,,,3142.0,13771.920000000002,5839.77,0.0,0.0,58.0,False,0.8888888888888888,0.0,0.1111111111111111,8.0,,,True,True,True,True,False,False
2000001452,2024-01,False,3.0,4.0,10.0,0.0,0.0,3.0,0.0,0.0,,,,11082.34,20920.79,5839.77,0.0,0.0,10.0,False,0.9,0.0,0.1,9.0,,,True,True,True,True,False,False
2000001452,2024-02,False,2.0,5.0,9.0,0.0,0.0,3.0,0.0,0.0,,,,9020.92,19899.61,5839.77,0.0,0.0,7.0,False,0.6666666666666666,0.2222222222222222,0.1111111111111111,8.0,,,True,True,True,True,False,False
2000001452,2024-05,False,0.0,2.0,7.0,0.0,0.0,3.0,0.0,0.0,,,,604.86,9625.779999999999,3893.18,0.0,0.0,77.0,False,0.5714285714285714,0.42857142857142855,0.0,7.0,,,True,True,True,True,False,False
2000001452,2024-06,False,7.0,7.0,14.0,0.0,0.0,3.0,0.0,0.0,,,,16435.48,26061.26,8248.32,0.0,0.0,4.0,False,0.7142857142857143,0.2857142857142857,0.0,14.0,,,True,True,True,True,False,False
2000001452,2024-07,False,4.0,11.0,15.0,0.0,0.0,3.0,0.0,0.0,,,,20889.739999999998,22575.18,8248.32,0.0,0.0,3.0,False,0.6666666666666666,0.3333333333333333,0.0,15.0,,,True,True,True,True,False,False
2000001452,2024-08,False,2.0,13.0,15.0,0.0,0.0,3.0,0.0,0.0,,,,21500.62,22105.48,8248.32,0.0,0.0,16.0,False,0.8,0.2,0.0,15.0,,,True,True,True,True,False,False
2000001452,2024-09,False,1.0,7.0,14.0,0.0,0.0,3.0,0.0,0.0,,,,7011.73,23447.21,8248.32,0.0,0.0,17.0,False,0.8571428571428571,0.14285714285714285,0.0,14.0,,,True,True,True,True,False,False
2000001452,2024-10,False,6.0,9.0,20.0,0.0,0.0,3.0,0.0,0.0,,,,12405.65,33295.39,8248.32,0.0,0.0,1.0,False,0.9,0.1,0.0,20.0,,,True,True,True,True,False,False
2000001452,2024-11,False,6.0,13.0,26.0,0.0,0.0,3.0,0.0,0.0,,,,21532.620000000003,43033.24,8248.32,0.0,0.0,1.0,False,0.9230769230769231,0.07692307692307693,0.0,26.0,,,True,True,True,True,False,False
2000001452,2024-12,False,1.0,13.0,20.0,0.0,0.0,3.0,0.0,0.0,,,,19773.79,26785.52,1946.59,0.0,0.0,30.0,False,0.95,0.05,0.0,20.0,,,True,True,True,True,False,False
2000001452,2025-01,False,5.0,12.0,21.0,0.0,0.0,3.0,0.0,0.0,,,,11243.960000000001,23649.61,1946.59,0.0,0.0,9.0,False,0.9523809523809523,0.047619047619047616,0.0,21.0,,,True,True,True,True,False,False
2000001452,2025-02,False,3.0,9.0,22.0,0.0,0.0,3.0,0.0,0.0,,,,5550.93,27083.550000000003,3793.84,0.0,0.0,2.0,False,0.9545454545454546,0.045454545454545456,0.0,22.0,,,True,True,True,True,False,False
2000001452,2025-03,False,0.0,8.0,21.0,0.0,0.0,3.0,308.0,308.0,0.025974025974025976,0.0,17.41288961038961,5363.17,25136.96,3793.84,0.0,0.0,30.0,False,0.9523809523809523,0.047619047619047616,0.0,21.0,,,False,False,False,False,False,False
2000001452,2025-04,False,1.0,4.0,16.0,0.0,0.0,3.0,612.0,612.0,0.006535947712418301,0.0,6.9159803921568646,4232.580000000001,15476.54,3793.84,0.0,0.0,22.0,False,0.9375,0.0625,0.0,16.0,,,False,False,False,False,False,False
2000001452,2025-05,False,1.0,2.0,11.0,0.0,0.0,3.0,1325.0,1325.0,0.0015094339622641509,0.0,0.22027924528301887,291.87,5842.8,3793.84,0.0,0.0,21.0,False,0.9090909090909091,0.09090909090909091,0.0,11.0,,,False,False,False,False,False,False
2000001452,2025-06,False,2.0,4.0,12.0,0.0,0.0,3.0,1017.0,1325.0,0.003933136676499509,0.0,0.2897836774827925,294.71,5657.88,3793.84,0.0,0.0,11.0,False,0.75,0.25,0.0,12.0,-0.022040889297526466,0.0,False,False,False,False,False,False
2000001452,2025-07,False,3.0,6.0,10.0,0.0,0.0,3.0,2684.0,3296.0,0.0022354694485842027,0.0,0.17990312965722802,482.86,4715.4400000000005,3793.84,0.0,0.0,4.0,False,0.8,0.2,0.0,10.0,-0.004300478263834099,0.0,False,False,False,False,False,False
2000001452,2025-08,False,1.0,6.0,8.0,0.0,0.0,3.0,3040.0,4365.0,0.001973684210526316,0.0,0.1588782894736842,482.99,774.86,268.43,0.0,0.0,9.0,False,0.625,0.375,0.0,8.0,0.000464250248262165,0.0,False,False,False,False,False,False
2000001452,2025-09,False,2.0,6.0,10.0,0.0,0.0,3.0,3072.0,4089.0,0.001953125,0.0,0.48000651041666664,1474.58,1769.29,540.29,0.0,0.0,21.0,False,0.7,0.3,0.0,10.0,-0.0019800116764995086,0.0,False,False,False,False,False,False
2000001452,2025-10,False,2.0,5.0,11.0,0.0,0.0,3.0,1101.0,3785.0,0.004541326067211626,0.0,4.533923705722071,4991.849999999999,5474.71,1946.59,0.0,0.0,1.0,False,0.7272727272727273,0.2727272727272727,0.0,11.0,0.0023058566186274234,0.0,False,False,False,False,False,False
2000001452,2025-12,False,0.0,3.0,9.0,0.0,0.0,3.0,0.0,3072.0,,,,7779.4,9253.98,3886.22,0.0,0.0,33.0,False,0.8888888888888888,0.1111111111111111,0.0,9.0,,,True,True,True,True,False,False
2000001452,2026-02,False,0.0,3.0,8.0,0.0,0.0,3.0,840.0,872.0,0.0035714285714285713,0.0,4.626392857142858,3886.1700000000005,12660.0,3886.22,0.0,0.0,50.0,False,0.875,0.125,0.0,8.0,-0.15267857142857144,0.0,False,False,False,False,False,False
2000001844,2019-04,False,0.0,0.0,0.0,0.0,0.0,0.0,0.0,0.0,,,,0.0,0.0,0.0,0.0,0.0,,False,,,,0.0,,,True,True,True,True,True,True
2000001844,2019-05,False,26.0,26.0,26.0,26.0,26.0,4.0,0.0,0.0,,,,15993.14,15993.14,3654.67,0.0,0.0,2.0,True,0.0,0.38461538461538464,0.6153846153846154,10.0,,,True,True,True,True,False,False
2000001844,2019-06,False,40.0,66.0,66.0,29.0,29.0,4.0,0.0,0.0,,,,46692.61,46692.61,3868.97,0.0,0.0,1.0,True,0.07575757575757576,0.2878787878787879,0.6363636363636364,24.0,,,True,True,True,True,False,False
2000001844,2019-07,False,20.0,86.0,86.0,29.0,29.0,4.0,0.0,0.0,,,,78583.2,78583.2,10964.01,0.0,0.0,5.0,True,0.11627906976744186,0.3372093023255814,0.5465116279069767,39.0,,,True,True,True,True,False,False
2000001844,2019-08,False,13.0,73.0,99.0,3.0,29.0,4.0,0.0,0.0,,,,77124.62,93117.76000000001,10964.01,0.0,0.0,1.0,True,0.15151515151515152,0.37373737373737376,0.47474747474747475,52.0,,,True,True,True,True,False,False
2000001844,2019-09,False,10.0,43.0,109.0,0.0,29.0,4.0,0.0,0.0,,,,92609.17,139301.78,32636.0,0.0,0.0,2.0,False,0.1743119266055046,0.3577981651376147,0.46788990825688076,58.0,,,True,True,True,True,False,False
2000001844,2019-10,False,13.0,36.0,122.0,1.0,30.0,4.0,0.0,0.0,,,,76288.8,154872.0,32636.0,0.0,0.0,1.0,True,0.19672131147540983,0.36885245901639346,0.4344262295081967,69.0,,,True,True,True,True,False,False
2000001844,2019-11,False,18.0,41.0,114.0,1.0,4.0,4.0,0.0,0.0,,,,86431.01,163555.62999999998,32636.0,0.0,0.0,7.0,True,0.2894736842105263,0.3333333333333333,0.37719298245614036,71.0,,,True,True,True,True,False,False
2000001844,2019-12,False,20.0,51.0,94.0,1.0,1.0,4.0,0.0,0.0,,,,72113.36,164722.52999999997,32636.0,0.0,0.0,6.0,True,0.425531914893617,0.35106382978723405,0.22340425531914893,73.0,,,True,True,True,True,False,False
2000001844,2020-01,False,29.0,67.0,103.0,0.0,1.0,4.0,0.0,0.0,,,,121416.97,197705.77,32636.0,0.0,0.0,4.0,False,0.4368932038834951,0.4077669902912621,0.1553398058252427,87.0,,,True,True,True,True,False,False
2000001844,2020-02,False,7.0,56.0,97.0,0.0,1.0,4.0,0.0,0.0,,,,105266.14000000001,191697.15,32636.0,0.0,0.0,2.0,False,0.4536082474226804,0.3711340206185567,0.17525773195876287,80.0,,,True,True,True,True,False,False
2000001844,2020-03,False,11.0,47.0,98.0,0.0,1.0,4.0,0.0,0.0,,,,76640.66,148754.02,32636.0,0.0,0.0,3.0,False,0.4387755102040816,0.42857142857142855,0.1326530612244898,85.0,,,True,True,True,True,False,False
2000001844,2020-05,False,0.0,19.0,75.0,0.0,0.0,3.0,0.0,0.0,,,,12790.96,118057.1,32636.0,0.0,0.0,35.0,False,0.4666666666666667,0.4666666666666667,0.06666666666666667,70.0,,,True,True,True,True,False,False
2000001844,2020-06,False,2.0,10.0,57.0,0.0,0.0,3.0,0.0,0.0,,,,12280.76,88921.42,32636.0,0.0,0.0,13.0,False,0.42105263157894735,0.5614035087719298,0.017543859649122806,56.0,,,True,True,True,True,False,False
2000001844,2020-07,False,17.0,19.0,45.0,0.0,0.0,3.0,0.0,0.0,,,,18608.010000000002,39924.91,3263.6,0.0,0.0,1.0,False,0.4666666666666667,0.5111111111111111,0.022222222222222223,44.0,,,True,True,True,True,False,False
2000001844,2020-08,False,13.0,32.0,51.0,0.0,0.0,3.0,0.0,0.0,,,,36305.16,49096.119999999995,3654.67,0.0,0.0,1.0,False,0.47058823529411764,0.5294117647058824,0.0,51.0,,,True,True,True,True,False,False
2000001844,2020-09,False,31.0,61.0,71.0,0.0,0.0,3.0,0.0,0.0,,,,79076.55,91357.31,9790.8,0.0,0.0,1.0,False,0.4225352112676056,0.5774647887323944,0.0,71.0,,,True,True,True,True,False,False
2000001844,2020-10,False,20.0,64.0,83.0,0.0,0.0,3.0,0.0,0.0,,,,88703.75,107311.76000000001,13054.4,0.0,0.0,3.0,False,0.39759036144578314,0.6024096385542169,0.0,83.0,,,True,True,True,True,False,False
2000001844,2020-11,False,11.0,62.0,94.0,0.0,0.0,3.0,0.0,0.0,,,,77130.96,113436.12000000001,13054.4,0.0,0.0,2.0,False,0.40425531914893614,0.5957446808510638,0.0,94.0,,,True,True,True,True,False,False
2000001844,2020-12,False,13.0,44.0,105.0,0.0,0.0,3.0,0.0,0.0,,,,49244.94,128321.49,13054.4,0.0,0.0,6.0,False,0.38095238095238093,0.5904761904761905,0.02857142857142857,102.0,,,True,True,True,True,False,False
2000001844,2021-01,False,19.0,43.0,107.0,0.0,0.0,3.0,0.0,0.0,,,,36906.009999999995,125609.76,13054.4,0.0,0.0,4.0,False,0.3364485981308411,0.6355140186915887,0.028037383177570093,104.0,,,True,True,True,True,False,False
2000001844,2021-02,False,17.0,49.0,111.0,0.0,0.0,3.0,0.0,0.0,,,,62548.20999999999,139679.16999999998,13054.4,0.0,0.0,3.0,False,0.35135135135135137,0.6216216216216216,0.02702702702702703,108.0,,,True,True,True,True,False,False
2000001844,2021-03,False,30.0,66.0,110.0,0.0,0.0,3.0,0.0,0.0,,,,81135.44,130380.38,13054.4,0.0,0.0,4.0,False,0.38181818181818183,0.5909090909090909,0.02727272727272727,107.0,,,True,True,True,True,False,False
2000001844,2021-04,False,29.0,76.0,119.0,0.0,0.0,3.0,0.0,0.0,,,,103305.44,140211.44999999998,6527.2,0.0,0.0,3.0,False,0.3865546218487395,0.5714285714285714,0.04201680672268908,114.0,,,True,True,True,True,False,False
2000001844,2021-05,False,18.0,77.0,126.0,0.0,0.0,3.0,0.0,0.0,,,,90582.33,153130.54,6527.2,0.0,0.0,4.0,False,0.3412698412698413,0.6190476190476191,0.03968253968253968,121.0,,,True,True,True,True,False,False
2000001844,2021-06,False,25.0,72.0,138.0,0.0,0.0,3.0,0.0,0.0,,,,63504.86,144640.30000000002,6527.2,0.0,0.0,4.0,False,0.30434782608695654,0.6811594202898551,0.014492753623188406,136.0,,,True,True,True,True,False,False
2000001844,2021-07,False,18.0,61.0,137.0,2.0,2.0,4.0,0.0,0.0,,,,40630.34,143935.78,6527.2,0.0,0.0,3.0,True,0.3284671532846715,0.6496350364963503,0.021897810218978103,134.0,,,True,True,True,True,False,False
2000001844,2021-08,False,7.0,50.0,127.0,4.0,4.0,4.0,0.0,0.0,,,,387485.31,478067.63999999996,358531.0,0.0,0.0,3.0,True,0.28346456692913385,0.6929133858267716,0.023622047244094488,124.0,,,True,True,True,True,False,False
2000001844,2021-09,False,8.0,33.0,105.0,4.0,4.0,4.0,0.0,0.0,,,,391822.47,455327.32999999996,358531.0,0.0,0.0,16.0,True,0.23809523809523808,0.7333333333333333,0.02857142857142857,102.0,,,True,True,True,True,False,False
2000001844,2021-10,False,3.0,18.0,79.0,2.0,4.0,4.0,0.0,0.0,,,,385056.38,425686.72,358531.0,0.0,0.0,14.0,True,0.16455696202531644,0.8227848101265823,0.012658227848101266,78.0,,,True,True,True,True,False,False
2000001844,2021-11,False,12.0,23.0,73.0,0.0,4.0,4.0,0.0,0.0,,,,33864.15,421349.45999999996,358531.0,0.0,0.0,10.0,False,0.1643835616438356,0.8082191780821918,0.0273972602739726,71.0,,,True,True,True,True,False,False
2000001844,2021-12,False,9.0,24.0,57.0,0.0,4.0,4.0,0.0,0.0,,,,31260.199999999997,423082.6699999999,358531.0,0.0,0.0,1.0,False,0.2631578947368421,0.7017543859649122,0.03508771929824561,55.0,,,True,True,True,True,False,False
2000001844,2022-01,False,7.0,28.0,46.0,0.0,2.0,4.0,0.0,0.0,,,,38705.55,423761.93,358531.0,0.0,0.0,10.0,False,0.2826086956521739,0.6956521739130435,0.021739130434782608,45.0,,,True,True,True,True,False,False
2000001844,2022-02,False,4.0,20.0,43.0,0.0,0.0,3.0,0.0,0.0,,,,28226.609999999997,62090.759999999995,7482.56,0.0,0.0,4.0,False,0.32558139534883723,0.6511627906976745,0.023255813953488372,42.0,,,True,True,True,True,False,False
2000001844,2022-03,False,6.0,17.0,41.0,0.0,0.0,3.0,0.0,0.0,,,,25390.230000000003,56650.43,6762.84,0.0,0.0,1.0,False,0.43902439024390244,0.5365853658536586,0.024390243902439025,40.0,,,True,True,True,True,False,False
2000001844,2022-04,False,15.0,25.0,53.0,0.0,0.0,3.0,0.0,0.0,,,,21565.0,60270.55,6762.84,0.0,0.0,1.0,False,0.4528301886792453,0.5094339622641509,0.03773584905660377,51.0,,,True,True,True,True,False,False
2000001844,2022-05,False,13.0,34.0,54.0,0.0,0.0,3.0,0.0,0.0,,,,44284.259999999995,72510.87,9790.8,0.0,0.0,5.0,False,0.5185185185185185,0.46296296296296297,0.018518518518518517,53.0,,,True,True,True,True,False,False
2000001844,2022-06,False,3.0,31.0,48.0,1.0,1.0,4.0,0.0,0.0,,,,37527.17,62917.399999999994,9790.8,0.0,0.0,5.0,True,0.5208333333333334,0.4583333333333333,0.020833333333333332,47.0,,,True,True,True,True,False,False
2000001844,2022-07,False,4.0,20.0,45.0,1.0,1.0,4.0,0.0,0.0,,,,29072.44,50637.439999999995,9790.8,0.0,0.0,1.0,True,0.5111111111111111,0.4666666666666667,0.022222222222222223,44.0,,,True,True,True,True,False,False
2000001844,2022-08,False,5.0,12.0,46.0,1.0,1.0,4.0,0.0,0.0,,,,9852.83,54137.090000000004,9790.8,0.0,0.0,4.0,True,0.5,0.4782608695652174,0.021739130434782608,45.0,,,True,True,True,True,False,False
2000001844,2022-09,False,2.0,11.0,42.0,0.0,1.0,4.0,0.0,0.0,,,,18733.25,56260.42,9790.8,0.0,0.0,13.0,False,0.47619047619047616,0.5,0.023809523809523808,41.0,,,True,True,True,True,False,False
2000001844,2022-10,False,1.0,8.0,28.0,0.0,1.0,4.0,0.0,0.0,,,,18986.530000000002,48058.969999999994,9790.8,0.0,0.0,24.0,False,0.5,0.5,0.0,28.0,,,True,True,True,True,False,False
2000001844,2023-02,False,0.0,0.0,7.0,0.0,0.0,3.0,0.0,0.0,,,,0.0,12191.939999999999,9790.8,0.0,0.0,96.0,False,0.8571428571428571,0.14285714285714285,0.0,7.0,,,True,True,True,True,False,False
2000001844,2023-04,False,0.0,2.0,6.0,0.0,0.0,3.0,0.0,0.0,,,,182.36,1114.67,657.36,0.0,0.0,50.0,False,0.8333333333333334,0.16666666666666666,0.0,6.0,,,True,True,True,True,False,False
2000001844,2023-06,False,0.0,2.0,4.0,0.0,0.0,3.0,0.0,0.0,,,,2546.62,2728.98,2413.48,0.0,0.0,51.0,False,0.75,0.25,0.0,4.0,,,True,True,True,True,False,False
2000001844,2023-08,False,0.0,3.0,7.0,0.0,0.0,3.0,0.0,0.0,,,,928.81,3657.79,2413.48,0.0,0.0,53.0,False,0.5714285714285714,0.42857142857142855,0.0,7.0,,,True,True,True,True,False,False
2000001844,2023-10,False,0.0,2.0,7.0,0.0,0.0,3.0,0.0,0.0,,,,1233.56,4708.99,2413.48,0.0,0.0,38.0,False,0.42857142857142855,0.5714285714285714,0.0,7.0,,,True,True,True,True,False,False
2000001844,2023-11,False,11.0,13.0,16.0,0.0,0.0,3.0,0.0,0.0,,,,11286.109999999999,12214.919999999998,2413.48,0.0,0.0,1.0,False,0.3125,0.6875,0.0,16.0,,,True,True,True,True,False,False
2000001844,2023-12,False,2.0,13.0,18.0,0.0,0.0,3.0,0.0,0.0,,,,11899.779999999999,14062.149999999998,2413.48,0.0,0.0,2.0,False,0.3333333333333333,0.6666666666666666,0.0,18.0,,,True,True,True,True,False,False
2000001844,2024-02,False,0.0,4.0,17.0,0.0,0.0,3.0,0.0,0.0,,,,2262.89,13548.999999999998,2413.48,0.0,0.0,58.0,False,0.29411764705882354,0.7058823529411765,0.0,17.0,,,True,True,True,True,False,False
2000001844,2024-03,False,1.0,3.0,16.0,0.0,0.0,3.0,0.0,0.0,,,,503.14,12402.92,2413.48,0.0,0.0,21.0,False,0.25,0.75,0.0,16.0,,,True,True,True,True,False,False
2000001844,2024-06,False,0.0,2.0,5.0,0.0,0.0,3.0,0.0,0.0,,,,2436.8,2939.9399999999982,1776.93,0.0,0.0,72.0,False,0.0,1.0,0.0,5.0,,,True,True,True,True,False,False
2000001844,2024-07,False,1.0,1.0,4.0,0.0,0.0,3.0,0.0,0.0,,,,0.01,2524.2899999999986,1776.93,0.0,0.0,10.0,False,0.0,1.0,0.0,4.0,,,True,True,True,True,False,False
2000001844,2024-08,False,4.0,5.0,8.0,0.0,0.0,3.0,0.0,0.0,,,,1091.0800000000002,3615.3599999999988,1776.93,0.0,0.0,15.0,False,0.375,0.625,0.0,8.0,,,True,True,True,True,False,False
2000001844,2024-09,False,1.0,6.0,8.0,0.0,0.0,3.0,0.0,0.0,,,,1100.3200000000002,3537.1199999999985,1776.93,0.0,0.0,12.0,False,0.5,0.5,0.0,8.0,,,True,True,True,True,False,False
2000001844,2024-10,False,1.0,6.0,7.0,0.0,0.0,3.0,0.0,0.0,,,,1147.7700000000002,1147.7799999999984,577.69,0.0,0.0,22.0,False,0.5714285714285714,0.42857142857142855,0.0,7.0,,,True,True,True,True,False,False
2000001844,2024-11,False,2.0,4.0,9.0,0.0,0.0,3.0,0.0,0.0,,,,1888.21,2979.289999999998,1797.18,0.0,0.0,4.0,False,0.4444444444444444,0.5555555555555556,0.0,9.0,,,True,True,True,True,False,False
2000001844,2025-01,False,0.0,3.0,9.0,0.0,0.0,3.0,0.0,0.0,,,,2256.42,3404.1899999999982,1797.18,0.0,0.0,58.0,False,0.4444444444444444,0.5555555555555556,0.0,9.0,,,True,True,True,True,False,False
2000001844,2025-02,False,10.0,11.0,15.0,0.0,0.0,3.0,0.0,0.0,,,,8752.03,10640.239999999998,3264.73,0.0,0.0,3.0,False,0.2,0.8,0.0,15.0,,,True,True,True,True,False,False
2000001844,2025-03,False,3.0,13.0,17.0,0.0,0.0,3.0,0.0,0.0,,,,10820.810000000001,13124.69,3264.73,0.0,0.0,4.0,False,0.11764705882352941,0.8823529411764706,0.0,17.0,,,True,True,True,True,False,False
2000001844,2025-04,False,1.0,14.0,17.0,0.0,0.0,3.0,0.0,0.0,,,,11290.76,13547.18,3264.73,0.0,0.0,1.0,False,0.17647058823529413,0.8235294117647058,0.0,17.0,,,True,True,True,True,False,False
2000001844,2025-05,False,3.0,7.0,18.0,0.0,0.0,3.0,0.0,0.0,,,,4308.47,13060.5,3264.73,0.0,0.0,16.0,False,0.16666666666666666,0.8333333333333334,0.0,18.0,,,True,True,True,True,False,False
2000001844,2025-06,False,1.0,5.0,18.0,0.0,0.0,3.0,0.0,0.0,,,,1814.79,12635.6,3264.73,0.0,0.0,24.0,False,0.16666666666666666,0.8333333333333334,0.0,18.0,,,True,True,True,True,False,False
2000001844,2025-07,False,4.0,8.0,22.0,0.0,0.0,3.0,0.0,0.0,,,,1478.0,12768.76,3264.73,0.0,0.0,5.0,False,0.13636363636363635,0.8636363636363636,0.0,22.0,,,True,True,True,True,False,False
2000001844,2025-08,False,1.0,6.0,13.0,0.0,0.0,3.0,0.0,0.0,,,,266.30999999999995,4574.78,1329.13,0.0,0.0,4.0,False,0.07692307692307693,0.9230769230769231,0.0,13.0,,,True,True,True,True,False,False
2000001844,2025-10,False,0.0,3.0,11.0,0.0,0.0,3.0,0.0,0.0,,,,133.14,1611.1399999999999,1206.74,0.0,0.0,51.0,False,0.18181818181818182,0.8181818181818182,0.0,11.0,,,True,True,True,True,False,False
2000001844,2025-11,False,4.0,6.0,12.0,0.0,0.0,3.0,0.0,0.0,,,,4537.71,4804.02,3472.58,0.0,0.0,5.0,False,0.25,0.75,0.0,12.0,,,True,True,True,True,False,False
2000001844,2025-12,False,1.0,5.0,12.0,0.0,0.0,3.0,-3.0,-3.0,,,,5012.21,5278.509999999999,3472.58,0.0,0.0,18.0,False,0.25,0.75,0.0,12.0,,,True,True,True,True,False,False
2000001844,2026-01,False,4.0,9.0,12.0,0.0,0.0,3.0,-3.0,-3.0,,,,12385.79,12518.93,3472.58,0.0,0.0,21.0,False,0.25,0.75,0.0,12.0,,,True,True,True,True,False,False
2000001844,2026-02,False,2.0,7.0,13.0,0.0,0.0,3.0,-3.0,-3.0,,,,9361.95,13899.66,3472.58,0.0,0.0,2.0,False,0.23076923076923078,0.7692307692307693,0.0,13.0,,,True,True,True,True,False,False
2000002674,2019-05,False,0.0,0.0,0.0,0.0,0.0,0.0,0.0,0.0,,,,0.0,0.0,0.0,0.0,0.0,,False,,,,0.0,,,True,True,True,True,True,True
2000002674,2019-07,False,0.0,18.0,18.0,1.0,1.0,4.0,0.0,0.0,,,,60927.52,60927.52,8655.0,0.0,0.0,31.0,True,0.0,0.0,1.0,0.0,,,True,True,True,True,False,False
2000002674,2019-08,False,1.0,19.0,19.0,1.0,1.0,4.0,0.0,0.0,,,,61147.53,61147.53,8655.0,0.0,0.0,16.0,True,0.0,0.05263157894736842,0.9473684210526315,1.0,,,True,True,True,True,False,False
2000002674,2019-11,False,0.0,2.0,21.0,0.0,1.0,4.0,0.0,0.0,,,,0.0,61147.53,8655.0,0.0,0.0,86.0,False,0.0,0.047619047619047616,0.9523809523809523,1.0,,,True,True,True,True,False,False
2000002674,2020-07,False,0.0,0.0,0.0,0.0,0.0,0.0,0.0,0.0,,,,0.0,0.0,0.0,0.0,0.0,231.0,False,,,,0.0,,,True,True,True,True,False,True
2000002674,2020-09,False,0.0,3.0,3.0,0.0,0.0,3.0,0.0,0.0,,,,1416.3799999999999,1416.3799999999999,585.67,0.0,0.0,33.0,False,1.0,0.0,0.0,3.0,,,True,True,True,True,False,False
2000002674,2020-10,False,1.0,4.0,4.0,0.0,0.0,3.0,0.0,0.0,,,,1636.3899999999999,1636.3899999999999,585.67,0.0,0.0,28.0,False,0.75,0.25,0.0,4.0,,,True,True,True,True,False,False
2000002674,2021-01,False,0.0,3.0,7.0,0.0,0.0,3.0,0.0,0.0,,,,0.32,1636.7099999999998,585.67,0.0,0.0,88.0,False,0.42857142857142855,0.5714285714285714,0.0,7.0,,,True,True,True,True,False,False
2000002674,2021-03,False,0.0,5.0,9.0,0.0,0.0,3.0,0.0,0.0,,,,3017.23,3237.56,859.25,0.0,0.0,30.0,False,0.0,1.0,0.0,9.0,,,True,True,True,True,False,False
2000002674,2022-05,False,0.0,0.0,0.0,0.0,0.0,0.0,0.0,0.0,,,,0.0,0.0,0.0,0.0,0.0,414.0,False,,,,0.0,,,True,True,True,True,False,True
2000002674,2025-11,False,0.0,0.0,0.0,0.0,0.0,0.0,0.0,0.0,,,,0.0,0.0,0.0,0.0,0.0,1258.0,False,,,,0.0,,,True,True,True,True,False,True
2000003027,2019-04,False,0.0,0.0,0.0,0.0,0.0,0.0,0.0,0.0,,,,0.0,0.0,0.0,0.0,0.0,,False,,,,0.0,,,True,True,True,True,True,True
2000003027,2019-05,False,1.0,1.0,1.0,1.0,1.0,4.0,0.0,0.0,,,,504.1,504.1,504.1,0.0,0.0,1.0,True,0.0,0.0,1.0,0.0,,,True,True,True,True,False,False
2000003027,2019-08,False,0.0,2.0,3.0,0.0,1.0,4.0,0.0,0.0,,,,6301.25,6805.35,5797.15,0.0,0.0,69.0,False,0.0,0.3333333333333333,0.6666666666666666,1.0,,,True,True,True,True,False,False
2000003027,2019-12,False,0.0,0.0,2.0,0.0,0.0,3.0,0.0,0.0,,,,0.0,6553.3,5041.0,0.0,0.0,97.0,False,0.0,1.0,0.0,2.0,,,True,True,True,True,False,False
2000003027,2020-10,False,0.0,0.0,0.0,0.0,0.0,0.0,0.0,0.0,,,,0.0,0.0,0.0,0.0,0.0,282.0,False,,,,0.0,,,True,True,True,True,False,True
2000003027,2020-11,False,1.0,1.0,1.0,0.0,0.0,3.0,0.0,0.0,,,,252.05,252.05,252.05,0.0,0.0,6.0,False,0.0,1.0,0.0,1.0,,,True,True,True,True,False,False
2000003027,2021-03,False,0.0,0.0,2.0,0.0,0.0,3.0,0.0,0.0,,,,0.0,504.1,252.05,0.0,0.0,118.0,False,0.5,0.5,0.0,2.0,,,True,True,True,True,False,False
2000003027,2024-10,False,0.0,0.0,0.0,0.0,0.0,0.0,0.0,0.0,,,,0.0,0.0,0.0,0.0,0.0,1300.0,False,,,,0.0,,,True,True,True,True,False,True
2000004072,2021-05,False,0.0,0.0,0.0,0.0,0.0,0.0,0.0,0.0,,,,0.0,0.0,0.0,0.0,0.0,,False,,,,0.0,,,True,True,True,True,True,True
2000004072,2022-04,False,0.0,0.0,0.0,0.0,0.0,0.0,0.0,0.0,,,,0.0,0.0,0.0,0.0,0.0,333.0,False,,,,0.0,,,True,True,True,True,False,True
2000004072,2023-06,False,0.0,0.0,0.0,0.0,0.0,0.0,0.0,0.0,,,,0.0,0.0,0.0,0.0,0.0,398.0,False,,,,0.0,,,True,True,True,True,False,True
2000004072,2023-07,False,1.0,1.0,1.0,0.0,0.0,2.0,0.0,0.0,,,,599.94,599.94,599.94,0.0,0.0,26.0,False,0.0,1.0,0.0,1.0,,,True,True,True,True,False,False
2000004072,2023-08,False,1.0,2.0,2.0,0.0,0.0,2.0,0.0,0.0,,,,599.94,599.94,599.94,0.0,0.0,14.0,False,0.5,0.5,0.0,2.0,,,True,True,True,True,False,False
2000004072,2024-03,False,0.0,0.0,0.0,0.0,0.0,0.0,0.0,0.0,,,,0.0,0.0,0.0,0.0,0.0,205.0,False,,,,0.0,,,True,True,True,True,False,True
2000004072,2024-04,False,2.0,2.0,2.0,0.0,0.0,2.0,0.0,0.0,,,,0.01,0.01,0.01,0.0,0.0,21.0,False,0.0,1.0,0.0,2.0,,,True,True,True,True,False,False
2000004072,2024-06,False,0.0,3.0,3.0,0.0,0.0,2.0,0.0,0.0,,,,290.15999999999997,290.15999999999997,290.15,0.0,0.0,37.0,False,0.3333333333333333,0.6666666666666666,0.0,3.0,,,True,True,True,True,False,False
2000004072,2024-08,False,0.0,4.0,7.0,0.0,0.0,2.0,0.0,0.0,,,,4931.45,5221.61,2856.84,0.0,0.0,57.0,False,0.14285714285714285,0.8571428571428571,0.0,7.0,,,True,True,True,True,False,False
2000004072,2024-11,False,0.0,5.0,9.0,0.0,0.0,2.0,0.0,0.0,,,,361.45,5292.9,2856.84,0.0,0.0,87.0,False,0.0,1.0,0.0,9.0,,,True,True,True,True,False,False
2000004072,2025-04,False,0.0,0.0,2.0,0.0,0.0,2.0,0.0,0.0,,,,0.0,155.16,155.16,0.0,0.0,136.0,False,0.5,0.5,0.0,2.0,,,True,True,True,True,False,False
2000004072,2025-08,False,0.0,0.0,1.0,0.0,0.0,2.0,0.0,0.0,,,,0.0,0.0,0.0,0.0,0.0,115.0,False,1.0,0.0,0.0,1.0,,,True,True,True,True,False,False
2000004123,2019-04,True,0.0,0.0,0.0,0.0,0.0,0.0,0.0,0.0,,,,0.0,0.0,0.0,0.0,0.0,,False,,,,0.0,,,True,True,True,True,True,True
2000004123,2019-05,True,3.0,3.0,3.0,3.0,3.0,4.0,0.0,0.0,,,,2632.58,2632.58,1776.93,0.0,0.0,2.0,True,0.0,0.3333333333333333,0.6666666666666666,1.0,,,True,True,True,True,False,False
2000004123,2019-06,True,16.0,19.0,19.0,7.0,7.0,4.0,0.0,0.0,,,,11795.16,11795.16,2265.46,0.0,0.0,2.0,True,0.10526315789473684,0.3157894736842105,0.5789473684210527,8.0,,,True,True,True,True,False,False
2000004123,2019-07,True,14.0,33.0,33.0,7.0,7.0,4.0,0.0,0.0,,,,20615.34,20615.34,2265.46,0.0,0.0,5.0,True,0.09090909090909091,0.36363636363636365,0.5454545454545454,15.0,,,True,True,True,True,False,False
2000004123,2019-08,True,3.0,33.0,36.0,4.0,7.0,4.0,0.0,0.0,,,,19552.820000000003,22185.4,2265.46,0.0,0.0,16.0,True,0.1111111111111111,0.3611111111111111,0.5277777777777778,17.0,,,True,True,True,True,False,False
2000004123,2019-09,True,2.0,19.0,38.0,0.0,7.0,4.0,0.0,0.0,,,,11522.98,23318.14,2265.46,0.0,0.0,23.0,False,0.13157894736842105,0.3684210526315789,0.5,19.0,,,True,True,True,True,False,False
2000004123,2019-10,True,1.0,6.0,39.0,0.0,7.0,4.0,0.0,0.0,,,,3035.36,23650.7,2265.46,0.0,0.0,13.0,False,0.1282051282051282,0.38461538461538464,0.48717948717948717,20.0,,,True,True,True,True,False,False
2000004123,2019-11,True,4.0,7.0,40.0,0.0,4.0,4.0,0.0,0.0,,,,2578.38,22131.2,2265.46,0.0,0.0,2.0,False,0.175,0.4,0.425,23.0,,,True,True,True,True,False,False
2000004123,2019-12,True,3.0,8.0,27.0,0.0,0.0,3.0,0.0,0.0,,,,4146.41,15669.39,2146.72,0.0,0.0,13.0,False,0.18518518518518517,0.48148148148148145,0.3333333333333333,18.0,,,True,True,True,True,False,False
2000004123,2020-01,True,5.0,12.0,18.0,0.0,0.0,3.0,0.0,0.0,,,,5904.77,8940.130000000001,1359.37,0.0,0.0,1.0,False,0.2777777777777778,0.6111111111111112,0.1111111111111111,16.0,,,True,True,True,True,False,False
2000004123,2020-02,True,1.0,9.0,16.0,0.0,0.0,3.0,0.0,0.0,,,,4853.46,7431.840000000001,1359.37,0.0,0.0,4.0,False,0.25,0.6875,0.0625,15.0,,,True,True,True,True,False,False
2000004123,2020-05,True,0.0,7.0,16.0,0.0,0.0,3.0,0.0,0.0,,,,9623.699999999999,14477.16,7362.0,0.0,0.0,64.0,False,0.375,0.5625,0.0625,15.0,,,True,True,True,True,False,False
2000004123,2020-06,True,3.0,3.0,16.0,0.0,0.0,3.0,0.0,0.0,,,,1729.65,13506.039999999999,7362.0,0.0,0.0,3.0,False,0.5,0.5,0.0,16.0,,,True,True,True,True,False,False
2000004123,2020-07,True,8.0,11.0,19.0,0.0,0.0,3.0,0.0,0.0,,,,7161.83,16847.3,7362.0,0.0,0.0,2.0,False,0.47368421052631576,0.47368421052631576,0.05263157894736842,18.0,,,True,True,True,True,False,False
2000004123,2020-08,True,5.0,16.0,23.0,0.0,0.0,3.0,0.0,0.0,,,,10398.18,20021.879999999997,7362.0,0.0,0.0,19.0,False,0.4782608695652174,0.4782608695652174,0.043478260869565216,22.0,,,True,True,True,True,False,False
2000004123,2020-09,True,11.0,24.0,27.0,0.0,0.0,3.0,0.0,0.0,,,,16445.010000000002,18174.66,2265.46,0.0,0.0,3.0,False,0.4444444444444444,0.5185185185185185,0.037037037037037035,26.0,,,True,True,True,True,False,False
2000004123,2020-10,True,5.0,21.0,32.0,0.0,0.0,3.0,0.0,0.0,,,,14111.67,21273.5,2265.46,0.0,0.0,2.0,False,0.46875,0.5,0.03125,31.0,,,True,True,True,True,False,False
2000004123,2020-11,True,7.0,23.0,39.0,0.0,0.0,3.0,0.0,0.0,,,,15476.09,25874.27,2265.46,0.0,0.0,11.0,False,0.4358974358974359,0.5128205128205128,0.05128205128205128,37.0,,,True,True,True,True,False,False
2000004123,2020-12,True,2.0,14.0,38.0,0.0,0.0,3.0,0.0,0.0,,,,9999.63,26444.64,2265.46,0.0,0.0,6.0,False,0.39473684210526316,0.5526315789473685,0.05263157894736842,36.0,,,True,True,True,True,False,False
2000004123,2021-01,True,8.0,17.0,38.0,0.0,0.0,3.0,0.0,0.0,,,,20697.05,34808.72,10661.58,1.0,1.0,1.0,False,0.42105263157894735,0.5263157894736842,0.05263157894736842,36.0,,,True,True,True,True,False,False
2000004123,2021-02,True,7.0,17.0,40.0,0.0,0.0,3.0,0.0,0.0,,,,30076.239999999998,45552.33,10661.58,1.0,1.0,3.0,False,0.4,0.55,0.05,38.0,,,True,True,True,True,False,False
2000004123,2021-03,True,16.0,31.0,45.0,0.0,0.0,3.0,0.0,0.0,,,,40037.14,50036.770000000004,10661.58,1.0,1.0,3.0,False,0.4222222222222222,0.5333333333333333,0.044444444444444446,43.0,,,True,True,True,True,False,False
2000004123,2021-04,True,5.0,28.0,45.0,0.0,0.0,3.0,0.0,0.0,,,,28075.059999999998,48772.11,10661.58,0.0,1.0,7.0,False,0.37777777777777777,0.5777777777777777,0.044444444444444446,43.0,,,True,True,True,True,False,False
2000004123,2021-05,True,5.0,26.0,43.0,0.0,0.0,3.0,0.0,0.0,,,,17464.42,47540.66,10661.58,0.0,1.0,8.0,False,0.4186046511627907,0.5581395348837209,0.023255813953488372,42.0,,,True,True,True,True,False,False
2000004123,2021-06,True,8.0,18.0,49.0,0.0,0.0,3.0,0.0,0.0,,,,12697.369999999999,52734.509999999995,10661.58,0.0,1.0,7.0,False,0.46938775510204084,0.5102040816326531,0.02040816326530612,48.0,,,True,True,True,True,False,False
2000004123,2021-07,True,7.0,20.0,48.0,1.0,1.0,4.0,0.0,0.0,,,,15502.560000000001,43577.62,10661.58,0.0,0.0,7.0,True,0.4791666666666667,0.5208333333333334,0.0,48.0,,,True,True,True,True,False,False
2000004123,2021-08,True,6.0,21.0,47.0,2.0,2.0,4.0,0.0,0.0,,,,14337.53,31801.95,5889.6,0.0,0.0,3.0,True,0.44680851063829785,0.5531914893617021,0.0,47.0,,,True,True,True,True,False,False
2000004123,2021-09,True,3.0,16.0,34.0,2.0,2.0,4.0,0.0,0.0,,,,12174.45,24871.82,1776.93,0.0,0.0,1.0,True,0.38235294117647056,0.6176470588235294,0.0,34.0,,,True,True,True,True,False,False
2000004123,2021-10,True,6.0,15.0,35.0,1.0,2.0,4.0,0.0,0.0,,,,11450.66,26953.22,1776.93,0.0,0.0,1.0,True,0.34285714285714286,0.6571428571428571,0.0,35.0,,,True,True,True,True,False,False
2000004123,2021-11,True,1.0,10.0,31.0,0.0,2.0,4.0,0.0,0.0,,,,9911.49,24249.020000000004,1776.93,0.0,0.0,18.0,False,0.2903225806451613,0.7096774193548387,0.0,31.0,,,True,True,True,True,False,False
2000004123,2021-12,True,6.0,13.0,29.0,0.0,2.0,4.0,0.0,0.0,,,,11191.27,23365.72,3553.86,0.0,0.0,9.0,False,0.20689655172413793,0.7586206896551724,0.034482758620689655,28.0,,,True,True,True,True,False,False
2000004123,2022-01,True,4.0,11.0,26.0,0.0,1.0,4.0,0.0,0.0,,,,9919.650000000001,21370.31,3553.86,0.0,0.0,14.0,False,0.15384615384615385,0.8076923076923077,0.038461538461538464,25.0,,,True,True,True,True,False,False
2000004123,2022-02,True,3.0,13.0,23.0,1.0,1.0,4.0,0.0,0.0,,,,11401.43,21312.920000000002,3553.86,0.0,0.0,11.0,True,0.21739130434782608,0.7391304347826086,0.043478260869565216,22.0,,,True,True,True,True,False,False
2000004123,2022-03,True,2.0,9.0,22.0,1.0,1.0,4.0,0.0,0.0,,,,8344.720000000001,19535.989999999998,3553.86,0.0,0.0,13.0,True,0.18181818181818182,0.7727272727272727,0.045454545454545456,21.0,,,True,True,True,True,False,False
2000004123,2022-04,True,8.0,13.0,24.0,1.0,1.0,4.0,0.0,0.0,,,,17435.5,27355.15,5071.6,0.0,0.0,2.0,True,0.25,0.7083333333333334,0.041666666666666664,23.0,,,True,True,True,True,False,False
2000004123,2022-05,True,6.0,16.0,29.0,0.0,1.0,4.0,0.0,0.0,,,,19500.95,30902.379999999997,5071.6,0.0,0.0,10.0,False,0.27586206896551724,0.6896551724137931,0.034482758620689655,28.0,,,True,True,True,True,False,False
2000004123,2022-06,True,2.0,16.0,25.0,1.0,2.0,4.0,0.0,0.0,,,,17234.27,25578.989999999998,5071.6,0.0,0.0,12.0,True,0.24,0.72,0.04,24.0,,,True,True,True,True,False,False
2000004123,2022-07,True,4.0,12.0,25.0,1.0,2.0,4.0,0.0,0.0,,,,10763.58,28199.08,5071.6,0.0,0.0,1.0,True,0.28,0.68,0.04,24.0,,,True,True,True,True,False,False
2000004123,2022-08,True,6.0,12.0,28.0,1.0,1.0,4.0,0.0,0.0,,,,13122.009999999998,32622.96,5071.6,0.0,0.0,13.0,True,0.25,0.7142857142857143,0.03571428571428571,27.0,,,True,True,True,True,False,False
2000004123,2022-09,True,3.0,13.0,29.0,0.0,1.0,4.0,0.0,0.0,,,,15721.25,32955.52,5071.6,0.0,0.0,2.0,False,0.3103448275862069,0.6551724137931034,0.034482758620689655,28.0,,,True,True,True,True,False,False
2000004123,2022-10,True,2.0,11.0,23.0,0.0,1.0,4.0,0.0,0.0,,,,12271.25,23034.829999999998,3272.0,0.0,0.0,16.0,False,0.30434782608695654,0.6521739130434783,0.043478260869565216,22.0,,,True,True,True,True,False,False
2000004123,2022-11,True,1.0,6.0,18.0,0.0,1.0,4.0,0.0,0.0,,,,7477.4,20599.409999999996,3272.0,0.0,0.0,8.0,False,0.2777777777777778,0.6666666666666666,0.05555555555555555,17.0,,,True,True,True,True,False,False
2000004123,2023-01,True,0.0,3.0,14.0,0.0,0.0,3.0,0.0,0.0,,,,363026.67,375297.92,358531.0,0.0,0.0,59.0,False,0.21428571428571427,0.7142857142857143,0.07142857142857142,13.0,,,True,True,True,True,False,False
2000004123,2023-02,True,3.0,5.0,11.0,0.0,0.0,3.0,0.0,0.0,,,,361249.77,368727.17,358531.0,0.0,0.0,5.0,False,0.18181818181818182,0.7272727272727273,0.09090909090909091,10.0,,,True,True,True,True,False,False
2000004123,2023-04,True,0.0,7.0,10.0,0.0,0.0,3.0,0.0,0.0,,,,0.12000000000000001,363026.79,358531.0,0.0,0.0,36.0,False,0.0,0.9,0.1,9.0,,,True,True,True,True,False,False
2000004123,2023-05,True,2.0,6.0,11.0,0.0,0.0,3.0,0.0,0.0,,,,1361.7399999999998,362611.51,358531.0,0.0,0.0,11.0,False,0.0,0.9090909090909091,0.09090909090909091,10.0,,,True,True,True,True,False,False
2000004123,2023-06,True,1.0,3.0,10.0,0.0,0.0,3.0,0.0,0.0,,,,2174.54,2174.66,1359.37,0.0,0.0,16.0,False,0.1,0.9,0.0,10.0,,,True,True,True,True,False,False
2000004123,2023-07,True,4.0,7.0,14.0,0.0,0.0,3.0,0.0,0.0,,,,5306.73,5306.85,1625.78,0.0,0.0,16.0,False,0.21428571428571427,0.7857142857142857,0.0,14.0,,,True,True,True,True,False,False
2000004123,2023-08,True,5.0,10.0,16.0,0.0,0.0,3.0,0.0,0.0,,,,5417.4800000000005,6779.22,1625.78,0.0,0.0,26.0,False,0.5,0.5,0.0,16.0,,,True,True,True,True,False,False
2000004123,2023-09,True,4.0,13.0,16.0,0.0,0.0,3.0,0.0,0.0,,,,7769.28,9943.82,1625.78,0.0,0.0,7.0,False,0.5625,0.4375,0.0,16.0,,,True,True,True,True,False,False
2000004123,2023-10,True,1.0,10.0,17.0,0.0,0.0,3.0,0.0,0.0,,,,4674.21,9980.94,1625.78,0.0,0.0,5.0,False,0.5882352941176471,0.4117647058823529,0.0,17.0,,,True,True,True,True,False,False
2000004123,2023-11,True,51.0,56.0,66.0,0.0,0.0,3.0,0.0,0.0,,,,4977.879999999999,10395.36,1625.78,0.0,0.0,8.0,False,0.8484848484848485,0.15151515151515152,0.0,66.0,,,True,True,True,True,False,False
2000004123,2023-12,True,45.0,97.0,110.0,0.0,0.0,3.0,0.0,0.0,,,,3874.6000000000004,11643.880000000001,1625.78,0.0,0.0,15.0,False,0.8909090909090909,0.10909090909090909,0.0,110.0,,,True,True,True,True,False,False
2000004123,2024-01,True,3.0,99.0,109.0,0.0,0.0,3.0,0.0,0.0,,,,1422138.92,1426813.13,1418238.44,0.0,0.0,14.0,False,0.8990825688073395,0.10091743119266056,0.0,109.0,,,True,True,True,True,False,False
2000004123,2024-03,True,0.0,5.0,102.0,0.0,0.0,3.0,0.0,0.0,,,,1418979.88,1422854.4799999997,1418238.44,0.0,0.0,53.0,False,0.9019607843137255,0.09803921568627451,0.0,102.0,,,True,True,True,True,False,False
2000004123,2024-04,True,11.0,13.0,112.0,0.0,0.0,3.0,0.0,0.0,,,,15966.170000000002,1438105.0899999999,1418238.44,0.0,0.0,6.0,False,0.8839285714285714,0.11607142857142858,0.0,112.0,,,True,True,True,True,False,False
2000004123,2024-05,True,1.0,12.0,62.0,0.0,0.0,3.0,0.0,0.0,,,,15287.730000000001,1436329.0199999998,1418238.44,0.0,0.0,29.0,False,0.8709677419354839,0.12903225806451613,0.0,62.0,,,True,True,True,True,False,False
2000004123,2024-07,True,0.0,2.0,15.0,0.0,0.0,3.0,0.0,0.0,,,,812.89,16779.06,10370.29,0.0,0.0,59.0,False,0.6,0.4,0.0,15.0,,,True,True,True,True,False,False
2000004123,2024-08,True,3.0,4.0,16.0,0.0,0.0,3.0,0.0,0.0,,,,2149.1600000000003,17436.890000000003,10370.29,0.0,0.0,8.0,False,0.625,0.375,0.0,16.0,,,True,True,True,True,False,False
2000004123,2024-10,True,0.0,4.0,6.0,0.0,0.0,3.0,0.0,0.0,,,,1336.2800000000002,2149.1700000000005,1329.13,0.0,0.0,59.0,False,0.3333333333333333,0.6666666666666666,0.0,6.0,,,True,True,True,True,False,False
2000004123,2024-11,True,1.0,2.0,6.0,0.0,0.0,3.0,0.0,0.0,,,,937.3899999999998,3086.55,1329.13,0.0,0.0,16.0,False,0.16666666666666666,0.8333333333333334,0.0,6.0,,,True,True,True,True,False,False
2000004123,2024-12,True,2.0,3.0,7.0,0.0,0.0,3.0,0.0,0.0,,,,947.8399999999998,2284.1200000000003,1329.13,0.0,0.0,6.0,False,0.14285714285714285,0.8571428571428571,0.0,7.0,,,True,True,True,True,False,False
2000004123,2025-02,True,0.0,3.0,5.0,0.0,0.0,3.0,0.0,0.0,,,,823.3499999999998,1760.74,937.38,0.0,0.0,44.0,False,0.2,0.8,0.0,5.0,,,True,True,True,True,False,False
2000004123,2025-03,True,1.0,2.0,5.0,0.0,0.0,3.0,0.0,0.0,,,,1625.7799999999997,2573.62,937.38,0.0,0.0,9.0,False,0.4,0.6,0.0,5.0,,,True,True,True,True,False,False
2000004123,2025-06,True,0.0,1.0,3.0,0.0,0.0,3.0,0.0,0.0,,,,135.21999999999977,1761.0,812.89,0.0,0.0,76.0,False,1.0,0.0,0.0,3.0,,,True,True,True,True,False,False
2000004123,2025-11,True,0.0,0.0,1.0,0.0,0.0,3.0,0.0,0.0,,,,0.0,58.87,58.87,0.0,0.0,142.0,False,0.0,1.0,0.0,1.0,,,True,True,True,True,False,False
2000004123,2025-12,True,1.0,1.0,2.0,0.0,0.0,3.0,0.0,0.0,,,,1359.3699999999997,1418.2399999999998,1359.37,0.0,0.0,18.0,False,0.0,1.0,0.0,2.0,,,True,True,True,True,False,False
2000010197,2024-01,False,0.0,0.0,0.0,0.0,0.0,0.0,0.0,0.0,,,,0.0,0.0,0.0,0.0,0.0,,False,,,,0.0,,,True,True,True,True,True,True
2000010197,2024-10,False,0.0,0.0,0.0,0.0,0.0,0.0,0.0,0.0,,,,0.0,0.0,0.0,0.0,0.0,251.0,False,,,,0.0,,,True,True,True,True,False,True
2000010197,2025-04,False,0.0,0.0,1.0,0.0,0.0,2.0,0.0,0.0,,,,0.0,539.53,539.53,0.0,0.0,159.0,False,1.0,0.0,0.0,1.0,,,True,True,True,True,False,False
2000010197,2025-09,False,0.0,0.0,0.0,0.0,0.0,0.0,0.0,10.0,,,,0.0,0.0,0.0,0.0,0.0,312.0,False,,,,0.0,,,True,True,True,True,False,True
2000033413,2019-05,False,0.0,0.0,0.0,0.0,0.0,0.0,0.0,0.0,,,,0.0,0.0,0.0,0.0,0.0,,False,,,,0.0,,,True,True,True,True,True,True
2000033413,2019-06,False,2.0,2.0,2.0,0.0,0.0,3.0,0.0,0.0,,,,9641.869999999999,9641.869999999999,8584.65,0.0,0.0,10.0,False,0.0,0.0,1.0,0.0,,,True,True,True,True,False,False
2000033413,2019-07,False,1.0,3.0,3.0,0.0,0.0,3.0,0.0,0.0,,,,10699.089999999998,10699.089999999998,8584.65,0.0,0.0,5.0,False,0.0,0.3333333333333333,0.6666666666666666,1.0,,,True,True,True,True,False,False
2000033413,2019-08,False,1.0,4.0,4.0,0.0,0.0,3.0,0.0,0.0,,,,120674.98999999999,120674.98999999999,109975.9,0.0,0.0,22.0,False,0.25,0.25,0.5,2.0,,,True,True,True,True,False,False
2000033413,2019-09,False,1.0,3.0,5.0,0.0,0.0,3.0,0.0,0.0,,,,113870.34999999999,123512.21999999999,109975.9,0.0,0.0,27.0,False,0.2,0.4,0.4,3.0,,,True,True,True,True,False,False
2000033413,2019-10,False,1.0,3.0,6.0,0.0,0.0,3.0,0.0,0.0,,,,121397.78,132096.87,109975.9,0.0,0.0,22.0,False,0.3333333333333333,0.3333333333333333,0.3333333333333333,4.0,,,True,True,True,True,False,False
2000033413,2019-11,False,4.0,6.0,10.0,0.0,0.0,3.0,0.0,0.0,,,,40013.06,160688.05,109975.9,0.0,0.0,8.0,False,0.5,0.2,0.3,7.0,,,True,True,True,True,False,False
2000033413,2019-12,False,3.0,8.0,11.0,0.0,0.0,3.0,0.0,0.0,,,,257127.63999999998,370997.99,109975.9,0.0,0.0,16.0,False,0.7272727272727273,0.18181818181818182,0.09090909090909091,10.0,,,True,True,True,True,False,False
2000033413,2020-01,False,1.0,8.0,11.0,0.0,0.0,3.0,0.0,0.0,,,,257127.63999999998,378525.42,109975.9,0.0,0.0,21.0,False,0.8181818181818182,0.09090909090909091,0.09090909090909091,10.0,,,True,True,True,True,False,False
2000033413,2020-02,False,9.0,13.0,19.0,0.0,0.0,3.0,0.0,0.0,,,,1683977.1099999999,1723990.17,1099759.0,2.0,2.0,2.0,False,0.7368421052631579,0.10526315789473684,0.15789473684210525,16.0,,,True,True,True,True,False,False
2000033413,2020-03,False,2.0,12.0,20.0,0.0,0.0,3.0,0.0,0.0,,,,1481194.5999999999,1738322.24,1099759.0,2.0,2.0,2.0,False,0.8,0.05,0.15,17.0,,,True,True,True,True,False,False
2000033413,2020-05,False,0.0,3.0,16.0,0.0,0.0,3.0,0.0,0.0,,,,127145.2,1811122.3099999998,1099759.0,0.0,2.0,46.0,False,0.8125,0.0625,0.125,14.0,,,True,True,True,True,False,False
2000033413,2020-06,False,1.0,2.0,14.0,0.0,0.0,3.0,0.0,0.0,,,,118560.54999999999,1599755.1500000001,1099759.0,0.0,2.0,21.0,False,0.7857142857142857,0.07142857142857142,0.14285714285714285,12.0,,,True,True,True,True,False,False
2000033413,2020-07,False,2.0,3.0,15.0,0.0,0.0,3.0,0.0,0.0,,,,127145.19999999998,1709731.0499999998,1099759.0,0.0,2.0,5.0,False,0.8,0.06666666666666667,0.13333333333333333,13.0,,,True,True,True,True,False,False
2000033413,2020-08,False,3.0,6.0,9.0,0.0,0.0,3.0,0.0,0.0,,,,254290.39999999997,381435.6,109975.9,0.0,0.0,1.0,False,1.0,0.0,0.0,9.0,,,True,True,True,True,False,False
2000033413,2020-09,False,1.0,6.0,8.0,0.0,0.0,3.0,0.0,0.0,,,,254290.39999999997,372850.94999999995,109975.9,0.0,0.0,13.0,False,1.0,0.0,0.0,8.0,,,True,True,True,True,False,False
2000033413,2020-10,False,9.0,13.0,16.0,0.0,0.0,3.0,0.0,0.0,,,,215172.3,342317.49999999994,109975.9,0.0,0.0,8.0,False,1.0,0.0,0.0,16.0,,,True,True,True,True,False,False
2000033413,2020-11,False,6.0,16.0,22.0,3.0,3.0,4.0,0.0,0.0,,,,3186208.3400000003,3440498.74,1539662.6,1.0,1.0,5.0,True,0.9090909090909091,0.045454545454545456,0.045454545454545456,21.0,,,True,True,True,True,False,False
2000033413,2020-12,False,2.0,17.0,23.0,3.0,3.0,4.0,0.0,0.0,,,,3296184.24,3550474.64,1539662.6,1.0,1.0,1.0,True,0.8260869565217391,0.13043478260869565,0.043478260869565216,22.0,,,True,True,True,True,False,False
2000033413,2021-01,False,1.0,9.0,22.0,3.0,3.0,4.0,0.0,0.0,,,,3225326.4400000004,3440498.74,1539662.6,1.0,1.0,11.0,True,0.8181818181818182,0.13636363636363635,0.045454545454545456,21.0,,,True,True,True,True,False,False
2000033413,2021-02,False,5.0,8.0,24.0,0.0,3.0,4.0,0.0,0.0,,,,317220.17999999993,3503428.5200000005,1539662.6,0.0,1.0,3.0,False,0.7916666666666666,0.16666666666666666,0.041666666666666664,23.0,,,True,True,True,True,False,False
2000033413,2021-03,False,9.0,15.0,32.0,0.0,3.0,4.0,0.0,0.0,,,,267579.63999999996,3563763.8800000004,1539662.6,0.0,1.0,4.0,False,0.8125,0.15625,0.03125,31.0,,,True,True,True,True,False,False
2000033413,2021-04,False,5.0,19.0,28.0,0.0,3.0,4.0,0.0,0.0,,,,513285.3899999999,3738611.83,1539662.6,0.0,1.0,10.0,False,0.7142857142857143,0.25,0.03571428571428571,27.0,,,True,True,True,True,False,False
2000033413,2021-05,False,3.0,17.0,25.0,0.0,0.0,3.0,0.0,0.0,,,,551746.8599999999,868967.0399999999,109975.9,0.0,0.0,3.0,False,0.76,0.24,0.0,25.0,,,True,True,True,True,False,False
2000033413,2021-06,False,2.0,10.0,25.0,0.0,0.0,3.0,0.0,0.0,,,,499996.1499999999,767575.7899999999,109975.9,0.0,0.0,5.0,False,0.76,0.24,0.0,25.0,,,True,True,True,True,False,False
2000033413,2021-08,False,0.0,4.0,21.0,0.0,0.0,3.0,0.0,0.0,,,,135729.84999999998,687476.71,109975.9,0.0,0.0,32.0,False,0.7619047619047619,0.23809523809523808,0.0,21.0,,,True,True,True,True,False,False
2000033413,2021-09,False,4.0,6.0,16.0,0.0,0.0,3.0,0.0,0.0,,,,457072.89999999997,957069.0499999999,109975.9,0.0,0.0,21.0,False,0.625,0.375,0.0,16.0,,,True,True,True,True,False,False
2000033413,2021-10,False,1.0,5.0,12.0,0.0,0.0,3.0,0.0,0.0,,,,339569.56999999995,703835.8699999999,109975.9,0.0,0.0,4.0,False,0.6666666666666666,0.3333333333333333,0.0,12.0,,,True,True,True,True,False,False
2000033413,2021-11,False,3.0,8.0,12.0,0.0,0.0,3.0,0.0,0.0,,,,1117985.52,1253715.3699999999,659855.4,0.0,0.0,27.0,False,0.4166666666666667,0.5833333333333334,0.0,12.0,,,True,True,True,True,False,False
2000033413,2021-12,False,4.0,8.0,14.0,0.0,0.0,3.0,0.0,0.0,,,,1117985.52,1575058.42,659855.4,0.0,0.0,2.0,False,0.5714285714285714,0.35714285714285715,0.07142857142857142,13.0,,,True,True,True,True,False,False
2000033413,2022-01,False,3.0,10.0,15.0,0.0,0.0,3.0,0.0,0.0,,,,1345464.75,1685034.32,659855.4,0.0,0.0,25.0,False,0.4,0.4666666666666667,0.13333333333333333,13.0,,,True,True,True,True,False,False
2000033413,2022-02,False,1.0,8.0,16.0,0.0,0.0,3.0,0.0,0.0,,,,677024.7,1795010.22,659855.4,0.0,0.0,20.0,False,0.4375,0.4375,0.125,14.0,,,True,True,True,True,False,False
2000033413,2022-03,False,1.0,5.0,13.0,0.0,0.0,3.0,0.0,0.0,,,,338512.36,1456497.88,659855.4,0.0,0.0,20.0,False,0.46153846153846156,0.38461538461538464,0.15384615384615385,11.0,,,True,True,True,True,False,False
2000033413,2022-04,False,4.0,6.0,16.0,0.0,0.0,3.0,0.0,0.0,,,,347097.01,1692561.7599999998,659855.4,0.0,0.0,15.0,False,0.5,0.375,0.125,14.0,,,True,True,True,True,False,False
2000033413,2022-05,False,1.0,6.0,14.0,0.0,0.0,3.0,0.0,0.0,,,,347097.01,1024121.71,109975.9,0.0,0.0,30.0,False,0.6428571428571429,0.21428571428571427,0.14285714285714285,12.0,,,True,True,True,True,False,False
2000033413,2022-06,False,2.0,7.0,12.0,2.0,2.0,4.0,0.0,0.0,,,,460244.55999999994,798756.9199999999,109975.9,0.0,0.0,1.0,True,0.6666666666666666,0.25,0.08333333333333333,11.0,,,True,True,True,True,False,False
2000033413,2022-07,False,2.0,5.0,11.0,2.0,2.0,4.0,0.0,0.0,,,,334156.57999999996,681253.59,109975.9,0.0,0.0,1.0,True,0.8181818181818182,0.18181818181818182,0.0,11.0,,,True,True,True,True,False,False
2000033413,2022-10,False,0.0,2.0,7.0,0.0,2.0,4.0,0.0,0.0,,,,17169.3,351325.88,109975.9,0.0,0.0,73.0,False,0.5714285714285714,0.42857142857142855,0.0,7.0,,,True,True,True,True,False,False
2000033413,2023-01,False,0.0,2.0,4.0,0.0,0.0,3.0,0.0,0.0,,,,4228.89,21398.19,8584.65,0.0,0.0,67.0,False,0.25,0.75,0.0,4.0,,,True,True,True,True,False,False
2000033413,2023-02,False,1.0,1.0,3.0,0.0,0.0,3.0,0.0,0.0,,,,109975.9,114204.79,109975.9,0.0,0.0,22.0,False,0.6666666666666666,0.3333333333333333,0.0,3.0,,,True,True,True,True,False,False
2000033413,2023-03,False,2.0,3.0,5.0,0.0,0.0,3.0,0.0,0.0,,,,228536.44999999998,232765.33999999997,109975.9,0.0,0.0,14.0,False,0.4,0.6,0.0,5.0,,,True,True,True,True,False,False
2000033413,2023-04,False,2.0,5.0,7.0,0.0,0.0,3.0,0.0,0.0,,,,238178.31999999998,242407.21,109975.9,0.0,0.0,18.0,False,0.42857142857142855,0.5714285714285714,0.0,7.0,,,True,True,True,True,False,False
2000033413,2023-05,False,2.0,6.0,7.0,0.0,0.0,3.0,0.0,0.0,,,,239633.45999999996,349609.36,109975.9,0.0,0.0,12.0,False,0.42857142857142855,0.5714285714285714,0.0,7.0,,,True,True,True,True,False,False
2000033413,2023-07,False,0.0,3.0,8.0,0.0,0.0,3.0,0.0,0.0,,,,111431.04999999999,349609.36999999994,109975.9,0.0,0.0,58.0,False,0.5,0.5,0.0,8.0,,,True,True,True,True,False,False
2000033413,2023-08,False,3.0,4.0,10.0,0.0,0.0,3.0,0.0,0.0,,,,778415.9600000001,1018049.42,659855.4,0.0,0.0,6.0,False,0.4,0.6,0.0,10.0,,,True,True,True,True,False,False
2000033413,2023-10,False,0.0,4.0,7.0,0.0,0.0,3.0,0.0,0.0,,,,888391.8500000001,999822.9,659855.4,0.0,0.0,51.0,False,0.5714285714285714,0.42857142857142855,0.0,7.0,,,True,True,True,True,False,False
2000033413,2023-11,False,2.0,3.0,7.0,0.0,0.0,3.0,0.0,0.0,,,,329927.69999999995,1108343.6600000001,659855.4,0.0,0.0,16.0,False,0.5714285714285714,0.42857142857142855,0.0,7.0,,,True,True,True,True,False,False
2000033413,2023-12,False,2.0,4.0,8.0,0.0,0.0,3.0,0.0,0.0,,,,330984.92,1219376.77,659855.4,0.0,0.0,22.0,False,0.625,0.375,0.0,8.0,,,True,True,True,True,False,False
2000033413,2024-01,False,1.0,5.0,9.0,0.0,0.0,3.0,0.0,0.0,,,,440960.81999999995,1329352.67,659855.4,0.0,0.0,12.0,False,0.6666666666666666,0.3333333333333333,0.0,9.0,,,True,True,True,True,False,False
2000033413,2024-02,False,3.0,6.0,9.0,0.0,0.0,3.0,0.0,0.0,,,,449545.47,779473.1699999999,109975.9,0.0,0.0,13.0,False,0.6666666666666666,0.3333333333333333,0.0,9.0,,,True,True,True,True,False,False
2000033413,2024-03,False,3.0,7.0,11.0,0.0,0.0,3.0,0.0,0.0,,,,567048.7999999999,898033.72,109975.9,0.0,0.0,8.0,False,0.5454545454545454,0.45454545454545453,0.0,11.0,,,True,True,True,True,False,False
2000033413,2024-04,False,7.0,13.0,18.0,0.0,0.0,3.0,0.0,0.0,,,,1125512.9499999997,1566473.7699999998,109975.9,0.0,0.0,6.0,False,0.4444444444444444,0.5555555555555556,0.0,18.0,,,True,True,True,True,False,False
2000033413,2024-05,False,6.0,16.0,22.0,0.0,0.0,3.0,0.0,0.0,,,,1446856.0099999998,1896401.4799999997,109975.9,0.0,0.0,12.0,False,0.45454545454545453,0.5454545454545454,0.0,22.0,,,True,True,True,True,False,False
2000033413,2024-06,False,2.0,15.0,22.0,0.0,0.0,3.0,0.0,0.0,,,,1219376.79,1786425.5899999999,109975.9,0.0,0.0,1.0,False,0.4090909090909091,0.5909090909090909,0.0,22.0,,,True,True,True,True,False,False
2000033413,2024-07,False,2.0,10.0,23.0,0.0,0.0,3.0,0.0,0.0,,,,770888.54,1896401.49,109975.9,0.0,0.0,21.0,False,0.43478260869565216,0.5652173913043478,0.0,23.0,,,True,True,True,True,False,False
2000033413,2024-08,False,5.0,9.0,25.0,0.0,0.0,3.0,0.0,0.0,,,,559521.38,2006377.3899999997,109975.9,1.0,1.0,7.0,False,0.52,0.44,0.04,24.0,,,True,True,True,True,False,False
2000033413,2024-09,False,1.0,8.0,23.0,0.0,0.0,3.0,0.0,0.0,,,,668440.05,1887816.8399999999,109975.9,1.0,1.0,31.0,False,0.5652173913043478,0.391304347826087,0.043478260869565216,22.0,,,True,True,True,True,False,False
2000033413,2024-10,False,3.0,9.0,19.0,0.0,0.0,3.0,0.0,0.0,,,,451659.91,1222548.45,109975.9,1.0,1.0,22.0,False,0.7368421052631579,0.21052631578947367,0.05263157894736842,18.0,,,True,True,True,True,False,False
2000033413,2024-11,False,3.0,7.0,16.0,0.0,0.0,3.0,0.0,0.0,,,,231708.13,791229.51,109975.9,0.0,1.0,18.0,False,0.8125,0.125,0.0625,15.0,,,True,True,True,True,False,False
2000033413,2024-12,False,4.0,10.0,18.0,0.0,0.0,3.0,0.0,0.0,,,,358853.32999999996,1027293.38,109975.9,0.0,1.0,23.0,False,0.8888888888888888,0.05555555555555555,0.05555555555555555,17.0,,,True,True,True,True,False,False
2000033413,2025-01,False,1.0,8.0,17.0,0.0,0.0,3.0,0.0,0.0,,,,364266.32,815926.23,109975.9,0.0,1.0,26.0,False,0.8823529411764706,0.058823529411764705,0.058823529411764705,16.0,,,True,True,True,True,False,False
2000033413,2025-03,False,0.0,4.0,14.0,0.0,0.0,3.0,0.0,0.0,,,,338512.35,697365.6799999999,109975.9,0.0,0.0,33.0,False,0.9285714285714286,0.07142857142857142,0.0,14.0,,,True,True,True,True,False,False
2000033413,2025-04,False,2.0,5.0,13.0,0.0,0.0,3.0,32.0,32.0,0.15625,0.0,17183.734375,549879.5,914145.8200000001,109975.9,0.0,0.0,11.0,False,0.9230769230769231,0.07692307692307693,0.0,13.0,,,False,False,False,False,False,False
2000033413,2025-05,False,2.0,4.0,12.0,0.0,0.0,3.0,35.0,35.0,0.11428571428571428,0.0,12568.674285714285,439903.6,1015537.0499999999,109975.9,0.0,0.0,16.0,False,0.9166666666666666,0.08333333333333333,0.0,12.0,,,False,False,False,False,False,False
2000033413,2025-06,False,5.0,9.0,13.0,0.0,0.0,3.0,69.0,69.0,0.13043478260869565,0.0,12875.24420289855,888391.85,1226904.2,109975.9,0.0,0.0,5.0,False,0.8461538461538461,0.15384615384615385,0.0,13.0,,,False,False,False,False,False,False
2000033413,2025-07,False,6.0,13.0,18.0,0.0,0.0,3.0,64.0,96.0,0.203125,0.0,15822.294843750002,1012626.8700000001,1562506.37,109975.9,0.0,0.0,6.0,False,0.8333333333333334,0.16666666666666666,0.0,18.0,0.046875,0.0,False,False,False,False,False,False
2000033413,2025-08,False,5.0,16.0,20.0,0.0,0.0,3.0,104.0,139.0,0.15384615384615385,0.0,9956.448365384615,1035470.63,1475374.2299999997,109975.9,0.0,0.0,2.0,False,0.75,0.25,0.0,20.0,0.03956043956043957,0.0,False,False,False,False,False,False
2000033413,2025-09,False,2.0,13.0,22.0,0.0,0.0,3.0,70.0,139.0,0.18571428571428572,0.0,8508.100571428571,595567.0399999999,1483958.8900000001,109975.9,0.0,0.0,17.0,False,0.7727272727272727,0.22727272727272727,0.0,22.0,0.05527950310559007,0.0,False,False,False,False,False,False
2000033413,2025-10,False,0.0,7.0,20.0,0.0,0.0,3.0,108.0,172.0,0.06481481481481481,0.0,2327.5946296296293,251380.21999999997,1264007.09,109975.9,0.0,0.0,47.0,False,0.75,0.25,0.0,20.0,-0.13831018518518517,0.0,False,False,False,False,False,False
2000033413,2025-11,False,7.0,9.0,25.0,0.0,0.0,3.0,83.0,187.0,0.10843373493975904,0.0,4181.892048192772,347097.04000000004,1382567.67,109975.9,0.0,0.0,2.0,False,0.84,0.16,0.0,25.0,-0.045412418906394816,0.0,False,False,False,False,False,False
2000033413,2025-12,False,2.0,9.0,22.0,0.0,0.0,3.0,83.0,153.0,0.10843373493975904,0.0,5403.473373493976,448488.29000000004,1044055.33,109975.9,0.0,0.0,18.0,False,0.8181818181818182,0.18181818181818182,0.0,22.0,-0.07728055077452668,0.0,False,False,False,False,False,False
2000033413,2026-01,False,2.0,11.0,18.0,0.0,0.0,3.0,64.0,172.0,0.171875,0.0,7141.764843750001,457072.95000000007,708453.17,109975.9,0.0,0.0,21.0,False,0.8333333333333334,0.16666666666666666,0.0,18.0,0.10706018518518519,0.0,False,False,False,False,False,False
2000033413,2026-02,False,2.0,6.0,15.0,0.0,0.0,3.0,99.0,182.0,0.06060606060606061,0.0,3419.3168686868685,338512.37,685609.4099999999,109975.9,0.0,0.0,11.0,False,0.9333333333333333,0.06666666666666667,0.0,15.0,-0.04782767433369843,0.0,False,False,False,False,False,False
2000033414,2019-05,False,0.0,0.0,0.0,0.0,0.0,0.0,0.0,0.0,,,,0.0,0.0,0.0,0.0,0.0,,False,,,,0.0,,,True,True,True,True,True,True
2000033414,2019-07,False,0.0,4.0,4.0,0.0,0.0,3.0,0.0,0.0,,,,265.9,265.9,106.36,0.0,0.0,31.0,False,0.0,0.5,0.5,2.0,,,True,True,True,True,False,False
2000033414,2022-07,False,0.0,0.0,0.0,0.0,0.0,0.0,0.0,0.0,,,,0.0,0.0,0.0,0.0,0.0,1067.0,False,,,,0.0,,,True,True,True,True,False,True
2000033414,2024-01,False,0.0,0.0,0.0,0.0,0.0,0.0,0.0,0.0,,,,0.0,0.0,0.0,0.0,0.0,531.0,False,,,,0.0,,,True,True,True,True,False,True
2000033414,2025-05,False,0.0,0.0,0.0,0.0,0.0,0.0,0.0,0.0,,,,0.0,0.0,0.0,0.0,0.0,461.0,False,,,,0.0,,,True,True,True,True,False,True
2000033415,2019-05,False,0.0,0.0,0.0,0.0,0.0,0.0,0.0,0.0,,,,0.0,0.0,0.0,0.0,0.0,,False,,,,0.0,,,True,True,True,True,True,True
2000033415,2019-06,False,2.0,2.0,2.0,0.0,0.0,3.0,0.0,0.0,,,,0.02,0.02,0.01,0.0,0.0,29.0,False,0.0,0.0,1.0,0.0,,,True,True,True,True,False,False
2000033415,2019-07,False,15.0,17.0,17.0,1.0,1.0,4.0,0.0,0.0,,,,3371.47,3371.47,1526.0,0.0,0.0,6.0,True,0.058823529411764705,0.17647058823529413,0.7647058823529411,4.0,,,True,True,True,True,False,False
2000033415,2019-08,False,2.0,19.0,19.0,1.0,1.0,4.0,0.0,0.0,,,,3582.1499999999996,3582.1499999999996,1526.0,0.0,0.0,9.0,True,0.15789473684210525,0.15789473684210525,0.6842105263157895,6.0,,,True,True,True,True,False,False
2000033415,2019-09,False,1.0,18.0,20.0,1.0,1.0,4.0,0.0,0.0,,,,8002.209999999999,8002.23,4420.08,0.0,0.0,26.0,True,0.15,0.2,0.65,7.0,,,True,True,True,True,False,False
2000033415,2020-06,False,0.0,0.0,0.0,0.0,0.0,0.0,0.0,0.0,,,,0.0,0.0,0.0,0.0,0.0,255.0,False,,,,0.0,,,True,True,True,True,False,True
2000033415,2020-07,False,2.0,2.0,2.0,0.0,0.0,2.0,0.0,0.0,,,,255.8999999999991,255.9,191.99,0.0,0.0,26.0,False,0.0,1.0,0.0,2.0,,,True,True,True,True,False,False
2000033415,2020-09,False,0.0,3.0,3.0,0.0,0.0,2.0,0.0,0.0,,,,447.8899999999991,447.89,191.99,0.0,0.0,57.0,False,0.0,1.0,0.0,3.0,,,True,True,True,True,False,False
2000033415,2020-12,False,0.0,1.0,4.0,0.0,0.0,3.0,0.0,0.0,,,,210.47999999999908,658.37,210.48,0.0,0.0,83.0,False,0.0,0.75,0.25,3.0,,,True,True,True,True,False,False
2000033415,2021-01,False,2.0,2.0,4.0,0.0,0.0,3.0,0.0,0.0,,,,5.2899999999990905,407.76000000000005,210.48,1.0,1.0,2.0,False,0.25,0.25,0.5,2.0,,,True,True,True,True,False,False
2000033415,2021-02,False,1.0,3.0,4.0,0.0,0.0,3.0,0.0,0.0,,,,19.82999999999909,230.31,210.48,1.0,1.0,3.0,False,0.5,0.0,0.5,2.0,,,True,True,True,True,False,False
2000033415,2021-03,False,2.0,5.0,6.0,1.0,1.0,4.0,0.0,0.0,,,,63.39999999999909,273.88,210.48,1.0,1.0,13.0,True,0.6666666666666666,0.0,0.3333333333333333,4.0,,,True,True,True,True,False,False
2000033415,2021-04,False,1.0,4.0,6.0,1.0,1.0,4.0,0.0,0.0,,,,86.50999999999908,91.8,28.4,0.0,1.0,2.0,True,0.6666666666666666,0.16666666666666666,0.16666666666666666,5.0,,,True,True,True,True,False,False
2000033415,2021-06,False,0.0,2.0,7.0,0.0,1.0,4.0,0.0,0.0,,,,151.82999999999907,215.23000000000002,123.43,0.0,1.0,34.0,False,0.7142857142857143,0.14285714285714285,0.14285714285714285,6.0,,,True,True,True,True,False,False
2000033415,2021-08,False,0.0,3.0,7.0,0.0,1.0,4.0,0.0,0.0,,,,619.1299999999991,814.5300000000001,383.98,0.0,0.0,39.0,False,0.42857142857142855,0.5714285714285714,0.0,7.0,,,True,True,True,True,False,False
2000033415,2021-09,False,1.0,4.0,6.0,0.0,0.0,3.0,0.0,0.0,,,,829.6099999999992,981.44,383.98,0.0,0.0,27.0,False,0.3333333333333333,0.6666666666666666,0.0,6.0,,,True,True,True,True,False,False
2000033415,2021-10,False,15.0,16.0,20.0,0.0,0.0,3.0,0.0,0.0,,,,2840.049999999999,3582.6099999999997,383.98,0.0,0.0,8.0,False,0.2,0.2,0.6,8.0,,,True,True,True,True,False,False
2000033415,2021-11,False,1.0,17.0,20.0,0.0,0.0,3.0,0.0,0.0,,,,2868.449999999999,3487.58,383.98,0.0,0.0,3.0,False,0.15,0.25,0.6,8.0,,,True,True,True,True,False,False
2000033415,2021-12,False,3.0,19.0,23.0,0.0,0.0,3.0,0.0,0.0,,,,3088.839999999999,3918.45,383.98,0.0,0.0,2.0,False,0.13043478260869565,0.34782608695652173,0.5217391304347826,11.0,,,True,True,True,True,False,False
2000033415,2022-02,False,0.0,4.0,21.0,1.0,1.0,4.0,0.0,0.0,,,,4380.629999999999,7249.08,3949.76,0.0,0.0,42.0,True,0.14285714285714285,0.2857142857142857,0.5714285714285714,9.0,,,True,True,True,True,False,False
2000033415,2022-03,False,1.0,2.0,21.0,1.0,1.0,4.0,0.0,0.0,,,,3955.0499999999993,7043.889999999999,3949.76,0.0,0.0,12.0,True,0.14285714285714285,0.2857142857142857,0.5714285714285714,9.0,,,True,True,True,True,False,False
2000033415,2022-04,False,1.0,2.0,7.0,0.0,1.0,4.0,0.0,0.0,,,,215.76999999999907,4624.799999999999,3949.76,0.0,0.0,9.0,False,0.2857142857142857,0.7142857142857143,0.0,7.0,,,True,True,True,True,False,False
2000033415,2022-06,False,0.0,2.0,4.0,0.0,1.0,4.0,0.0,0.0,,,,333.90999999999906,4288.96,3949.76,0.0,0.0,61.0,False,0.5,0.5,0.0,4.0,,,True,True,True,True,False,False
2000033415,2022-07,False,1.0,2.0,4.0,0.0,0.0,3.0,0.0,0.0,,,,151.8299999999991,367.59999999999997,210.48,0.0,0.0,17.0,False,0.75,0.25,0.0,4.0,,,True,True,True,True,False,False
2000033415,2022-08,False,4.0,5.0,8.0,0.0,0.0,3.0,0.0,0.0,,,,329.28999999999905,668.49,210.48,0.0,0.0,5.0,False,0.875,0.125,0.0,8.0,,,True,True,True,True,False,False
2000033415,2022-10,False,0.0,7.0,9.0,0.0,0.0,3.0,0.0,0.0,,,,492.8799999999991,644.71,157.21,0.0,0.0,32.0,False,0.8888888888888888,0.1111111111111111,0.0,9.0,,,True,True,True,True,False,False
2000033415,2023-06,False,0.0,0.0,0.0,0.0,0.0,0.0,0.0,0.0,,,,0.0,0.0,0.0,0.0,0.0,233.0,False,,,,0.0,,,True,True,True,True,False,True
2000033415,2023-08,False,0.0,4.0,4.0,0.0,0.0,3.0,0.0,0.0,,,,51.41999999999909,51.42,14.44,0.0,0.0,40.0,False,0.0,1.0,0.0,4.0,,,True,True,True,True,False,False
2000033415,2023-12,False,0.0,0.0,7.0,0.0,0.0,3.0,0.0,0.0,,,,0.0,776.12,611.76,0.0,0.0,92.0,False,0.14285714285714285,0.8571428571428571,0.0,7.0,,,True,True,True,True,False,False
2000033415,2024-01,False,1.0,1.0,4.0,0.0,0.0,3.0,0.0,0.0,,,,63.90999999999909,788.61,611.76,0.0,0.0,21.0,False,0.25,0.75,0.0,4.0,,,True,True,True,True,False,False
2000033415,2024-03,False,0.0,4.0,4.0,0.0,0.0,3.0,0.0,0.0,,,,162.3799999999991,162.38,63.91,0.0,0.0,32.0,False,0.5,0.5,0.0,4.0,,,True,True,True,True,False,False
2000033415,2024-04,False,1.0,4.0,5.0,0.0,0.0,3.0,0.0,0.0,,,,162.3799999999991,226.29,63.91,0.0,0.0,27.0,False,0.4,0.6,0.0,5.0,,,True,True,True,True,False,False
2000033415,2024-06,False,0.0,2.0,6.0,0.0,0.0,3.0,0.0,0.0,,,,152.1799999999991,314.56,88.27,0.0,0.0,52.0,False,0.5,0.5,0.0,6.0,,,True,True,True,True,False,False
2000033415,2024-07,False,3.0,4.0,8.0,0.0,0.0,3.0,0.0,0.0,,,,6446.74,6609.12,2315.28,0.0,0.0,4.0,False,0.375,0.625,0.0,8.0,,,True,True,True,True,False,False
2000033415,2024-08,False,2.0,5.0,7.0,0.0,0.0,3.0,0.0,0.0,,,,6934.44,7086.62,2315.28,0.0,0.0,13.0,False,0.42857142857142855,0.5714285714285714,0.0,7.0,,,True,True,True,True,False,False
2000033415,2024-12,False,0.0,0.0,7.0,0.0,0.0,3.0,0.0,0.0,,,,0.0,6957.38,2315.28,0.0,0.0,93.0,False,0.5714285714285714,0.42857142857142855,0.0,7.0,,,True,True,True,True,False,False
2000033415,2025-02,False,0.0,1.0,3.0,0.0,0.0,3.0,0.0,0.0,,,,14340.96,14363.9,14340.96,0.0,0.0,37.0,False,1.0,0.0,0.0,3.0,,,True,True,True,True,False,False
2000033415,2025-03,False,3.0,4.0,4.0,0.0,0.0,3.0,0.0,0.0,,,,14576.14,14576.14,14340.96,0.0,0.0,3.0,False,0.5,0.5,0.0,4.0,,,True,True,True,True,False,False
2000033415,2025-04,False,0.0,3.0,4.0,0.0,0.0,3.0,82.0,82.0,0.036585365853658534,0.0,2.8680487804878045,235.17999999999998,14576.14,14340.96,0.0,0.0,34.0,False,0.5,0.5,0.0,4.0,,,False,False,False,False,False,False
2000033415,2025-05,False,0.0,3.0,4.0,0.0,0.0,3.0,150.0,150.0,0.02,0.0,1.5678666666666665,235.17999999999998,14576.14,14340.96,0.0,0.0,64.0,False,0.5,0.5,0.0,4.0,,,False,False,False,False,False,False
2000033415,2025-06,False,2.0,2.0,6.0,0.0,0.0,3.0,1388.0,1388.0,0.001440922190201729,0.0,0.14391930835734873,199.76000000000002,14775.9,14340.96,0.0,0.0,13.0,False,0.5,0.5,0.0,6.0,,,False,False,False,False,False,False
2000033415,2025-07,False,0.0,2.0,5.0,0.0,0.0,3.0,1527.0,1609.0,0.0013097576948264572,0.0,0.13081859855926656,199.76000000000002,434.94,210.48,0.0,0.0,43.0,False,0.4,0.6,0.0,5.0,-0.03527560815883208,0.0,False,False,False,False,False,False
2000033415,2025-09,False,0.0,3.0,5.0,0.0,0.0,3.0,224.0,1612.0,0.013392857142857142,0.0,7.011562500000001,1570.5900000000001,1770.3500000000001,1151.94,0.0,0.0,53.0,False,0.4,0.6,0.0,5.0,0.011951934952655414,0.0,False,False,False,False,False,False
2000033415,2025-10,False,0.0,3.0,5.0,0.0,0.0,3.0,13.0,1540.0,0.23076923076923078,0.0,120.8146153846154,1570.5900000000001,1770.3500000000001,1151.94,0.0,0.0,83.0,False,0.4,0.6,0.0,5.0,0.2294594730744043,0.0,False,False,False,False,False,False
2000033415,2025-11,False,1.0,1.0,6.0,0.0,0.0,3.0,48.0,1510.0,0.020833333333333332,0.0,4.722083333333333,226.66,1997.0100000000002,1151.94,0.0,0.0,25.0,False,0.5,0.5,0.0,6.0,0.017413360693114454,0.0,False,False,False,False,False,False
2000033415,2025-12,False,0.0,1.0,4.0,0.0,0.0,3.0,144.0,368.0,0.006944444444444444,0.0,1.5740277777777778,226.66,1797.2500000000002,1151.94,0.0,0.0,55.0,False,0.5,0.5,0.0,4.0,-0.006448412698412698,0.0,False,False,False,False,False,False
2000033415,2026-01,False,0.0,1.0,4.0,0.0,0.0,3.0,142.0,155.0,0.007042253521126761,0.0,1.5961971830985915,226.66,1797.2500000000002,1151.94,0.0,0.0,86.0,False,0.5,0.5,0.0,4.0,-0.22372697724810403,0.0,False,False,False,False,False,False
2000033418,2021-02,False,0.0,0.0,0.0,0.0,0.0,0.0,0.0,0.0,,,,0.0,0.0,0.0,0.0,0.0,,False,,,,0.0,,,True,True,True,True,True,True
2000033418,2021-07,False,0.0,0.0,1.0,0.0,1.0,4.0,0.0,0.0,,,,0.0,5437.61,5437.61,0.0,0.0,125.0,False,1.0,0.0,0.0,1.0,,,True,True,True,True,False,False
2000033418,2021-12,False,0.0,0.0,1.0,0.0,1.0,4.0,0.0,0.0,,,,0.0,35783.71,35783.71,0.0,0.0,128.0,False,1.0,0.0,0.0,1.0,,,True,True,True,True,False,False
2000033418,2022-08,False,0.0,0.0,0.0,0.0,0.0,0.0,0.0,0.0,,,,0.0,0.0,0.0,0.0,0.0,237.0,False,,,,0.0,,,True,True,True,True,False,True
2000033418,2022-09,False,1.0,1.0,1.0,0.0,0.0,3.0,0.0,0.0,,,,5437.61,5437.61,5437.61,0.0,0.0,14.0,False,0.0,1.0,0.0,1.0,,,True,True,True,True,False,False
2000033418,2023-05,False,0.0,0.0,0.0,0.0,0.0,0.0,0.0,0.0,,,,0.0,0.0,0.0,0.0,0.0,228.0,False,,,,0.0,,,True,True,True,True,False,True
2000033418,2023-08,False,0.0,1.0,1.0,0.0,0.0,3.0,0.0,0.0,,,,232.52,232.52,232.52,0.0,0.0,85.0,False,1.0,0.0,0.0,1.0,,,True,True,True,True,False,False
2000033418,2023-09,False,1.0,1.0,2.0,0.0,0.0,3.0,0.0,0.0,,,,35783.71,36016.229999999996,35783.71,0.0,0.0,9.0,False,1.0,0.0,0.0,2.0,,,True,True,True,True,False,False
2000033418,2023-10,False,5.0,6.0,7.0,0.0,0.0,3.0,0.0,0.0,,,,110398.73000000001,110631.25,35783.71,0.0,0.0,5.0,False,0.5714285714285714,0.2857142857142857,0.14285714285714285,6.0,,,True,True,True,True,False,False
2000033418,2023-11,False,1.0,7.0,8.0,0.0,0.0,3.0,0.0,0.0,,,,181966.15,182198.66999999998,71567.42,0.0,0.0,30.0,False,0.625,0.25,0.125,7.0,,,True,True,True,True,False,False
2000033418,2023-12,False,1.0,7.0,8.0,0.0,0.0,3.0,0.0,0.0,,,,152004.07,187787.78,71567.42,0.0,0.0,15.0,False,0.5,0.375,0.125,7.0,,,True,True,True,True,False,False
2000033418,2024-01,False,4.0,6.0,12.0,0.0,0.0,3.0,0.0,0.0,,,,208026.69999999998,318425.43,71567.42,0.0,0.0,4.0,False,0.6666666666666666,0.25,0.08333333333333333,11.0,,,True,True,True,True,False,False
2000033418,2024-04,False,0.0,1.0,7.0,0.0,0.0,3.0,0.0,0.0,,,,5821.629999999986,213848.33,71567.42,0.0,0.0,84.0,False,0.8571428571428571,0.14285714285714285,0.0,7.0,,,True,True,True,True,False,False
2000033418,2024-06,False,0.0,5.0,10.0,0.0,0.0,3.0,0.0,0.0,,,,82826.66999999998,219285.95,35783.71,0.0,0.0,32.0,False,0.9,0.1,0.0,10.0,,,True,True,True,True,False,False
2000033418,2024-07,False,4.0,9.0,10.0,0.0,0.0,3.0,0.0,0.0,,,,157296.36,163117.99,35783.71,0.0,0.0,4.0,False,0.6,0.4,0.0,10.0,,,True,True,True,True,False,False
2000033418,2024-08,False,2.0,6.0,11.0,0.0,0.0,3.0,0.0,0.0,,,,85344.90999999999,168171.58,35783.71,0.0,0.0,15.0,False,0.5454545454545454,0.45454545454545453,0.0,11.0,,,True,True,True,True,False,False
2000033418,2024-09,False,2.0,8.0,13.0,0.0,0.0,3.0,0.0,0.0,,,,88621.85999999999,171448.53,35783.71,0.0,0.0,11.0,False,0.5384615384615384,0.46153846153846156,0.0,13.0,,,True,True,True,True,False,False
2000033418,2024-10,False,1.0,5.0,14.0,0.0,0.0,3.0,0.0,0.0,,,,19973.799999999985,177270.16,35783.71,0.0,0.0,1.0,False,0.5714285714285714,0.42857142857142855,0.0,14.0,,,True,True,True,True,False,False
2000033418,2024-11,False,2.0,5.0,11.0,0.0,0.0,3.0,0.0,0.0,,,,11128.439999999986,96473.35,35783.71,0.0,0.0,4.0,False,0.45454545454545453,0.5454545454545454,0.0,11.0,,,True,True,True,True,False,False
2000033418,2024-12,False,5.0,8.0,16.0,0.0,0.0,3.0,0.0,0.0,,,,61106.169999999984,149728.03,35783.71,0.0,0.0,4.0,False,0.5625,0.4375,0.0,16.0,,,True,True,True,True,False,False
2000033418,2025-01,False,2.0,9.0,14.0,0.0,0.0,3.0,0.0,0.0,,,,126851.95999999999,146825.76,35783.71,0.0,0.0,21.0,False,0.6428571428571429,0.35714285714285715,0.0,14.0,,,True,True,True,True,False,False
2000033418,2025-02,False,2.0,9.0,14.0,0.0,0.0,3.0,0.0,0.0,,,,129664.55999999998,140793.0,35783.71,0.0,0.0,2.0,False,0.6428571428571429,0.35714285714285715,0.0,14.0,,,True,True,True,True,False,False
2000033418,2025-03,False,2.0,6.0,14.0,0.0,0.0,3.0,51.0,51.0,0.11764705882352941,0.0,1576.0903921568622,80380.60999999997,141486.77999999997,35783.71,0.0,0.0,3.0,False,0.6428571428571429,0.35714285714285715,0.0,14.0,,,False,False,False,False,False,False
2000033418,2025-04,False,2.0,6.0,15.0,0.0,0.0,3.0,148.0,148.0,0.04054054054054054,0.0,86.37783783783775,12783.919999999986,139635.88,35783.71,0.0,0.0,13.0,False,0.5333333333333333,0.4666666666666667,0.0,15.0,,,False,False,False,False,False,False
2000033418,2025-05,False,2.0,6.0,15.0,0.0,0.0,3.0,167.0,167.0,0.03592814371257485,0.0,87.63365269461069,14634.819999999985,144299.38,35783.71,0.0,0.0,14.0,False,0.5333333333333333,0.4666666666666667,0.0,15.0,,,False,False,False,False,False,False
2000033418,2025-06,False,4.0,8.0,14.0,0.0,0.0,3.0,162.0,213.0,0.04938271604938271,0.0,78.35783950617275,12693.969999999987,93074.58,35783.71,0.0,0.0,10.0,False,0.5,0.5,0.0,14.0,-0.0682643427741467,0.0,False,False,False,False,False,False
2000033418,2025-07,False,0.0,6.0,12.0,0.0,0.0,3.0,67.0,215.0,0.08955223880597014,0.0,130.19761194029832,8723.239999999987,21507.16,5821.63,0.0,0.0,40.0,False,0.5,0.5,0.0,12.0,0.0490116982654296,0.0,False,False,False,False,False,False
2000033418,2025-08,False,0.0,4.0,10.0,0.0,0.0,3.0,52.0,219.0,0.07692307692307693,0.0,39.03615384615357,2029.8799999999856,16664.7,5821.63,0.0,0.0,71.0,False,0.5,0.5,0.0,10.0,0.04099493321050208,0.0,False,False,False,False,False,False
2000033418,2025-09,False,2.0,2.0,10.0,0.0,0.0,3.0,7.0,169.0,0.2857142857142857,0.0,310.4857142857122,2173.3999999999855,14867.37,5821.63,0.0,0.0,12.0,False,0.6,0.4,0.0,10.0,0.23633156966490299,0.0,False,False,False,False,False,False
2000033418,2025-10,False,3.0,5.0,11.0,0.0,0.0,3.0,5.0,72.0,1.0,0.0,122311.176,611555.88,620279.12,572539.36,0.0,0.0,1.0,False,0.7272727272727273,0.2727272727272727,0.0,11.0,0.9104477611940298,0.0,False,False,False,False,False,False
2000033418,2025-11,False,2.0,7.0,11.0,0.0,0.0,3.0,10.0,62.0,0.7,0.0,61363.056000000004,613630.56,615660.4400000001,572539.36,0.0,0.0,5.0,False,0.8181818181818182,0.18181818181818182,0.0,11.0,0.6230769230769231,0.0,False,False,False,False,False,False
2000033418,2025-12,False,1.0,6.0,8.0,0.0,0.0,3.0,14.0,21.0,0.42857142857142855,0.0,43758.235,612615.29,614788.6900000001,572539.36,0.0,0.0,18.0,False,0.875,0.125,0.0,8.0,0.14285714285714285,0.0,False,False,False,False,False,False
2000033418,2026-01,False,1.0,4.0,9.0,0.0,0.0,3.0,15.0,20.0,0.26666666666666666,0.0,292.7293333333334,4390.9400000000005,615946.82,572539.36,0.0,0.0,22.0,False,0.8888888888888888,0.1111111111111111,0.0,9.0,-0.7333333333333334,0.0,False,False,False,False,False,False
2000033422,2019-04,False,0.0,0.0,0.0,0.0,0.0,0.0,0.0,0.0,,,,0.0,0.0,0.0,0.0,0.0,,False,,,,0.0,,,True,True,True,True,True,True
2000033422,2019-06,False,0.0,2.0,2.0,2.0,2.0,4.0,0.0,0.0,,,,4083.28,4083.28,2230.78,0.0,0.0,36.0,True,0.0,0.0,1.0,0.0,,,True,True,True,True,False,False
2000033422,2019-07,False,19.0,21.0,21.0,2.0,2.0,4.0,0.0,0.0,,,,973391.89,973391.89,432425.1,0.0,0.0,3.0,True,0.6190476190476191,0.047619047619047616,0.3333333333333333,14.0,,,True,True,True,True,False,False
2000033422,2019-08,False,6.0,25.0,27.0,0.0,2.0,4.0,0.0,0.0,,,,981439.19,985522.47,432425.1,0.0,0.0,6.0,False,0.6296296296296297,0.1111111111111111,0.25925925925925924,20.0,,,True,True,True,True,False,False
2000033422,2019-09,False,3.0,28.0,30.0,0.0,2.0,4.0,0.0,0.0,,,,986046.0,990129.28,432425.1,0.0,0.0,4.0,False,0.6666666666666666,0.1,0.23333333333333334,23.0,,,True,True,True,True,False,False
2000033422,2019-11,False,0.0,19.0,44.0,0.0,0.0,3.0,0.0,0.0,,,,74741.28,1056180.47,432425.1,0.0,0.0,38.0,False,0.7954545454545454,0.06818181818181818,0.13636363636363635,38.0,,,True,True,True,True,False,False
2000033422,2019-12,False,5.0,21.0,49.0,0.0,0.0,3.0,0.0,0.0,,,,81560.73,1067606.73,432425.1,0.0,0.0,6.0,False,0.8163265306122449,0.061224489795918366,0.12244897959183673,43.0,,,True,True,True,True,False,False
2000033422,2020-01,False,1.0,6.0,31.0,0.0,0.0,3.0,0.0,0.0,,,,13811.4,100683.26,13771.5,0.0,0.0,30.0,False,0.9032258064516129,0.06451612903225806,0.03225806451612903,30.0,,,True,True,True,True,False,False
2000033422,2020-02,False,17.0,23.0,42.0,0.0,0.0,3.0,0.0,0.0,,,,75640.93,150382.21,16525.8,0.0,0.0,15.0,False,0.7380952380952381,0.23809523809523808,0.023809523809523808,41.0,,,True,True,True,True,False,False
2000033422,2020-05,False,0.0,2.0,25.0,0.0,0.0,3.0,0.0,0.0,,,,4083.28,79724.21,16525.8,0.0,0.0,71.0,False,0.52,0.48,0.0,25.0,,,True,True,True,True,False,False
2000033422,2020-06,False,6.0,6.0,26.0,0.0,0.0,3.0,0.0,0.0,,,,14013.42,82311.37000000001,16525.8,0.0,0.0,4.0,False,0.34615384615384615,0.6538461538461539,0.0,26.0,,,True,True,True,True,False,False
2000033422,2020-07,False,3.0,9.0,28.0,0.0,0.0,3.0,0.0,0.0,,,,20841.85,86754.66,16525.8,0.0,0.0,14.0,False,0.2857142857142857,0.6785714285714286,0.03571428571428571,27.0,,,True,True,True,True,False,False
2000033422,2020-08,False,1.0,10.0,12.0,0.0,0.0,3.0,0.0,0.0,,,,23698.09,27781.370000000003,2856.24,0.0,0.0,1.0,False,0.08333333333333333,0.8333333333333334,0.08333333333333333,11.0,,,True,True,True,True,False,False
2000033422,2020-09,False,16.0,20.0,26.0,0.0,0.0,3.0,0.0,0.0,,,,668928.51,682941.9299999999,302973.0,0.0,0.0,1.0,False,0.6153846153846154,0.34615384615384615,0.038461538461538464,25.0,,,True,True,True,True,False,False
2000033422,2020-10,False,28.0,45.0,54.0,0.0,0.0,3.0,0.0,0.0,,,,790893.94,811735.7899999999,302973.0,0.0,0.0,16.0,False,0.2962962962962963,0.6851851851851852,0.018518518518518517,53.0,,,True,True,True,True,False,False
2000033422,2020-11,False,6.0,50.0,60.0,0.0,0.0,3.0,0.0,0.0,,,,799286.7,822984.7899999999,302973.0,0.0,0.0,2.0,False,0.2833333333333333,0.6833333333333333,0.03333333333333333,58.0,,,True,True,True,True,False,False
2000033422,2020-12,False,2.0,36.0,56.0,0.0,0.0,3.0,0.0,0.0,,,,144957.49,813885.9999999999,302973.0,0.0,0.0,26.0,False,0.2857142857142857,0.6607142857142857,0.05357142857142857,53.0,,,True,True,True,True,False,False
2000033422,2021-02,False,0.0,10.0,60.0,0.0,0.0,3.0,0.0,0.0,,,,19059.0,818345.7,302973.0,1.0,1.0,34.0,False,0.36666666666666664,0.5833333333333334,0.05,57.0,,,True,True,True,True,False,False
2000033422,2021-03,False,8.0,16.0,52.0,0.0,0.0,3.0,0.0,0.0,,,,55661.44,200618.93,23851.4,1.0,1.0,4.0,False,0.15384615384615385,0.7884615384615384,0.057692307692307696,49.0,,,True,True,True,True,False,False
2000033422,2021-04,False,6.0,14.0,30.0,0.0,0.0,3.0,0.0,0.0,,,,54721.07,85029.07,23851.4,0.0,1.0,3.0,False,0.4,0.5,0.1,27.0,,,True,True,True,True,False,False
2000033422,2021-05,False,6.0,20.0,30.0,0.0,0.0,3.0,0.0,0.0,,,,65861.34,84920.34,23851.4,0.0,1.0,1.0,False,0.4,0.5333333333333333,0.06666666666666667,28.0,,,True,True,True,True,False,False
2000033422,2021-06,False,9.0,21.0,37.0,0.0,0.0,3.0,0.0,0.0,,,,52404.01,108065.45,23851.4,0.0,1.0,8.0,False,0.5405405405405406,0.43243243243243246,0.02702702702702703,36.0,,,True,True,True,True,False,False
2000033422,2021-07,False,23.0,38.0,52.0,0.0,0.0,3.0,0.0,0.0,,,,83413.95000000001,138135.02000000002,23851.4,1.0,1.0,3.0,False,0.3269230769230769,0.6538461538461539,0.019230769230769232,51.0,,,True,True,True,True,False,False
2000033422,2021-08,False,7.0,39.0,59.0,0.0,0.0,3.0,0.0,0.0,,,,90042.1,155903.44,23851.4,1.0,1.0,6.0,False,0.3220338983050847,0.6610169491525424,0.01694915254237288,58.0,,,True,True,True,True,False,False
2000033422,2021-09,False,2.0,32.0,53.0,0.0,0.0,3.0,0.0,0.0,,,,66795.05,119199.06,5557.5,1.0,1.0,2.0,False,0.33962264150943394,0.6415094339622641,0.018867924528301886,52.0,,,True,True,True,True,False,False
2000033422,2021-10,False,15.0,24.0,62.0,0.0,0.0,3.0,0.0,0.0,,,,172803.87,256217.81999999998,100861.11,0.0,1.0,16.0,False,0.3870967741935484,0.5645161290322581,0.04838709677419355,59.0,,,True,True,True,True,False,False
2000033422,2021-11,False,2.0,19.0,58.0,0.0,0.0,3.0,0.0,0.0,,,,159119.52999999994,249161.62999999998,100861.11,0.0,1.0,13.0,False,0.39655172413793105,0.5517241379310345,0.05172413793103448,55.0,,,True,True,True,True,False,False
2000033422,2021-12,False,3.0,20.0,52.0,1.0,1.0,4.0,0.0,0.0,,,,158250.69999999995,225045.74999999997,100861.11,1.0,2.0,12.0,True,0.3076923076923077,0.6153846153846154,0.07692307692307693,48.0,,,True,True,True,True,False,False
2000033422,2022-01,False,8.0,13.0,37.0,1.0,1.0,4.0,0.0,0.0,,,,30001.629999999972,202805.5,100861.11,1.0,1.0,10.0,True,0.4594594594594595,0.4594594594594595,0.08108108108108109,34.0,,,True,True,True,True,False,False
2000033422,2022-02,False,3.0,14.0,33.0,1.0,1.0,4.0,0.0,0.0,,,,31510.529999999973,190630.06,100861.11,1.0,1.0,1.0,True,0.48484848484848486,0.42424242424242425,0.09090909090909091,30.0,,,True,True,True,True,False,False
2000033422,2022-03,False,3.0,14.0,34.0,0.0,1.0,4.0,0.0,0.0,,,,34951.02999999997,193201.72999999998,100861.11,0.0,1.0,5.0,False,0.5294117647058824,0.38235294117647056,0.08823529411764706,31.0,,,True,True,True,True,False,False
2000033422,2022-04,False,1.0,7.0,20.0,0.0,1.0,4.0,0.0,0.0,,,,15362.47999999997,45364.11,5096.82,0.0,1.0,17.0,False,0.45,0.5,0.05,19.0,,,True,True,True,True,False,False
2000033422,2022-05,False,2.0,6.0,20.0,0.0,1.0,4.0,0.0,0.0,,,,14259.339999999971,45769.869999999995,5096.82,0.0,1.0,10.0,False,0.5,0.45,0.05,19.0,,,True,True,True,True,False,False
2000033422,2022-06,False,4.0,7.0,21.0,4.0,4.0,4.0,0.0,0.0,,,,15294.359999999971,50245.39,5096.82,0.0,0.0,12.0,True,0.42857142857142855,0.5238095238095238,0.047619047619047616,20.0,,,True,True,True,True,False,False
2000033422,2022-07,False,3.0,9.0,16.0,4.0,4.0,4.0,0.0,0.0,,,,19784.19999999997,35146.68,2754.3,0.0,0.0,17.0,True,0.4375,0.5,0.0625,15.0,,,True,True,True,True,False,False
2000033422,2022-08,False,2.0,9.0,15.0,4.0,4.0,4.0,0.0,0.0,,,,20279.439999999973,34538.78,2754.3,0.0,0.0,12.0,True,0.4,0.5333333333333333,0.06666666666666667,14.0,,,True,True,True,True,False,False
2000033422,2022-09,False,2.0,7.0,14.0,0.0,4.0,4.0,0.0,0.0,,,,18594.81999999997,33889.18,4489.84,0.0,0.0,15.0,False,0.42857142857142855,0.5,0.07142857142857142,13.0,,,True,True,True,True,False,False
2000033422,2023-01,False,0.0,0.0,5.0,0.0,0.0,3.0,0.0,0.0,,,,0.0,13572.34,4489.84,0.0,0.0,117.0,False,0.4,0.6,0.0,5.0,,,True,True,True,True,False,False
2000033422,2023-02,False,1.0,1.0,4.0,0.0,0.0,3.0,0.0,0.0,,,,2363.529999999971,10950.79,4489.84,0.0,0.0,1.0,False,0.75,0.25,0.0,4.0,,,True,True,True,True,False,False
2000033422,2023-06,False,0.0,0.0,4.0,0.0,0.0,3.0,0.0,0.0,,,,0.0,6772.120000000001,2363.53,0.0,0.0,99.0,False,0.25,0.75,0.0,4.0,,,True,True,True,True,False,False
2000033422,2023-09,False,0.0,1.0,1.0,0.0,0.0,3.0,0.0,0.0,,,,6336.559999999971,6336.56,6336.56,0.0,0.0,80.0,False,0.0,1.0,0.0,1.0,,,True,True,True,True,False,False
2000033422,2023-11,False,0.0,1.0,2.0,0.0,0.0,3.0,0.0,0.0,,,,1064.229999999971,7400.790000000001,6336.56,0.0,0.0,54.0,False,0.0,1.0,0.0,2.0,,,True,True,True,True,False,False
2000033422,2023-12,False,1.0,2.0,3.0,0.0,0.0,3.0,0.0,0.0,,,,3818.529999999971,10155.09,6336.56,0.0,0.0,3.0,False,0.3333333333333333,0.6666666666666666,0.0,3.0,,,True,True,True,True,False,False
2000033422,2024-02,False,0.0,3.0,4.0,0.0,0.0,3.0,0.0,0.0,,,,7244.139999999971,8308.369999999999,2754.3,0.0,0.0,44.0,False,0.75,0.25,0.0,4.0,,,True,True,True,True,False,False
2000033422,2024-03,False,1.0,3.0,5.0,0.0,0.0,3.0,0.0,0.0,,,,5338.019999999971,9156.55,2754.3,0.0,0.0,3.0,False,0.8,0.2,0.0,5.0,,,True,True,True,True,False,False
2000033422,2024-05,False,0.0,3.0,6.0,0.0,0.0,3.0,0.0,0.0,,,,2730.1699999999705,9974.31,2754.3,0.0,0.0,48.0,False,0.8333333333333334,0.16666666666666666,0.0,6.0,,,True,True,True,True,False,False
2000033422,2024-06,False,2.0,4.0,7.0,0.0,0.0,3.0,0.0,0.0,,,,6371.829999999971,11709.849999999999,2244.92,0.0,0.0,19.0,False,0.5714285714285714,0.42857142857142855,0.0,7.0,,,True,True,True,True,False,False
2000033422,2024-07,False,1.0,3.0,6.0,0.0,0.0,3.0,0.0,0.0,,,,5523.6499999999705,8253.819999999998,2244.92,0.0,0.0,19.0,False,0.5,0.5,0.0,6.0,,,True,True,True,True,False,False
2000033422,2024-08,False,1.0,4.0,7.0,0.0,0.0,3.0,0.0,0.0,,,,10013.48999999997,12743.659999999998,4489.84,0.0,0.0,1.0,False,0.5714285714285714,0.42857142857142855,0.0,7.0,,,True,True,True,True,False,False
2000033422,2024-09,False,2.0,4.0,8.0,0.0,0.0,3.0,0.0,0.0,,,,7591.26999999997,13963.099999999999,4489.84,0.0,0.0,27.0,False,0.625,0.375,0.0,8.0,,,True,True,True,True,False,False
2000033422,2024-10,False,2.0,5.0,8.0,0.0,0.0,3.0,0.0,0.0,,,,13292.21999999997,18815.87,4489.84,0.0,0.0,6.0,False,0.75,0.25,0.0,8.0,,,True,True,True,True,False,False
2000033422,2024-11,False,2.0,6.0,10.0,0.0,0.0,3.0,0.0,0.0,,,,13410.82999999997,23424.32,4489.84,0.0,0.0,8.0,False,0.7,0.3,0.0,10.0,,,True,True,True,True,False,False
2000033422,2024-12,False,1.0,5.0,9.0,0.0,0.0,3.0,0.0,0.0,,,,11407.18999999997,18998.46,4489.84,0.0,0.0,12.0,False,0.8888888888888888,0.1111111111111111,0.0,9.0,,,True,True,True,True,False,False
2000033422,2025-01,False,2.0,5.0,10.0,0.0,0.0,3.0,0.0,0.0,,,,8586.94999999997,21879.17,4489.84,0.0,0.0,9.0,False,0.7,0.3,0.0,10.0,,,True,True,True,True,False,False
2000033422,2025-02,False,9.0,12.0,18.0,0.0,0.0,3.0,0.0,0.0,,,,24705.369999999966,38116.2,4489.84,0.0,0.0,1.0,False,0.3888888888888889,0.6111111111111112,0.0,18.0,,,True,True,True,True,False,False
2000033422,2025-03,False,4.0,15.0,20.0,0.0,0.0,3.0,0.0,0.0,,,,34807.10999999997,46214.299999999996,4489.84,0.0,0.0,3.0,False,0.25,0.75,0.0,20.0,,,True,True,True,True,False,False
2000033422,2025-04,False,6.0,19.0,24.0,0.0,0.0,3.0,130.0,130.0,0.14615384615384616,0.0,348.491769230769,45303.92999999997,53890.88,6734.76,0.0,0.0,7.0,False,0.2916666666666667,0.7083333333333334,0.0,24.0,,,False,False,False,False,False,False
2000033422,2025-05,False,12.0,22.0,34.0,0.0,0.0,3.0,563.0,563.0,0.03907637655417407,0.0,77.17028419182942,43446.869999999966,68152.23999999999,6734.76,0.0,0.0,3.0,False,0.5294117647058824,0.47058823529411764,0.0,34.0,,,False,False,False,False,False,False
2000033422,2025-06,False,2.0,20.0,35.0,0.0,0.0,3.0,1021.0,1021.0,0.019588638589618023,0.0,35.24775710088146,35987.95999999997,70795.07,6734.76,0.0,0.0,2.0,False,0.4857142857142857,0.5142857142857142,0.0,35.0,,,False,False,False,False,False,False
2000033422,2025-07,False,6.0,20.0,39.0,0.0,0.0,3.0,1053.0,1183.0,0.01899335232668566,0.0,40.12825261158592,42255.049999999974,87558.98,9329.98,0.0,0.0,15.0,False,0.5641025641025641,0.4358974358974359,0.0,39.0,-0.1271604938271605,0.0,False,False,False,False,False,False
2000033422,2025-08,False,2.0,10.0,32.0,0.0,0.0,3.0,621.0,1184.0,0.01610305958132045,0.0,41.07528180354264,25507.749999999978,68954.62000000001,9329.98,0.0,0.0,2.0,False,0.6875,0.3125,0.0,32.0,-0.02297331697285362,0.0,False,False,False,False,False,False
2000033422,2025-09,False,3.0,11.0,31.0,0.0,0.0,3.0,187.0,1208.0,0.058823529411764705,0.0,161.22550802139025,30149.169999999976,66137.13,9329.98,0.0,0.0,26.0,False,0.8064516129032258,0.1935483870967742,0.0,31.0,0.03923489082214668,0.0,False,False,False,False,False,False
2000033422,2025-10,False,0.0,5.0,25.0,0.0,0.0,3.0,170.0,1223.0,0.029411764705882353,0.0,55.710235294117496,9470.739999999974,51725.79,9329.98,0.0,0.0,56.0,False,0.84,0.16,0.0,25.0,0.010418412379196693,0.0,False,False,False,False,False,False
2000033422,2025-11,False,8.0,11.0,21.0,0.0,0.0,3.0,503.0,1124.0,0.02186878727634195,0.0,74.04041749502977,37242.32999999997,62750.08,11017.2,0.0,0.0,4.0,False,0.7619047619047619,0.23809523809523808,0.0,21.0,0.0057657276950215,0.0,False,False,False,False,False,False
2000033422,2026-01,False,0.0,9.0,14.0,0.0,0.0,3.0,470.0,640.0,0.019148936170212766,0.0,69.62004255319142,32721.419999999973,42192.16,11017.2,0.0,0.0,58.0,False,0.8571428571428571,0.14285714285714285,0.0,14.0,-0.010262828535669587,0.0,False,False,False,False,False,False
2000033424,2019-04,False,0.0,0.0,0.0,0.0,0.0,0.0,0.0,0.0,,,,0.0,0.0,0.0,0.0,0.0,,False,,,,0.0,,,True,True,True,True,True,True
2000033424,2019-07,False,0.0,1.0,1.0,1.0,1.0,4.0,0.0,0.0,,,,36.72,36.72,36.72,0.0,0.0,70.0,True,0.0,0.0,1.0,0.0,,,True,True,True,True,False,False
2000033424,2019-10,False,0.0,1.0,2.0,0.0,1.0,4.0,0.0,0.0,,,,20.27,56.989999999999995,36.72,0.0,0.0,78.0,False,0.0,0.5,0.5,1.0,,,True,True,True,True,False,False
2000033424,2019-11,False,1.0,1.0,2.0,0.0,0.0,3.0,0.0,0.0,,,,101.35,121.61999999999999,101.35,0.0,0.0,4.0,False,0.5,0.5,0.0,2.0,,,True,True,True,True,False,False
2000033424,2020-07,False,0.0,0.0,0.0,0.0,0.0,0.0,0.0,0.0,,,,0.0,0.0,0.0,0.0,0.0,224.0,False,,,,0.0,,,True,True,True,True,False,True
2000033424,2020-12,False,0.0,0.0,4.0,0.0,0.0,3.0,0.0,0.0,,,,0.0,1114.11,405.4,0.0,0.0,129.0,False,0.0,1.0,0.0,4.0,,,True,True,True,True,False,False
2000033424,2021-01,False,1.0,1.0,5.0,0.0,0.0,3.0,0.0,0.0,,,,91.8,1205.9099999999999,405.4,0.0,0.0,29.0,False,0.0,1.0,0.0,5.0,,,True,True,True,True,False,False
2000033424,2021-02,False,2.0,3.0,3.0,0.0,0.0,3.0,0.0,0.0,,,,517.4699999999999,517.47,344.59,0.0,0.0,17.0,False,0.0,1.0,0.0,3.0,,,True,True,True,True,False,False
2000033424,2021-03,False,2.0,5.0,5.0,0.0,0.0,3.0,0.0,0.0,,,,1105.2999999999997,1105.3,567.56,0.0,0.0,10.0,False,0.2,0.8,0.0,5.0,,,True,True,True,True,False,False
2000033424,2021-08,False,0.0,0.0,4.0,0.0,0.0,3.0,0.0,0.0,,,,0.0,1193.71,567.56,0.0,0.0,139.0,False,0.25,0.5,0.25,3.0,,,True,True,True,True,False,False
2000033424,2021-11,False,0.0,1.0,1.0,0.0,0.0,3.0,0.0,0.0,,,,642.5999999999999,642.6,642.6,0.0,0.0,76.0,False,0.0,1.0,0.0,1.0,,,True,True,True,True,False,False
2000033424,2022-02,False,0.0,1.0,2.0,0.0,0.0,3.0,0.0,0.0,,,,201.9599999999999,844.5600000000001,642.6,0.0,0.0,88.0,False,0.5,0.5,0.0,2.0,,,True,True,True,True,False,False
2000033424,2022-06,False,0.0,0.0,1.0,0.0,0.0,3.0,0.0,0.0,,,,0.0,1138.32,1138.32,0.0,0.0,119.0,False,0.0,1.0,0.0,1.0,,,True,True,True,True,False,False
2000033424,2022-09,False,0.0,1.0,1.0,0.0,0.0,3.0,0.0,0.0,,,,422.28,422.28,422.28,0.0,0.0,64.0,False,0.0,1.0,0.0,1.0,,,True,True,True,True,False,False
2000033424,2022-11,False,0.0,1.0,2.0,0.0,0.0,3.0,0.0,0.0,,,,2797.78,3220.06,2797.78,0.0,0.0,43.0,False,0.5,0.5,0.0,2.0,,,True,True,True,True,False,False
2000033424,2023-02,False,0.0,2.0,3.0,0.0,0.0,3.0,0.0,0.0,,,,40.54,2838.3199999999997,2797.78,0.0,0.0,65.0,False,0.6666666666666666,0.3333333333333333,0.0,3.0,,,True,True,True,True,False,False
2000033424,2023-03,False,2.0,2.0,5.0,0.0,0.0,3.0,0.0,0.0,,,,711.3,3549.62,2797.78,0.0,0.0,22.0,False,0.6,0.4,0.0,5.0,,,True,True,True,True,False,False
2000033424,2023-09,False,0.0,0.0,4.0,0.0,0.0,2.0,0.0,0.0,,,,0.0,121.62,60.81,0.0,0.0,154.0,False,0.5,0.5,0.0,4.0,,,True,True,True,True,False,False
2000033424,2024-03,False,0.0,0.0,2.0,0.0,0.0,3.0,0.0,0.0,,,,0.0,918.0,734.4,0.0,0.0,171.0,False,0.0,1.0,0.0,2.0,,,True,True,True,True,False,False
2000033424,2024-05,False,0.0,1.0,1.0,0.0,0.0,2.0,0.0,0.0,,,,20.27,20.27,20.27,0.0,0.0,47.0,False,0.0,1.0,0.0,1.0,,,True,True,True,True,False,False
2000033424,2025-05,False,0.0,0.0,0.0,0.0,0.0,0.0,0.0,0.0,,,,0.0,0.0,0.0,0.0,0.0,346.0,False,,,,0.0,,,True,True,True,True,False,True
2000033424,2025-07,False,0.0,0.0,0.0,0.0,0.0,0.0,40.0,40.0,0.0,0.0,0.0,0.0,0.0,0.0,0.0,0.0,407.0,False,,,,0.0,,,False,False,False,False,False,True
2000033424,2025-09,False,0.0,0.0,0.0,0.0,0.0,0.0,1536.0,1576.0,0.0,0.0,0.0,0.0,0.0,0.0,0.0,0.0,469.0,False,,,,0.0,0.0,0.0,False,False,False,False,False,True
2000033424,2025-10,False,0.0,0.0,0.0,0.0,0.0,0.0,3072.0,3112.0,0.0,0.0,0.0,0.0,0.0,0.0,0.0,0.0,499.0,False,,,,0.0,0.0,0.0,False,False,False,False,False,True
2000033424,2025-12,False,0.0,0.0,0.0,0.0,0.0,0.0,3072.0,4608.0,0.0,0.0,0.0,0.0,0.0,0.0,0.0,0.0,560.0,False,,,,0.0,0.0,0.0,False,False,False,False,False,True
2000033430,2019-04,False,0.0,0.0,0.0,0.0,0.0,0.0,0.0,0.0,,,,0.0,0.0,0.0,0.0,0.0,,False,,,,0.0,,,True,True,True,True,True,True
2000033430,2019-05,False,1.0,1.0,1.0,1.0,1.0,4.0,0.0,0.0,,,,1556.56,1556.56,1556.56,0.0,0.0,2.0,True,0.0,1.0,0.0,1.0,,,True,True,True,True,False,False
2000033430,2019-07,False,0.0,3.0,3.0,2.0,2.0,4.0,0.0,0.0,,,,10895.92,10895.92,7782.8,0.0,0.0,46.0,True,0.0,0.3333333333333333,0.6666666666666666,1.0,,,True,True,True,True,False,False
2000033430,2019-09,False,0.0,1.0,4.0,0.0,2.0,4.0,0.0,0.0,,,,1556.56,12452.48,7782.8,0.0,0.0,51.0,False,0.25,0.25,0.5,2.0,,,True,True,True,True,False,False
2000033430,2019-11,False,0.0,2.0,5.0,0.0,1.0,4.0,0.0,0.0,,,,3113.12,14009.04,7782.8,0.0,0.0,38.0,False,0.6,0.0,0.4,3.0,,,True,True,True,True,False,False
2000033430,2019-12,False,1.0,3.0,4.0,0.0,0.0,3.0,0.0,0.0,,,,4669.68,6226.24,1556.56,0.0,0.0,26.0,False,0.75,0.25,0.0,4.0,,,True,True,True,True,False,False
2000033430,2020-01,False,1.0,2.0,5.0,0.0,0.0,3.0,0.0,0.0,,,,3113.12,7782.799999999999,1556.56,0.0,0.0,25.0,False,0.8,0.2,0.0,5.0,,,True,True,True,True,False,False
2000033430,2020-03,False,0.0,4.0,7.0,0.0,0.0,3.0,0.0,0.0,,,,10895.92,15565.6,6226.24,0.0,0.0,38.0,False,0.5714285714285714,0.42857142857142855,0.0,7.0,,,True,True,True,True,False,False
2000033430,2020-06,False,0.0,1.0,5.0,0.0,0.0,3.0,0.0,0.0,,,,4669.68,15565.6,6226.24,0.0,0.0,87.0,False,0.4,0.6,0.0,5.0,,,True,True,True,True,False,False
2000033430,2020-07,False,4.0,4.0,8.0,0.0,0.0,3.0,0.0,0.0,,,,54479.6,68488.64,49809.92,0.0,0.0,2.0,False,0.625,0.375,0.0,8.0,,,True,True,True,True,False,False
2000033430,2020-08,False,2.0,6.0,7.0,0.0,0.0,3.0,0.0,0.0,,,,57592.72,62262.4,49809.92,0.0,0.0,2.0,False,0.8571428571428571,0.14285714285714285,0.0,7.0,,,True,True,True,True,False,False
2000033430,2020-09,False,1.0,7.0,8.0,0.0,0.0,3.0,0.0,0.0,,,,90280.48,94950.16,49809.92,0.0,0.0,22.0,False,0.875,0.125,0.0,8.0,,,True,True,True,True,False,False
2000033430,2020-10,False,1.0,4.0,8.0,0.0,0.0,3.0,0.0,0.0,,,,394331.88,448811.48,358531.0,0.0,0.0,6.0,False,1.0,0.0,0.0,8.0,,,True,True,True,True,False,False
2000033430,2021-04,False,0.0,0.0,1.0,0.0,0.0,3.0,0.0,0.0,,,,0.0,1556.56,1556.56,0.0,0.0,157.0,False,1.0,0.0,0.0,1.0,,,True,True,True,True,False,False
2000033430,2021-09,False,0.0,0.0,1.0,0.0,0.0,3.0,0.0,0.0,,,,0.0,6226.24,6226.24,0.0,0.0,152.0,False,1.0,0.0,0.0,1.0,,,True,True,True,True,False,False
2000033430,2021-10,False,3.0,3.0,4.0,0.0,0.0,3.0,0.0,0.0,,,,133864.16,140090.4,129194.48,0.0,0.0,10.0,False,1.0,0.0,0.0,4.0,,,True,True,True,True,False,False
2000033430,2021-12,False,0.0,5.0,5.0,0.0,0.0,3.0,0.0,0.0,,,,136977.28,136977.28,129194.48,1.0,1.0,35.0,False,0.8,0.0,0.2,4.0,,,True,True,True,True,False,False
2000033430,2022-03,False,0.0,1.0,6.0,0.0,0.0,3.0,0.0,0.0,,,,32687.76,169665.04,129194.48,0.0,1.0,74.0,False,0.8333333333333334,0.0,0.16666666666666666,5.0,,,True,True,True,True,False,False
2000033430,2022-04,False,1.0,1.0,4.0,0.0,0.0,3.0,0.0,0.0,,,,6226.24,42027.119999999995,32687.76,0.0,1.0,16.0,False,0.75,0.0,0.25,3.0,,,True,True,True,True,False,False
2000033430,2022-05,False,1.0,2.0,3.0,0.0,0.0,3.0,0.0,0.0,,,,10895.92,43583.67999999999,32687.76,0.0,0.0,20.0,False,1.0,0.0,0.0,3.0,,,True,True,True,True,False,False
2000033430,2022-06,False,1.0,3.0,4.0,1.0,1.0,4.0,0.0,0.0,,,,105846.08,138533.84,94950.16,0.0,0.0,5.0,True,1.0,0.0,0.0,4.0,,,True,True,True,True,False,False
2000033430,2023-12,False,0.0,0.0,0.0,0.0,0.0,0.0,0.0,0.0,,,,0.0,0.0,0.0,0.0,0.0,542.0,False,,,,0.0,,,True,True,True,True,False,True
2000033430,2024-03,False,0.0,1.0,1.0,0.0,0.0,3.0,0.0,0.0,,,,1556.56,1556.56,1556.56,0.0,0.0,81.0,False,0.0,0.0,1.0,0.0,,,True,True,True,True,False,False
2000033430,2024-08,False,0.0,0.0,1.0,0.0,0.0,3.0,0.0,0.0,,,,0.0,3113.12,3113.12,0.0,0.0,139.0,False,0.0,1.0,0.0,1.0,,,True,True,True,True,False,False
2000033430,2024-10,False,0.0,1.0,1.0,0.0,0.0,2.0,0.0,0.0,,,,15565.6,15565.6,15565.6,0.0,0.0,55.0,False,1.0,0.0,0.0,1.0,,,True,True,True,True,False,False
2000033430,2025-03,False,0.0,0.0,1.0,0.0,0.0,3.0,0.0,0.0,,,,0.0,1556.56,1556.56,0.0,0.0,151.0,False,0.0,1.0,0.0,1.0,,,True,True,True,True,False,False
2000033430,2025-04,False,2.0,2.0,3.0,0.0,0.0,3.0,32.0,32.0,0.0625,0.0,389.14,12452.48,14009.039999999999,6226.24,0.0,0.0,7.0,False,0.6666666666666666,0.3333333333333333,0.0,3.0,,,False,False,False,False,False,False
2000033430,2025-05,False,1.0,3.0,3.0,0.0,0.0,3.0,32.0,32.0,0.09375,0.0,437.78249999999997,14009.039999999999,14009.039999999999,6226.24,0.0,0.0,28.0,False,1.0,0.0,0.0,3.0,,,False,False,False,False,False,False
2000033430,2025-06,False,4.0,7.0,7.0,0.0,0.0,3.0,32.0,32.0,0.21875,0.0,583.71,18678.72,18678.72,6226.24,1.0,1.0,16.0,False,0.8571428571428571,0.0,0.14285714285714285,6.0,,,False,False,False,False,False,False
2000033430,2025-08,False,0.0,5.0,8.0,0.0,0.0,3.0,40.0,72.0,0.125,0.0,155.656,6226.24,20235.28,6226.24,1.0,1.0,58.0,False,0.875,0.0,0.125,7.0,0.03125,0.0,False,False,False,False,False,False
2000033430,2025-09,False,1.0,2.0,9.0,0.0,0.0,3.0,40.0,72.0,0.05,0.0,739.366,29574.64,48253.36,28018.08,0.0,1.0,28.0,False,0.8888888888888888,0.0,0.1111111111111111,8.0,-0.16875,0.0,False,False,False,False,False,False
2000033430,2025-12,False,0.0,4.0,6.0,0.0,0.0,3.0,71.0,111.0,0.056338028169014086,0.0,1578.4833802816902,112072.32,141646.96000000002,77828.0,0.0,0.0,75.0,False,1.0,0.0,0.0,6.0,0.006338028169014083,0.0,False,False,False,False,False,False
2000033430,2026-01,False,1.0,1.0,6.0,0.0,0.0,3.0,0.0,71.0,,,,1556.56,141646.96,77828.0,0.0,0.0,8.0,False,1.0,0.0,0.0,6.0,,,True,True,True,True,False,False
2000033432,2025-02,False,0.0,0.0,0.0,0.0,0.0,0.0,0.0,0.0,,,,0.0,0.0,0.0,0.0,0.0,,False,,,,0.0,,,True,True,True,True,True,True
2000033432,2025-03,False,0.0,0.0,0.0,0.0,0.0,0.0,0.0,0.0,,,,0.0,0.0,0.0,0.0,0.0,,False,,,,0.0,,,True,True,True,True,True,True
2000033432,2025-04,False,0.0,0.0,0.0,0.0,0.0,0.0,0.0,0.0,,,,0.0,0.0,0.0,0.0,0.0,,False,,,,0.0,,,True,True,True,True,True,True
2000033432,2025-05,False,0.0,0.0,0.0,0.0,0.0,0.0,0.0,0.0,,,,0.0,0.0,0.0,0.0,0.0,,False,,,,0.0,,,True,True,True,True,True,True
2000033432,2025-10,False,0.0,0.0,0.0,0.0,0.0,0.0,0.0,0.0,,,,0.0,0.0,0.0,0.0,0.0,,False,,,,0.0,,,True,True,True,True,True,True
2000033432,2025-11,False,0.0,0.0,0.0,0.0,0.0,0.0,0.0,0.0,,,,0.0,0.0,0.0,0.0,0.0,,False,,,,0.0,,,True,True,True,True,True,True
2000033432,2026-02,False,0.0,0.0,0.0,0.0,0.0,0.0,0.0,0.0,,,,0.0,0.0,0.0,0.0,0.0,,False,,,,0.0,,,True,True,True,True,True,True
2000033434,2019-04,False,0.0,0.0,0.0,0.0,0.0,0.0,0.0,0.0,,,,0.0,0.0,0.0,0.0,0.0,,False,,,,0.0,,,True,True,True,True,True,True
2000033434,2019-05,False,3.0,3.0,3.0,2.0,2.0,4.0,0.0,0.0,,,,4351.29,4351.29,2661.33,0.0,0.0,15.0,True,0.0,0.6666666666666666,0.3333333333333333,2.0,,,True,True,True,True,False,False
2000033434,2019-08,False,0.0,1.0,4.0,0.0,2.0,4.0,0.0,0.0,,,,161.3,4512.59,2661.33,0.0,0.0,72.0,False,0.25,0.5,0.25,3.0,,,True,True,True,True,False,False
2000033434,2019-09,False,3.0,3.0,7.0,0.0,2.0,4.0,0.0,0.0,,,,15386.0,19898.59,8896.86,0.0,0.0,5.0,False,0.14285714285714285,0.2857142857142857,0.5714285714285714,3.0,,,True,True,True,True,False,False
2000033434,2019-10,False,1.0,4.0,8.0,1.0,3.0,4.0,0.0,0.0,,,,21578.22,26090.81,8896.86,0.0,0.0,1.0,True,0.25,0.25,0.5,4.0,,,True,True,True,True,False,False
2000033434,2019-11,False,1.0,5.0,6.0,1.0,1.0,4.0,0.0,0.0,,,,30761.32,30922.62,9183.1,0.0,0.0,8.0,True,0.3333333333333333,0.16666666666666666,0.5,3.0,,,True,True,True,True,False,False
2000033434,2019-12,False,1.0,3.0,6.0,1.0,1.0,4.0,0.0,0.0,,,,15418.3,30804.3,9183.1,0.0,0.0,18.0,True,0.3333333333333333,0.16666666666666666,0.5,3.0,,,True,True,True,True,False,False
2000033434,2020-01,False,3.0,5.0,9.0,0.0,1.0,4.0,0.0,0.0,,,,9471.409999999998,31049.63,9183.1,0.0,0.0,16.0,False,0.4444444444444444,0.2222222222222222,0.3333333333333333,6.0,,,True,True,True,True,False,False
2000033434,2020-03,False,0.0,4.0,7.0,0.0,1.0,4.0,0.0,0.0,,,,318.72999999999996,15737.029999999999,9183.1,0.0,0.0,58.0,False,0.7142857142857143,0.2857142857142857,0.0,7.0,,,True,True,True,True,False,False
2000033434,2020-05,False,0.0,1.0,6.0,0.0,0.0,3.0,0.0,0.0,,,,0.01,361.71999999999997,150.44,0.0,0.0,49.0,False,0.6666666666666666,0.3333333333333333,0.0,6.0,,,True,True,True,True,False,False
2000033434,2020-08,False,0.0,1.0,2.0,0.0,0.0,2.0,0.0,0.0,,,,568.62,568.6300000000001,568.62,0.0,0.0,79.0,False,0.5,0.5,0.0,2.0,,,True,True,True,True,False,False
2000033434,2020-09,False,1.0,1.0,3.0,0.0,0.0,3.0,0.0,0.0,,,,42.98,611.6100000000001,568.62,0.0,0.0,18.0,False,0.3333333333333333,0.6666666666666666,0.0,3.0,,,True,True,True,True,False,False
2000033434,2020-12,False,0.0,1.0,2.0,0.0,0.0,3.0,0.0,0.0,,,,50.95,93.93,50.95,0.0,0.0,62.0,False,0.5,0.5,0.0,2.0,,,True,True,True,True,False,False
2000033434,2021-02,False,0.0,1.0,3.0,0.0,0.0,3.0,0.0,0.0,,,,0.01,93.94,50.95,0.0,0.0,47.0,False,0.3333333333333333,0.6666666666666666,0.0,3.0,,,True,True,True,True,False,False
2000033434,2021-03,False,2.0,3.0,4.0,0.0,0.0,3.0,0.0,0.0,,,,662.62,713.57,568.62,0.0,0.0,19.0,False,0.5,0.5,0.0,4.0,,,True,True,True,True,False,False
2000033434,2021-04,False,2.0,4.0,5.0,0.0,0.0,3.0,0.0,0.0,,,,919.73,919.74,568.62,0.0,0.0,21.0,False,0.2,0.8,0.0,5.0,,,True,True,True,True,False,False
2000033434,2021-05,False,2.0,6.0,7.0,0.0,0.0,3.0,0.0,0.0,,,,39412.87,39412.88,19246.57,0.0,0.0,5.0,False,0.2857142857142857,0.7142857142857143,0.0,7.0,,,True,True,True,True,False,False
2000033434,2021-07,False,0.0,3.0,7.0,0.0,0.0,3.0,0.0,0.0,,,,38587.13,39506.85999999999,19246.57,0.0,0.0,38.0,False,0.42857142857142855,0.5714285714285714,0.0,7.0,,,True,True,True,True,False,False
2000033434,2021-08,False,1.0,2.0,8.0,0.0,0.0,3.0,0.0,0.0,,,,662.61,40075.479999999996,19246.57,0.0,0.0,13.0,False,0.5,0.5,0.0,8.0,,,True,True,True,True,False,False
2000033434,2021-10,False,0.0,7.0,10.0,0.0,0.0,3.0,0.0,0.0,,,,950.4,39537.53,19246.57,0.0,0.0,35.0,False,0.7,0.3,0.0,10.0,,,True,True,True,True,False,False
2000033434,2022-01,False,0.0,1.0,8.0,0.0,0.0,3.0,0.0,0.0,,,,93.99,1044.3899999999999,568.62,0.0,0.0,88.0,False,0.75,0.25,0.0,8.0,,,True,True,True,True,False,False
2000033434,2022-03,False,0.0,3.0,4.0,0.0,0.0,2.0,0.0,0.0,,,,305.36,399.35,150.44,0.0,0.0,34.0,False,0.75,0.25,0.0,4.0,,,True,True,True,True,False,False
2000033434,2022-04,False,3.0,6.0,7.0,0.0,0.0,2.0,0.0,0.0,,,,643.78,737.77,150.44,0.0,0.0,2.0,False,0.8571428571428571,0.14285714285714285,0.0,7.0,,,True,True,True,True,False,False
2000033434,2022-05,False,2.0,5.0,8.0,0.0,0.0,3.0,0.0,0.0,,,,520.4300000000001,825.79,150.44,0.0,0.0,18.0,False,0.875,0.125,0.0,8.0,,,True,True,True,True,False,False
2000033434,2023-02,False,0.0,0.0,0.0,0.0,0.0,0.0,0.0,0.0,,,,0.0,0.0,0.0,0.0,0.0,257.0,False,,,,0.0,,,True,True,True,True,False,True
2000033434,2023-04,False,0.0,3.0,3.0,0.0,0.0,3.0,0.0,0.0,,,,743.1900000000005,743.19,568.62,0.0,0.0,32.0,False,1.0,0.0,0.0,3.0,,,True,True,True,True,False,False
2000033434,2024-03,False,0.0,0.0,0.0,0.0,0.0,0.0,0.0,0.0,,,,0.0,0.0,0.0,0.0,0.0,322.0,False,,,,0.0,,,True,True,True,True,False,True
2000033434,2024-04,False,1.0,1.0,1.0,0.0,0.0,3.0,0.0,0.0,,,,1451.7000000000005,1451.7,1451.7,0.0,0.0,11.0,False,1.0,0.0,0.0,1.0,,,True,True,True,True,False,False
2000033434,2024-08,False,0.0,0.0,2.0,0.0,0.0,3.0,0.0,0.0,,,,0.0,1602.14,1451.7,0.0,0.0,122.0,False,1.0,0.0,0.0,2.0,,,True,True,True,True,False,False
2000033434,2025-01,False,0.0,0.0,1.0,0.0,0.0,3.0,0.0,0.0,,,,0.0,61.85,61.85,0.0,0.0,145.0,False,0.0,1.0,0.0,1.0,,,True,True,True,True,False,False
2000033434,2025-03,False,0.0,1.0,1.0,0.0,0.0,3.0,0.0,0.0,,,,150.44000000000045,150.44,150.44,0.0,0.0,39.0,False,1.0,0.0,0.0,1.0,,,True,True,True,True,False,False
2000033434,2025-04,False,1.0,2.0,2.0,0.0,0.0,3.0,69.0,69.0,0.028985507246376812,0.0,4.360579710144934,300.88000000000045,300.88,150.44,0.0,0.0,21.0,False,1.0,0.0,0.0,2.0,,,False,False,False,False,False,False
2000033434,2025-05,False,1.0,2.0,3.0,0.0,0.0,3.0,69.0,69.0,0.028985507246376812,0.0,4.360579710144934,300.88000000000045,451.32,150.44,0.0,0.0,24.0,False,1.0,0.0,0.0,3.0,,,False,False,False,False,False,False
2000033434,2025-06,False,0.0,2.0,3.0,0.0,0.0,3.0,219.0,219.0,0.0091324200913242,0.0,1.3738812785388148,300.88000000000045,451.32,150.44,0.0,0.0,55.0,False,1.0,0.0,0.0,3.0,,,False,False,False,False,False,False
2000033434,2025-07,False,1.0,2.0,4.0,0.0,0.0,3.0,371.0,440.0,0.005390835579514825,0.0,0.8109973045822114,300.88000000000045,601.76,150.44,0.0,0.0,27.0,False,0.75,0.25,0.0,4.0,-0.023594671666861987,0.0,False,False,False,False,False,False
2000033434,2025-08,False,0.0,1.0,3.0,0.0,0.0,3.0,605.0,674.0,0.001652892561983471,0.0,0.24866115702479413,150.44000000000045,451.32,150.44,0.0,0.0,58.0,False,0.6666666666666666,0.3333333333333333,0.0,3.0,-0.027332614684393342,0.0,False,False,False,False,False,False
2000033434,2025-09,False,1.0,2.0,4.0,0.0,0.0,3.0,500.0,719.0,0.004,0.0,19.42868,9714.34,10015.22,9563.9,0.0,0.0,25.0,False,0.75,0.25,0.0,4.0,-0.0051324200913242,0.0,False,False,False,False,False,False
2000033434,2025-10,False,0.0,1.0,3.0,0.0,0.0,3.0,357.0,728.0,0.0028011204481792717,0.0,26.789635854341736,9563.9,9864.779999999999,9563.9,0.0,0.0,55.0,False,0.6666666666666666,0.3333333333333333,0.0,3.0,-0.0025897151313355534,0.0,False,False,False,False,False,False
2000033434,2025-12,False,0.0,0.0,2.0,0.0,0.0,3.0,108.0,608.0,0.0,0.0,0.0,0.0,9714.34,9563.9,0.0,0.0,116.0,False,0.5,0.5,0.0,2.0,-0.004,0.0,False,False,False,False,False,False
2000033434,2026-01,False,1.0,1.0,2.0,0.0,0.0,3.0,30.0,387.0,0.03333333333333333,0.0,18.954,568.62,10132.52,9563.9,0.0,0.0,27.0,False,1.0,0.0,0.0,2.0,0.03053221288515406,0.0,False,False,False,False,False,False
2000033434,2026-02,False,1.0,2.0,3.0,0.0,0.0,3.0,0.0,153.0,,,,719.06,10282.96,9563.9,0.0,0.0,12.0,False,1.0,0.0,0.0,3.0,,,True,True,True,True,False,False
2000033435,2025-02,False,0.0,0.0,0.0,0.0,0.0,0.0,0.0,0.0,,,,0.0,0.0,0.0,0.0,0.0,,False,,,,0.0,,,True,True,True,True,True,True
2000033435,2025-03,False,0.0,0.0,0.0,0.0,0.0,0.0,376.0,376.0,0.0,0.0,0.0,0.0,0.0,0.0,0.0,0.0,,False,,,,0.0,,,False,False,False,False,True,True
2000033435,2025-04,False,0.0,0.0,0.0,0.0,0.0,0.0,719.0,719.0,0.0,0.0,0.0,0.0,0.0,0.0,0.0,0.0,,False,,,,0.0,,,False,False,False,False,True,True
2000033435,2025-06,False,0.0,0.0,0.0,0.0,0.0,0.0,454.0,830.0,0.0,0.0,0.0,0.0,0.0,0.0,0.0,0.0,,False,,,,0.0,0.0,0.0,False,False,False,False,True,True
2000033435,2025-07,False,0.0,0.0,0.0,0.0,0.0,0.0,131.0,850.0,0.0,0.0,0.0,0.0,0.0,0.0,0.0,0.0,,False,,,,0.0,0.0,0.0,False,False,False,False,True,True
2000033435,2025-08,False,0.0,0.0,0.0,0.0,0.0,0.0,100.0,930.0,0.0,0.0,0.0,0.0,0.0,0.0,0.0,0.0,,False,,,,0.0,0.0,0.0,False,False,False,False,True,True
2000033435,2025-09,False,0.0,0.0,0.0,0.0,0.0,0.0,216.0,670.0,0.0,0.0,0.0,0.0,0.0,0.0,0.0,0.0,,False,,,,0.0,0.0,0.0,False,False,False,False,True,True
2000033435,2025-11,False,0.0,0.0,0.0,0.0,0.0,0.0,158.0,258.0,0.0,0.0,0.0,0.0,0.0,0.0,0.0,0.0,,False,,,,0.0,0.0,0.0,False,False,False,False,True,True
2000033435,2025-12,False,0.0,0.0,0.0,0.0,0.0,0.0,42.0,258.0,0.0,0.0,0.0,0.0,0.0,0.0,0.0,0.0,,False,,,,0.0,0.0,0.0,False,False,False,False,True,True
2000033439,2019-05,False,0.0,0.0,0.0,0.0,0.0,0.0,0.0,0.0,,,,0.0,0.0,0.0,0.0,0.0,,False,,,,0.0,,,True,True,True,True,True,True
2000033439,2019-06,False,1.0,1.0,1.0,1.0,1.0,4.0,0.0,0.0,,,,0.02,0.02,0.02,0.0,0.0,17.0,True,0.0,0.0,1.0,0.0,,,True,True,True,True,False,False
2000033439,2019-07,False,2.0,3.0,3.0,1.0,1.0,4.0,0.0,0.0,,,,1044946.67,1044946.67,1013281.6,0.0,0.0,6.0,True,0.6666666666666666,0.0,0.3333333333333333,2.0,,,True,True,True,True,False,False
2000033439,2019-08,False,2.0,5.0,5.0,1.0,1.0,4.0,0.0,0.0,,,,1113164.6,1113164.6,1013281.6,0.0,0.0,16.0,True,0.4,0.0,0.6,2.0,,,True,True,True,True,False,False
2000033439,2019-09,False,2.0,6.0,7.0,0.0,1.0,4.0,0.0,0.0,,,,1176494.68,1176494.7,1013281.6,0.0,0.0,5.0,False,0.5714285714285714,0.0,0.42857142857142855,4.0,,,True,True,True,True,False,False
2000033439,2019-10,False,2.0,6.0,9.0,0.0,1.0,4.0,0.0,0.0,,,,194878.13,1239824.8,1013281.6,0.0,0.0,6.0,False,0.6666666666666666,0.0,0.3333333333333333,6.0,,,True,True,True,True,False,False
2000033439,2019-12,False,0.0,5.0,11.0,0.0,0.0,3.0,0.0,0.0,,,,63377.03,1239871.71,1013281.6,0.0,0.0,33.0,False,0.5454545454545454,0.0,0.45454545454545453,6.0,,,True,True,True,True,False,False
2000033439,2020-01,False,5.0,8.0,14.0,0.0,0.0,3.0,0.0,0.0,,,,253367.33,448245.45999999996,63330.1,0.0,0.0,1.0,False,0.6428571428571429,0.0,0.35714285714285715,9.0,,,True,True,True,True,False,False
2000033439,2020-04,False,0.0,1.0,9.0,0.0,0.0,3.0,0.0,0.0,,,,31665.05,285032.38,63330.1,0.0,0.0,79.0,False,0.6666666666666666,0.0,0.3333333333333333,6.0,,,True,True,True,True,False,False
2000033439,2020-05,False,6.0,6.0,12.0,0.0,0.0,3.0,0.0,0.0,,,,443310.7,728296.15,126660.2,0.0,0.0,8.0,False,1.0,0.0,0.0,12.0,,,True,True,True,True,False,False
2000033439,2020-06,False,2.0,8.0,14.0,0.0,0.0,3.0,0.0,0.0,,,,506640.8,791626.25,126660.2,0.0,0.0,10.0,False,1.0,0.0,0.0,14.0,,,True,True,True,True,False,False
2000033439,2020-07,False,1.0,9.0,10.0,0.0,0.0,3.0,0.0,0.0,,,,538305.85,569970.9,126660.2,0.0,0.0,29.0,False,1.0,0.0,0.0,10.0,,,True,True,True,True,False,False
2000033439,2020-08,False,5.0,8.0,14.0,0.0,0.0,3.0,0.0,0.0,,,,1013281.5999999999,1456592.3,728296.15,0.0,0.0,1.0,False,1.0,0.0,0.0,14.0,,,True,True,True,True,False,False
2000033439,2020-09,False,10.0,16.0,24.0,0.0,0.0,3.0,0.0,0.0,,,,1109065.63,1615706.4300000002,728296.15,0.0,0.0,12.0,False,0.75,0.20833333333333334,0.041666666666666664,23.0,,,True,True,True,True,False,False
2000033439,2020-10,False,4.0,19.0,28.0,0.0,0.0,3.0,0.0,0.0,,,,1204060.7799999998,1742366.6300000001,728296.15,0.0,0.0,1.0,False,0.7142857142857143,0.21428571428571427,0.07142857142857142,26.0,,,True,True,True,True,False,False
2000033439,2020-11,False,3.0,17.0,25.0,0.0,0.0,3.0,0.0,0.0,,,,412434.5299999999,1425716.1300000001,728296.15,0.0,0.0,1.0,False,0.64,0.24,0.12,22.0,,,True,True,True,True,False,False
2000033439,2020-12,False,8.0,15.0,31.0,0.0,0.0,3.0,0.0,0.0,,,,569970.8999999999,1679036.53,728296.15,0.0,0.0,1.0,False,0.6774193548387096,0.1935483870967742,0.12903225806451613,27.0,,,True,True,True,True,False,False
2000033439,2021-01,False,5.0,16.0,35.0,0.0,0.0,3.0,0.0,0.0,,,,696631.0999999999,1900691.88,728296.15,0.0,0.0,1.0,False,0.6571428571428571,0.17142857142857143,0.17142857142857143,29.0,,,True,True,True,True,False,False
2000033439,2021-02,False,9.0,22.0,39.0,0.0,0.0,3.0,0.0,0.0,,,,981616.5499999999,1394051.08,94995.15,0.0,0.0,5.0,False,0.6923076923076923,0.15384615384615385,0.15384615384615385,33.0,,,True,True,True,True,False,False
2000033439,2021-03,False,8.0,22.0,37.0,0.0,0.0,3.0,0.0,0.0,,,,886720.2999999999,1456691.2000000002,94995.15,0.0,0.0,13.0,False,0.8378378378378378,0.02702702702702703,0.13513513513513514,32.0,,,True,True,True,True,False,False
2000033439,2021-04,False,11.0,28.0,44.0,0.0,0.0,3.0,0.0,0.0,,,,984414.0099999999,1681045.1099999999,94995.15,0.0,0.0,1.0,False,0.7727272727272727,0.09090909090909091,0.13636363636363635,38.0,,,True,True,True,True,False,False
2000033439,2021-05,False,1.0,20.0,42.0,0.0,0.0,3.0,0.0,0.0,,,,636098.46,1617715.01,94995.15,0.0,0.0,9.0,False,0.7857142857142857,0.09523809523809523,0.11904761904761904,37.0,,,True,True,True,True,False,False
2000033439,2021-06,False,4.0,16.0,38.0,0.0,0.0,3.0,0.0,0.0,,,,541004.4099999999,1427724.71,63330.1,0.0,0.0,15.0,False,0.7631578947368421,0.10526315789473684,0.13157894736842105,33.0,,,True,True,True,True,False,False
2000033439,2021-07,False,4.0,9.0,37.0,0.0,0.0,3.0,0.0,0.0,,,,266946.4,1251360.41,63330.1,0.0,0.0,1.0,False,0.7837837837837838,0.10810810810810811,0.10810810810810811,33.0,,,True,True,True,True,False,False
2000033439,2021-08,False,12.0,20.0,40.0,0.0,0.0,3.0,0.0,0.0,,,,583596.9,1219695.3599999999,63330.1,0.0,0.0,3.0,False,0.725,0.1,0.175,33.0,,,True,True,True,True,False,False
2000033439,2021-09,False,14.0,30.0,46.0,0.0,0.0,3.0,0.0,0.0,,,,837213.1300000001,1378217.54,63330.1,0.0,0.0,5.0,False,0.6086956521739131,0.15217391304347827,0.2391304347826087,35.0,,,True,True,True,True,False,False
2000033439,2021-10,False,11.0,37.0,46.0,0.0,0.0,3.0,0.0,0.0,,,,1108681.1,1375627.5,63330.1,0.0,0.0,3.0,False,0.6521739130434783,0.08695652173913043,0.2608695652173913,34.0,,,True,True,True,True,False,False
2000033439,2021-11,False,3.0,28.0,48.0,0.0,0.0,3.0,0.0,0.0,,,,823695.6500000001,1407292.5499999998,63330.1,0.0,0.0,5.0,False,0.625,0.08333333333333333,0.2916666666666667,34.0,,,True,True,True,True,False,False
2000033439,2021-12,False,9.0,23.0,53.0,0.0,0.0,3.0,0.0,0.0,,,,738851.0,1576064.13,63330.1,0.0,0.0,1.0,False,0.6415094339622641,0.07547169811320754,0.2830188679245283,38.0,,,True,True,True,True,False,False
2000033439,2022-01,False,12.0,24.0,61.0,0.0,0.0,3.0,0.0,0.0,,,,651902.38,1760583.48,63330.1,0.0,0.0,16.0,False,0.639344262295082,0.13114754098360656,0.22950819672131148,47.0,,,True,True,True,True,False,False
2000033439,2022-02,False,6.0,27.0,55.0,0.0,0.0,3.0,0.0,0.0,,,,622505.21,1446200.8599999999,63330.1,0.0,0.0,1.0,False,0.6181818181818182,0.14545454545454545,0.23636363636363636,42.0,,,True,True,True,True,False,False
2000033439,2022-03,False,6.0,24.0,47.0,2.0,2.0,4.0,0.0,0.0,,,,820128.78,1558979.78,271400.0,0.0,0.0,7.0,True,0.6382978723404256,0.1702127659574468,0.19148936170212766,38.0,,,True,True,True,True,False,False
2000033439,2022-04,False,2.0,14.0,38.0,2.0,2.0,4.0,0.0,0.0,,,,811973.7300000001,1463876.1099999999,271400.0,0.0,0.0,8.0,True,0.6052631578947368,0.23684210526315788,0.15789473684210525,32.0,,,True,True,True,True,False,False
2000033439,2022-05,False,7.0,15.0,42.0,2.0,2.0,4.0,0.0,0.0,,,,1097164.4700000002,1719669.6800000002,271400.0,0.0,0.0,10.0,True,0.5952380952380952,0.23809523809523808,0.16666666666666666,35.0,,,True,True,True,True,False,False
2000033439,2022-06,False,10.0,19.0,43.0,0.0,2.0,4.0,0.0,0.0,,,,867113.73,1687242.51,271400.0,0.0,0.0,5.0,False,0.5116279069767442,0.27906976744186046,0.20930232558139536,34.0,,,True,True,True,True,False,False
2000033439,2022-07,False,2.0,19.0,33.0,0.0,2.0,4.0,0.0,0.0,,,,677123.43,1489097.1600000001,271400.0,0.0,0.0,4.0,False,0.48484848484848486,0.24242424242424243,0.2727272727272727,24.0,,,True,True,True,True,False,False
2000033439,2022-08,False,4.0,16.0,31.0,0.0,2.0,4.0,0.0,0.0,,,,519178.06999999995,1616342.54,271400.0,0.0,0.0,6.0,False,0.4838709677419355,0.25806451612903225,0.25806451612903225,23.0,,,True,True,True,True,False,False
2000033439,2022-09,False,6.0,12.0,31.0,0.0,0.0,3.0,0.0,0.0,,,,509493.88,1376607.6099999999,126660.2,0.0,0.0,1.0,False,0.5483870967741935,0.16129032258064516,0.2903225806451613,22.0,,,True,True,True,True,False,False
2000033439,2022-10,False,2.0,12.0,31.0,0.0,0.0,3.0,0.0,0.0,,,,477861.7,1154985.1300000001,126660.2,0.0,0.0,11.0,False,0.5806451612903226,0.12903225806451613,0.2903225806451613,22.0,,,True,True,True,True,False,False
2000033439,2022-11,False,1.0,9.0,25.0,0.0,0.0,3.0,0.0,0.0,,,,316683.38999999996,835861.46,126660.2,0.0,0.0,25.0,False,0.6,0.16,0.24,19.0,,,True,True,True,True,False,False
2000033439,2022-12,False,1.0,4.0,16.0,0.0,0.0,3.0,0.0,0.0,,,,63362.979999999996,572856.86,126660.2,0.0,0.0,13.0,False,0.75,0.125,0.125,14.0,,,True,True,True,True,False,False
2000033439,2023-01,False,1.0,3.0,15.0,0.0,0.0,3.0,0.0,0.0,,,,63330.11,541191.8099999999,126660.2,0.0,0.0,31.0,False,0.7333333333333333,0.13333333333333333,0.13333333333333333,13.0,,,True,True,True,True,False,False
2000033439,2023-02,False,1.0,3.0,12.0,0.0,0.0,3.0,0.0,0.0,,,,35616.92,352300.31,126660.2,0.0,0.0,20.0,False,0.75,0.16666666666666666,0.08333333333333333,11.0,,,True,True,True,True,False,False
2000033439,2023-03,False,1.0,3.0,7.0,0.0,0.0,3.0,0.0,0.0,,,,67281.95999999999,130644.94,31665.05,0.0,0.0,5.0,False,0.7142857142857143,0.2857142857142857,0.0,7.0,,,True,True,True,True,False,False
2000033439,2023-05,False,0.0,4.0,7.0,0.0,0.0,3.0,0.0,0.0,,,,96056.25,131673.17,31665.05,0.0,0.0,31.0,False,1.0,0.0,0.0,7.0,,,True,True,True,True,False,False
2000033439,2023-06,False,6.0,9.0,12.0,0.0,0.0,3.0,0.0,0.0,,,,194965.56,262247.52,31665.05,0.0,0.0,2.0,False,0.9166666666666666,0.08333333333333333,0.0,12.0,,,True,True,True,True,False,False
2000033439,2023-07,False,4.0,10.0,15.0,0.0,0.0,3.0,0.0,0.0,,,,238935.02999999997,338943.14,31665.05,0.0,0.0,2.0,False,0.8666666666666667,0.13333333333333333,0.0,15.0,,,True,True,True,True,False,False
2000033439,2023-08,False,2.0,12.0,16.0,0.0,0.0,3.0,0.0,0.0,,,,365595.23,461651.48,63330.1,0.0,0.0,11.0,False,0.75,0.125,0.125,14.0,,,True,True,True,True,False,False
2000033439,2023-09,False,6.0,12.0,21.0,0.0,0.0,3.0,0.0,0.0,,,,425011.17,619976.73,63330.1,0.0,0.0,15.0,False,0.8095238095238095,0.09523809523809523,0.09523809523809523,19.0,,,True,True,True,True,False,False
2000033439,2023-10,False,4.0,12.0,22.0,0.0,0.0,3.0,0.0,0.0,,,,443310.7,682245.73,63330.1,0.0,0.0,18.0,False,0.8181818181818182,0.09090909090909091,0.09090909090909091,20.0,,,True,True,True,True,False,False
2000033439,2023-11,False,4.0,14.0,26.0,0.0,0.0,3.0,0.0,0.0,,,,443360.14999999997,808955.38,63330.1,0.0,0.0,2.0,False,0.8076923076923077,0.11538461538461539,0.07692307692307693,24.0,,,True,True,True,True,False,False
2000033439,2024-01,False,0.0,7.0,19.0,0.0,0.0,3.0,0.0,0.0,,,,193234.86,636545.5599999999,63330.1,0.0,0.0,32.0,False,0.7894736842105263,0.10526315789473684,0.10526315789473684,17.0,,,True,True,True,True,False,False
2000033439,2024-02,False,1.0,4.0,18.0,0.0,0.0,3.0,0.0,0.0,,,,98190.26,541550.41,63330.1,0.0,0.0,9.0,False,0.8888888888888888,0.1111111111111111,0.0,18.0,,,True,True,True,True,False,False
2000033439,2024-03,False,1.0,2.0,13.0,0.0,0.0,3.0,0.0,0.0,,,,348315.55,668210.6099999999,316650.5,0.0,0.0,2.0,False,0.7692307692307693,0.23076923076923078,0.0,13.0,,,True,True,True,True,False,False
2000033439,2024-05,False,0.0,2.0,6.0,0.0,0.0,3.0,0.0,0.0,,,,379980.6,478170.8599999999,316650.5,0.0,0.0,32.0,False,0.6666666666666666,0.3333333333333333,0.0,6.0,,,True,True,True,True,False,False
2000033439,2024-06,False,2.0,3.0,5.0,0.0,0.0,3.0,0.0,0.0,,,,126660.2,474975.75,316650.5,0.0,0.0,19.0,False,0.8,0.2,0.0,5.0,,,True,True,True,True,False,False
2000033439,2024-07,False,4.0,6.0,9.0,0.0,0.0,3.0,0.0,0.0,,,,843722.2,1255367.85,358531.0,0.0,0.0,11.0,False,0.8888888888888888,0.1111111111111111,0.0,9.0,,,True,True,True,True,False,False
2000033439,2024-08,False,5.0,11.0,13.0,0.0,0.0,3.0,0.0,0.0,,,,1009163.09,1389143.69,358531.0,0.0,0.0,21.0,False,0.6923076923076923,0.23076923076923078,0.07692307692307693,12.0,,,True,True,True,True,False,False
2000033439,2024-09,False,2.0,11.0,14.0,0.0,0.0,3.0,0.0,0.0,,,,1009163.09,1135823.29,358531.0,0.0,0.0,10.0,False,0.7142857142857143,0.14285714285714285,0.14285714285714285,12.0,,,True,True,True,True,False,False
2000033439,2024-10,False,1.0,8.0,14.0,0.0,0.0,3.0,0.0,0.0,,,,231866.05000000002,1075588.25,358531.0,0.0,0.0,28.0,False,0.7142857142857143,0.14285714285714285,0.14285714285714285,12.0,,,True,True,True,True,False,False
2000033439,2024-11,False,4.0,7.0,18.0,0.0,0.0,3.0,0.0,0.0,,,,91986.04000000001,1101149.1300000001,358531.0,0.0,0.0,10.0,False,0.7222222222222222,0.1111111111111111,0.16666666666666666,15.0,,,True,True,True,True,False,False
2000033439,2025-02,False,0.0,2.0,9.0,0.0,0.0,3.0,0.0,0.0,,,,34518.11,126504.15,31665.05,0.0,0.0,75.0,False,0.5555555555555556,0.1111111111111111,0.3333333333333333,6.0,,,True,True,True,True,False,False
2000033439,2025-03,False,3.0,3.0,10.0,0.0,0.0,3.0,0.0,0.0,,,,35252.63,98426.68,31665.05,0.0,0.0,5.0,False,0.7,0.1,0.2,8.0,,,True,True,True,True,False,False
2000033439,2025-04,False,1.0,4.0,10.0,0.0,0.0,3.0,0.0,0.0,,,,66917.68,126996.67,31665.05,0.0,0.0,8.0,False,0.7,0.1,0.2,8.0,,,True,True,True,True,False,False
2000033439,2025-05,False,8.0,12.0,14.0,0.0,0.0,3.0,0.0,0.0,,,,249447.8,283965.91,126660.2,0.0,0.0,2.0,False,0.6428571428571429,0.2857142857142857,0.07142857142857142,13.0,,,True,True,True,True,False,False
2000033439,2025-06,False,8.0,17.0,20.0,0.0,0.0,3.0,0.0,0.0,,,,421303.82999999996,456556.45999999996,126660.2,0.0,0.0,3.0,False,0.8,0.2,0.0,20.0,,,True,True,True,True,False,False
2000033439,2025-07,False,4.0,20.0,24.0,0.0,0.0,3.0,0.0,0.0,,,,516298.98,583216.66,126660.2,0.0,0.0,4.0,False,0.8333333333333334,0.16666666666666666,0.0,24.0,,,True,True,True,True,False,False
2000033439,2025-08,False,4.0,16.0,28.0,0.0,0.0,3.0,0.0,0.0,,,,437323.19,686770.99,126660.2,0.0,0.0,21.0,False,0.8571428571428571,0.14285714285714285,0.0,28.0,,,True,True,True,True,False,False
2000033439,2025-09,False,7.0,15.0,32.0,0.0,0.0,3.0,0.0,0.0,,,,368954.07,790257.9,126660.2,0.0,0.0,6.0,False,0.8125,0.1875,0.0,32.0,,,True,True,True,True,False,False
2000033439,2025-12,False,0.0,2.0,17.0,0.0,0.0,3.0,0.0,0.0,,,,94995.15,463949.22,63330.1,0.0,0.0,79.0,False,0.8823529411764706,0.11764705882352941,0.0,17.0,,,True,True,True,True,False,False
2000033439,2026-01,False,4.0,4.0,17.0,0.0,0.0,3.0,0.0,0.0,,,,69036.22,406325.24,63330.1,0.0,0.0,14.0,False,0.8235294117647058,0.17647058823529413,0.0,17.0,,,True,True,True,True,False,False
2000033439,2026-02,False,2.0,6.0,15.0,0.0,0.0,3.0,0.0,0.0,,,,103554.33,337289.02,63330.1,0.0,0.0,16.0,False,0.8,0.2,0.0,15.0,,,True,True,True,True,False,False
2000033440,2023-07,False,0.0,0.0,0.0,0.0,0.0,0.0,0.0,0.0,,,,0.0,0.0,0.0,0.0,0.0,,False,,,,0.0,,,True,True,True,True,True,True
2000033440,2023-08,False,1.0,1.0,1.0,0.0,0.0,3.0,0.0,0.0,,,,2984.0,2984.0,2984.0,0.0,0.0,8.0,False,1.0,0.0,0.0,1.0,,,True,True,True,True,False,False
2000033440,2023-09,False,3.0,4.0,4.0,0.0,0.0,3.0,0.0,0.0,,,,8392.619999999999,8392.619999999999,4884.48,0.0,0.0,18.0,False,1.0,0.0,0.0,4.0,,,True,True,True,True,False,False
2000033440,2023-10,False,13.0,17.0,17.0,0.0,0.0,3.0,0.0,0.0,,,,8465.42,8465.42,4884.48,0.0,0.0,3.0,False,0.35294117647058826,0.6470588235294118,0.0,17.0,,,True,True,True,True,False,False
2000033440,2023-11,False,39.0,55.0,56.0,0.0,0.0,3.0,0.0,0.0,,,,5750.0,8734.0,4884.48,0.0,0.0,2.0,False,0.10714285714285714,0.8571428571428571,0.03571428571428571,54.0,,,True,True,True,True,False,False
2000033440,2023-12,False,13.0,65.0,69.0,0.0,0.0,3.0,0.0,0.0,,,,6382.150000000001,14774.77,5890.47,0.0,0.0,10.0,False,0.10144927536231885,0.8405797101449275,0.057971014492753624,65.0,,,True,True,True,True,False,False
2000033440,2024-01,False,17.0,69.0,86.0,0.0,0.0,3.0,0.0,0.0,,,,6367.96,14833.380000000001,5890.47,0.0,0.0,11.0,False,0.08139534883720931,0.872093023255814,0.046511627906976744,82.0,,,True,True,True,True,False,False
2000033440,2024-03,False,0.0,19.0,84.0,0.0,0.0,3.0,0.0,0.0,,,,63.85,6446.000000000001,5890.47,0.0,0.0,37.0,False,0.03571428571428571,0.9166666666666666,0.047619047619047616,80.0,,,True,True,True,True,False,False
2000033440,2024-04,False,22.0,24.0,93.0,0.0,0.0,3.0,0.0,0.0,,,,215.45000000000002,6583.410000000001,5890.47,0.0,0.0,5.0,False,0.010752688172043012,0.946236559139785,0.043010752688172046,89.0,,,True,True,True,True,False,False
2000033440,2024-05,False,3.0,25.0,57.0,0.0,0.0,3.0,0.0,0.0,,,,223.70000000000002,6328.320000000001,5890.47,0.0,0.0,2.0,False,0.017543859649122806,0.9473684210526315,0.03508771929824561,55.0,,,True,True,True,True,False,False
2000033440,2024-06,False,4.0,29.0,48.0,0.0,0.0,3.0,0.0,0.0,,,,233.70000000000002,297.55,54.0,0.0,0.0,1.0,False,0.0,1.0,0.0,48.0,,,True,True,True,True,False,False
2000033440,2024-09,False,0.0,1.0,30.0,0.0,0.0,3.0,0.0,0.0,,,,0.06,233.76000000000002,54.0,0.0,0.0,90.0,False,0.0,1.0,0.0,30.0,,,True,True,True,True,False,False
2000033440,2024-10,False,51.0,51.0,59.0,0.0,0.0,3.0,0.0,0.0,,,,467.48,491.03000000000003,59.64,0.0,0.0,2.0,False,0.7627118644067796,0.23728813559322035,0.0,59.0,,,True,True,True,True,False,False
2000033440,2024-11,False,2.0,53.0,58.0,0.0,0.0,3.0,0.0,0.0,,,,468.47,478.53000000000003,59.64,0.0,0.0,8.0,False,0.7931034482758621,0.20689655172413793,0.0,58.0,,,True,True,True,True,False,False
2000033440,2024-12,False,2.0,55.0,56.0,0.0,0.0,3.0,0.0,0.0,,,,473.75,473.81,59.64,0.0,0.0,16.0,False,0.8214285714285714,0.17857142857142858,0.0,56.0,,,True,True,True,True,False,False
2000033440,2025-01,False,16.0,20.0,71.0,0.0,0.0,3.0,0.0,0.0,,,,327.09,794.5699999999999,102.84,0.0,0.0,1.0,False,0.647887323943662,0.352112676056338,0.0,71.0,,,True,True,True,True,False,False
2000033440,2025-02,False,16.0,34.0,87.0,0.0,0.0,3.0,0.0,0.0,,,,1003.2,1471.67,179.52,0.0,0.0,1.0,False,0.5402298850574713,0.45977011494252873,0.0,87.0,,,True,True,True,True,False,False
2000033440,2025-03,False,18.0,50.0,105.0,0.0,0.0,3.0,0.0,0.0,,,,1071.07,1544.8200000000002,179.52,0.0,0.0,4.0,False,0.45714285714285713,0.5428571428571428,0.0,105.0,,,True,True,True,True,False,False
2000033440,2025-04,False,18.0,52.0,72.0,0.0,0.0,3.0,205.0,205.0,0.25365853658536586,0.0,4.391365853658536,900.23,1227.3200000000002,179.52,0.0,0.0,1.0,False,0.125,0.875,0.0,72.0,,,False,False,False,False,False,False
2000033440,2025-05,False,17.0,53.0,87.0,0.0,0.0,3.0,1813.0,1813.0,0.02923331494760066,0.0,0.2590678433535576,469.6899999999999,1472.89,179.52,0.0,0.0,1.0,False,0.28735632183908044,0.7126436781609196,0.0,87.0,,,False,False,False,False,False,False
2000033440,2025-06,False,16.0,51.0,101.0,0.0,0.0,3.0,41655.0,41655.0,0.0012243428159884767,0.0,0.011601488416756688,483.2599999999999,1554.3300000000002,179.52,0.0,0.0,4.0,False,0.24752475247524752,0.7524752475247525,0.0,101.0,,,False,False,False,False,False,False
2000033440,2025-07,False,5.0,38.0,90.0,0.0,0.0,3.0,41450.0,41655.0,0.000916767189384801,0.0,0.008719903498190589,361.4399999999999,1261.67,179.52,0.0,0.0,28.0,False,0.3333333333333333,0.6666666666666666,0.0,90.0,-0.25274176939598103,0.0,False,False,False,False,False,False
2000033440,2025-08,False,53.0,74.0,127.0,0.0,0.0,3.0,39842.0,41655.0,0.001857336479092415,0.0,0.03941418603483761,1570.34,2040.03,427.44,0.0,0.0,2.0,False,0.3543307086614173,0.6456692913385826,0.0,127.0,-0.027375978468508245,0.0,False,False,False,False,False,False
2000033440,2025-09,False,23.0,81.0,132.0,0.0,0.0,3.0,28062.0,69717.0,0.0028864656831302116,0.0,0.07439348585275461,2087.63,2570.89,427.44,0.0,0.0,4.0,False,0.3787878787878788,0.6212121212121212,0.0,132.0,0.001662122867141735,0.0,False,False,False,False,False,False
2000033440,2025-10,False,3.0,79.0,117.0,0.0,0.0,3.0,28062.0,69512.0,0.0028151949255220583,0.0,0.07495224859240253,2103.31,2464.75,427.44,0.0,0.0,8.0,False,0.37606837606837606,0.6239316239316239,0.0,117.0,0.0018984277361372573,0.0,False,False,False,False,False,False
2000033440,2025-11,False,8.0,34.0,108.0,0.0,0.0,3.0,28484.0,68326.0,0.0011936525768852688,0.0,0.024609254318213727,700.9699999999998,2271.31,427.44,0.0,0.0,3.0,False,0.25925925925925924,0.7407407407407407,0.0,108.0,-0.0006636839022071462,0.0,False,False,False,False,False,False
2000033440,2025-12,False,4.0,15.0,96.0,0.0,0.0,3.0,1451.0,29513.0,0.010337698139214336,0.0,0.07200551343900742,104.47999999999978,2192.11,427.44,0.0,0.0,18.0,False,0.2916666666666667,0.7083333333333334,0.0,96.0,0.007451232456084124,0.0,False,False,False,False,False,False
2000033440,2026-01,False,7.0,19.0,98.0,0.0,0.0,3.0,4101.0,32163.0,0.004633016337478664,0.0,0.024359912216532498,99.89999999999978,2203.2099999999996,427.44,0.0,0.0,13.0,False,0.25510204081632654,0.7448979591836735,0.0,98.0,0.0018178214119566058,0.0,False,False,False,False,False,False
2000033440,2026-02,False,45.0,56.0,90.0,0.0,0.0,3.0,3679.0,32163.0,0.015221527589018754,0.0,0.3626556129382984,1334.2099999999998,2035.18,427.44,0.0,0.0,11.0,False,0.14444444444444443,0.8555555555555555,0.0,90.0,0.014027875012133486,0.0,False,False,False,False,False,False
2000033444,2020-06,False,0.0,0.0,0.0,0.0,0.0,0.0,0.0,0.0,,,,0.0,0.0,0.0,0.0,0.0,,False,,,,0.0,,,True,True,True,True,True,True
2000033444,2021-11,False,0.0,0.0,0.0,0.0,0.0,0.0,0.0,0.0,,,,0.0,0.0,0.0,0.0,0.0,511.0,False,,,,0.0,,,True,True,True,True,False,True
2000033451,2019-09,False,0.0,0.0,0.0,0.0,0.0,0.0,0.0,0.0,,,,0.0,0.0,0.0,0.0,0.0,,False,,,,0.0,,,True,True,True,True,True,True
2000033451,2019-10,False,2.0,2.0,2.0,0.0,0.0,3.0,0.0,0.0,,,,812.72,812.72,406.36,0.0,0.0,13.0,False,1.0,0.0,0.0,2.0,,,True,True,True,True,False,False
2000033451,2019-12,False,0.0,4.0,4.0,0.0,0.0,3.0,0.0,0.0,,,,2586.12,2586.12,886.7,0.0,0.0,61.0,False,1.0,0.0,0.0,4.0,,,True,True,True,True,False,False
2000033451,2020-08,False,0.0,0.0,0.0,0.0,0.0,0.0,0.0,0.0,,,,0.0,0.0,0.0,0.0,0.0,242.0,False,,,,0.0,,,True,True,True,True,False,True
2000033451,2020-09,False,3.0,3.0,3.0,0.0,0.0,3.0,0.0,0.0,,,,8386.66,8386.66,6206.9,0.0,0.0,1.0,False,0.6666666666666666,0.0,0.3333333333333333,2.0,,,True,True,True,True,False,False
2000033451,2020-10,False,4.0,7.0,7.0,0.0,0.0,3.0,0.0,0.0,,,,10123.07,10123.07,6206.9,0.0,0.0,10.0,False,0.5714285714285714,0.0,0.42857142857142855,4.0,,,True,True,True,True,False,False
2000033451,2021-03,False,0.0,0.0,9.0,0.0,0.0,3.0,0.0,0.0,,,,0.0,4654.91,1219.08,0.0,0.0,123.0,False,0.5555555555555556,0.0,0.4444444444444444,5.0,,,True,True,True,True,False,False
2000033451,2021-04,False,1.0,1.0,6.0,0.0,0.0,3.0,0.0,0.0,,,,1330.05,4248.55,1330.05,0.0,0.0,15.0,False,0.6666666666666666,0.0,0.3333333333333333,4.0,,,True,True,True,True,False,False
2000033451,2021-05,False,2.0,3.0,3.0,0.0,0.0,3.0,0.0,0.0,,,,2660.1000000000004,2660.1000000000004,1330.05,0.0,0.0,8.0,False,1.0,0.0,0.0,3.0,,,True,True,True,True,False,False
2000033451,2021-06,False,1.0,4.0,4.0,0.0,0.0,3.0,0.0,0.0,,,,3103.4500000000003,3103.4500000000003,1330.05,0.0,0.0,22.0,False,0.75,0.25,0.0,4.0,,,True,True,True,True,False,False
2000033451,2021-07,False,2.0,5.0,6.0,0.0,0.0,3.0,0.0,0.0,,,,3066.46,4396.51,1330.05,0.0,0.0,16.0,False,0.8333333333333334,0.16666666666666666,0.0,6.0,,,True,True,True,True,False,False
2000033451,2021-08,False,4.0,7.0,10.0,2.0,2.0,4.0,0.0,0.0,,,,7766.41,10426.51,3436.16,0.0,0.0,6.0,True,0.8,0.2,0.0,10.0,,,True,True,True,True,False,False
2000033451,2021-09,False,2.0,8.0,12.0,2.0,2.0,4.0,0.0,0.0,,,,9022.48,12125.93,3436.16,0.0,0.0,15.0,True,0.8333333333333334,0.16666666666666666,0.0,12.0,,,True,True,True,True,False,False
2000033451,2021-10,False,1.0,7.0,12.0,2.0,2.0,4.0,0.0,0.0,,,,8172.77,11239.230000000001,3436.16,0.0,0.0,5.0,True,0.8333333333333334,0.16666666666666666,0.0,12.0,,,True,True,True,True,False,False
2000033451,2021-11,False,2.0,5.0,12.0,0.0,2.0,4.0,0.0,0.0,,,,3472.82,11239.23,3436.16,0.0,0.0,6.0,False,0.8333333333333334,0.16666666666666666,0.0,12.0,,,True,True,True,True,False,False
2000033451,2021-12,False,3.0,6.0,14.0,1.0,3.0,4.0,0.0,0.0,,,,2646.27,11668.75,3436.16,1.0,1.0,15.0,True,0.8571428571428571,0.07142857142857142,0.07142857142857142,13.0,,,True,True,True,True,False,False
2000033451,2022-01,False,1.0,6.0,13.0,1.0,3.0,4.0,0.0,0.0,,,,2646.2700000000004,10819.04,3436.16,1.0,1.0,16.0,True,0.7692307692307693,0.15384615384615385,0.07692307692307693,12.0,,,True,True,True,True,False,False
2000033451,2022-02,False,1.0,5.0,10.0,1.0,1.0,4.0,0.0,0.0,,,,1759.5700000000002,5232.39,886.7,1.0,1.0,7.0,True,0.8,0.1,0.1,9.0,,,True,True,True,True,False,False
2000033451,2022-03,False,1.0,3.0,9.0,0.0,1.0,4.0,0.0,0.0,,,,1330.0500000000002,3976.32,886.7,0.0,1.0,20.0,False,0.6666666666666666,0.2222222222222222,0.1111111111111111,8.0,,,True,True,True,True,False,False
2000033451,2022-04,False,1.0,3.0,9.0,0.0,1.0,4.0,0.0,0.0,,,,1293.06,3939.3300000000004,886.7,0.0,1.0,8.0,False,0.6666666666666666,0.2222222222222222,0.1111111111111111,8.0,,,True,True,True,True,False,False
2000033451,2022-06,False,0.0,5.0,8.0,0.0,0.0,3.0,0.0,0.0,,,,12806.329999999998,14136.38,11083.75,0.0,0.0,34.0,False,0.625,0.375,0.0,8.0,,,True,True,True,True,False,False
2000033451,2022-07,False,4.0,8.0,11.0,0.0,0.0,3.0,0.0,0.0,,,,34180.869999999995,35473.93,17734.0,0.0,0.0,17.0,False,0.6363636363636364,0.36363636363636365,0.0,11.0,,,True,True,True,True,False,False
2000033451,2022-08,False,1.0,5.0,11.0,1.0,1.0,4.0,0.0,0.0,,,,24884.350000000002,38134.03,17734.0,0.0,0.0,27.0,True,0.6363636363636364,0.36363636363636365,0.0,11.0,,,True,True,True,True,False,False
2000033451,2022-11,False,0.0,1.0,6.0,0.0,1.0,4.0,0.0,0.0,,,,886.7,25771.050000000003,17734.0,0.0,0.0,62.0,False,0.6666666666666666,0.3333333333333333,0.0,6.0,,,True,True,True,True,False,False
2000033451,2023-04,False,0.0,0.0,1.0,0.0,0.0,2.0,0.0,0.0,,,,0.0,406.36,406.36,0.0,0.0,138.0,False,1.0,0.0,0.0,1.0,,,True,True,True,True,False,False
2000033451,2023-05,False,2.0,2.0,3.0,0.0,0.0,3.0,0.0,0.0,,,,849.71,1256.0700000000002,443.35,0.0,0.0,9.0,False,1.0,0.0,0.0,3.0,,,True,True,True,True,False,False
2000033451,2023-08,False,0.0,2.0,4.0,0.0,0.0,3.0,0.0,0.0,,,,3990.15,4839.860000000001,3546.8,0.0,0.0,75.0,False,1.0,0.0,0.0,4.0,,,True,True,True,True,False,False
2000033451,2023-09,False,2.0,2.0,6.0,0.0,0.0,3.0,0.0,0.0,,,,886.7,5726.56,3546.8,0.0,0.0,20.0,False,1.0,0.0,0.0,6.0,,,True,True,True,True,False,False
2000033451,2023-12,False,0.0,2.0,4.0,0.0,0.0,3.0,0.0,0.0,,,,3103.45,3990.15,2660.1,0.0,0.0,77.0,False,0.75,0.25,0.0,4.0,,,True,True,True,True,False,False
2000033451,2024-03,False,0.0,1.0,3.0,0.0,0.0,3.0,0.0,0.0,,,,406.36,3509.8100000000004,2660.1,0.0,0.0,85.0,False,0.6666666666666666,0.3333333333333333,0.0,3.0,,,True,True,True,True,False,False
2000033451,2024-05,False,0.0,3.0,4.0,0.0,0.0,3.0,0.0,0.0,,,,1330.0500000000002,1736.4100000000008,443.35,0.0,0.0,33.0,False,0.75,0.25,0.0,4.0,,,True,True,True,True,False,False
2000033451,2024-06,False,3.0,6.0,7.0,0.0,0.0,3.0,0.0,0.0,,,,31068.07,31474.43,22764.56,0.0,0.0,16.0,False,0.5714285714285714,0.42857142857142855,0.0,7.0,,,True,True,True,True,False,False
2000033451,2024-07,False,1.0,4.0,7.0,0.0,0.0,3.0,0.0,0.0,,,,30144.38,31474.43,22764.56,0.0,0.0,10.0,False,0.5714285714285714,0.42857142857142855,0.0,7.0,,,True,True,True,True,False,False
2000033451,2024-08,False,1.0,5.0,8.0,0.0,0.0,3.0,0.0,0.0,,,,30488.07,31818.12,22764.56,0.0,0.0,23.0,False,0.625,0.375,0.0,8.0,,,True,True,True,True,False,False
2000033451,2024-09,False,3.0,5.0,11.0,0.0,0.0,3.0,0.0,0.0,,,,2043.11,33111.18,22764.56,0.0,0.0,11.0,False,0.7272727272727273,0.2727272727272727,0.0,11.0,,,True,True,True,True,False,False
2000033451,2024-10,False,4.0,8.0,12.0,0.0,0.0,3.0,0.0,0.0,,,,3259.67,33404.05,22764.56,0.0,0.0,7.0,False,0.75,0.25,0.0,12.0,,,True,True,True,True,False,False
2000033451,2024-12,False,0.0,8.0,13.0,0.0,0.0,3.0,0.0,0.0,,,,3282.83,5325.9400000000005,443.35,0.0,0.0,32.0,False,0.9230769230769231,0.07692307692307693,0.0,13.0,,,True,True,True,True,False,False
2000033451,2025-02,False,0.0,2.0,13.0,0.0,0.0,3.0,0.0,0.0,,,,2031.8000000000002,6607.6900000000005,1625.44,0.0,0.0,40.0,False,0.9230769230769231,0.07692307692307693,0.0,13.0,,,True,True,True,True,False,False
2000033451,2025-03,False,0.0,2.0,10.0,0.0,0.0,3.0,124.0,124.0,0.016129032258064516,0.0,16.385483870967743,2031.8000000000002,5314.630000000001,1625.44,0.0,0.0,68.0,False,0.9,0.1,0.0,10.0,,,False,False,False,False,False,False
2000033451,2025-04,False,2.0,2.0,8.0,0.0,0.0,3.0,220.0,220.0,0.00909090909090909,0.0,3.862318181818182,849.71,4541.42,1625.44,0.0,0.0,20.0,False,1.0,0.0,0.0,8.0,,,False,False,False,False,False,False
2000033451,2025-05,False,1.0,3.0,5.0,0.0,0.0,3.0,220.0,220.0,0.013636363636363636,0.0,3.9202727272727276,862.46,2894.26,1625.44,0.0,0.0,23.0,False,1.0,0.0,0.0,5.0,,,False,False,False,False,False,False
2000033451,2025-06,False,4.0,7.0,9.0,0.0,0.0,3.0,132.0,256.0,0.05303030303030303,0.0,42.43189393939394,5601.009999999999,7632.8099999999995,3436.16,0.0,0.0,4.0,False,0.7777777777777778,0.2222222222222222,0.0,9.0,0.036901270772238516,0.0,False,False,False,False,False,False
2000033451,2025-07,False,5.0,10.0,12.0,0.0,0.0,3.0,36.0,256.0,0.2777777777777778,0.0,263.6069444444444,9489.849999999999,10339.56,3436.16,0.0,0.0,5.0,False,0.6666666666666666,0.3333333333333333,0.0,12.0,0.2686868686868687,0.0,False,False,False,False,False,False
2000033451,2025-08,False,1.0,10.0,13.0,0.0,0.0,3.0,108.0,328.0,0.09259259259259259,0.0,91.72796296296295,9906.619999999999,10769.08,3436.16,0.0,0.0,30.0,False,0.6923076923076923,0.3076923076923077,0.0,13.0,0.07895622895622895,0.0,False,False,False,False,False,False
2000033451,2025-09,False,2.0,8.0,15.0,0.0,0.0,3.0,72.0,204.0,0.1111111111111111,0.0,83.38819444444444,6003.95,11604.96,3436.16,0.0,0.0,17.0,False,0.7333333333333333,0.26666666666666666,0.0,15.0,0.05808080808080807,0.0,False,False,False,False,False,False
2000033451,2025-10,False,1.0,4.0,14.0,0.0,0.0,3.0,172.0,208.0,0.023255813953488372,0.0,9.934593023255815,1708.75,11198.6,3436.16,0.0,0.0,26.0,False,0.7142857142857143,0.2857142857142857,0.0,14.0,-0.25452196382428943,0.0,False,False,False,False,False,False
2000033451,2025-11,False,5.0,8.0,18.0,0.0,0.0,3.0,100.0,208.0,0.08,0.0,43.08700000000001,4308.700000000001,14215.32,3436.16,0.0,0.0,4.0,False,0.7222222222222222,0.2777777777777778,0.0,18.0,-0.012592592592592586,0.0,False,False,False,False,False,False
2000033451,2026-01,False,0.0,7.0,11.0,0.0,0.0,3.0,0.0,172.0,,,,3902.34,5611.09,886.7,0.0,0.0,42.0,False,0.9090909090909091,0.09090909090909091,0.0,11.0,,,True,True,True,True,False,False
2000033462,2023-12,False,0.0,0.0,0.0,0.0,0.0,0.0,0.0,0.0,,,,0.0,0.0,0.0,0.0,0.0,,False,,,,0.0,,,True,True,True,True,True,True
2000033463,2019-04,False,0.0,0.0,0.0,0.0,0.0,0.0,0.0,0.0,,,,0.0,0.0,0.0,0.0,0.0,,False,,,,0.0,,,True,True,True,True,True,True
2000033463,2019-05,False,1.0,1.0,1.0,1.0,1.0,4.0,0.0,0.0,,,,374.45,374.45,374.45,0.0,0.0,14.0,True,0.0,0.0,1.0,0.0,,,True,True,True,True,False,False
2000033463,2019-09,False,0.0,0.0,3.0,0.0,1.0,4.0,0.0,0.0,,,,0.0,2330.32,1581.42,0.0,0.0,101.0,False,0.0,0.0,1.0,0.0,,,True,True,True,True,False,False
2000033463,2019-10,False,1.0,1.0,4.0,0.0,1.0,4.0,0.0,0.0,,,,374.45,2704.77,1581.42,0.0,0.0,22.0,False,0.0,0.0,1.0,0.0,,,True,True,True,True,False,False
2000033463,2019-11,False,1.0,2.0,4.0,0.0,0.0,3.0,0.0,0.0,,,,1955.8700000000001,3911.7400000000007,1581.42,0.0,0.0,2.0,False,0.0,0.0,1.0,0.0,,,True,True,True,True,False,False
2000033463,2020-01,False,0.0,2.0,3.0,0.0,0.0,3.0,0.0,0.0,,,,1955.8700000000001,2330.32,1581.42,0.0,0.0,46.0,False,0.0,0.3333333333333333,0.6666666666666666,1.0,,,True,True,True,True,False,False
2000033463,2021-04,False,0.0,0.0,0.0,0.0,0.0,0.0,0.0,0.0,,,,0.0,0.0,0.0,0.0,0.0,444.0,False,,,,0.0,,,True,True,True,True,False,True
2000033463,2021-06,False,0.0,2.0,2.0,0.0,0.0,3.0,0.0,0.0,,,,3162.84,3162.84,1581.42,0.0,0.0,40.0,False,1.0,0.0,0.0,2.0,,,True,True,True,True,False,False
2000033463,2021-07,False,1.0,3.0,3.0,0.0,0.0,3.0,0.0,0.0,,,,4744.26,4744.26,1581.42,0.0,0.0,10.0,False,1.0,0.0,0.0,3.0,,,True,True,True,True,False,False
2000033463,2021-10,False,0.0,1.0,4.0,1.0,1.0,4.0,0.0,0.0,,,,1581.42,6325.68,1581.42,0.0,0.0,80.0,True,0.75,0.25,0.0,4.0,,,True,True,True,True,False,False
2000033463,2022-01,False,0.0,1.0,2.0,0.0,1.0,4.0,0.0,0.0,,,,374.45,1955.8700000000001,1581.42,0.0,0.0,67.0,False,0.0,1.0,0.0,2.0,,,True,True,True,True,False,False
2000033463,2022-02,False,1.0,1.0,2.0,0.0,0.0,3.0,0.0,0.0,,,,2621.15,2995.6000000000004,2621.15,0.0,0.0,11.0,False,0.5,0.5,0.0,2.0,,,True,True,True,True,False,False
2000033463,2022-04,False,0.0,2.0,3.0,0.0,0.0,3.0,0.0,0.0,,,,7863.45,8237.9,5242.3,0.0,0.0,42.0,False,0.3333333333333333,0.6666666666666666,0.0,3.0,,,True,True,True,True,False,False
2000033463,2022-05,False,3.0,4.0,5.0,1.0,1.0,4.0,0.0,0.0,,,,13938.27,16559.420000000002,6740.1,0.0,0.0,5.0,True,0.4,0.6,0.0,5.0,,,True,True,True,True,False,False
2000033463,2022-11,False,0.0,0.0,1.0,0.0,1.0,4.0,0.0,0.0,,,,0.0,374.45,374.45,0.0,0.0,158.0,False,0.0,1.0,0.0,1.0,,,True,True,True,True,False,False
2000033463,2023-09,False,0.0,0.0,0.0,0.0,0.0,0.0,0.0,0.0,,,,0.0,0.0,0.0,0.0,0.0,302.0,False,,,,0.0,,,True,True,True,True,False,True
2000033463,2024-01,False,0.0,0.0,3.0,0.0,0.0,3.0,0.0,0.0,,,,0.0,4744.26,1581.42,0.0,0.0,98.0,False,0.3333333333333333,0.6666666666666666,0.0,3.0,,,True,True,True,True,False,False
2000033463,2024-04,False,0.0,1.0,1.0,0.0,0.0,3.0,0.0,0.0,,,,374.45,374.45,374.45,0.0,0.0,67.0,False,0.0,1.0,0.0,1.0,,,True,True,True,True,False,False
2000033463,2024-06,False,0.0,1.0,2.0,0.0,0.0,3.0,0.0,0.0,,,,1581.42,1955.8700000000001,1581.42,0.0,0.0,54.0,False,0.0,1.0,0.0,2.0,,,True,True,True,True,False,False
2000033463,2024-09,False,0.0,1.0,2.0,0.0,0.0,3.0,0.0,0.0,,,,1581.42,3162.84,1581.42,0.0,0.0,73.0,False,0.0,1.0,0.0,2.0,,,True,True,True,True,False,False
2000033463,2024-10,False,1.0,1.0,3.0,0.0,0.0,3.0,0.0,0.0,,,,374.45,3537.2900000000004,1581.42,0.0,0.0,25.0,False,0.0,1.0,0.0,3.0,,,True,True,True,True,False,False
2000033463,2024-12,False,0.0,3.0,4.0,0.0,0.0,3.0,0.0,0.0,,,,12731.300000000001,14312.720000000001,11982.4,0.0,0.0,38.0,False,0.25,0.75,0.0,4.0,,,True,True,True,True,False,False
2000033463,2025-01,False,1.0,3.0,4.0,0.0,0.0,3.0,0.0,0.0,,,,12731.300000000001,13105.750000000002,11982.4,0.0,0.0,2.0,False,0.5,0.5,0.0,4.0,,,True,True,True,True,False,False
2000033463,2025-02,False,1.0,2.0,5.0,0.0,0.0,3.0,0.0,0.0,,,,3537.29,16268.59,11982.4,0.0,0.0,17.0,False,0.6,0.4,0.0,5.0,,,True,True,True,True,False,False
2000033463,2025-03,False,2.0,4.0,7.0,0.0,0.0,3.0,0.0,0.0,,,,5493.16,18224.460000000003,11982.4,0.0,0.0,4.0,False,0.42857142857142855,0.5714285714285714,0.0,7.0,,,True,True,True,True,False,False
2000033463,2025-05,False,0.0,3.0,5.0,0.0,0.0,3.0,0.0,0.0,,,,3537.29,7074.58,3162.84,0.0,0.0,35.0,False,0.4,0.6,0.0,5.0,,,True,True,True,True,False,False
2000033463,2025-06,False,4.0,5.0,9.0,0.0,0.0,3.0,0.0,0.0,,,,8492.539999999999,13985.7,3162.84,0.0,0.0,1.0,False,0.6666666666666666,0.3333333333333333,0.0,9.0,,,True,True,True,True,False,False
2000033463,2025-07,False,3.0,7.0,11.0,0.0,0.0,3.0,0.0,0.0,,,,10220.32,16920.449999999997,3162.84,1.0,1.0,25.0,False,0.6363636363636364,0.2727272727272727,0.09090909090909091,10.0,,,True,True,True,True,False,False
2000033464,2019-04,False,0.0,0.0,0.0,0.0,0.0,0.0,0.0,0.0,,,,0.0,0.0,0.0,0.0,0.0,,False,,,,0.0,,,True,True,True,True,True,True
2000033464,2019-05,False,9.0,9.0,9.0,9.0,9.0,4.0,0.0,0.0,,,,14491.1,14491.1,4142.02,0.0,0.0,9.0,True,0.0,0.0,1.0,0.0,,,True,True,True,True,False,False
2000033464,2019-06,False,12.0,21.0,21.0,9.0,9.0,4.0,0.0,0.0,,,,40136.51,40136.51,4843.08,0.0,0.0,8.0,True,0.23809523809523808,0.0,0.7619047619047619,5.0,,,True,True,True,True,False,False
2000033464,2019-07,False,4.0,25.0,25.0,9.0,9.0,4.0,0.0,0.0,,,,44673.65,44673.65,4843.08,0.0,0.0,3.0,True,0.28,0.08,0.64,9.0,,,True,True,True,True,False,False
2000033464,2019-08,False,14.0,30.0,39.0,0.0,9.0,4.0,0.0,0.0,,,,68727.88,83218.98000000001,4843.08,0.0,0.0,3.0,False,0.48717948717948717,0.10256410256410256,0.41025641025641024,23.0,,,True,True,True,True,False,False
2000033464,2019-09,False,7.0,25.0,46.0,2.0,11.0,4.0,0.0,0.0,,,,60751.75,100888.26000000001,4843.08,0.0,0.0,3.0,True,0.5,0.13043478260869565,0.3695652173913043,29.0,,,True,True,True,True,False,False
2000033464,2019-10,False,5.0,26.0,51.0,2.0,11.0,4.0,0.0,0.0,,,,61113.630000000005,105787.28,4843.08,0.0,0.0,19.0,True,0.47058823529411764,0.13725490196078433,0.39215686274509803,31.0,,,True,True,True,True,False,False
2000033464,2019-11,False,5.0,17.0,47.0,2.0,2.0,4.0,0.0,0.0,,,,34257.22,102985.09999999999,4843.08,0.0,0.0,3.0,True,0.5319148936170213,0.2127659574468085,0.2553191489361702,35.0,,,True,True,True,True,False,False
2000033464,2019-12,False,8.0,18.0,43.0,0.0,2.0,4.0,0.0,0.0,,,,28191.64,88943.39000000001,4747.25,0.0,0.0,4.0,False,0.5813953488372093,0.3023255813953488,0.11627906976744186,38.0,,,True,True,True,True,False,False
2000033464,2020-01,False,18.0,31.0,57.0,0.0,2.0,4.0,0.0,0.0,,,,52125.97,113239.6,7943.6,0.0,0.0,9.0,False,0.49122807017543857,0.38596491228070173,0.12280701754385964,50.0,,,True,True,True,True,False,False
2000033464,2020-02,False,12.0,38.0,55.0,0.0,2.0,4.0,0.0,0.0,,,,55247.59000000001,89504.81000000001,7943.6,1.0,1.0,3.0,False,0.41818181818181815,0.41818181818181815,0.16363636363636364,46.0,,,True,True,True,True,False,False
2000033464,2020-03,False,11.0,41.0,59.0,0.0,0.0,3.0,0.0,0.0,,,,61630.020000000004,89821.66,7943.6,2.0,2.0,2.0,False,0.4745762711864407,0.3728813559322034,0.15254237288135594,50.0,,,True,True,True,True,False,False
2000033464,2020-04,False,6.0,29.0,60.0,0.0,0.0,3.0,0.0,0.0,,,,37796.29000000001,89922.26000000001,7943.6,2.0,2.0,12.0,False,0.48333333333333334,0.4166666666666667,0.1,54.0,,,True,True,True,True,False,False
2000033464,2020-05,False,1.0,18.0,56.0,0.0,0.0,3.0,0.0,0.0,,,,26957.550000000003,82205.14000000001,7943.6,1.0,2.0,8.0,False,0.5178571428571429,0.39285714285714285,0.08928571428571429,51.0,,,True,True,True,True,False,False
2000033464,2020-06,False,2.0,9.0,50.0,0.0,0.0,3.0,0.0,0.0,,,,10299.530000000004,71929.55,7943.6,0.0,2.0,10.0,False,0.48,0.38,0.14,43.0,,,True,True,True,True,False,False
2000033464,2020-07,False,19.0,22.0,51.0,0.0,0.0,3.0,0.0,0.0,,,,30071.760000000002,67868.05,4843.08,0.0,2.0,7.0,False,0.6274509803921569,0.27450980392156865,0.09803921568627451,46.0,,,True,True,True,True,False,False
2000033464,2020-08,False,22.0,43.0,61.0,0.0,0.0,3.0,0.0,0.0,,,,64354.11,91311.66,7943.6,0.0,1.0,2.0,False,0.7213114754098361,0.22950819672131148,0.04918032786885246,58.0,,,True,True,True,True,False,False
2000033464,2020-09,False,9.0,50.0,59.0,0.0,0.0,3.0,0.0,0.0,,,,71807.49,82107.01999999999,7943.6,0.0,0.0,4.0,False,0.6779661016949152,0.288135593220339,0.03389830508474576,57.0,,,True,True,True,True,False,False
2000033464,2020-10,False,9.0,40.0,62.0,0.0,0.0,3.0,0.0,0.0,,,,59403.73000000001,89475.48999999999,7943.6,0.0,0.0,1.0,False,0.7419354838709677,0.20967741935483872,0.04838709677419355,59.0,,,True,True,True,True,False,False
2000033464,2020-11,False,19.0,37.0,80.0,1.0,1.0,4.0,0.0,0.0,,,,36227.740000000005,100581.84999999999,7943.6,0.0,0.0,3.0,True,0.7375,0.2125,0.05,76.0,,,True,True,True,True,False,False
2000033464,2020-12,False,6.0,34.0,84.0,1.0,1.0,4.0,0.0,0.0,,,,42897.36000000001,114704.84999999999,7943.6,0.0,0.0,22.0,True,0.7261904761904762,0.23809523809523808,0.03571428571428571,81.0,,,True,True,True,True,False,False
2000033464,2021-01,False,29.0,54.0,94.0,1.0,1.0,4.0,0.0,0.0,,,,95728.73000000001,155132.46,9686.16,1.0,1.0,1.0,True,0.7446808510638298,0.2127659574468085,0.0425531914893617,90.0,,,True,True,True,True,False,False
2000033464,2021-02,False,22.0,57.0,94.0,0.0,1.0,4.0,0.0,0.0,,,,121765.59,157993.33,9686.16,1.0,1.0,2.0,False,0.6808510638297872,0.2765957446808511,0.0425531914893617,90.0,,,True,True,True,True,False,False
2000033464,2021-03,False,19.0,70.0,104.0,0.0,1.0,4.0,0.0,0.0,,,,154207.71,197105.07,9686.16,1.0,1.0,3.0,False,0.7115384615384616,0.2403846153846154,0.04807692307692308,99.0,,,True,True,True,True,False,False
2000033464,2021-04,False,24.0,65.0,119.0,1.0,2.0,4.0,0.0,0.0,,,,137304.84000000003,233033.57,9686.16,2.0,3.0,3.0,True,0.680672268907563,0.24369747899159663,0.07563025210084033,110.0,,,True,True,True,True,False,False
2000033464,2021-05,False,16.0,59.0,116.0,1.0,1.0,4.0,0.0,0.0,,,,132245.31000000003,254010.9,9686.16,2.0,3.0,2.0,True,0.6551724137931034,0.25862068965517243,0.08620689655172414,106.0,,,True,True,True,True,False,False
2000033464,2021-06,False,26.0,66.0,136.0,1.0,1.0,4.0,0.0,0.0,,,,271638.14,425845.85,142984.8,2.0,3.0,4.0,True,0.6544117647058824,0.27941176470588236,0.0661764705882353,127.0,,,True,True,True,True,False,False
2000033464,2021-07,False,10.0,52.0,117.0,1.0,2.0,4.0,0.0,0.0,,,,264430.28,401735.12,142984.8,0.0,2.0,6.0,True,0.6068376068376068,0.3247863247863248,0.06837606837606838,109.0,,,True,True,True,True,False,False
2000033464,2021-08,False,21.0,57.0,116.0,1.0,2.0,4.0,0.0,0.0,,,,270838.13,403083.44,142984.8,0.0,2.0,3.0,True,0.6379310344827587,0.28448275862068967,0.07758620689655173,107.0,,,True,True,True,True,False,False
2000033464,2021-09,False,19.0,50.0,116.0,1.0,2.0,4.0,0.0,0.0,,,,116749.92000000004,388388.05999999994,142984.8,0.0,2.0,1.0,True,0.6379310344827587,0.29310344827586204,0.06896551724137931,108.0,,,True,True,True,True,False,False
2000033464,2021-10,False,19.0,59.0,111.0,0.0,1.0,4.0,0.0,0.0,,,,671850.62,936280.8999999999,285969.6,0.0,0.0,1.0,False,0.6576576576576577,0.3063063063063063,0.036036036036036036,107.0,,,True,True,True,True,False,False
2000033464,2021-11,False,18.0,56.0,113.0,1.0,2.0,4.0,0.0,0.0,,,,1024439.38,1295277.5099999998,285969.6,0.0,0.0,3.0,True,0.6991150442477876,0.2831858407079646,0.017699115044247787,111.0,,,True,True,True,True,False,False
2000033464,2021-12,False,23.0,60.0,110.0,2.0,3.0,4.0,0.0,0.0,,,,1025402.17,1142152.0899999999,285969.6,1.0,1.0,1.0,True,0.7181818181818181,0.2545454545454545,0.02727272727272727,107.0,,,True,True,True,True,False,False
2000033464,2022-01,False,14.0,55.0,114.0,2.0,2.0,4.0,0.0,0.0,,,,457381.32000000007,1129231.94,285969.6,1.0,1.0,4.0,True,0.7192982456140351,0.2543859649122807,0.02631578947368421,111.0,,,True,True,True,True,False,False
2000033464,2022-02,False,8.0,45.0,101.0,1.0,2.0,4.0,0.0,0.0,,,,84090.25000000012,1108529.63,285969.6,1.0,1.0,1.0,True,0.7128712871287128,0.26732673267326734,0.019801980198019802,99.0,,,True,True,True,True,False,False
2000033464,2022-03,False,13.0,35.0,95.0,1.0,3.0,4.0,0.0,0.0,,,,366121.3400000001,1391523.5099999998,285969.6,0.0,1.0,1.0,True,0.7052631578947368,0.2736842105263158,0.021052631578947368,93.0,,,True,True,True,True,False,False
2000033464,2022-04,False,35.0,56.0,111.0,2.0,4.0,4.0,0.0,0.0,,,,523752.82000000007,981134.1399999999,285969.6,0.0,1.0,1.0,True,0.7477477477477478,0.22522522522522523,0.02702702702702703,108.0,,,True,True,True,True,False,False
2000033464,2022-05,False,20.0,68.0,113.0,2.0,3.0,4.0,0.0,0.0,,,,566973.9100000001,651064.16,285969.6,0.0,1.0,2.0,True,0.7433628318584071,0.21238938053097345,0.04424778761061947,108.0,,,True,True,True,True,False,False
2000033464,2022-06,False,14.0,69.0,104.0,3.0,4.0,4.0,0.0,0.0,,,,289704.5100000001,655825.85,285969.6,0.0,0.0,5.0,True,0.7596153846153846,0.20192307692307693,0.038461538461538464,100.0,,,True,True,True,True,False,False
2000033464,2022-07,False,11.0,45.0,101.0,6.0,8.0,4.0,0.0,0.0,,,,139262.70000000013,663015.52,285969.6,0.0,0.0,1.0,True,0.8118811881188119,0.1485148514851485,0.039603960396039604,97.0,,,True,True,True,True,False,False
2000033464,2022-08,False,11.0,36.0,104.0,9.0,11.0,4.0,0.0,0.0,,,,95148.15000000013,662122.0599999999,285969.6,0.0,0.0,10.0,True,0.8269230769230769,0.1346153846153846,0.038461538461538464,100.0,,,True,True,True,True,False,False
2000033464,2022-09,False,6.0,28.0,97.0,7.0,10.0,4.0,0.0,0.0,,,,71841.42000000011,361545.93,72646.2,0.0,0.0,14.0,True,0.8350515463917526,0.12371134020618557,0.041237113402061855,93.0,,,True,True,True,True,False,False
2000033464,2022-10,False,5.0,22.0,67.0,3.0,9.0,4.0,0.0,0.0,,,,51332.08000000012,190594.78,12686.1,0.0,0.0,11.0,True,0.8208955223880597,0.14925373134328357,0.029850746268656716,65.0,,,True,True,True,True,False,False
2000033464,2022-11,False,9.0,20.0,56.0,0.0,9.0,4.0,0.0,0.0,,,,54517.54000000012,149665.69,12686.1,0.0,0.0,6.0,False,0.8214285714285714,0.17857142857142858,0.0,56.0,,,True,True,True,True,False,False
2000033464,2022-12,False,6.0,20.0,48.0,0.0,7.0,4.0,0.0,0.0,,,,59816.58000000012,131658.0,12686.1,0.0,0.0,1.0,False,0.8333333333333334,0.16666666666666666,0.0,48.0,,,True,True,True,True,False,False
2000033464,2023-01,False,12.0,27.0,49.0,0.0,3.0,4.0,0.0,0.0,,,,71376.95000000011,122709.03,7943.6,0.0,0.0,12.0,False,0.7551020408163265,0.22448979591836735,0.02040816326530612,48.0,,,True,True,True,True,False,False
2000033464,2023-02,False,7.0,25.0,45.0,0.0,0.0,3.0,0.0,0.0,,,,72706.86000000012,127224.40000000001,7943.6,0.0,0.0,5.0,False,0.6888888888888889,0.28888888888888886,0.022222222222222223,44.0,,,True,True,True,True,False,False
2000033464,2023-03,False,6.0,25.0,45.0,0.0,0.0,3.0,0.0,0.0,,,,65243.02000000012,125059.6,7943.6,0.0,0.0,7.0,False,0.6444444444444445,0.3111111111111111,0.044444444444444446,43.0,,,True,True,True,True,False,False
2000033464,2023-04,False,5.0,18.0,45.0,0.0,0.0,3.0,0.0,0.0,,,,44955.38000000012,116332.33000000002,7943.6,0.0,0.0,4.0,False,0.6,0.35555555555555557,0.044444444444444446,43.0,,,True,True,True,True,False,False
2000033464,2023-05,False,9.0,20.0,45.0,0.0,0.0,3.0,0.0,0.0,,,,41016.790000000125,113723.65000000002,7943.6,0.0,0.0,4.0,False,0.6,0.35555555555555557,0.044444444444444446,43.0,,,True,True,True,True,False,False
2000033464,2023-06,False,10.0,24.0,49.0,0.0,0.0,3.0,0.0,0.0,,,,67769.15000000013,133012.17,11915.4,0.0,0.0,10.0,False,0.5918367346938775,0.30612244897959184,0.10204081632653061,44.0,,,True,True,True,True,False,False
2000033464,2023-07,False,9.0,28.0,46.0,0.0,0.0,3.0,0.0,0.0,,,,86427.23000000013,131382.61000000002,11915.4,0.0,0.0,2.0,False,0.6086956521739131,0.30434782608695654,0.08695652173913043,42.0,,,True,True,True,True,False,False
2000033464,2023-08,False,11.0,30.0,50.0,0.0,0.0,3.0,0.0,0.0,,,,309072.5100000001,350089.30000000005,222420.8,0.0,0.0,1.0,False,0.66,0.26,0.08,46.0,,,True,True,True,True,False,False
2000033464,2023-09,False,7.0,27.0,51.0,0.0,0.0,3.0,0.0,0.0,,,,294322.95000000007,362092.10000000003,222420.8,0.0,0.0,1.0,False,0.7058823529411765,0.23529411764705882,0.058823529411764705,48.0,,,True,True,True,True,False,False
2000033464,2023-10,False,12.0,30.0,58.0,0.0,0.0,3.0,0.0,0.0,,,,301850.8800000001,388278.11000000004,222420.8,0.0,0.0,2.0,False,0.7241379310344828,0.1896551724137931,0.08620689655172414,53.0,,,True,True,True,True,False,False
2000033464,2023-11,False,12.0,31.0,61.0,0.0,0.0,3.0,0.0,0.0,,,,98540.01000000013,407612.52,222420.8,0.0,0.0,2.0,False,0.7540983606557377,0.16393442622950818,0.08196721311475409,56.0,,,True,True,True,True,False,False
2000033464,2023-12,False,8.0,32.0,59.0,0.0,0.0,3.0,0.0,0.0,,,,94577.86000000012,388900.81,222420.8,0.0,0.0,1.0,False,0.7627118644067796,0.15254237288135594,0.0847457627118644,54.0,,,True,True,True,True,False,False
2000033464,2024-01,False,17.0,37.0,67.0,0.0,0.0,3.0,0.0,0.0,,,,89821.85000000012,391672.73000000004,222420.8,0.0,0.0,5.0,False,0.7910447761194029,0.1044776119402985,0.1044776119402985,60.0,,,True,True,True,True,False,False
2000033464,2024-02,False,18.0,43.0,74.0,0.0,0.0,3.0,0.0,0.0,,,,99264.72000000012,197804.73,7943.6,0.0,0.0,1.0,False,0.8243243243243243,0.08108108108108109,0.0945945945945946,67.0,,,True,True,True,True,False,False
2000033464,2024-03,False,19.0,54.0,86.0,0.0,0.0,3.0,0.0,0.0,,,,122799.00000000012,217376.86000000002,7943.6,0.0,0.0,2.0,False,0.813953488372093,0.08139534883720931,0.10465116279069768,77.0,,,True,True,True,True,False,False
2000033464,2024-04,False,19.0,56.0,93.0,0.0,0.0,3.0,0.0,0.0,,,,148615.46000000014,238437.31,7943.6,0.0,0.0,4.0,False,0.8172043010752689,0.10752688172043011,0.07526881720430108,86.0,,,True,True,True,True,False,False
2000033464,2024-05,False,26.0,64.0,107.0,0.0,0.0,3.0,0.0,0.0,,,,176902.51000000013,276167.23,7943.6,0.0,0.0,5.0,False,0.8130841121495327,0.11214953271028037,0.07476635514018691,99.0,,,True,True,True,True,False,False
2000033464,2024-06,False,16.0,61.0,115.0,0.0,0.0,3.0,0.0,0.0,,,,172432.2400000001,295231.24,7943.6,0.0,0.0,2.0,False,0.8347826086956521,0.11304347826086956,0.05217391304347826,109.0,,,True,True,True,True,False,False
2000033464,2024-07,False,16.0,58.0,114.0,0.0,0.0,3.0,0.0,0.0,,,,168525.40000000014,317140.86,7943.6,0.0,0.0,10.0,False,0.8508771929824561,0.11403508771929824,0.03508771929824561,110.0,,,True,True,True,True,False,False
2000033464,2024-08,False,24.0,56.0,120.0,0.0,0.0,3.0,0.0,0.0,,,,253990.19000000012,430892.69999999995,101010.0,0.0,0.0,1.0,False,0.8416666666666667,0.125,0.03333333333333333,116.0,,,True,True,True,True,False,False
2000033464,2024-09,False,21.0,61.0,122.0,0.0,0.0,3.0,0.0,0.0,,,,302851.09000000014,475283.33,101010.0,0.0,0.0,5.0,False,0.8770491803278688,0.10655737704918032,0.01639344262295082,120.0,,,True,True,True,True,False,False
2000033464,2024-10,False,13.0,58.0,116.0,0.0,0.0,3.0,0.0,0.0,,,,279157.8000000001,447683.2,101010.0,0.0,0.0,2.0,False,0.896551724137931,0.08620689655172414,0.017241379310344827,114.0,,,True,True,True,True,False,False
2000033464,2024-11,False,28.0,62.0,118.0,0.0,0.0,3.0,0.0,0.0,,,,433835.3400000001,687825.53,101010.0,0.0,0.0,1.0,False,0.9152542372881356,0.07627118644067797,0.00847457627118644,117.0,,,True,True,True,True,False,False
2000033464,2024-12,False,13.0,54.0,115.0,0.0,0.0,3.0,0.0,0.0,,,,436463.4300000001,739314.5199999999,101010.0,0.0,0.0,6.0,False,0.9043478260869565,0.09565217391304348,0.0,115.0,,,True,True,True,True,False,False
2000033464,2025-01,False,17.0,58.0,116.0,0.0,0.0,3.0,0.0,0.0,,,,445584.20000000007,724742.0,101010.0,0.0,0.0,5.0,False,0.9051724137931034,0.09482758620689655,0.0,116.0,,,True,True,True,True,False,False
2000033464,2025-02,False,23.0,53.0,115.0,0.0,0.0,3.0,0.0,0.0,,,,188773.39000000007,622608.73,63548.8,0.0,0.0,2.0,False,0.9217391304347826,0.0782608695652174,0.0,115.0,,,True,True,True,True,False,False
2000033464,2025-03,False,15.0,55.0,109.0,0.0,0.0,3.0,32.0,32.0,1.71875,0.0,4163.075312500002,133218.41000000006,569681.84,63548.8,0.0,0.0,8.0,False,0.8990825688073395,0.10091743119266056,0.0,109.0,,,False,False,False,False,False,False
2000033464,2025-04,False,15.0,53.0,111.0,0.0,0.0,3.0,21368.0,21368.0,0.0024803444402845378,0.0,6.40972435417447,136962.99000000008,582547.1900000001,63548.8,0.0,0.0,1.0,False,0.8828828828828829,0.11711711711711711,0.0,111.0,,,False,False,False,False,False,False
2000033464,2025-05,False,9.0,39.0,92.0,0.0,0.0,3.0,21573.0,21573.0,0.001807815324711445,0.0,4.226521577898302,91178.75000000006,279952.14,23830.8,0.0,0.0,9.0,False,0.8478260869565217,0.15217391304347827,0.0,92.0,,,False,False,False,False,False,False
2000033464,2025-06,False,17.0,41.0,96.0,0.0,0.0,3.0,21972.0,22004.0,0.0018660112870926633,0.0,4.46032495903878,98002.26000000007,231220.66999999998,12304.62,0.0,0.0,3.0,False,0.8541666666666666,0.14583333333333334,0.0,96.0,-1.7168839887129073,0.0,False,False,False,False,False,False
2000033464,2025-07,False,16.0,42.0,95.0,0.0,0.0,3.0,1230.0,22598.0,0.03414634146341464,0.0,77.76691056910575,95653.30000000006,232616.29,12304.62,0.0,0.0,4.0,False,0.8631578947368421,0.1368421052631579,0.0,95.0,0.031665997023130096,0.0,False,False,False,False,False,False
2000033464,2025-08,False,11.0,44.0,83.0,0.0,0.0,3.0,1572.0,23145.0,0.027989821882951654,0.0,70.23831424936391,110414.63000000006,201593.38,12304.62,0.0,0.0,1.0,False,0.8313253012048193,0.1686746987951807,0.0,83.0,0.026182006558240208,0.0,False,False,False,False,False,False
2000033464,2025-09,False,9.0,36.0,77.0,0.0,0.0,3.0,1321.0,23293.0,0.02725208175624527,0.0,65.38033308099928,86367.42000000006,184369.68,12304.62,0.0,0.0,6.0,False,0.8181818181818182,0.18181818181818182,0.0,77.0,0.025386070469152606,0.0,False,False,False,False,False,False
2000033464,2025-10,False,7.0,27.0,69.0,0.0,0.0,3.0,838.0,2068.0,0.032219570405727926,0.0,83.61323389021487,70067.89000000006,165721.19,12304.62,0.0,0.0,2.0,False,0.855072463768116,0.14492753623188406,0.0,69.0,-0.0019267710576867103,0.0,False,False,False,False,False,False
2000033464,2025-11,False,14.0,30.0,74.0,0.0,0.0,3.0,2401.0,3973.0,0.012494793835901708,0.0,27.847830070803855,66862.64000000006,177277.27,12304.62,0.0,0.0,3.0,False,0.8648648648648649,0.13513513513513514,0.0,74.0,-0.015495028047049947,0.0,False,False,False,False,False,False
2000033464,2025-12,False,4.0,25.0,61.0,0.0,0.0,3.0,2226.0,3547.0,0.011230907457322551,0.0,28.8841374663073,64296.090000000055,150663.51,10951.0,0.0,0.0,12.0,False,0.8852459016393442,0.11475409836065574,0.0,61.0,-0.01602117429892272,0.0,False,False,False,False,False,False
2000033464,2026-01,False,9.0,27.0,54.0,0.0,0.0,3.0,2115.0,2953.0,0.01276595744680851,0.0,36.775659574468115,77780.52000000006,147848.41,10951.0,0.0,0.0,10.0,False,0.8333333333333334,0.16666666666666666,0.0,54.0,-0.019453612958919418,0.0,False,False,False,False,False,False
2000033464,2026-02,False,6.0,19.0,49.0,0.0,0.0,3.0,9.0,2410.0,2.111111111111111,0.0,6594.968888888896,59354.72000000007,126217.36000000002,7790.52,0.0,0.0,4.0,False,0.8367346938775511,0.16326530612244897,0.0,49.0,2.0986163172752095,0.0,False,False,False,False,False,False
2000033467,2019-11,False,0.0,0.0,0.0,0.0,0.0,0.0,0.0,0.0,,,,0.0,0.0,0.0,0.0,0.0,,False,,,,0.0,,,True,True,True,True,True,True
2000033467,2022-06,False,0.0,0.0,0.0,0.0,0.0,0.0,0.0,0.0,,,,0.0,0.0,0.0,0.0,0.0,932.0,False,,,,0.0,,,True,True,True,True,False,True
2000033467,2022-07,False,2.0,2.0,2.0,0.0,0.0,3.0,0.0,0.0,,,,0.02,0.02,0.01,0.0,0.0,17.0,False,0.0,1.0,0.0,2.0,,,True,True,True,True,False,False
2000033467,2025-02,False,0.0,0.0,0.0,0.0,0.0,0.0,0.0,0.0,,,,0.0,0.0,0.0,0.0,0.0,933.0,False,,,,0.0,,,True,True,True,True,False,True
2000033467,2025-03,False,1.0,1.0,1.0,0.0,0.0,3.0,0.0,0.0,,,,36.19,36.19,36.19,0.0,0.0,4.0,False,1.0,0.0,0.0,1.0,,,True,True,True,True,False,False
2000033467,2025-04,False,0.0,1.0,1.0,0.0,0.0,3.0,0.0,0.0,,,,36.19,36.19,36.19,0.0,0.0,35.0,False,1.0,0.0,0.0,1.0,,,True,True,True,True,False,False
2000033467,2025-07,False,0.0,0.0,1.0,0.0,0.0,3.0,12.0,12.0,0.0,0.0,0.0,0.0,36.19,36.19,0.0,0.0,126.0,False,1.0,0.0,0.0,1.0,,,False,False,False,False,False,False
2000033474,2020-04,False,0.0,0.0,0.0,0.0,0.0,0.0,0.0,0.0,,,,0.0,0.0,0.0,0.0,0.0,,False,,,,0.0,,,True,True,True,True,True,True
2000033474,2020-06,False,0.0,5.0,5.0,0.0,0.0,3.0,0.0,0.0,,,,19138.96,19138.96,7152.81,0.0,0.0,40.0,False,1.0,0.0,0.0,5.0,,,True,True,True,True,False,False
2000033474,2020-08,False,0.0,3.0,8.0,0.0,0.0,3.0,0.0,0.0,,,,685.24,19824.2,7152.81,0.0,0.0,40.0,False,1.0,0.0,0.0,8.0,,,True,True,True,True,False,False
2000033474,2020-10,False,0.0,3.0,11.0,0.0,0.0,3.0,0.0,0.0,,,,71920.5,91744.7,47422.32,0.0,0.0,38.0,False,1.0,0.0,0.0,11.0,,,True,True,True,True,False,False
2000033474,2020-11,False,1.0,4.0,7.0,1.0,1.0,4.0,0.0,0.0,,,,80250.5,80935.73999999999,47422.32,0.0,0.0,18.0,True,1.0,0.0,0.0,7.0,,,True,True,True,True,False,False
2000033474,2020-12,False,1.0,2.0,8.0,2.0,2.0,4.0,0.0,0.0,,,,12308.09,84913.82999999999,47422.32,0.0,0.0,1.0,True,1.0,0.0,0.0,8.0,,,True,True,True,True,False,False
2000033474,2021-07,False,0.0,0.0,0.0,0.0,0.0,0.0,0.0,0.0,,,,0.0,0.0,0.0,0.0,0.0,184.0,False,,,,0.0,,,True,True,True,True,False,True
2000033474,2021-12,False,0.0,0.0,1.0,0.0,0.0,3.0,0.0,0.0,,,,0.0,406.93,406.93,0.0,0.0,127.0,False,1.0,0.0,0.0,1.0,,,True,True,True,True,False,False
2000033474,2022-02,False,0.0,5.0,5.0,1.0,1.0,4.0,0.0,0.0,,,,10993.04,10993.04,4539.06,0.0,0.0,47.0,True,0.6,0.4,0.0,5.0,,,True,True,True,True,False,False
2000033474,2022-04,False,0.0,1.0,6.0,0.0,1.0,4.0,0.0,0.0,,,,142.43,11135.470000000001,4539.06,0.0,0.0,45.0,False,0.6666666666666666,0.3333333333333333,0.0,6.0,,,True,True,True,True,False,False
2000033474,2022-05,False,1.0,2.0,7.0,0.0,1.0,4.0,0.0,0.0,,,,4120.52,15113.560000000001,4539.06,0.0,0.0,27.0,False,0.7142857142857143,0.2857142857142857,0.0,7.0,,,True,True,True,True,False,False
2000033474,2022-07,False,0.0,2.0,3.0,0.0,0.0,3.0,0.0,0.0,,,,7929.950000000001,8072.38,3978.09,0.0,0.0,50.0,False,0.6666666666666666,0.3333333333333333,0.0,3.0,,,True,True,True,True,False,False
2000033474,2022-08,False,3.0,4.0,6.0,1.0,1.0,4.0,0.0,0.0,,,,12166.670000000002,16287.190000000002,3978.09,0.0,0.0,6.0,True,0.6666666666666666,0.16666666666666666,0.16666666666666666,5.0,,,True,True,True,True,False,False
2000033474,2022-11,False,0.0,4.0,8.0,0.0,1.0,4.0,0.0,0.0,,,,5093.66,17260.33,3978.09,0.0,0.0,64.0,False,0.625,0.125,0.25,6.0,,,True,True,True,True,False,False
2000033474,2023-02,False,0.0,2.0,6.0,0.0,0.0,3.0,0.0,0.0,,,,2663.9700000000003,7757.63,2434.19,0.0,0.0,77.0,False,0.6666666666666666,0.16666666666666666,0.16666666666666666,5.0,,,True,True,True,True,False,False
2000033474,2023-04,False,0.0,1.0,3.0,0.0,0.0,3.0,0.0,0.0,,,,203.65,2867.6200000000003,2434.19,0.0,0.0,53.0,False,0.3333333333333333,0.6666666666666666,0.0,3.0,,,True,True,True,True,False,False
2000033474,2023-05,False,3.0,4.0,6.0,0.0,0.0,3.0,0.0,0.0,,,,23781.090000000004,26445.06,18156.24,0.0,0.0,4.0,False,0.5,0.5,0.0,6.0,,,True,True,True,True,False,False
2000033474,2023-07,False,0.0,4.0,5.0,0.0,0.0,3.0,0.0,0.0,,,,37410.67,37614.32,18156.24,0.0,0.0,57.0,False,0.4,0.6,0.0,5.0,,,True,True,True,True,False,False
2000033474,2023-08,False,1.0,2.0,6.0,0.0,0.0,3.0,0.0,0.0,,,,23370.309999999998,47151.4,18156.24,0.0,0.0,6.0,False,0.5,0.5,0.0,6.0,,,True,True,True,True,False,False
2000033474,2023-09,False,4.0,5.0,9.0,0.0,0.0,3.0,0.0,0.0,,,,72127.14,109537.81,29210.28,0.0,0.0,10.0,False,0.5555555555555556,0.4444444444444444,0.0,9.0,,,True,True,True,True,False,False
2000033474,2023-10,False,1.0,6.0,10.0,0.0,0.0,3.0,0.0,0.0,,,,72127.44,109538.11,29210.28,0.0,0.0,16.0,False,0.5,0.5,0.0,10.0,,,True,True,True,True,False,False
2000033474,2023-11,False,1.0,6.0,8.0,0.0,0.0,3.0,0.0,0.0,,,,67458.73999999999,90829.04999999999,29210.28,0.0,0.0,13.0,False,0.5,0.5,0.0,8.0,,,True,True,True,True,False,False
2000033474,2024-03,False,0.0,0.0,3.0,0.0,0.0,3.0,0.0,0.0,,,,0.0,5060.650000000001,4868.38,0.0,0.0,106.0,False,0.3333333333333333,0.6666666666666666,0.0,3.0,,,True,True,True,True,False,False
2000033474,2024-04,False,3.0,3.0,5.0,0.0,0.0,3.0,0.0,0.0,,,,7202.73,12263.08,4868.38,0.0,0.0,17.0,False,0.8,0.2,0.0,5.0,,,True,True,True,True,False,False
2000033474,2024-06,False,0.0,13.0,13.0,0.0,0.0,3.0,0.0,0.0,,,,77933.56,77933.56,15807.44,0.0,0.0,36.0,False,0.9230769230769231,0.07692307692307693,0.0,13.0,,,True,True,True,True,False,False
2000033474,2024-07,False,2.0,12.0,15.0,0.0,0.0,3.0,0.0,0.0,,,,102424.4,109627.13,19759.3,0.0,0.0,18.0,False,0.8,0.2,0.0,15.0,,,True,True,True,True,False,False
2000033474,2024-08,False,2.0,4.0,17.0,0.0,0.0,3.0,0.0,0.0,,,,38105.85,116039.41,19759.3,0.0,0.0,13.0,False,0.8235294117647058,0.17647058823529413,0.0,17.0,,,True,True,True,True,False,False
2000033474,2024-09,False,1.0,5.0,18.0,0.0,0.0,3.0,0.0,0.0,,,,38309.5,116243.06,19759.3,0.0,0.0,23.0,False,0.7777777777777778,0.2222222222222222,0.0,18.0,,,True,True,True,True,False,False
2000033474,2024-10,False,11.0,14.0,26.0,0.0,0.0,3.0,0.0,0.0,,,,903658.0700000001,1006082.47,505838.08,0.0,0.0,4.0,False,0.8461538461538461,0.15384615384615385,0.0,26.0,,,True,True,True,True,False,False
2000033474,2024-11,False,23.0,35.0,39.0,0.0,0.0,3.0,0.0,0.0,,,,1131042.77,1169148.62,505838.08,0.0,0.0,1.0,False,0.8461538461538461,0.15384615384615385,0.0,39.0,,,True,True,True,True,False,False
2000033474,2024-12,False,10.0,44.0,49.0,0.0,0.0,3.0,0.0,0.0,,,,1189184.12,1227493.62,505838.08,0.0,0.0,10.0,False,0.8367346938775511,0.16326530612244897,0.0,49.0,,,True,True,True,True,False,False
2000033474,2025-01,False,11.0,44.0,58.0,0.0,0.0,3.0,0.0,0.0,,,,449432.74,1353090.81,505838.08,0.0,0.0,14.0,False,0.8793103448275862,0.1206896551724138,0.0,58.0,,,True,True,True,True,False,False
2000033474,2025-02,False,13.0,34.0,69.0,0.0,0.0,3.0,0.0,0.0,,,,403213.68000000005,1534256.45,505838.08,0.0,0.0,2.0,False,0.8115942028985508,0.18840579710144928,0.0,69.0,,,True,True,True,True,False,False
2000033474,2025-03,False,3.0,27.0,71.0,0.0,0.0,3.0,0.0,0.0,,,,372862.92000000004,1562047.04,505838.08,0.0,0.0,15.0,False,0.8309859154929577,0.16901408450704225,0.0,71.0,,,True,True,True,True,False,False
2000033474,2025-04,False,3.0,19.0,63.0,0.0,0.0,3.0,100.0,100.0,0.19,0.0,2223.3303,222333.03000000003,671765.77,63288.94,0.0,0.0,1.0,False,0.7936507936507936,0.20634920634920634,0.0,63.0,,,False,False,False,False,False,False
2000033474,2025-05,False,4.0,10.0,44.0,0.0,0.0,3.0,11044.0,11044.0,0.0009054690329590728,0.0,4.659883194494748,51463.75,454677.43000000005,63288.94,0.0,0.0,1.0,False,0.75,0.25,0.0,44.0,,,False,False,False,False,False,False
2000033474,2025-06,False,6.0,13.0,40.0,0.0,0.0,3.0,11100.0,11100.0,0.0011711711711711711,0.0,4.229133333333333,46943.380000000005,419806.30000000005,63288.94,0.0,0.0,3.0,False,0.725,0.275,0.0,40.0,,,False,False,False,False,False,False
2000033474,2025-07,False,2.0,12.0,31.0,0.0,0.0,3.0,11107.0,11207.0,0.0010803997479067254,0.0,4.125920590618529,45826.6,268159.63000000006,63288.94,0.0,0.0,15.0,False,0.6774193548387096,0.3225806451612903,0.0,31.0,-0.18891960025209328,0.0,False,False,False,False,False,False
2000033474,2025-08,False,3.0,11.0,21.0,0.0,0.0,3.0,3293.0,14337.0,0.0033404190707561495,0.0,10.130756149407835,33360.58,84824.33,14305.62,0.0,0.0,1.0,False,0.7619047619047619,0.23809523809523808,0.0,21.0,0.0024349500377970766,0.0,False,False,False,False,False,False
2000033474,2025-09,False,2.0,7.0,20.0,0.0,0.0,3.0,3240.0,14340.0,0.0021604938271604936,0.0,4.623944444444445,14981.58,61924.96,12170.95,0.0,0.0,18.0,False,0.7,0.3,0.0,20.0,0.0009893226559893225,0.0,False,False,False,False,False,False
2000033474,2025-10,False,6.0,11.0,23.0,0.0,0.0,3.0,3843.0,14950.0,0.0028623471246422066,0.0,11.971660161332291,46007.09,91833.69,14605.14,0.0,0.0,6.0,False,0.6521739130434783,0.34782608695652173,0.0,23.0,0.0017819473767354812,0.0,False,False,False,False,False,False
2000033474,2025-11,False,4.0,12.0,23.0,0.0,0.0,3.0,713.0,4006.0,0.016830294530154277,0.0,65.75314165497895,46881.98999999999,80242.57,14605.14,0.0,0.0,5.0,False,0.6956521739130435,0.30434782608695654,0.0,23.0,0.013489875459398127,0.0,False,False,False,False,False,False
2000033474,2025-12,False,4.0,14.0,21.0,0.0,0.0,3.0,730.0,3970.0,0.019178082191780823,0.0,77.04452054794521,56242.5,71224.08,14605.14,0.0,0.0,11.0,False,0.7619047619047619,0.23809523809523808,0.0,21.0,0.01701758836462033,0.0,False,False,False,False,False,False
2000033474,2026-01,False,2.0,10.0,21.0,0.0,0.0,3.0,20.0,3863.0,0.5,0.0,1296.7630000000001,25935.260000000002,71942.35,14605.14,0.0,0.0,21.0,False,0.7619047619047619,0.23809523809523808,0.0,21.0,0.49713765287535777,0.0,False,False,False,False,False,False
2000033474,2026-02,False,2.0,8.0,20.0,0.0,0.0,3.0,120.0,833.0,0.06666666666666667,0.0,213.21900000000002,25586.280000000002,72468.26999999999,14605.14,0.0,0.0,12.0,False,0.8,0.2,0.0,20.0,0.04983637213651239,0.0,False,False,False,False,False,False
2000033475,2022-03,False,0.0,0.0,0.0,0.0,0.0,0.0,0.0,0.0,,,,0.0,0.0,0.0,0.0,0.0,,False,,,,0.0,,,True,True,True,True,True,True
2000033475,2022-10,False,0.0,0.0,0.0,0.0,0.0,0.0,0.0,0.0,,,,0.0,0.0,0.0,0.0,0.0,187.0,False,,,,0.0,,,True,True,True,True,False,True
2000033475,2022-12,False,0.0,1.0,1.0,0.0,0.0,3.0,0.0,0.0,,,,18219.22,18219.22,18219.22,0.0,0.0,51.0,False,1.0,0.0,0.0,1.0,,,True,True,True,True,False,False
2000033475,2023-01,False,1.0,2.0,2.0,0.0,0.0,3.0,0.0,0.0,,,,36438.44,36438.44,18219.22,0.0,0.0,5.0,False,1.0,0.0,0.0,2.0,,,True,True,True,True,False,False
2000033475,2023-03,False,0.0,2.0,3.0,0.0,0.0,3.0,0.0,0.0,,,,18219.800000000003,36439.020000000004,18219.22,0.0,0.0,42.0,False,1.0,0.0,0.0,3.0,,,True,True,True,True,False,False
2000033475,2023-08,False,0.0,0.0,1.0,0.0,0.0,3.0,0.0,0.0,,,,0.0,18219.22,18219.22,0.0,0.0,132.0,False,0.0,1.0,0.0,1.0,,,True,True,True,True,False,False
2000033475,2023-10,False,0.0,1.0,1.0,0.0,0.0,3.0,0.0,0.0,,,,18219.22,18219.22,18219.22,0.0,0.0,38.0,False,1.0,0.0,0.0,1.0,,,True,True,True,True,False,False
2000033475,2023-12,False,0.0,3.0,4.0,0.0,0.0,3.0,0.0,0.0,,,,72876.88,91096.1,36438.44,0.0,0.0,32.0,False,0.5,0.5,0.0,4.0,,,True,True,True,True,False,False
2000033475,2024-01,False,2.0,5.0,6.0,0.0,0.0,3.0,0.0,0.0,,,,109315.32,127534.54000000001,36438.44,0.0,0.0,19.0,False,0.6666666666666666,0.3333333333333333,0.0,6.0,,,True,True,True,True,False,False
2000033475,2024-02,False,2.0,4.0,8.0,0.0,0.0,3.0,0.0,0.0,,,,72876.88,163972.98,36438.44,0.0,0.0,9.0,False,0.625,0.375,0.0,8.0,,,True,True,True,True,False,False
2000033475,2024-03,False,1.0,5.0,8.0,0.0,0.0,3.0,0.0,0.0,,,,91096.1,163972.98,36438.44,0.0,0.0,25.0,False,0.625,0.375,0.0,8.0,,,True,True,True,True,False,False
2000033475,2024-05,False,0.0,3.0,7.0,0.0,0.0,3.0,0.0,0.0,,,,54657.66,127534.54000000001,18219.22,0.0,0.0,43.0,False,0.8571428571428571,0.14285714285714285,0.0,7.0,,,True,True,True,True,False,False
2000033475,2024-06,False,3.0,5.0,10.0,0.0,0.0,3.0,0.0,0.0,,,,91096.1,182192.2,18219.22,0.0,0.0,23.0,False,0.9,0.1,0.0,10.0,,,True,True,True,True,False,False
2000033475,2024-08,False,0.0,5.0,8.0,0.0,0.0,3.0,0.0,0.0,,,,163972.98,218630.64,91096.1,0.0,0.0,36.0,False,0.875,0.125,0.0,8.0,,,True,True,True,True,False,False
2000033475,2024-09,False,2.0,4.0,9.0,0.0,0.0,3.0,0.0,0.0,,,,127702.28000000001,218798.38,91096.1,0.0,0.0,23.0,False,0.6666666666666666,0.3333333333333333,0.0,9.0,,,True,True,True,True,False,False
2000033475,2024-11,False,0.0,4.0,9.0,2.0,2.0,4.0,0.0,0.0,,,,36606.18000000001,200579.16,91096.1,0.0,0.0,57.0,True,0.6666666666666666,0.3333333333333333,0.0,9.0,,,True,True,True,True,False,False
2000033475,2025-01,False,0.0,1.0,5.0,0.0,2.0,4.0,0.0,0.0,,,,18219.22,54825.40000000001,18219.22,0.0,0.0,44.0,False,0.6,0.4,0.0,5.0,,,True,True,True,True,False,False
2000033475,2025-02,False,11.0,12.0,16.0,0.0,2.0,4.0,0.0,0.0,,,,218630.64,255236.82,18219.22,0.0,0.0,1.0,False,0.3125,0.6875,0.0,16.0,,,True,True,True,True,False,False
2000033475,2025-03,False,1.0,12.0,15.0,0.0,2.0,4.0,0.0,0.0,,,,218630.64,255069.08000000005,18219.22,0.0,0.0,13.0,False,0.4,0.6,0.0,15.0,,,True,True,True,True,False,False
2000033475,2025-04,False,5.0,17.0,18.0,0.0,0.0,3.0,47.0,47.0,0.3617021276595745,0.0,7752.859574468085,364384.4,382603.62000000005,36438.44,0.0,0.0,8.0,False,0.3888888888888889,0.5555555555555556,0.05555555555555555,17.0,,,False,False,False,False,False,False
2000033475,2025-05,False,1.0,7.0,19.0,0.0,0.0,3.0,60.0,60.0,0.11666666666666667,0.0,3643.844,218630.64,437261.28,54657.66,0.0,0.0,29.0,False,0.42105263157894735,0.5263157894736842,0.05263157894736842,18.0,,,False,False,False,False,False,False
2000033475,2025-06,False,0.0,6.0,18.0,0.0,0.0,3.0,96.0,96.0,0.0625,0.0,2087.6189583333335,200411.42,419042.06000000006,54657.66,0.0,0.0,60.0,False,0.3888888888888889,0.5555555555555556,0.05555555555555555,17.0,,,False,False,False,False,False,False
2000033475,2025-07,False,0.0,1.0,18.0,0.0,0.0,3.0,363.0,410.0,0.0027548209366391185,0.0,150.57206611570248,54657.66,419042.06000000006,54657.66,0.0,0.0,90.0,False,0.3888888888888889,0.5555555555555556,0.05555555555555555,17.0,-0.3589473067229354,0.0,False,False,False,False,False,False
2000033475,2025-09,False,0.0,0.0,6.0,0.0,0.0,3.0,584.0,680.0,0.0,0.0,0.0,0.0,200411.42000000004,54657.66,0.0,0.0,152.0,False,0.6666666666666666,0.16666666666666666,0.16666666666666666,5.0,-0.0625,0.0,False,False,False,False,False,False
2000033475,2025-11,False,0.0,1.0,1.0,0.0,0.0,3.0,4.0,624.0,0.25,0.0,4554.805,18219.22,18219.22000000003,18219.22,0.0,0.0,54.0,False,1.0,0.0,0.0,1.0,0.25,0.0,False,False,False,False,False,False
2000033475,2025-12,False,3.0,4.0,4.0,0.0,0.0,3.0,4.0,588.0,1.0,0.0,18219.22,72876.88,72876.88000000003,18219.22,0.0,0.0,17.0,False,0.75,0.25,0.0,4.0,1.0,0.0,False,False,False,False,False,False
2000033475,2026-02,False,0.0,4.0,5.0,0.0,0.0,3.0,0.0,4.0,,,,72876.88,91096.10000000003,18219.22,0.0,0.0,47.0,False,0.8,0.2,0.0,5.0,,,True,True,True,True,False,False
2000033479,2019-11,False,0.0,0.0,0.0,0.0,0.0,0.0,0.0,0.0,,,,0.0,0.0,0.0,0.0,0.0,,False,,,,0.0,,,True,True,True,True,True,True
2000033479,2019-12,False,1.0,1.0,1.0,0.0,0.0,3.0,0.0,0.0,,,,777.44,777.44,777.44,0.0,0.0,19.0,False,1.0,0.0,0.0,1.0,,,True,True,True,True,False,False
2000033479,2020-02,False,0.0,3.0,3.0,0.0,0.0,3.0,0.0,0.0,,,,2158.12,2158.12,777.44,0.0,0.0,32.0,False,0.6666666666666666,0.0,0.3333333333333333,2.0,,,True,True,True,True,False,False
2000033479,2020-06,False,0.0,0.0,4.0,0.0,0.0,3.0,0.0,0.0,,,,0.0,6903.4,3109.76,0.0,0.0,98.0,False,0.25,0.5,0.25,3.0,,,True,True,True,True,False,False
2000033479,2020-09,False,0.0,1.0,1.0,0.0,0.0,3.0,0.0,0.0,,,,777.44,777.44,777.44,0.0,0.0,91.0,False,0.0,1.0,0.0,1.0,,,True,True,True,True,False,False
2000033479,2021-01,False,0.0,0.0,1.0,0.0,0.0,3.0,0.0,0.0,,,,0.0,2412.96,2412.96,0.0,0.0,94.0,False,0.0,0.0,1.0,0.0,,,True,True,True,True,False,False
2000033479,2021-03,False,0.0,1.0,2.0,0.0,0.0,3.0,0.0,0.0,,,,1554.88,3967.84,2412.96,0.0,0.0,35.0,False,0.0,0.5,0.5,1.0,,,True,True,True,True,False,False
2000033479,2021-04,False,1.0,2.0,2.0,0.0,0.0,3.0,0.0,0.0,,,,3967.84,3967.84,2412.96,0.0,0.0,6.0,False,0.0,1.0,0.0,2.0,,,True,True,True,True,False,False
2000033479,2021-07,False,0.0,1.0,3.0,0.0,0.0,3.0,0.0,0.0,,,,0.08,3967.92,2412.96,0.0,0.0,87.0,False,0.3333333333333333,0.6666666666666666,0.0,3.0,,,True,True,True,True,False,False
2000033479,2021-10,False,0.0,1.0,2.0,0.0,0.0,3.0,0.0,0.0,,,,2412.96,2413.04,2412.96,0.0,0.0,85.0,False,1.0,0.0,0.0,2.0,,,True,True,True,True,False,False
2000033479,2022-03,False,0.0,0.0,2.0,0.0,0.0,3.0,0.0,0.0,,,,0.0,834.3100000000001,777.44,0.0,0.0,127.0,False,0.5,0.5,0.0,2.0,,,True,True,True,True,False,False
2000033479,2023-06,False,0.0,0.0,0.0,0.0,0.0,0.0,0.0,0.0,,,,0.0,0.0,0.0,0.0,0.0,429.0,False,,,,0.0,,,True,True,True,True,False,True
2000033479,2024-05,False,0.0,0.0,0.0,0.0,0.0,0.0,0.0,0.0,,,,0.0,0.0,0.0,0.0,0.0,328.0,False,,,,0.0,,,True,True,True,True,False,True
2000033479,2024-06,False,1.0,1.0,1.0,0.0,0.0,3.0,0.0,0.0,,,,287.05,287.05,287.05,0.0,0.0,30.0,False,0.0,1.0,0.0,1.0,,,True,True,True,True,False,False
2000033479,2025-02,False,0.0,0.0,0.0,0.0,0.0,0.0,0.0,0.0,,,,0.0,0.0,0.0,0.0,0.0,220.0,False,,,,0.0,,,True,True,True,True,False,True
2000033479,2025-03,False,0.0,0.0,0.0,0.0,0.0,0.0,290.0,290.0,0.0,0.0,0.0,0.0,0.0,0.0,0.0,0.0,248.0,False,,,,0.0,,,False,False,False,False,False,True
2000033479,2025-05,False,0.0,0.0,0.0,0.0,0.0,0.0,418.0,418.0,0.0,0.0,0.0,0.0,0.0,0.0,0.0,0.0,309.0,False,,,,0.0,,,False,False,False,False,False,True
2000033479,2025-06,False,0.0,0.0,0.0,0.0,0.0,0.0,288.0,578.0,0.0,0.0,0.0,0.0,0.0,0.0,0.0,0.0,340.0,False,,,,0.0,0.0,0.0,False,False,False,False,False,True
2000033479,2025-07,False,0.0,0.0,0.0,0.0,0.0,0.0,480.0,898.0,0.0,0.0,0.0,0.0,0.0,0.0,0.0,0.0,370.0,False,,,,0.0,0.0,0.0,False,False,False,False,False,True
2000033479,2025-09,False,0.0,0.0,0.0,0.0,0.0,0.0,488.0,776.0,0.0,0.0,0.0,0.0,0.0,0.0,0.0,0.0,432.0,False,,,,0.0,0.0,0.0,False,False,False,False,False,True
2000033479,2025-12,False,0.0,0.0,0.0,0.0,0.0,0.0,136.0,624.0,0.0,0.0,0.0,0.0,0.0,0.0,0.0,0.0,523.0,False,,,,0.0,0.0,0.0,False,False,False,False,False,True
2000033479,2026-01,False,0.0,0.0,0.0,0.0,0.0,0.0,207.0,511.0,0.0,0.0,0.0,0.0,0.0,0.0,0.0,0.0,554.0,False,,,,0.0,0.0,0.0,False,False,False,False,False,True
2000033484,2020-01,False,0.0,0.0,0.0,0.0,0.0,0.0,0.0,0.0,,,,0.0,0.0,0.0,0.0,0.0,,False,,,,0.0,,,True,True,True,True,True,True
2000033484,2021-09,False,0.0,0.0,0.0,0.0,0.0,0.0,0.0,0.0,,,,0.0,0.0,0.0,0.0,0.0,583.0,False,,,,0.0,,,True,True,True,True,False,True
2000033484,2022-05,False,0.0,0.0,0.0,0.0,0.0,0.0,0.0,0.0,,,,0.0,0.0,0.0,0.0,0.0,228.0,False,,,,0.0,,,True,True,True,True,False,True
2000033484,2022-10,False,0.0,0.0,1.0,0.0,0.0,3.0,0.0,0.0,,,,0.0,0.01,0.01,0.0,0.0,123.0,False,1.0,0.0,0.0,1.0,,,True,True,True,True,False,False
2000033484,2023-11,False,0.0,0.0,0.0,0.0,0.0,0.0,0.0,0.0,,,,0.0,0.0,0.0,0.0,0.0,386.0,False,,,,0.0,,,True,True,True,True,False,True
2000033484,2025-05,False,0.0,0.0,0.0,0.0,0.0,0.0,0.0,0.0,,,,0.0,0.0,0.0,0.0,0.0,531.0,False,,,,0.0,,,True,True,True,True,False,True
2000033485,2020-06,False,0.0,0.0,0.0,0.0,0.0,0.0,0.0,0.0,,,,0.0,0.0,0.0,0.0,0.0,,False,,,,0.0,,,True,True,True,True,True,True
2000033485,2021-05,False,0.0,0.0,0.0,0.0,0.0,0.0,0.0,0.0,,,,0.0,0.0,0.0,0.0,0.0,306.0,False,,,,0.0,,,True,True,True,True,False,True
2000033485,2025-05,False,0.0,0.0,0.0,0.0,0.0,0.0,0.0,0.0,,,,0.0,0.0,0.0,0.0,0.0,1444.0,False,,,,0.0,,,True,True,True,True,False,True
2000033485,2025-08,False,0.0,0.0,0.0,0.0,0.0,0.0,1226.0,1226.0,0.0,0.0,0.0,0.0,0.0,0.0,0.0,0.0,1536.0,False,,,,0.0,,,False,False,False,False,False,True
2000033486,2019-04,False,0.0,0.0,0.0,0.0,0.0,0.0,0.0,0.0,,,,0.0,0.0,0.0,0.0,0.0,,False,,,,0.0,,,True,True,True,True,True,True
2000033486,2019-05,False,4.0,4.0,4.0,4.0,4.0,4.0,0.0,0.0,,,,28890.47,28890.47,20800.0,0.0,0.0,9.0,True,0.25,0.75,0.0,4.0,,,True,True,True,True,False,False
2000033486,2019-06,False,4.0,8.0,8.0,4.0,4.0,4.0,0.0,0.0,,,,54693.05,54693.05,20800.0,0.0,0.0,3.0,True,0.5,0.375,0.125,7.0,,,True,True,True,True,False,False
2000033486,2019-07,False,7.0,15.0,15.0,4.0,4.0,4.0,0.0,0.0,,,,113261.9,113261.9,20800.0,0.0,0.0,5.0,True,0.6666666666666666,0.26666666666666666,0.06666666666666667,14.0,,,True,True,True,True,False,False
2000033486,2019-08,False,4.0,15.0,19.0,0.0,4.0,4.0,0.0,0.0,,,,139718.5,168608.97,25967.1,0.0,0.0,8.0,False,0.7368421052631579,0.21052631578947367,0.05263157894736842,18.0,,,True,True,True,True,False,False
2000033486,2019-09,False,29.0,40.0,48.0,1.0,5.0,4.0,0.0,0.0,,,,1051952.51,1106645.56,480391.35,0.0,0.0,2.0,True,0.6458333333333334,0.3125,0.041666666666666664,46.0,,,True,True,True,True,False,False
2000033486,2019-10,False,14.0,47.0,62.0,1.0,5.0,4.0,0.0,0.0,,,,1322866.44,1436128.3399999999,480391.35,0.0,0.0,1.0,True,0.5806451612903226,0.3870967741935484,0.03225806451612903,60.0,,,True,True,True,True,False,False
2000033486,2019-11,False,11.0,54.0,69.0,1.0,1.0,4.0,0.0,0.0,,,,1946806.23,2086524.73,480391.35,0.0,0.0,1.0,True,0.5362318840579711,0.43478260869565216,0.028985507246376812,67.0,,,True,True,True,True,False,False
2000033486,2019-12,False,16.0,41.0,81.0,0.0,1.0,4.0,0.0,0.0,,,,1580087.3399999999,2632039.8499999996,480391.35,0.0,0.0,9.0,False,0.5432098765432098,0.38271604938271603,0.07407407407407407,75.0,,,True,True,True,True,False,False
2000033486,2020-01,False,12.0,39.0,86.0,0.0,1.0,4.0,0.0,0.0,,,,1435763.8299999998,2758630.2699999996,480391.35,0.0,0.0,4.0,False,0.5232558139534884,0.38372093023255816,0.09302325581395349,78.0,,,True,True,True,True,False,False
2000033486,2020-02,False,13.0,41.0,95.0,0.0,1.0,4.0,0.0,0.0,,,,1062418.0100000002,3009224.24,480391.35,0.0,0.0,1.0,False,0.5473684210526316,0.3684210526315789,0.08421052631578947,87.0,,,True,True,True,True,False,False
2000033486,2020-03,False,8.0,33.0,74.0,0.0,0.0,3.0,0.0,0.0,,,,609509.5800000002,2189596.92,329037.72,0.0,0.0,2.0,False,0.5540540540540541,0.35135135135135137,0.0945945945945946,67.0,,,True,True,True,True,False,False
2000033486,2020-04,False,5.0,26.0,65.0,0.0,0.0,3.0,0.0,0.0,,,,512319.42000000016,1948083.25,329037.72,0.0,0.0,13.0,False,0.6307692307692307,0.26153846153846155,0.1076923076923077,58.0,,,True,True,True,True,False,False
2000033486,2020-06,False,0.0,6.0,39.0,0.0,0.0,3.0,0.0,0.0,,,,113936.21000000011,723445.79,82259.43,0.0,0.0,52.0,False,0.7692307692307693,0.1794871794871795,0.05128205128205128,37.0,,,True,True,True,True,False,False
2000033486,2020-07,False,8.0,9.0,35.0,0.0,0.0,3.0,0.0,0.0,,,,123192.36000000012,635511.78,82259.43,0.0,0.0,9.0,False,0.8,0.2,0.0,35.0,,,True,True,True,True,False,False
2000033486,2020-08,False,15.0,23.0,37.0,0.0,0.0,3.0,0.0,0.0,,,,627847.1800000002,860192.66,105369.1,0.0,0.0,2.0,False,0.6216216216216216,0.24324324324324326,0.13513513513513514,32.0,,,True,True,True,True,False,False
2000033486,2020-09,False,5.0,28.0,34.0,0.0,0.0,3.0,0.0,0.0,,,,710285.3700000001,824221.5800000001,105369.1,0.0,0.0,3.0,False,0.5882352941176471,0.2647058823529412,0.14705882352941177,29.0,,,True,True,True,True,False,False
2000033486,2020-10,False,8.0,28.0,37.0,0.0,0.0,3.0,0.0,0.0,,,,771982.7400000002,895175.1000000001,105369.1,0.0,0.0,3.0,False,0.5675675675675675,0.2972972972972973,0.13513513513513514,32.0,,,True,True,True,True,False,False
2000033486,2020-11,False,25.0,38.0,61.0,0.0,0.0,3.0,0.0,0.0,,,,959285.0400000002,1587132.2200000002,164518.86,0.0,0.0,2.0,False,0.6721311475409836,0.21311475409836064,0.11475409836065574,54.0,,,True,True,True,True,False,False
2000033486,2020-12,False,12.0,45.0,73.0,1.0,1.0,4.0,0.0,0.0,,,,1030106.6900000001,1740392.06,164518.86,0.0,0.0,1.0,True,0.6438356164383562,0.2328767123287671,0.1232876712328767,64.0,,,True,True,True,True,False,False
2000033486,2021-01,False,18.0,55.0,83.0,2.0,2.0,4.0,0.0,0.0,,,,1135618.12,1907600.86,164518.86,0.0,0.0,3.0,True,0.6746987951807228,0.20481927710843373,0.12048192771084337,73.0,,,True,True,True,True,False,False
2000033486,2021-02,False,23.0,53.0,91.0,2.0,2.0,4.0,0.0,0.0,,,,8038092.28,8997377.32,4109394.9,2.0,2.0,2.0,True,0.6923076923076923,0.21978021978021978,0.08791208791208792,83.0,,,True,True,True,True,False,False
2000033486,2021-03,False,21.0,62.0,107.0,1.0,2.0,4.0,0.0,0.0,,,,8073329.99,9103436.68,4109394.9,2.0,2.0,3.0,True,0.6915887850467289,0.2336448598130841,0.07476635514018691,99.0,,,True,True,True,True,False,False
2000033486,2021-04,False,22.0,66.0,121.0,2.0,4.0,4.0,0.0,0.0,,,,8063560.649999999,9199178.77,4109394.9,2.0,2.0,2.0,True,0.6694214876033058,0.2644628099173554,0.06611570247933884,113.0,,,True,True,True,True,False,False
2000033486,2021-05,False,14.0,57.0,110.0,2.0,4.0,4.0,0.0,0.0,,,,966240.26,9004332.540000001,4109394.9,0.0,2.0,2.0,True,0.6454545454545455,0.3,0.05454545454545454,104.0,,,True,True,True,True,False,False
2000033486,2021-06,False,9.0,45.0,107.0,2.0,3.0,4.0,0.0,0.0,,,,1063687.85,9137017.84,4109394.9,0.0,2.0,5.0,True,0.6542056074766355,0.308411214953271,0.037383177570093455,103.0,,,True,True,True,True,False,False
2000033486,2021-07,False,9.0,32.0,98.0,1.0,3.0,4.0,0.0,0.0,,,,993251.29,9056811.94,4109394.9,0.0,2.0,10.0,True,0.6020408163265306,0.3673469387755102,0.030612244897959183,95.0,,,True,True,True,True,False,False
2000033486,2021-08,False,28.0,46.0,103.0,1.0,3.0,4.0,0.0,0.0,,,,932121.04,1898361.3,105369.1,0.0,0.0,2.0,True,0.6213592233009708,0.36893203883495146,0.009708737864077669,102.0,,,True,True,True,True,False,False
2000033486,2021-09,False,11.0,48.0,93.0,1.0,3.0,4.0,0.0,0.0,,,,886016.8500000001,1949704.7,105369.1,0.0,0.0,2.0,True,0.6129032258064516,0.3763440860215054,0.010752688172043012,92.0,,,True,True,True,True,False,False
2000033486,2021-10,False,19.0,58.0,90.0,0.0,1.0,4.0,0.0,0.0,,,,4507032.81,5500284.1,3328000.0,0.0,0.0,1.0,False,0.6444444444444445,0.3333333333333333,0.022222222222222223,88.0,,,True,True,True,True,False,False
2000033486,2021-11,False,15.0,45.0,91.0,0.0,1.0,4.0,0.0,0.0,,,,4252793.55,5184914.59,3328000.0,1.0,1.0,5.0,False,0.6373626373626373,0.32967032967032966,0.03296703296703297,88.0,,,True,True,True,True,False,False
2000033486,2021-12,False,16.0,50.0,98.0,0.0,1.0,4.0,0.0,0.0,,,,4504703.069999999,5390719.92,3328000.0,1.0,1.0,1.0,False,0.6530612244897959,0.3163265306122449,0.030612244897959183,95.0,,,True,True,True,True,False,False
2000033486,2022-01,False,6.0,37.0,95.0,0.0,0.0,3.0,0.0,0.0,,,,945495.1499999999,5452527.96,3328000.0,1.0,1.0,16.0,False,0.6736842105263158,0.28421052631578947,0.042105263157894736,91.0,,,True,True,True,True,False,False
2000033486,2022-02,False,20.0,42.0,87.0,0.0,0.0,3.0,0.0,0.0,,,,1590736.97,5843530.52,3328000.0,0.0,1.0,4.0,False,0.5977011494252874,0.3448275862068966,0.05747126436781609,82.0,,,True,True,True,True,False,False
2000033486,2022-03,False,17.0,43.0,93.0,1.0,1.0,4.0,0.0,0.0,,,,1758707.05,6263410.119999999,3328000.0,1.0,2.0,1.0,True,0.5913978494623656,0.3333333333333333,0.07526881720430108,86.0,,,True,True,True,True,False,False
2000033486,2022-04,False,24.0,61.0,98.0,1.0,1.0,4.0,0.0,0.0,,,,2576309.88,3521805.0300000003,83200.0,1.0,2.0,1.0,True,0.5714285714285714,0.3469387755102041,0.08163265306122448,90.0,,,True,True,True,True,False,False
2000033486,2022-05,False,18.0,59.0,101.0,1.0,1.0,4.0,0.0,0.0,,,,2543258.42,4133995.39,105369.1,2.0,2.0,3.0,True,0.5148514851485149,0.40594059405940597,0.07920792079207921,93.0,,,True,True,True,True,False,False
2000033486,2022-06,False,27.0,69.0,112.0,2.0,3.0,4.0,0.0,0.0,,,,3212803.41,4971510.46,164518.86,1.0,2.0,5.0,True,0.4375,0.4732142857142857,0.08928571428571429,102.0,,,True,True,True,True,False,False
2000033486,2022-07,False,22.0,67.0,128.0,3.0,4.0,4.0,0.0,0.0,,,,2956051.6099999994,5532361.49,164518.86,1.0,2.0,2.0,True,0.4453125,0.4765625,0.078125,118.0,,,True,True,True,True,False,False
2000033486,2022-08,False,10.0,59.0,118.0,3.0,4.0,4.0,0.0,0.0,,,,2483096.9299999997,5026355.35,164518.86,0.0,2.0,12.0,True,0.4745762711864407,0.4576271186440678,0.06779661016949153,110.0,,,True,True,True,True,False,False
2000033486,2022-09,False,13.0,45.0,114.0,1.0,3.0,4.0,0.0,0.0,,,,1537483.4299999997,4750286.84,164518.86,0.0,1.0,1.0,True,0.45614035087719296,0.4824561403508772,0.06140350877192982,107.0,,,True,True,True,True,False,False
2000033486,2022-10,False,11.0,34.0,101.0,0.0,3.0,4.0,0.0,0.0,,,,1044259.9499999997,4000311.56,164518.86,0.0,1.0,4.0,False,0.45544554455445546,0.49504950495049505,0.04950495049504951,96.0,,,True,True,True,True,False,False
2000033486,2022-11,False,5.0,29.0,88.0,0.0,3.0,4.0,0.0,0.0,,,,945202.0799999997,3428299.0100000002,164518.86,0.0,0.0,4.0,False,0.4772727272727273,0.4772727272727273,0.045454545454545456,84.0,,,True,True,True,True,False,False
2000033486,2023-01,False,0.0,14.0,48.0,0.0,0.0,3.0,0.0,0.0,,,,601141.6999999997,1645401.65,83200.0,0.0,0.0,33.0,False,0.625,0.3541666666666667,0.020833333333333332,47.0,,,True,True,True,True,False,False
2000033486,2023-02,False,2.0,11.0,40.0,0.0,0.0,3.0,0.0,0.0,,,,373846.7399999998,1319048.8199999998,83200.0,0.0,0.0,1.0,False,0.675,0.3,0.025,39.0,,,True,True,True,True,False,False
2000033486,2023-03,False,8.0,10.0,35.0,0.0,0.0,3.0,0.0,0.0,,,,171911.0899999998,1086716.54,83200.0,0.0,0.0,5.0,False,0.6857142857142857,0.3142857142857143,0.0,35.0,,,True,True,True,True,False,False
2000033486,2023-04,False,9.0,19.0,33.0,0.0,0.0,3.0,0.0,0.0,,,,337305.32999999984,938447.0300000001,83200.0,0.0,0.0,1.0,False,0.6666666666666666,0.30303030303030304,0.030303030303030304,32.0,,,True,True,True,True,False,False
2000033486,2023-05,False,9.0,26.0,37.0,0.0,0.0,3.0,0.0,0.0,,,,433695.81999999983,807542.56,83200.0,0.0,0.0,5.0,False,0.7297297297297297,0.24324324324324326,0.02702702702702703,36.0,,,True,True,True,True,False,False
2000033486,2023-06,False,4.0,22.0,32.0,0.0,0.0,3.0,0.0,0.0,,,,316760.4899999998,488671.5800000001,52684.55,0.0,0.0,2.0,False,0.6875,0.25,0.0625,30.0,,,True,True,True,True,False,False
2000033486,2023-07,False,21.0,34.0,53.0,0.0,0.0,3.0,0.0,0.0,,,,1022217.3899999998,1359522.7200000002,252000.0,0.0,0.0,2.0,False,0.5471698113207547,0.41509433962264153,0.03773584905660377,51.0,,,True,True,True,True,False,False
2000033486,2023-08,False,9.0,34.0,60.0,0.0,0.0,3.0,0.0,0.0,,,,1215179.6099999999,1648875.4300000002,252000.0,0.0,0.0,6.0,False,0.5333333333333333,0.43333333333333335,0.03333333333333333,58.0,,,True,True,True,True,False,False
2000033486,2023-09,False,11.0,41.0,63.0,0.0,0.0,3.0,0.0,0.0,,,,1551619.0299999998,1868379.52,252000.0,0.0,0.0,3.0,False,0.5873015873015873,0.38095238095238093,0.031746031746031744,61.0,,,True,True,True,True,False,False
2000033486,2023-10,False,16.0,36.0,70.0,0.0,0.0,3.0,0.0,0.0,,,,1232095.6399999997,2254313.0300000003,252000.0,0.0,0.0,3.0,False,0.6142857142857143,0.35714285714285715,0.02857142857142857,68.0,,,True,True,True,True,False,False
2000033486,2023-11,False,19.0,46.0,80.0,0.0,0.0,3.0,0.0,0.0,,,,1232840.8399999999,2448020.45,252000.0,0.0,0.0,6.0,False,0.625,0.3375,0.0375,77.0,,,True,True,True,True,False,False
2000033486,2023-12,False,16.0,51.0,92.0,0.0,0.0,3.0,0.0,0.0,,,,1153523.3399999999,2705142.37,252000.0,0.0,0.0,2.0,False,0.6521739130434783,0.31521739130434784,0.03260869565217391,89.0,,,True,True,True,True,False,False
2000033486,2024-01,False,9.0,44.0,80.0,0.0,0.0,3.0,0.0,0.0,,,,689403.1899999997,1921498.8299999998,83200.0,0.0,0.0,11.0,False,0.7375,0.225,0.0375,77.0,,,True,True,True,True,False,False
2000033486,2024-02,False,17.0,42.0,88.0,0.0,0.0,3.0,0.0,0.0,,,,628301.8999999998,1861142.74,90884.85,0.0,0.0,1.0,False,0.7386363636363636,0.22727272727272727,0.03409090909090909,85.0,,,True,True,True,True,False,False
2000033486,2024-03,False,15.0,41.0,92.0,0.0,0.0,3.0,0.0,0.0,,,,675943.3399999997,1829466.68,90884.85,0.0,0.0,1.0,False,0.7391304347826086,0.1956521739130435,0.06521739130434782,86.0,,,True,True,True,True,False,False
2000033486,2024-04,False,17.0,49.0,93.0,0.0,0.0,3.0,0.0,0.0,,,,986220.6499999998,1675623.8399999999,105369.1,0.0,0.0,6.0,False,0.6666666666666666,0.25806451612903225,0.07526881720430108,86.0,,,True,True,True,True,False,False
2000033486,2024-05,False,24.0,56.0,98.0,0.0,0.0,3.0,0.0,0.0,,,,1237874.1299999997,1866176.03,105369.1,0.0,0.0,5.0,False,0.6530612244897959,0.2653061224489796,0.08163265306122448,90.0,,,True,True,True,True,False,False
2000033486,2024-06,False,16.0,57.0,98.0,0.0,0.0,3.0,0.0,0.0,,,,1467459.7599999998,2143403.1,105369.1,0.0,0.0,1.0,False,0.6224489795918368,0.30612244897959184,0.07142857142857142,91.0,,,True,True,True,True,False,False
2000033486,2024-07,False,12.0,52.0,101.0,0.0,0.0,3.0,0.0,0.0,,,,1387068.1799999997,2373288.83,105369.1,0.0,0.0,4.0,False,0.6237623762376238,0.3069306930693069,0.06930693069306931,94.0,,,True,True,True,True,False,False
2000033486,2024-08,False,34.0,62.0,118.0,0.0,0.0,3.0,0.0,0.0,,,,1511797.17,2749671.3,105369.1,1.0,1.0,1.0,False,0.6271186440677966,0.2966101694915254,0.07627118644067797,109.0,,,True,True,True,True,False,False
2000033486,2024-09,False,29.0,75.0,132.0,0.0,0.0,3.0,0.0,0.0,,,,1813796.1099999999,3281255.8699999996,105369.1,2.0,2.0,2.0,False,0.6590909090909091,0.2803030303030303,0.06060606060606061,124.0,,,True,True,True,True,False,False
2000033486,2024-10,False,23.0,86.0,138.0,0.0,0.0,3.0,0.0,0.0,,,,2452412.79,3839480.97,395200.0,2.0,2.0,1.0,False,0.7318840579710145,0.2246376811594203,0.043478260869565216,132.0,,,True,True,True,True,False,False
2000033486,2024-11,False,33.0,85.0,147.0,0.0,0.0,3.0,0.0,0.0,,,,2930969.41,4442766.58,395200.0,1.0,2.0,2.0,False,0.7346938775510204,0.23809523809523808,0.027210884353741496,143.0,,,True,True,True,True,False,False
2000033486,2024-12,False,10.0,66.0,141.0,0.0,0.0,3.0,0.0,0.0,,,,2557260.1300000004,4371056.24,395200.0,0.0,2.0,9.0,False,0.75177304964539,0.2127659574468085,0.03546099290780142,136.0,,,True,True,True,True,False,False
2000033486,2025-01,False,30.0,73.0,159.0,0.0,0.0,3.0,0.0,0.0,,,,2475690.23,4928103.02,395200.0,0.0,2.0,6.0,False,0.7610062893081762,0.20754716981132076,0.031446540880503145,154.0,,,True,True,True,True,False,False
2000033486,2025-02,False,43.0,83.0,168.0,1.0,1.0,4.0,0.0,0.0,,,,2709795.86,5640765.27,395200.0,0.0,1.0,1.0,True,0.7261904761904762,0.23809523809523808,0.03571428571428571,162.0,,,True,True,True,True,False,False
2000033486,2025-03,False,24.0,97.0,163.0,1.0,1.0,4.0,5373.0,5373.0,0.01805322910850549,0.00018611576400521124,592.2304150381536,3182054.0199999996,5739314.149999999,395200.0,0.0,0.0,1.0,True,0.7055214723926381,0.26380368098159507,0.03067484662576687,158.0,,,False,False,False,False,False,False
2000033486,2025-04,False,31.0,98.0,171.0,1.0,1.0,4.0,15055.0,15055.0,0.006509465293922285,6.642311524410495e-05,225.985111258718,3402205.8499999996,5877896.08,210738.2,0.0,0.0,4.0,True,0.6783625730994152,0.29239766081871343,0.029239766081871343,166.0,,,False,False,False,False,False,False
2000033486,2025-05,False,31.0,86.0,169.0,0.0,1.0,4.0,32968.0,32968.0,0.0026085901480223245,0.0,99.97914583838875,3296112.48,6005908.34,210738.2,0.0,0.0,1.0,False,0.6627218934911243,0.3076923076923077,0.029585798816568046,164.0,,,False,False,False,False,False,False
2000033486,2025-06,False,21.0,83.0,180.0,0.0,1.0,4.0,34171.0,39544.0,0.0024289602294343157,0.0,86.11794562640837,2942736.3200000003,6124790.34,210738.2,0.0,0.0,1.0,False,0.6722222222222223,0.3,0.027777777777777776,175.0,-0.015624268879071174,-0.00018611576400521124,False,False,False,False,False,False
2000033486,2025-07,False,18.0,70.0,168.0,0.0,1.0,4.0,32930.0,47985.0,0.0021257212268448226,0.0,74.40304676586699,2450092.33,5852298.180000001,105369.1,0.0,0.0,4.0,False,0.6726190476190477,0.2976190476190476,0.02976190476190476,163.0,-0.004383744067077462,-6.642311524410495e-05,False,False,False,False,False,False
2000033486,2025-08,False,18.0,57.0,143.0,0.0,0.0,3.0,19967.0,52935.0,0.002854710271948715,0.0,92.8867686683027,1854670.1099999999,5150782.59,105369.1,0.0,0.0,1.0,False,0.7202797202797203,0.26573426573426573,0.013986013986013986,141.0,0.0002461201239263907,0.0,False,False,False,False,False,False
2000033486,2025-09,False,25.0,61.0,144.0,0.0,0.0,3.0,14544.0,48715.0,0.004194169416941694,0.0,121.41064631463146,1765796.44,4708532.76,105369.1,0.0,0.0,4.0,False,0.6805555555555556,0.3055555555555556,0.013888888888888888,142.0,0.0017652091875073783,0.0,False,False,False,False,False,False
2000033486,2025-10,False,28.0,71.0,141.0,0.0,0.0,3.0,13449.0,46379.0,0.005279202914714848,0.0,128.4354301435051,1727328.1,4177420.4299999997,105369.1,0.0,0.0,4.0,False,0.6382978723404256,0.3475177304964539,0.014184397163120567,139.0,0.0031534816878700258,0.0,False,False,False,False,False,False
2000033486,2025-11,False,20.0,73.0,130.0,0.0,0.0,3.0,8693.0,28660.0,0.008397561256183135,0.0,239.40323133555734,2081132.29,3935802.4,123442.6,0.0,0.0,10.0,False,0.6384615384615384,0.34615384615384615,0.015384615384615385,128.0,0.00554285098423442,0.0,False,False,False,False,False,False
2000033486,2025-12,False,18.0,66.0,127.0,0.0,0.0,3.0,13918.0,28462.0,0.0047420606408966805,0.0,164.63945969248456,2291452.0,4057248.44,164518.86,0.0,0.0,14.0,False,0.6299212598425197,0.36220472440944884,0.007874015748031496,126.0,0.0005478912239549865,0.0,False,False,False,False,False,False
2000033486,2026-01,False,26.0,64.0,135.0,0.0,0.0,3.0,14190.0,27639.0,0.004510218463706836,0.0,159.1882762508809,2258881.64,3986209.74,164518.86,0.0,0.0,9.0,False,0.5777777777777777,0.4148148148148148,0.007407407407407408,134.0,-0.0007689844510080125,0.0,False,False,False,False,False,False
2000033486,2026-02,False,22.0,66.0,139.0,0.0,0.0,3.0,13997.0,22690.0,0.004715296134886047,0.0,119.04353004215189,1666252.29,3747384.58,164518.86,0.0,0.0,2.0,False,0.5755395683453237,0.4172661870503597,0.007194244604316547,138.0,-0.0036822651212970884,0.0,False,False,False,False,False,False
2000033499,2020-08,False,0.0,0.0,0.0,0.0,0.0,0.0,0.0,0.0,,,,0.0,0.0,0.0,0.0,0.0,,False,,,,0.0,,,True,True,True,True,True,True
2000033499,2021-02,False,0.0,0.0,1.0,0.0,0.0,3.0,0.0,0.0,,,,0.0,157.38,157.38,0.0,0.0,184.0,False,1.0,0.0,0.0,1.0,,,True,True,True,True,False,False
2000033499,2021-07,False,0.0,0.0,1.0,0.0,0.0,3.0,0.0,0.0,,,,0.0,157.38,157.38,0.0,0.0,142.0,False,1.0,0.0,0.0,1.0,,,True,True,True,True,False,False
2000033499,2022-04,False,0.0,0.0,0.0,0.0,0.0,0.0,0.0,0.0,,,,0.0,0.0,0.0,0.0,0.0,266.0,False,,,,0.0,,,True,True,True,True,False,True
2000033499,2023-01,False,0.0,0.0,0.0,0.0,0.0,0.0,0.0,0.0,,,,0.0,0.0,0.0,0.0,0.0,272.0,False,,,,0.0,,,True,True,True,True,False,True
2000033502,2019-05,False,0.0,0.0,0.0,0.0,0.0,0.0,0.0,0.0,,,,0.0,0.0,0.0,0.0,0.0,,False,,,,0.0,,,True,True,True,True,True,True
2000033502,2019-07,False,0.0,2.0,2.0,0.0,0.0,3.0,0.0,0.0,,,,82521.3,82521.3,61721.3,0.0,0.0,52.0,False,0.0,0.0,1.0,0.0,,,True,True,True,True,False,False
2000033502,2019-10,False,0.0,1.0,3.0,0.0,0.0,3.0,0.0,0.0,,,,20800.0,103321.3,61721.3,0.0,0.0,69.0,False,0.3333333333333333,0.0,0.6666666666666666,1.0,,,True,True,True,True,False,False
2000033502,2020-01,False,0.0,2.0,3.0,0.0,0.0,3.0,0.0,0.0,,,,61721.3,82521.3,30860.65,0.0,0.0,68.0,False,0.6666666666666666,0.3333333333333333,0.0,3.0,,,True,True,True,True,False,False
2000033502,2020-02,False,10.0,10.0,12.0,0.0,0.0,3.0,0.0,0.0,,,,1049262.1,1110983.4000000001,123442.6,0.0,0.0,11.0,False,0.9166666666666666,0.08333333333333333,0.0,12.0,,,True,True,True,True,False,False
2000033502,2020-03,False,3.0,13.0,15.0,0.0,0.0,3.0,0.0,0.0,,,,1141844.05,1203565.35,123442.6,0.0,0.0,10.0,False,0.9333333333333333,0.06666666666666667,0.0,15.0,,,True,True,True,True,False,False
2000033502,2020-06,False,0.0,1.0,14.0,0.0,0.0,3.0,0.0,0.0,,,,0.0,1141844.05,123442.6,0.0,0.0,89.0,False,1.0,0.0,0.0,14.0,,,True,True,True,True,False,False
2000033502,2020-07,False,1.0,1.0,15.0,0.0,0.0,3.0,0.0,0.0,,,,30860.65,1172704.7000000002,123442.6,0.0,0.0,4.0,False,1.0,0.0,0.0,15.0,,,True,True,True,True,False,False
2000033502,2020-09,False,0.0,2.0,3.0,0.0,0.0,2.0,0.0,0.0,,,,61721.3,61721.3,30860.65,0.0,0.0,57.0,False,1.0,0.0,0.0,3.0,,,True,True,True,True,False,False
2000033502,2020-12,False,0.0,3.0,5.0,0.0,0.0,3.0,0.0,0.0,,,,185163.90000000002,246885.2,61721.3,0.0,0.0,71.0,False,1.0,0.0,0.0,5.0,,,True,True,True,True,False,False
2000033502,2021-01,False,2.0,2.0,6.0,1.0,1.0,4.0,0.0,0.0,,,,92581.95000000001,308606.5,61721.3,0.0,0.0,29.0,True,1.0,0.0,0.0,6.0,,,True,True,True,True,False,False
2000033502,2021-03,False,0.0,3.0,6.0,1.0,1.0,4.0,0.0,0.0,,,,154303.25,339467.15,61721.3,0.0,0.0,48.0,True,0.8333333333333334,0.16666666666666666,0.0,6.0,,,True,True,True,True,False,False
2000033502,2021-12,False,0.0,0.0,0.0,0.0,0.0,0.0,0.0,0.0,,,,0.0,0.0,0.0,0.0,0.0,259.0,False,,,,0.0,,,True,True,True,True,False,True
2000033502,2022-01,False,1.0,1.0,1.0,0.0,0.0,3.0,0.0,0.0,,,,30860.65,30860.649999999972,30860.65,0.0,0.0,17.0,False,0.0,1.0,0.0,1.0,,,True,True,True,True,False,False
2000033502,2022-03,False,0.0,3.0,3.0,0.0,0.0,3.0,0.0,0.0,,,,92581.95000000001,92581.94999999998,30860.65,0.0,0.0,36.0,False,0.6666666666666666,0.3333333333333333,0.0,3.0,,,True,True,True,True,False,False
2000033502,2022-06,False,0.0,1.0,4.0,0.0,0.0,3.0,0.0,0.0,,,,401188.45,493770.39999999997,401188.45,0.0,0.0,86.0,False,0.75,0.25,0.0,4.0,,,True,True,True,True,False,False
2000033502,2022-09,False,0.0,1.0,2.0,0.0,0.0,3.0,0.0,0.0,,,,30860.65,432049.1,401188.45,0.0,0.0,63.0,False,0.5,0.5,0.0,2.0,,,True,True,True,True,False,False
2000033502,2023-03,False,0.0,0.0,1.0,0.0,0.0,3.0,0.0,0.0,,,,0.0,30860.649999999943,30860.65,0.0,0.0,159.0,False,1.0,0.0,0.0,1.0,,,True,True,True,True,False,False
2000033502,2023-06,False,0.0,2.0,2.0,0.0,0.0,3.0,0.0,0.0,,,,123442.6,123442.59999999995,92581.95,0.0,0.0,69.0,False,0.5,0.5,0.0,2.0,,,True,True,True,True,False,False
2000033502,2023-09,False,0.0,1.0,3.0,0.0,0.0,3.0,0.0,0.0,,,,92581.95,216024.54999999993,92581.95,0.0,0.0,91.0,False,0.6666666666666666,0.3333333333333333,0.0,3.0,,,True,True,True,True,False,False
2000033502,2023-10,False,2.0,2.0,3.0,0.0,0.0,3.0,0.0,0.0,,,,92581.95000000001,185163.89999999997,92581.95,0.0,0.0,16.0,False,1.0,0.0,0.0,3.0,,,True,True,True,True,False,False
2000033502,2023-11,False,4.0,6.0,7.0,0.0,0.0,3.0,0.0,0.0,,,,339467.15,432049.1,92581.95,0.0,0.0,7.0,False,0.42857142857142855,0.5714285714285714,0.0,7.0,,,True,True,True,True,False,False
2000033502,2023-12,False,5.0,11.0,12.0,0.0,0.0,3.0,0.0,0.0,,,,464292.87,556874.82,92581.95,0.0,0.0,3.0,False,0.6666666666666666,0.3333333333333333,0.0,12.0,,,True,True,True,True,False,False
2000033502,2024-01,False,1.0,10.0,12.0,0.0,0.0,3.0,0.0,0.0,,,,392510.92000000004,485092.87,61721.3,0.0,0.0,26.0,False,0.6666666666666666,0.3333333333333333,0.0,12.0,,,True,True,True,True,False,False
2000033502,2024-02,False,6.0,12.0,18.0,0.0,0.0,3.0,0.0,0.0,,,,886281.3200000001,1225748.4700000002,123442.6,0.0,0.0,8.0,False,0.6666666666666666,0.3333333333333333,0.0,18.0,,,True,True,True,True,False,False
2000033502,2024-03,False,2.0,9.0,20.0,0.0,0.0,3.0,0.0,0.0,,,,823176.9000000001,1287469.77,123442.6,0.0,0.0,22.0,False,0.7,0.3,0.0,20.0,,,True,True,True,True,False,False
2000033502,2024-04,False,7.0,15.0,25.0,0.0,0.0,3.0,0.0,0.0,,,,1573893.1500000001,1966404.0700000003,123442.6,0.0,0.0,4.0,False,0.52,0.44,0.04,24.0,,,True,True,True,True,False,False
2000033502,2024-05,False,5.0,14.0,26.0,0.0,0.0,3.0,0.0,0.0,,,,1573893.1500000001,2460174.47,246885.2,0.0,0.0,22.0,False,0.5,0.46153846153846156,0.038461538461538464,25.0,,,True,True,True,True,False,False
2000033502,2024-06,False,9.0,21.0,30.0,0.0,0.0,3.0,0.0,0.0,,,,2542670.0500000003,3365846.95,246885.2,0.0,0.0,9.0,False,0.26666666666666666,0.6666666666666666,0.06666666666666667,28.0,,,True,True,True,True,False,False
2000033502,2024-07,False,3.0,17.0,32.0,0.0,0.0,3.0,0.0,0.0,,,,2030135.7500000002,3604028.9000000004,246885.2,0.0,0.0,7.0,False,0.25,0.6875,0.0625,30.0,,,True,True,True,True,False,False
2000033502,2024-08,False,3.0,15.0,29.0,0.0,0.0,3.0,0.0,0.0,,,,1517601.4500000002,3091494.6000000006,246885.2,0.0,0.0,19.0,False,0.13793103448275862,0.7931034482758621,0.06896551724137931,27.0,,,True,True,True,True,False,False
2000033502,2024-09,False,2.0,8.0,29.0,0.0,0.0,3.0,0.0,0.0,,,,653503.25,3196173.3,246885.2,0.0,0.0,5.0,False,0.06896551724137931,0.8620689655172413,0.06896551724137931,27.0,,,True,True,True,True,False,False
2000033502,2024-10,False,2.0,7.0,24.0,0.0,0.0,3.0,0.0,0.0,,,,560921.3,2591057.05,246885.2,0.0,0.0,15.0,False,0.041666666666666664,0.9166666666666666,0.041666666666666664,23.0,,,True,True,True,True,False,False
2000033502,2024-11,False,6.0,10.0,25.0,0.0,0.0,3.0,0.0,0.0,,,,832000.0,2349601.45,123442.6,0.0,0.0,7.0,False,0.04,0.92,0.04,24.0,,,True,True,True,True,False,False
2000033502,2024-12,False,3.0,11.0,19.0,0.0,0.0,3.0,0.0,0.0,,,,852800.0,1506303.25,92581.95,0.0,0.0,13.0,False,0.10526315789473684,0.8947368421052632,0.0,19.0,,,True,True,True,True,False,False
2000033502,2025-01,False,1.0,10.0,17.0,0.0,0.0,3.0,0.0,0.0,,,,686400.02,1247321.32,83200.0,0.0,0.0,16.0,False,0.11764705882352941,0.8823529411764706,0.0,17.0,,,True,True,True,True,False,False
2000033502,2025-02,False,1.0,5.0,15.0,0.0,0.0,3.0,0.0,0.0,,,,218060.67,1050060.67,83200.0,0.0,0.0,8.0,False,0.13333333333333333,0.8666666666666667,0.0,15.0,,,True,True,True,True,False,False
2000033502,2025-03,False,1.0,3.0,14.0,0.0,0.0,3.0,16.0,16.0,0.1875,0.0,4528.791875,72460.67,925260.67,83200.0,0.0,0.0,1.0,False,0.21428571428571427,0.7857142857142857,0.0,14.0,,,False,False,False,False,False,False
2000033502,2025-04,False,0.0,2.0,12.0,0.0,0.0,3.0,44.0,44.0,0.045454545454545456,0.0,1646.8329545454544,72460.65,758860.67,83200.0,0.0,0.0,32.0,False,0.25,0.75,0.0,12.0,,,False,False,False,False,False,False
2000033502,2025-05,False,5.0,6.0,11.0,0.0,0.0,3.0,59.0,59.0,0.1016949152542373,0.0,3525.4244067796612,208000.04,426060.71,83200.0,0.0,0.0,2.0,False,0.45454545454545453,0.5454545454545454,0.0,11.0,,,False,False,False,False,False,False
2000033502,2025-06,False,2.0,7.0,10.0,0.0,0.0,3.0,64.0,80.0,0.109375,0.0,3250.000625,208000.04,280460.71,83200.0,0.0,0.0,16.0,False,0.4,0.6,0.0,10.0,-0.078125,0.0,False,False,False,False,False,False
2000033502,2025-07,False,3.0,10.0,12.0,0.0,0.0,3.0,52.0,96.0,0.19230769230769232,0.0,7238.149423076923,376383.77,448844.42,83200.0,0.0,0.0,15.0,False,0.3333333333333333,0.6666666666666666,0.0,12.0,0.14685314685314688,0.0,False,False,False,False,False,False
2000033502,2025-08,False,0.0,5.0,11.0,0.0,0.0,3.0,1092.0,1151.0,0.004578754578754579,0.0,192.29279304029302,209983.72999999998,417983.77,83200.0,0.0,0.0,46.0,False,0.36363636363636365,0.6363636363636364,0.0,11.0,-0.09711616067548272,0.0,False,False,False,False,False,False
2000033502,2025-09,False,4.0,7.0,14.0,0.0,0.0,3.0,1092.0,1156.0,0.00641025641025641,0.0,363.09984432234427,396505.02999999997,604505.0700000001,83200.0,0.0,0.0,26.0,False,0.35714285714285715,0.6428571428571429,0.0,14.0,-0.10296474358974358,0.0,False,False,False,False,False,False
2000033502,2025-10,False,3.0,7.0,17.0,0.0,0.0,3.0,1100.0,1152.0,0.006363636363636364,0.0,338.5126363636364,372363.9,748747.67,83200.0,0.0,0.0,7.0,False,0.29411764705882354,0.7058823529411765,0.0,17.0,-0.18594405594405594,0.0,False,False,False,False,False,False
2000033502,2025-11,False,0.0,7.0,12.0,0.0,0.0,3.0,122.0,1214.0,0.05737704918032787,0.0,3052.1631147540984,372363.9,582347.63,83200.0,0.0,0.0,38.0,False,0.25,0.75,0.0,12.0,0.052798294601573294,0.0,False,False,False,False,False,False
2000033502,2025-12,False,0.0,3.0,10.0,0.0,0.0,3.0,125.0,1217.0,0.024,0.0,1153.9408,144242.6,540747.63,83200.0,0.0,0.0,68.0,False,0.3,0.7,0.0,10.0,0.017589743589743592,0.0,False,False,False,False,False,False
2000033502,2026-01,False,0.0,0.0,7.0,0.0,0.0,3.0,105.0,1205.0,0.0,0.0,0.0,0.0,372363.9,83200.0,0.0,0.0,99.0,False,0.2857142857142857,0.7142857142857143,0.0,7.0,-0.006363636363636364,0.0,False,False,False,False,False,False
2000033502,2026-02,False,0.0,0.0,7.0,0.0,0.0,3.0,32.0,154.0,0.0,0.0,0.0,0.0,372363.9,83200.0,0.0,0.0,130.0,False,0.2857142857142857,0.7142857142857143,0.0,7.0,-0.05737704918032787,0.0,False,False,False,False,False,False
2000033506,2019-04,False,0.0,0.0,0.0,0.0,0.0,0.0,0.0,0.0,,,,0.0,0.0,0.0,0.0,0.0,,False,,,,0.0,,,True,True,True,True,True,True
2000033506,2019-05,False,3.0,3.0,3.0,3.0,3.0,4.0,0.0,0.0,,,,2553.8599999999997,2553.8599999999997,2233.35,0.0,0.0,5.0,True,0.0,0.0,1.0,0.0,,,True,True,True,True,False,False
2000033506,2019-06,False,4.0,7.0,7.0,6.0,6.0,4.0,0.0,0.0,,,,22538.44,22538.44,16677.14,0.0,0.0,2.0,True,0.0,0.0,1.0,0.0,,,True,True,True,True,False,False
2000033506,2019-07,False,3.0,10.0,10.0,6.0,6.0,4.0,0.0,0.0,,,,23473.39,23473.39,16677.14,0.0,0.0,21.0,True,0.1,0.0,0.9,1.0,,,True,True,True,True,False,False
2000033506,2019-08,False,17.0,24.0,27.0,3.0,6.0,4.0,0.0,0.0,,,,89586.01,92139.87,23396.5,0.0,0.0,1.0,True,0.4074074074074074,0.0,0.5925925925925926,11.0,,,True,True,True,True,False,False
2000033506,2019-09,False,8.0,28.0,35.0,0.0,6.0,4.0,0.0,0.0,,,,72918.09,95456.53,23396.5,0.0,0.0,2.0,False,0.34285714285714286,0.0,0.6571428571428571,12.0,,,True,True,True,True,False,False
2000033506,2019-10,False,5.0,30.0,40.0,0.0,6.0,4.0,0.0,0.0,,,,72731.09,96204.48,23396.5,0.0,0.0,3.0,False,0.325,0.075,0.6,16.0,,,True,True,True,True,False,False
2000033506,2019-11,False,13.0,26.0,50.0,0.0,3.0,4.0,0.0,0.0,,,,9124.65,98710.65999999999,23396.5,0.0,0.0,1.0,False,0.44,0.1,0.46,27.0,,,True,True,True,True,False,False
2000033506,2019-12,False,18.0,36.0,64.0,0.0,0.0,3.0,0.0,0.0,,,,12246.72,85164.81,23396.5,0.0,0.0,1.0,False,0.34375,0.328125,0.328125,43.0,,,True,True,True,True,False,False
2000033506,2020-01,False,5.0,36.0,66.0,0.0,0.0,3.0,0.0,0.0,,,,28991.449999999997,101722.54,23396.5,0.0,0.0,19.0,False,0.3181818181818182,0.3939393939393939,0.2878787878787879,47.0,,,True,True,True,True,False,False
2000033506,2020-02,False,11.0,34.0,60.0,0.0,0.0,3.0,0.0,0.0,,,,97432.01999999999,106556.67,33354.28,0.0,0.0,1.0,False,0.2833333333333333,0.48333333333333334,0.23333333333333334,46.0,,,True,True,True,True,False,False
2000033506,2020-03,False,9.0,25.0,61.0,0.0,0.0,3.0,0.0,0.0,,,,93347.78000000001,105594.5,33354.28,0.0,0.0,6.0,False,0.3114754098360656,0.5737704918032787,0.11475409836065574,54.0,,,True,True,True,True,False,False
2000033506,2020-04,False,11.0,31.0,67.0,0.0,0.0,3.0,0.0,0.0,,,,316734.48,345725.93,66708.56,0.0,0.0,14.0,False,0.40298507462686567,0.5074626865671642,0.08955223880597014,61.0,,,True,True,True,True,False,False
2000033506,2020-05,False,3.0,23.0,57.0,0.0,0.0,3.0,0.0,0.0,,,,443359.55000000005,540791.5700000001,66708.56,0.0,0.0,4.0,False,0.3333333333333333,0.5789473684210527,0.08771929824561403,52.0,,,True,True,True,True,False,False
2000033506,2020-06,False,7.0,21.0,46.0,0.0,0.0,3.0,0.0,0.0,,,,558120.72,651468.5,66708.56,0.0,0.0,18.0,False,0.5217391304347826,0.41304347826086957,0.06521739130434782,43.0,,,True,True,True,True,False,False
2000033506,2020-07,False,6.0,16.0,47.0,0.0,0.0,3.0,0.0,0.0,,,,371035.66000000003,687770.14,66708.56,0.0,0.0,8.0,False,0.5531914893617021,0.3829787234042553,0.06382978723404255,44.0,,,True,True,True,True,False,False
2000033506,2020-08,False,1.0,14.0,37.0,0.0,0.0,3.0,0.0,0.0,,,,170910.01000000004,614269.5599999999,66708.56,0.0,0.0,26.0,False,0.5675675675675675,0.40540540540540543,0.02702702702702703,36.0,,,True,True,True,True,False,False
2000033506,2020-09,False,2.0,9.0,30.0,0.0,0.0,3.0,0.0,0.0,,,,61747.99000000003,619868.71,66708.56,0.0,0.0,1.0,False,0.6666666666666666,0.3,0.03333333333333333,29.0,,,True,True,True,True,False,False
2000033506,2020-10,False,4.0,7.0,23.0,0.0,0.0,3.0,0.0,0.0,,,,96064.08000000003,467099.74,66708.56,0.0,0.0,10.0,False,0.6086956521739131,0.34782608695652173,0.043478260869565216,22.0,,,True,True,True,True,False,False
2000033506,2020-12,False,0.0,8.0,17.0,0.0,0.0,3.0,0.0,0.0,,,,104776.43000000004,166524.42,42926.64,0.0,0.0,35.0,False,0.5294117647058824,0.4117647058823529,0.058823529411764705,16.0,,,True,True,True,True,False,False
2000033506,2021-01,False,2.0,6.0,13.0,0.0,0.0,3.0,0.0,0.0,,,,33343.17000000003,129407.25,27994.96,0.0,0.0,15.0,False,0.5384615384615384,0.38461538461538464,0.07692307692307693,12.0,,,True,True,True,True,False,False
2000033506,2021-02,False,2.0,4.0,14.0,0.0,0.0,3.0,0.0,0.0,,,,19549.420000000027,132279.49,27994.96,0.0,0.0,2.0,False,0.42857142857142855,0.5,0.07142857142857142,13.0,,,True,True,True,True,False,False
2000033506,2021-03,False,1.0,5.0,13.0,0.0,0.0,3.0,0.0,0.0,,,,26548.160000000025,131324.59,27994.96,0.0,0.0,11.0,False,0.3076923076923077,0.6153846153846154,0.07692307692307693,12.0,,,True,True,True,True,False,False
2000033506,2021-05,False,0.0,2.0,6.0,0.0,0.0,3.0,0.0,0.0,,,,23675.880000000026,43225.3,16677.14,0.0,0.0,47.0,False,0.16666666666666666,0.8333333333333334,0.0,6.0,,,True,True,True,True,False,False
2000033506,2021-06,False,3.0,4.0,9.0,0.0,0.0,3.0,0.0,0.0,,,,29033.830000000027,55581.990000000005,16677.14,0.0,0.0,6.0,False,0.1111111111111111,0.8888888888888888,0.0,9.0,,,True,True,True,True,False,False
2000033506,2021-07,False,5.0,8.0,12.0,2.0,2.0,4.0,0.0,0.0,,,,62191.55000000003,88739.70000000001,25319.5,0.0,0.0,7.0,True,0.08333333333333333,0.9166666666666666,0.0,12.0,,,True,True,True,True,False,False
2000033506,2021-08,False,5.0,13.0,15.0,2.0,2.0,4.0,0.0,0.0,,,,70791.76000000004,94467.64,25319.5,0.0,0.0,5.0,True,0.13333333333333333,0.8666666666666667,0.0,15.0,,,True,True,True,True,False,False
2000033506,2021-09,False,5.0,15.0,19.0,2.0,2.0,4.0,0.0,0.0,,,,78751.06000000003,107784.89000000001,25319.5,0.0,0.0,5.0,True,0.15789473684210525,0.8421052631578947,0.0,19.0,,,True,True,True,True,False,False
2000033506,2021-10,False,1.0,11.0,19.0,0.0,2.0,4.0,0.0,0.0,,,,45593.340000000026,107784.88999999998,25319.5,0.0,0.0,16.0,False,0.15789473684210525,0.8421052631578947,0.0,19.0,,,True,True,True,True,False,False
2000033506,2021-11,False,3.0,9.0,22.0,0.0,2.0,4.0,0.0,0.0,,,,119608.95000000001,190400.71,33354.28,0.0,0.0,12.0,False,0.13636363636363635,0.8636363636363636,0.0,22.0,,,True,True,True,True,False,False
2000033506,2021-12,False,19.0,23.0,38.0,0.0,2.0,4.0,0.0,0.0,,,,411295.71,490046.77,150094.26,0.0,0.0,13.0,False,0.15789473684210525,0.8421052631578947,0.0,38.0,,,True,True,True,True,False,False
2000033506,2022-01,False,1.0,23.0,34.0,0.0,0.0,3.0,0.0,0.0,,,,406797.57,452390.91000000003,150094.26,0.0,0.0,24.0,False,0.17647058823529413,0.8235294117647058,0.0,34.0,,,True,True,True,True,False,False
2000033506,2022-02,False,1.0,21.0,30.0,0.0,0.0,3.0,0.0,0.0,,,,340858.89,460467.84,150094.26,0.0,0.0,5.0,False,0.2,0.8,0.0,30.0,,,True,True,True,True,False,False
2000033506,2022-03,False,1.0,3.0,26.0,0.0,0.0,3.0,0.0,0.0,,,,29290.96,440586.67000000004,150094.26,0.0,0.0,6.0,False,0.19230769230769232,0.8076923076923077,0.0,26.0,,,True,True,True,True,False,False
2000033506,2022-04,False,4.0,6.0,29.0,0.0,0.0,3.0,0.0,0.0,,,,27831.12,434628.69,150094.26,0.0,0.0,2.0,False,0.13793103448275862,0.8620689655172413,0.0,29.0,,,True,True,True,True,False,False
2000033506,2022-05,False,1.0,6.0,27.0,0.0,0.0,3.0,0.0,0.0,,,,44508.259999999995,385367.15,150094.26,0.0,0.0,20.0,False,0.18518518518518517,0.8148148148148148,0.0,27.0,,,True,True,True,True,False,False
2000033506,2022-06,False,1.0,6.0,9.0,1.0,1.0,4.0,0.0,0.0,,,,50661.13,79952.09000000005,33354.28,0.0,0.0,14.0,True,0.2222222222222222,0.7777777777777778,0.0,9.0,,,True,True,True,True,False,False
2000033506,2022-07,False,1.0,3.0,9.0,1.0,1.0,4.0,0.0,0.0,,,,46833.33,74664.45000000006,33354.28,0.0,0.0,28.0,True,0.3333333333333333,0.6666666666666666,0.0,9.0,,,True,True,True,True,False,False
2000033506,2022-10,False,0.0,5.0,8.0,0.0,1.0,4.0,0.0,0.0,,,,26413.87,73247.20000000006,33354.28,0.0,0.0,77.0,False,0.25,0.75,0.0,8.0,,,True,True,True,True,False,False
2000033506,2022-11,False,5.0,5.0,12.0,0.0,1.0,4.0,0.0,0.0,,,,16824.739999999998,56717.660000000054,9084.8,0.0,0.0,1.0,False,0.25,0.75,0.0,12.0,,,True,True,True,True,False,False
2000033506,2023-01,False,0.0,7.0,12.0,0.0,0.0,3.0,0.0,0.0,,,,19484.539999999997,45898.41000000006,9084.8,0.0,0.0,60.0,False,0.16666666666666666,0.8333333333333334,0.0,12.0,,,True,True,True,True,False,False
2000033506,2023-02,False,1.0,3.0,8.0,0.0,0.0,3.0,0.0,0.0,,,,19336.94,36161.68000000005,16677.14,0.0,0.0,1.0,False,0.375,0.625,0.0,8.0,,,True,True,True,True,False,False
2000033506,2023-03,False,2.0,3.0,10.0,0.0,0.0,3.0,0.0,0.0,,,,33674.78,53159.32000000005,16677.14,0.0,0.0,15.0,False,0.4,0.6,0.0,10.0,,,True,True,True,True,False,False
2000033506,2023-04,False,1.0,4.0,11.0,0.0,0.0,3.0,0.0,0.0,,,,50351.92,69836.46000000005,16677.14,0.0,0.0,25.0,False,0.45454545454545453,0.5454545454545454,0.0,11.0,,,True,True,True,True,False,False
2000033506,2023-05,False,2.0,5.0,8.0,0.0,0.0,3.0,0.0,0.0,,,,46500.83,65837.77000000005,16677.14,0.0,0.0,13.0,False,0.375,0.625,0.0,8.0,,,True,True,True,True,False,False
2000033506,2023-07,False,0.0,4.0,8.0,0.0,0.0,3.0,0.0,0.0,,,,46180.33,96532.25000000006,16677.14,0.0,0.0,51.0,False,0.625,0.375,0.0,8.0,,,True,True,True,True,False,False
2000033506,2023-08,False,3.0,5.0,10.0,0.0,0.0,3.0,0.0,0.0,,,,42248.6,88749.43000000005,16677.14,0.0,0.0,5.0,False,0.4,0.6,0.0,10.0,,,True,True,True,True,False,False
2000033506,2023-10,False,0.0,9.0,13.0,0.0,0.0,3.0,0.0,0.0,,,,17438.77,63619.10000000005,16677.14,0.0,0.0,48.0,False,0.15384615384615385,0.8461538461538461,0.0,13.0,,,True,True,True,True,False,False
2000033506,2023-11,False,2.0,8.0,13.0,0.0,0.0,3.0,0.0,0.0,,,,13102.1,55350.700000000055,16677.14,0.0,0.0,5.0,False,0.15384615384615385,0.8461538461538461,0.0,13.0,,,True,True,True,True,False,False
2000033506,2024-03,False,0.0,0.0,3.0,0.0,0.0,3.0,0.0,0.0,,,,0.0,5004.320000000058,3756.4,0.0,0.0,93.0,False,0.0,1.0,0.0,3.0,,,True,True,True,True,False,False
2000033506,2024-05,False,0.0,3.0,4.0,0.0,0.0,3.0,0.0,0.0,,,,1510.5900000000001,1957.2600000000584,1063.92,0.0,0.0,43.0,False,0.5,0.5,0.0,4.0,,,True,True,True,True,False,False
2000033506,2024-06,False,3.0,6.0,6.0,0.0,0.0,3.0,0.0,0.0,,,,2738.69,2738.6900000000583,1063.92,0.0,0.0,16.0,False,0.3333333333333333,0.6666666666666666,0.0,6.0,,,True,True,True,True,False,False
2000033506,2024-08,False,0.0,4.0,7.0,1.0,1.0,4.0,0.0,0.0,,,,67936.66,69447.25000000006,66708.56,0.0,0.0,57.0,True,0.42857142857142855,0.5714285714285714,0.0,7.0,,,True,True,True,True,False,False
2000033506,2024-10,False,0.0,3.0,7.0,0.0,1.0,4.0,0.0,0.0,,,,7015.139999999999,74951.80000000006,66708.56,0.0,0.0,33.0,False,0.2857142857142857,0.7142857142857143,0.0,7.0,,,True,True,True,True,False,False
2000033506,2024-11,False,1.0,4.0,8.0,0.0,1.0,4.0,0.0,0.0,,,,22922.4,90859.06000000006,66708.56,0.0,0.0,31.0,False,0.375,0.625,0.0,8.0,,,True,True,True,True,False,False
2000033506,2025-04,False,0.0,0.0,3.0,0.0,0.0,3.0,0.0,0.0,,,,0.0,17121.100000000057,15907.26,0.0,0.0,127.0,False,0.6666666666666666,0.3333333333333333,0.0,3.0,,,True,True,True,True,False,False
2000033507,2019-04,False,0.0,0.0,0.0,0.0,0.0,0.0,0.0,0.0,,,,0.0,0.0,0.0,0.0,0.0,,False,,,,0.0,,,True,True,True,True,True,True
2000033507,2019-05,False,3.0,3.0,3.0,3.0,3.0,4.0,0.0,0.0,,,,1615.98,1615.98,872.85,0.0,0.0,6.0,True,0.0,0.0,1.0,0.0,,,True,True,True,True,False,False
2000033507,2019-06,False,15.0,18.0,18.0,12.0,12.0,4.0,0.0,0.0,,,,17865.06,17865.06,5837.65,0.0,0.0,2.0,True,0.05555555555555555,0.2222222222222222,0.7222222222222222,5.0,,,True,True,True,True,False,False
2000033507,2019-07,False,5.0,23.0,23.0,12.0,12.0,4.0,0.0,0.0,,,,22576.48,22576.48,5837.65,0.0,0.0,7.0,True,0.08695652173913043,0.21739130434782608,0.6956521739130435,7.0,,,True,True,True,True,False,False
2000033507,2019-08,False,8.0,28.0,31.0,9.0,12.0,4.0,0.0,0.0,,,,31257.760000000002,32873.74,5837.65,0.0,0.0,1.0,True,0.12903225806451613,0.3225806451612903,0.5483870967741935,14.0,,,True,True,True,True,False,False
2000033507,2019-09,False,2.0,15.0,33.0,0.0,12.0,4.0,0.0,0.0,,,,15525.29,33390.35,5837.65,0.0,0.0,2.0,False,0.12121212121212122,0.3333333333333333,0.5454545454545454,15.0,,,True,True,True,True,False,False
2000033507,2019-10,False,3.0,13.0,36.0,0.0,12.0,4.0,0.0,0.0,,,,11634.06,34210.54,5837.65,0.0,0.0,4.0,False,0.1111111111111111,0.3888888888888889,0.5,18.0,,,True,True,True,True,False,False
2000033507,2019-11,False,5.0,10.0,38.0,0.0,9.0,4.0,0.0,0.0,,,,2896.2400000000002,34154.0,5837.65,0.0,0.0,1.0,False,0.15789473684210525,0.4473684210526316,0.39473684210526316,23.0,,,True,True,True,True,False,False
2000033507,2019-12,False,7.0,15.0,30.0,0.0,0.0,3.0,0.0,0.0,,,,4495.67,20020.96,2943.57,0.0,0.0,9.0,False,0.26666666666666666,0.5666666666666667,0.16666666666666666,25.0,,,True,True,True,True,False,False
2000033507,2020-01,False,3.0,15.0,28.0,0.0,0.0,3.0,0.0,0.0,,,,4425.23,16059.29,2943.57,0.0,0.0,14.0,False,0.25,0.6785714285714286,0.07142857142857142,26.0,,,True,True,True,True,False,False
2000033507,2020-02,False,12.0,22.0,32.0,0.0,0.0,3.0,0.0,0.0,,,,85861.31,88757.55,75937.95,0.0,0.0,10.0,False,0.28125,0.6875,0.03125,31.0,,,True,True,True,True,False,False
2000033507,2020-03,False,4.0,19.0,34.0,0.0,0.0,3.0,0.0,0.0,,,,84509.55,89005.22,75937.95,0.0,0.0,9.0,False,0.29411764705882354,0.7058823529411765,0.0,34.0,,,True,True,True,True,False,False
2000033507,2020-05,False,0.0,9.0,31.0,0.0,0.0,3.0,0.0,0.0,,,,3232.0299999999997,89093.34,75937.95,0.0,0.0,36.0,False,0.3225806451612903,0.6774193548387096,0.0,31.0,,,True,True,True,True,False,False
2000033507,2020-06,False,1.0,6.0,25.0,0.0,0.0,3.0,0.0,0.0,,,,3340.6,87850.15000000001,75937.95,0.0,0.0,14.0,False,0.28,0.72,0.0,25.0,,,True,True,True,True,False,False
2000033507,2020-07,False,6.0,7.0,28.0,0.0,0.0,3.0,0.0,0.0,,,,4134.49,90362.04000000001,75937.95,0.0,0.0,1.0,False,0.32142857142857145,0.6785714285714286,0.0,28.0,,,True,True,True,True,False,False
2000033507,2020-08,False,5.0,12.0,21.0,0.0,0.0,3.0,0.0,0.0,,,,8824.68,12056.710000000001,2943.57,0.0,0.0,7.0,False,0.2857142857142857,0.7142857142857143,0.0,21.0,,,True,True,True,True,False,False
2000033507,2020-09,False,9.0,20.0,26.0,0.0,0.0,3.0,0.0,0.0,,,,12941.02,16281.62,2943.57,0.0,0.0,1.0,False,0.2692307692307692,0.7307692307692307,0.0,26.0,,,True,True,True,True,False,False
2000033507,2020-10,False,2.0,16.0,23.0,0.0,0.0,3.0,0.0,0.0,,,,10606.330000000002,14740.820000000003,2943.57,0.0,0.0,8.0,False,0.30434782608695654,0.6956521739130435,0.0,23.0,,,True,True,True,True,False,False
2000033507,2020-11,False,6.0,17.0,29.0,0.0,0.0,3.0,0.0,0.0,,,,11617.66,20442.340000000004,2943.57,0.0,0.0,10.0,False,0.3103448275862069,0.6896551724137931,0.0,29.0,,,True,True,True,True,False,False
2000033507,2020-12,False,4.0,12.0,32.0,0.0,0.0,3.0,0.0,0.0,,,,8782.64,21723.66,2943.57,0.0,0.0,13.0,False,0.3125,0.65625,0.03125,31.0,,,True,True,True,True,False,False
2000033507,2021-01,False,17.0,27.0,43.0,0.0,0.0,3.0,0.0,0.0,,,,25885.71,36492.04,5223.6,0.0,0.0,3.0,False,0.32558139534883723,0.6046511627906976,0.06976744186046512,40.0,,,True,True,True,True,False,False
2000033507,2021-02,False,3.0,24.0,41.0,0.0,0.0,3.0,0.0,0.0,,,,30156.34,41774.0,6982.8,0.0,0.0,4.0,False,0.34146341463414637,0.5853658536585366,0.07317073170731707,38.0,,,True,True,True,True,False,False
2000033507,2021-03,False,7.0,27.0,39.0,0.0,0.0,3.0,0.0,0.0,,,,32610.629999999997,41393.27,6982.8,0.0,0.0,3.0,False,0.38461538461538464,0.5384615384615384,0.07692307692307693,36.0,,,True,True,True,True,False,False
2000033507,2021-04,False,6.0,16.0,43.0,0.0,0.0,3.0,0.0,0.0,,,,16440.02,42325.73,6982.8,0.0,0.0,1.0,False,0.37209302325581395,0.5581395348837209,0.06976744186046512,40.0,,,True,True,True,True,False,False
2000033507,2021-05,False,7.0,20.0,44.0,0.0,0.0,3.0,0.0,0.0,,,,9883.82,40040.16,6982.8,0.0,0.0,4.0,False,0.4090909090909091,0.5227272727272727,0.06818181818181818,41.0,,,True,True,True,True,False,False
2000033507,2021-06,False,6.0,19.0,46.0,0.0,0.0,3.0,0.0,0.0,,,,7040.1900000000005,39650.82,6982.8,0.0,0.0,4.0,False,0.391304347826087,0.5652173913043478,0.043478260869565216,44.0,,,True,True,True,True,False,False
2000033507,2021-07,False,11.0,24.0,40.0,1.0,1.0,4.0,0.0,0.0,,,,8646.27,25086.29,6982.8,0.0,0.0,6.0,True,0.325,0.675,0.0,40.0,,,True,True,True,True,False,False
2000033507,2021-08,False,3.0,20.0,40.0,1.0,1.0,4.0,0.0,0.0,,,,6253.37,16137.19,2943.57,0.0,0.0,6.0,True,0.325,0.675,0.0,40.0,,,True,True,True,True,False,False
2000033507,2021-09,False,7.0,21.0,40.0,1.0,1.0,4.0,0.0,0.0,,,,18870.45,25910.64,11254.8,0.0,0.0,9.0,True,0.325,0.675,0.0,40.0,,,True,True,True,True,False,False
2000033507,2021-10,False,6.0,16.0,40.0,0.0,1.0,4.0,0.0,0.0,,,,27947.120000000003,36593.39,11254.8,0.0,0.0,2.0,False,0.3,0.7,0.0,40.0,,,True,True,True,True,False,False
2000033507,2021-11,False,10.0,23.0,43.0,0.0,1.0,4.0,0.0,0.0,,,,30876.770000000004,37130.14000000001,11254.8,0.0,0.0,6.0,False,0.20930232558139536,0.7906976744186046,0.0,43.0,,,True,True,True,True,False,False
2000033507,2021-12,False,14.0,30.0,51.0,2.0,3.0,4.0,0.0,0.0,,,,24084.440000000002,42954.89,11254.8,2.0,2.0,7.0,True,0.19607843137254902,0.7647058823529411,0.0392156862745098,49.0,,,True,True,True,True,False,False
2000033507,2022-01,False,6.0,30.0,46.0,2.0,2.0,4.0,0.0,0.0,,,,19544.700000000004,47491.82000000001,11254.8,2.0,2.0,10.0,True,0.2391304347826087,0.6956521739130435,0.06521739130434782,43.0,,,True,True,True,True,False,False
2000033507,2022-02,False,9.0,29.0,52.0,2.0,2.0,4.0,0.0,0.0,,,,23762.04,54638.810000000005,11254.8,2.0,2.0,7.0,True,0.23076923076923078,0.7115384615384616,0.057692307692307696,49.0,,,True,True,True,True,False,False
2000033507,2022-03,False,13.0,28.0,58.0,0.0,2.0,4.0,0.0,0.0,,,,64771.07,88855.51000000001,26492.13,0.0,2.0,6.0,False,0.29310344827586204,0.6551724137931034,0.05172413793103448,55.0,,,True,True,True,True,False,False
2000033507,2022-04,False,15.0,37.0,67.0,0.0,2.0,4.0,0.0,0.0,,,,72414.35,91959.05,26492.13,0.0,2.0,1.0,False,0.23880597014925373,0.7014925373134329,0.05970149253731343,63.0,,,True,True,True,True,False,False
2000033507,2022-05,False,8.0,36.0,65.0,2.0,4.0,4.0,0.0,0.0,,,,69502.67,93264.71,26492.13,1.0,3.0,2.0,True,0.2923076923076923,0.6307692307692307,0.07692307692307693,60.0,,,True,True,True,True,False,False
2000033507,2022-06,False,10.0,33.0,61.0,3.0,3.0,4.0,0.0,0.0,,,,32707.760000000002,97478.83000000002,26492.13,1.0,1.0,1.0,True,0.3442622950819672,0.6065573770491803,0.04918032786885246,58.0,,,True,True,True,True,False,False
2000033507,2022-07,False,10.0,28.0,65.0,4.0,4.0,4.0,0.0,0.0,,,,22472.33,94886.68000000001,26492.13,1.0,1.0,4.0,True,0.35384615384615387,0.6153846153846154,0.03076923076923077,63.0,,,True,True,True,True,False,False
2000033507,2022-08,False,3.0,23.0,59.0,2.0,4.0,4.0,0.0,0.0,,,,26111.300000000003,95613.97,26492.13,0.0,1.0,6.0,True,0.3559322033898305,0.6101694915254238,0.03389830508474576,57.0,,,True,True,True,True,False,False
2000033507,2022-09,False,2.0,15.0,48.0,1.0,4.0,4.0,0.0,0.0,,,,14864.16,47571.920000000006,6286.7,0.0,1.0,9.0,True,0.2916666666666667,0.6666666666666666,0.041666666666666664,46.0,,,True,True,True,True,False,False
2000033507,2022-10,False,3.0,8.0,36.0,0.0,4.0,4.0,0.0,0.0,,,,9936.96,32409.29,6286.7,0.0,1.0,17.0,False,0.4444444444444444,0.5277777777777778,0.027777777777777776,35.0,,,True,True,True,True,False,False
2000033507,2022-11,False,5.0,10.0,33.0,0.0,2.0,4.0,0.0,0.0,,,,5025.3099999999995,31136.61,6286.7,0.0,0.0,1.0,False,0.42424242424242425,0.5757575757575758,0.0,33.0,,,True,True,True,True,False,False
2000033507,2022-12,False,10.0,18.0,33.0,0.0,1.0,4.0,0.0,0.0,,,,25538.69,40402.85,14364.9,0.0,0.0,15.0,False,0.36363636363636365,0.6363636363636364,0.0,33.0,,,True,True,True,True,False,False
2000033507,2023-01,False,2.0,17.0,25.0,0.0,0.0,3.0,0.0,0.0,,,,30248.829999999998,40185.79,14364.9,0.0,0.0,13.0,False,0.36,0.64,0.0,25.0,,,True,True,True,True,False,False
2000033507,2023-02,False,5.0,17.0,27.0,0.0,0.0,3.0,0.0,0.0,,,,26616.59,31641.9,14364.9,3.0,3.0,12.0,False,0.37037037037037035,0.5185185185185185,0.1111111111111111,24.0,,,True,True,True,True,False,False
2000033507,2023-03,False,4.0,11.0,29.0,0.0,0.0,3.0,0.0,0.0,,,,7429.72,32968.409999999996,14364.9,3.0,3.0,7.0,False,0.3448275862068966,0.5517241379310345,0.10344827586206896,26.0,,,True,True,True,True,False,False
2000033507,2023-04,False,1.0,10.0,27.0,0.0,0.0,3.0,0.0,0.0,,,,2736.3100000000004,32985.14,14364.9,3.0,3.0,10.0,False,0.2962962962962963,0.5925925925925926,0.1111111111111111,24.0,,,True,True,True,True,False,False
2000033507,2023-05,False,12.0,17.0,34.0,0.0,0.0,3.0,0.0,0.0,,,,7709.4400000000005,34326.03,14364.9,0.0,3.0,4.0,False,0.2647058823529412,0.6470588235294118,0.08823529411764706,31.0,,,True,True,True,True,False,False
2000033507,2023-07,False,0.0,18.0,28.0,0.0,0.0,3.0,0.0,0.0,,,,9909.48,12645.79,2943.57,0.0,3.0,32.0,False,0.25,0.6428571428571429,0.10714285714285714,25.0,,,True,True,True,True,False,False
2000033507,2023-08,False,5.0,11.0,28.0,0.0,0.0,3.0,0.0,0.0,,,,6351.070000000001,14060.51,2943.57,0.0,0.0,5.0,False,0.21428571428571427,0.7857142857142857,0.0,28.0,,,True,True,True,True,False,False
2000033507,2023-09,False,13.0,18.0,37.0,0.0,0.0,3.0,0.0,0.0,,,,11256.98,21666.26,3186.99,0.0,0.0,2.0,False,0.2702702702702703,0.7297297297297297,0.0,37.0,,,True,True,True,True,False,False
2000033507,2023-10,False,15.0,33.0,51.0,0.0,0.0,3.0,0.0,0.0,,,,18042.52,27952.0,3186.99,0.0,0.0,3.0,False,0.3333333333333333,0.6666666666666666,0.0,51.0,,,True,True,True,True,False,False
2000033507,2023-11,False,6.0,34.0,45.0,0.0,0.0,3.0,0.0,0.0,,,,20759.14,27110.21,3186.99,0.0,0.0,2.0,False,0.37777777777777777,0.6222222222222222,0.0,45.0,,,True,True,True,True,False,False
2000033507,2023-12,False,10.0,31.0,49.0,0.0,0.0,3.0,0.0,0.0,,,,18607.32,29864.3,3186.99,0.0,0.0,3.0,False,0.3877551020408163,0.6122448979591837,0.0,49.0,,,True,True,True,True,False,False
2000033507,2024-01,False,8.0,24.0,57.0,0.0,0.0,3.0,0.0,0.0,,,,17022.41,35064.93,3186.99,0.0,0.0,3.0,False,0.42105263157894735,0.5789473684210527,0.0,57.0,,,True,True,True,True,False,False
2000033507,2024-02,False,11.0,29.0,63.0,0.0,0.0,3.0,0.0,0.0,,,,18857.980000000003,39617.12,3186.99,0.0,0.0,7.0,False,0.47619047619047616,0.5238095238095238,0.0,63.0,,,True,True,True,True,False,False
2000033507,2024-03,False,6.0,25.0,56.0,0.0,0.0,3.0,0.0,0.0,,,,13892.02,32499.34,2943.57,0.0,0.0,1.0,False,0.5,0.5,0.0,56.0,,,True,True,True,True,False,False
2000033507,2024-04,False,16.0,33.0,57.0,0.0,0.0,3.0,0.0,0.0,,,,16378.34,33400.75,2943.57,0.0,0.0,3.0,False,0.47368421052631576,0.5263157894736842,0.0,57.0,,,True,True,True,True,False,False
2000033507,2024-05,False,9.0,31.0,60.0,0.0,0.0,3.0,0.0,0.0,,,,20225.15,39083.130000000005,5887.14,0.0,0.0,6.0,False,0.45,0.55,0.0,60.0,,,True,True,True,True,False,False
2000033507,2024-06,False,13.0,38.0,63.0,0.0,0.0,3.0,0.0,0.0,,,,34288.04,48180.06,5887.14,0.0,0.0,2.0,False,0.49206349206349204,0.5079365079365079,0.0,63.0,,,True,True,True,True,False,False
2000033507,2024-07,False,8.0,30.0,63.0,0.0,0.0,3.0,0.0,0.0,,,,30278.070000000003,46656.409999999996,5887.14,0.0,0.0,3.0,False,0.47619047619047616,0.5238095238095238,0.0,63.0,,,True,True,True,True,False,False
2000033507,2024-08,False,16.0,37.0,68.0,0.0,0.0,3.0,0.0,0.0,,,,30055.33,50280.479999999996,5887.14,0.0,0.0,1.0,False,0.5441176470588235,0.45588235294117646,0.0,68.0,,,True,True,True,True,False,False
2000033507,2024-09,False,21.0,45.0,83.0,0.0,0.0,3.0,0.0,0.0,,,,25494.120000000003,59782.159999999996,5887.14,0.0,0.0,5.0,False,0.6144578313253012,0.3855421686746988,0.0,83.0,,,True,True,True,True,False,False
2000033507,2024-10,False,15.0,52.0,82.0,0.0,0.0,3.0,0.0,0.0,,,,78066.48000000001,108344.55,30101.9,0.0,0.0,8.0,False,0.7195121951219512,0.2804878048780488,0.0,82.0,,,True,True,True,True,False,False
2000033507,2024-11,False,12.0,48.0,85.0,0.0,0.0,3.0,0.0,0.0,,,,76390.19,106445.52,30101.9,0.0,0.0,7.0,False,0.788235294117647,0.21176470588235294,0.0,85.0,,,True,True,True,True,False,False
2000033507,2024-12,False,13.0,40.0,85.0,0.0,0.0,3.0,0.0,0.0,,,,121573.1,147067.22000000003,45668.99,0.0,0.0,9.0,False,0.8352941176470589,0.16470588235294117,0.0,85.0,,,True,True,True,True,False,False
2000033507,2025-01,False,15.0,40.0,92.0,0.0,0.0,3.0,0.0,0.0,,,,76528.46,154594.94,45668.99,0.0,0.0,1.0,False,0.8804347826086957,0.11956521739130435,0.0,92.0,,,True,True,True,True,False,False
2000033507,2025-02,False,10.0,38.0,86.0,0.0,0.0,3.0,0.0,0.0,,,,78816.33,155206.52000000002,45668.99,0.0,0.0,2.0,False,0.8837209302325582,0.11627906976744186,0.0,86.0,,,True,True,True,True,False,False
2000033507,2025-03,False,12.0,37.0,77.0,0.0,0.0,3.0,5.0,5.0,7.4,0.0,5476.483999999999,27382.419999999995,148955.52000000002,45668.99,0.0,0.0,1.0,False,0.8961038961038961,0.1038961038961039,0.0,77.0,,,False,False,False,False,False,False
2000033507,2025-04,False,18.0,40.0,80.0,0.0,0.0,3.0,441.0,441.0,0.09070294784580499,0.0,56.70938775510202,25008.839999999993,101537.30000000002,45668.99,0.0,0.0,1.0,False,0.875,0.125,0.0,80.0,,,False,False,False,False,False,False
2000033507,2025-05,False,20.0,50.0,88.0,0.0,0.0,3.0,434.0,434.0,0.1152073732718894,0.0,65.30382488479262,28341.859999999993,107158.19,45668.99,0.0,0.0,3.0,False,0.8863636363636364,0.11363636363636363,0.0,88.0,,,False,False,False,False,False,False
2000033507,2025-06,False,11.0,49.0,86.0,0.0,0.0,3.0,6271.0,6276.0,0.007813745814064743,0.0,5.481388933184499,34373.78999999999,61756.21,2943.57,0.0,0.0,2.0,False,0.8837209302325582,0.11627906976744186,0.0,86.0,-7.392186254185936,0.0,False,False,False,False,False,False
2000033507,2025-07,False,9.0,40.0,80.0,0.0,0.0,3.0,10321.0,10762.0,0.003875593450247069,0.0,3.2355585699060168,33394.2,58403.03999999999,2943.57,0.0,0.0,1.0,False,0.8875,0.1125,0.0,80.0,-0.08682735439555792,0.0,False,False,False,False,False,False
2000033507,2025-08,False,13.0,33.0,83.0,0.0,0.0,3.0,10510.0,10944.0,0.0031398667935299716,0.0,2.8111988582302563,29545.699999999993,57887.56,2943.57,0.0,0.0,1.0,False,0.8674698795180723,0.13253012048192772,0.0,83.0,-0.11206750647835943,0.0,False,False,False,False,False,False
2000033507,2025-09,False,21.0,43.0,92.0,0.0,0.0,3.0,4830.0,11101.0,0.008902691511387164,0.0,7.072457556935817,34159.969999999994,68533.76000000001,2943.57,0.0,0.0,3.0,False,0.8586956521739131,0.14130434782608695,0.0,92.0,0.0010889456973224212,0.0,False,False,False,False,False,False
2000033507,2025-10,False,13.0,47.0,87.0,0.0,0.0,3.0,415.0,10736.0,0.11325301204819277,0.0,93.21768674698794,38685.34,72079.54000000001,5237.1,0.0,0.0,5.0,False,0.8735632183908046,0.12643678160919541,0.0,87.0,0.1093774185979457,0.0,False,False,False,False,False,False
2000033507,2025-11,False,16.0,50.0,83.0,0.0,0.0,3.0,493.0,11003.0,0.10141987829614604,0.0,85.90858012170384,42352.92999999999,71898.63,5237.1,0.0,0.0,1.0,False,0.8795180722891566,0.12048192771084337,0.0,83.0,0.09828001150261607,0.0,False,False,False,False,False,False
2000033507,2025-12,False,2.0,31.0,74.0,0.0,0.0,3.0,362.0,5192.0,0.0856353591160221,0.0,76.88041436464087,27830.709999999995,61990.68,5237.1,0.0,0.0,12.0,False,0.8918918918918919,0.10810810810810811,0.0,74.0,0.07673266760463494,0.0,False,False,False,False,False,False
2000033507,2026-01,False,11.0,29.0,76.0,0.0,0.0,3.0,315.0,730.0,0.09206349206349207,0.0,88.3473968253968,27829.429999999993,66514.77,5887.14,0.0,0.0,2.0,False,0.881578947368421,0.11842105263157894,0.0,76.0,-0.0211895199847007,0.0,False,False,False,False,False,False
2000033507,2026-02,False,13.0,26.0,76.0,0.0,0.0,3.0,87.0,580.0,0.2988505747126437,0.0,292.30517241379306,25430.549999999996,67783.48,5887.14,0.0,0.0,2.0,False,0.9342105263157895,0.06578947368421052,0.0,76.0,0.19743069641649766,0.0,False,False,False,False,False,False
2000033509,2019-06,False,0.0,0.0,0.0,0.0,0.0,0.0,0.0,0.0,,,,0.0,0.0,0.0,0.0,0.0,,False,,,,0.0,,,True,True,True,True,True,True
2000033509,2019-09,False,0.0,2.0,2.0,0.0,0.0,3.0,0.0,0.0,,,,11763.99,11763.99,11763.98,0.0,0.0,81.0,False,0.0,0.5,0.5,1.0,,,True,True,True,True,False,False
2000033509,2019-11,False,0.0,2.0,4.0,0.0,0.0,3.0,0.0,0.0,,,,20907.629999999997,32671.619999999995,11763.98,0.0,0.0,44.0,False,0.0,0.5,0.5,2.0,,,True,True,True,True,False,False
2000033509,2020-02,False,0.0,1.0,3.0,0.0,0.0,3.0,0.0,0.0,,,,11763.98,32671.609999999993,11763.98,0.0,0.0,81.0,False,0.0,0.3333333333333333,0.6666666666666666,1.0,,,True,True,True,True,False,False
2000033509,2020-06,False,0.0,0.0,1.0,0.0,0.0,3.0,0.0,0.0,,,,0.0,11763.979999999996,11763.98,0.0,0.0,96.0,False,1.0,0.0,0.0,1.0,,,True,True,True,True,False,False
2000033509,2020-07,False,1.0,1.0,2.0,0.0,0.0,3.0,0.0,0.0,,,,11763.98,23527.959999999995,11763.98,0.0,0.0,26.0,False,1.0,0.0,0.0,2.0,,,True,True,True,True,False,False
2000033509,2021-01,False,0.0,0.0,1.0,0.0,0.0,2.0,0.0,0.0,,,,0.0,11763.979999999996,11763.98,0.0,0.0,165.0,False,0.0,1.0,0.0,1.0,,,True,True,True,True,False,False
2000033509,2021-04,False,0.0,1.0,1.0,0.0,0.0,3.0,0.0,0.0,,,,11763.98,11763.979999999996,11763.98,0.0,0.0,65.0,False,0.0,1.0,0.0,1.0,,,True,True,True,True,False,False
2000033509,2021-06,False,0.0,1.0,2.0,0.0,0.0,3.0,0.0,0.0,,,,11763.98,23527.959999999995,11763.98,0.0,0.0,34.0,False,0.5,0.5,0.0,2.0,,,True,True,True,True,False,False
2000033509,2021-08,False,0.0,1.0,2.0,0.0,0.0,3.0,0.0,0.0,,,,13432.21,25196.189999999995,13432.21,0.0,0.0,60.0,False,0.5,0.5,0.0,2.0,,,True,True,True,True,False,False
2000033509,2021-09,False,4.0,5.0,6.0,0.0,0.0,3.0,0.0,0.0,,,,60488.13,72252.10999999999,13432.21,0.0,0.0,1.0,False,0.16666666666666666,0.8333333333333334,0.0,6.0,,,True,True,True,True,False,False
2000033509,2021-10,False,1.0,5.0,7.0,0.0,0.0,3.0,0.0,0.0,,,,247043.58000000002,272239.77,199987.66,0.0,0.0,28.0,False,0.14285714285714285,0.8571428571428571,0.0,7.0,,,True,True,True,True,False,False
2000033509,2021-11,False,1.0,6.0,7.0,1.0,1.0,4.0,0.0,0.0,,,,258807.56,272239.76999999996,199987.66,0.0,0.0,7.0,True,0.0,1.0,0.0,7.0,,,True,True,True,True,False,False
2000033509,2021-12,False,4.0,6.0,11.0,3.0,3.0,4.0,0.0,0.0,,,,289008.44,349496.56999999995,199987.66,1.0,1.0,14.0,True,0.18181818181818182,0.7272727272727273,0.09090909090909091,10.0,,,True,True,True,True,False,False
2000033509,2022-04,False,0.0,0.0,8.0,0.0,4.0,4.0,0.0,0.0,,,,0.0,167945.81,53728.84,0.0,1.0,101.0,False,0.25,0.625,0.125,7.0,,,True,True,True,True,False,False
2000033509,2022-05,False,1.0,1.0,8.0,0.0,3.0,4.0,0.0,0.0,,,,35291.93999999997,191473.76999999996,53728.84,0.0,1.0,20.0,False,0.375,0.5,0.125,7.0,,,True,True,True,True,False,False
2000033509,2022-08,False,0.0,3.0,4.0,0.0,0.0,3.0,0.0,0.0,,,,24428.55999999997,59720.5,35291.94,0.0,0.0,74.0,False,0.75,0.0,0.25,3.0,,,True,True,True,True,False,False
2000033509,2022-10,False,0.0,1.0,5.0,0.0,0.0,3.0,0.0,0.0,,,,11763.97999999997,71484.48,35291.94,0.0,0.0,32.0,False,0.8,0.0,0.2,4.0,,,True,True,True,True,False,False
2000033509,2023-04,False,0.0,0.0,1.0,0.0,0.0,2.0,0.0,0.0,,,,0.0,11763.98,11763.98,0.0,0.0,176.0,False,1.0,0.0,0.0,1.0,,,True,True,True,True,False,False
2000033509,2023-05,False,1.0,1.0,1.0,0.0,0.0,2.0,0.0,0.0,,,,11763.97999999997,11763.98,11763.98,0.0,0.0,12.0,False,0.0,1.0,0.0,1.0,,,True,True,True,True,False,False
2000033509,2023-06,False,4.0,5.0,5.0,0.0,0.0,3.0,0.0,0.0,,,,105789.44999999997,105789.45,53728.84,0.0,0.0,15.0,False,0.8,0.2,0.0,5.0,,,True,True,True,True,False,False
2000033509,2023-10,False,0.0,0.0,8.0,0.0,0.0,3.0,0.0,0.0,,,,0.0,129317.41,53728.84,0.0,0.0,97.0,False,0.875,0.125,0.0,8.0,,,True,True,True,True,False,False
2000033509,2023-11,False,1.0,1.0,8.0,0.0,0.0,3.0,0.0,0.0,,,,11763.97999999997,129317.41,53728.84,0.0,0.0,14.0,False,0.875,0.125,0.0,8.0,,,True,True,True,True,False,False
2000033509,2023-12,False,3.0,4.0,7.0,0.0,0.0,3.0,0.0,0.0,,,,50392.37999999996,73920.34,13432.21,0.0,0.0,4.0,False,0.8571428571428571,0.14285714285714285,0.0,7.0,,,True,True,True,True,False,False
2000033509,2024-01,False,8.0,12.0,12.0,0.0,0.0,3.0,0.0,0.0,,,,144504.21999999997,144504.22,13432.21,0.0,0.0,5.0,False,0.5,0.5,0.0,12.0,,,True,True,True,True,False,False
2000033509,2024-03,False,0.0,10.0,14.0,0.0,0.0,3.0,0.0,0.0,,,,117639.79999999996,168032.18,13432.21,0.0,0.0,51.0,False,0.42857142857142855,0.5714285714285714,0.0,14.0,,,True,True,True,True,False,False
2000033509,2024-04,False,2.0,4.0,16.0,0.0,0.0,3.0,0.0,0.0,,,,47055.91999999997,191560.14,13432.21,0.0,0.0,5.0,False,0.4375,0.5625,0.0,16.0,,,True,True,True,True,False,False
2000033509,2024-05,False,10.0,12.0,25.0,0.0,0.0,3.0,0.0,0.0,,,,129403.77999999997,285671.98,13432.21,1.0,1.0,2.0,False,0.64,0.32,0.04,24.0,,,True,True,True,True,False,False
2000033509,2024-06,False,4.0,16.0,26.0,0.0,0.0,3.0,0.0,0.0,,,,164785.77999999997,282425.58,11763.98,1.0,1.0,3.0,False,0.6153846153846154,0.34615384615384615,0.038461538461538464,25.0,,,True,True,True,True,False,False
2000033509,2024-07,False,3.0,17.0,21.0,0.0,0.0,3.0,0.0,0.0,,,,176549.75999999995,223605.68,11763.98,1.0,1.0,18.0,False,0.7619047619047619,0.19047619047619047,0.047619047619047616,20.0,,,True,True,True,True,False,False
2000033509,2024-08,False,5.0,12.0,24.0,0.0,0.0,3.0,0.0,0.0,,,,129493.83999999995,258897.62,11763.98,0.0,1.0,7.0,False,0.875,0.08333333333333333,0.041666666666666664,23.0,,,True,True,True,True,False,False
2000033509,2024-09,False,6.0,14.0,30.0,0.0,0.0,3.0,0.0,0.0,,,,164695.71999999997,329481.5,11763.98,0.0,1.0,16.0,False,0.9,0.06666666666666667,0.03333333333333333,29.0,,,True,True,True,True,False,False
2000033509,2024-10,False,3.0,14.0,31.0,0.0,0.0,3.0,0.0,0.0,,,,164695.71999999997,341245.48000000004,11763.98,0.0,1.0,5.0,False,0.9032258064516129,0.06451612903225806,0.03225806451612903,30.0,,,True,True,True,True,False,False
2000033509,2024-12,False,0.0,7.0,21.0,0.0,0.0,3.0,0.0,0.0,,,,82347.85999999996,247043.58000000002,11763.98,0.0,0.0,46.0,False,0.9047619047619048,0.09523809523809523,0.0,21.0,,,True,True,True,True,False,False
2000033509,2025-02,False,0.0,1.0,14.0,0.0,0.0,3.0,0.0,0.0,,,,53728.83999999995,206660.58000000002,53728.84,0.0,0.0,60.0,False,0.7857142857142857,0.14285714285714285,0.07142857142857142,13.0,,,True,True,True,True,False,False
2000033509,2025-03,False,2.0,3.0,10.0,0.0,0.0,3.0,0.0,0.0,,,,78925.02999999996,161272.88999999998,53728.84,0.0,0.0,5.0,False,0.7,0.2,0.1,9.0,,,True,True,True,True,False,False
2000033509,2025-04,False,1.0,3.0,8.0,0.0,0.0,3.0,5.0,5.0,0.6,0.0,5039.239999999991,25196.199999999953,125980.96,53728.84,0.0,0.0,18.0,False,0.75,0.125,0.125,7.0,,,False,False,False,False,False,False
2000033509,2025-05,False,1.0,4.0,5.0,0.0,0.0,3.0,9.0,9.0,0.4444444444444444,0.0,4106.686666666662,36960.17999999996,90689.02,53728.84,0.0,0.0,27.0,False,0.8,0.0,0.2,4.0,,,False,False,False,False,False,False
2000033509,2025-06,False,3.0,5.0,8.0,0.0,0.0,3.0,15.0,15.0,0.3333333333333333,0.0,3137.0619999999976,47055.929999999964,125980.96000000002,53728.84,0.0,0.0,30.0,False,0.875,0.0,0.125,7.0,,,False,False,False,False,False,False
2000033509,2025-07,False,4.0,8.0,11.0,0.0,0.0,3.0,13.0,18.0,0.6153846153846154,0.0,7239.372307692305,94111.83999999997,119308.04000000001,13432.21,0.0,0.0,7.0,False,1.0,0.0,0.0,11.0,0.015384615384615441,0.0,False,False,False,False,False,False
2000033509,2025-08,False,2.0,9.0,13.0,0.0,0.0,3.0,16.0,25.0,0.5625,0.0,6617.238749999998,105875.81999999996,142836.0,13432.21,0.0,0.0,2.0,False,1.0,0.0,0.0,13.0,0.11805555555555558,0.0,False,False,False,False,False,False
2000033509,2025-09,False,1.0,7.0,12.0,0.0,0.0,2.0,14.0,29.0,0.5,0.0,6001.149285714283,84016.08999999997,131072.02000000002,13432.21,0.0,0.0,15.0,False,1.0,0.0,0.0,12.0,0.16666666666666669,0.0,False,False,False,False,False,False
2000033509,2025-10,False,3.0,6.0,14.0,0.0,0.0,3.0,14.0,27.0,0.42857142857142855,0.0,5399.183571428568,75588.56999999995,169700.41,13432.21,0.0,0.0,14.0,False,1.0,0.0,0.0,14.0,-0.18681318681318687,0.0,False,False,False,False,False,False
2000033509,2025-11,False,2.0,6.0,15.0,0.0,0.0,3.0,7.0,23.0,0.8571428571428571,0.0,11275.00428571428,78925.02999999996,184800.85,13432.21,0.0,0.0,18.0,False,0.9333333333333333,0.06666666666666667,0.0,15.0,0.2946428571428571,0.0,False,False,False,False,False,False
2000033509,2025-12,False,1.0,6.0,13.0,0.0,0.0,3.0,6.0,20.0,1.0,0.0,12876.133333333326,77256.79999999996,161272.89,13432.21,0.0,0.0,14.0,False,0.8461538461538461,0.15384615384615385,0.0,13.0,0.5,0.0,False,False,False,False,False,False
2000033509,2026-01,False,1.0,4.0,10.0,0.0,0.0,3.0,5.0,19.0,0.8,0.0,10078.475999999991,50392.37999999996,125980.95,13432.21,0.0,0.0,9.0,False,0.7,0.3,0.0,10.0,0.3714285714285715,0.0,False,False,False,False,False,False
2000033510,2019-04,False,0.0,0.0,0.0,0.0,0.0,0.0,0.0,0.0,,,,0.0,0.0,0.0,0.0,0.0,,False,,,,0.0,,,True,True,True,True,True,True
2000033510,2019-05,False,7.0,7.0,7.0,7.0,7.0,4.0,0.0,0.0,,,,12983.9,12983.9,3465.9,0.0,0.0,2.0,True,0.14285714285714285,0.0,0.8571428571428571,1.0,,,True,True,True,True,False,False
2000033510,2019-06,False,1.0,8.0,8.0,8.0,8.0,4.0,0.0,0.0,,,,13049.91,13049.91,3465.9,0.0,0.0,24.0,True,0.125,0.0,0.875,1.0,,,True,True,True,True,False,False
2000033510,2019-07,False,2.0,10.0,10.0,8.0,8.0,4.0,0.0,0.0,,,,21132.21,21132.21,5388.2,0.0,0.0,21.0,True,0.2,0.1,0.7,3.0,,,True,True,True,True,False,False
2000033510,2019-09,False,0.0,5.0,13.0,0.0,8.0,4.0,0.0,0.0,,,,28195.059999999998,41244.97,13627.24,0.0,0.0,41.0,False,0.23076923076923078,0.23076923076923078,0.5384615384615384,6.0,,,True,True,True,True,False,False
2000033510,2019-10,False,2.0,5.0,15.0,0.0,8.0,4.0,0.0,0.0,,,,26213.669999999995,47345.88,13627.24,0.0,0.0,3.0,False,0.26666666666666666,0.2,0.5333333333333333,7.0,,,True,True,True,True,False,False
2000033510,2019-12,False,0.0,7.0,12.0,0.0,0.0,3.0,0.0,0.0,,,,22424.84,50619.9,13627.24,0.0,0.0,34.0,False,0.4166666666666667,0.3333333333333333,0.25,9.0,,,True,True,True,True,False,False
2000033510,2020-01,False,6.0,11.0,16.0,0.0,0.0,3.0,0.0,0.0,,,,469368.06,495581.73,96793.28,0.0,0.0,1.0,False,0.625,0.1875,0.1875,13.0,,,True,True,True,True,False,False
2000033510,2020-02,False,3.0,9.0,16.0,0.0,0.0,3.0,0.0,0.0,,,,469483.65,491908.49,96793.28,0.0,0.0,15.0,False,0.75,0.0625,0.1875,13.0,,,True,True,True,True,False,False
2000033510,2020-03,False,2.0,11.0,18.0,0.0,0.0,3.0,0.0,0.0,,,,475533.23,497958.06999999995,96793.28,0.0,0.0,25.0,False,0.6666666666666666,0.05555555555555555,0.2777777777777778,13.0,,,True,True,True,True,False,False
2000033510,2020-04,False,1.0,6.0,17.0,0.0,0.0,3.0,0.0,0.0,,,,32709.53,502077.59,96793.28,0.0,0.0,26.0,False,0.7058823529411765,0.058823529411764705,0.23529411764705882,13.0,,,True,True,True,True,False,False
2000033510,2020-05,False,3.0,6.0,15.0,0.0,0.0,3.0,0.0,0.0,,,,22309.25,491792.9,96793.28,1.0,1.0,14.0,False,0.7333333333333333,0.06666666666666667,0.2,12.0,,,True,True,True,True,False,False
2000033510,2020-06,False,1.0,5.0,16.0,0.0,0.0,3.0,0.0,0.0,,,,19279.29,494812.52,96793.28,1.0,1.0,27.0,False,0.75,0.0625,0.1875,13.0,,,True,True,True,True,False,False
2000033510,2020-08,False,0.0,2.0,8.0,0.0,0.0,3.0,0.0,0.0,,,,3688.38,25997.63,10220.43,0.0,1.0,49.0,False,0.5,0.125,0.375,5.0,,,True,True,True,True,False,False
2000033510,2020-09,False,1.0,2.0,7.0,0.0,0.0,3.0,0.0,0.0,,,,905.5799999999999,20184.870000000003,10220.43,0.0,1.0,31.0,False,0.7142857142857143,0.14285714285714285,0.14285714285714285,6.0,,,True,True,True,True,False,False
2000033510,2020-10,False,4.0,5.0,10.0,0.0,0.0,3.0,0.0,0.0,,,,11049.07,20776.690000000002,3465.9,0.0,1.0,1.0,False,0.6,0.3,0.1,9.0,,,True,True,True,True,False,False
2000033510,2020-11,False,4.0,9.0,11.0,1.0,1.0,4.0,0.0,0.0,,,,35279.05,38967.43,20440.86,0.0,0.0,2.0,True,0.5454545454545454,0.36363636363636365,0.09090909090909091,10.0,,,True,True,True,True,False,False
2000033510,2020-12,False,3.0,11.0,13.0,1.0,1.0,4.0,0.0,0.0,,,,48015.85,48921.42999999999,20440.86,0.0,0.0,10.0,True,0.5384615384615384,0.38461538461538464,0.07692307692307693,12.0,,,True,True,True,True,False,False
2000033510,2021-01,False,2.0,9.0,14.0,1.0,1.0,4.0,0.0,0.0,,,,42917.32,53966.39,20440.86,0.0,0.0,9.0,True,0.5,0.42857142857142855,0.07142857142857142,13.0,,,True,True,True,True,False,False
2000033510,2021-02,False,1.0,6.0,15.0,0.0,1.0,4.0,0.0,0.0,,,,21706.96,56986.01,20440.86,0.0,0.0,6.0,False,0.4666666666666667,0.4666666666666667,0.06666666666666667,14.0,,,True,True,True,True,False,False
2000033510,2021-03,False,7.0,10.0,21.0,0.0,1.0,4.0,0.0,0.0,,,,35754.59,83770.44,20440.86,1.0,1.0,6.0,False,0.5714285714285714,0.3333333333333333,0.09523809523809523,19.0,,,True,True,True,True,False,False
2000033510,2021-04,False,3.0,11.0,20.0,0.0,1.0,4.0,0.0,0.0,,,,37578.85,80496.17,20440.86,1.0,1.0,8.0,False,0.65,0.25,0.1,18.0,,,True,True,True,True,False,False
2000033510,2021-05,False,4.0,14.0,20.0,0.0,0.0,3.0,0.0,0.0,,,,44984.51,66691.47,6875.74,1.0,1.0,11.0,False,0.75,0.2,0.05,19.0,,,True,True,True,True,False,False
2000033510,2021-06,False,2.0,9.0,19.0,0.0,0.0,3.0,0.0,0.0,,,,19466.34,55220.93000000001,6875.74,0.0,1.0,10.0,False,0.7368421052631579,0.21052631578947367,0.05263157894736842,18.0,,,True,True,True,True,False,False
2000033510,2021-07,False,1.0,7.0,18.0,1.0,1.0,4.0,0.0,0.0,,,,14622.460000000001,52201.310000000005,6875.74,0.0,1.0,10.0,True,0.7222222222222222,0.2222222222222222,0.05555555555555555,17.0,,,True,True,True,True,False,False
2000033510,2021-08,False,5.0,8.0,22.0,2.0,2.0,4.0,0.0,0.0,,,,141906.65,186891.16,126051.97,0.0,1.0,12.0,True,0.7272727272727273,0.22727272727272727,0.045454545454545456,21.0,,,True,True,True,True,False,False
2000033510,2021-10,False,0.0,6.0,13.0,1.0,2.0,4.0,0.0,0.0,,,,147929.9,162552.36,126051.97,0.0,0.0,35.0,True,0.6153846153846154,0.38461538461538464,0.0,13.0,,,True,True,True,True,False,False
2000033510,2021-11,False,5.0,6.0,14.0,1.0,3.0,4.0,0.0,0.0,,,,186661.84,328568.49,126051.97,1.0,1.0,7.0,True,0.5714285714285714,0.35714285714285715,0.07142857142857142,13.0,,,True,True,True,True,False,False
2000033510,2022-01,False,0.0,9.0,15.0,2.0,3.0,4.0,0.0,0.0,,,,186780.02000000002,334709.92,126051.97,2.0,2.0,40.0,True,0.6666666666666666,0.2,0.13333333333333333,13.0,,,True,True,True,True,False,False
2000033510,2022-02,False,5.0,9.0,15.0,1.0,2.0,4.0,0.0,0.0,,,,657937.9,844599.74,171893.5,1.0,2.0,13.0,True,0.5333333333333333,0.3333333333333333,0.13333333333333333,13.0,,,True,True,True,True,False,False
2000033510,2022-03,False,1.0,6.0,15.0,0.0,2.0,4.0,0.0,0.0,,,,652987.49,839767.5099999999,171893.5,0.0,2.0,26.0,False,0.5333333333333333,0.3333333333333333,0.13333333333333333,13.0,,,True,True,True,True,False,False
2000033510,2022-04,False,2.0,8.0,17.0,0.0,2.0,4.0,0.0,0.0,,,,673046.3300000001,859826.35,171893.5,0.0,2.0,24.0,False,0.5882352941176471,0.29411764705882354,0.11764705882352941,15.0,,,True,True,True,True,False,False
2000033510,2022-05,False,1.0,4.0,13.0,0.0,1.0,4.0,0.0,0.0,,,,28141.14,686079.04,171893.5,0.0,1.0,13.0,False,0.6153846153846154,0.3076923076923077,0.07692307692307693,12.0,,,True,True,True,True,False,False
2000033510,2022-07,False,0.0,2.0,10.0,0.0,0.0,3.0,0.0,0.0,,,,6100.91,679147.24,171893.5,0.0,0.0,53.0,False,0.5,0.4,0.1,9.0,,,True,True,True,True,False,False
2000033510,2022-09,False,0.0,5.0,9.0,0.0,0.0,3.0,0.0,0.0,,,,17950.1,44109.850000000006,17034.05,0.0,0.0,37.0,False,0.5555555555555556,0.1111111111111111,0.3333333333333333,6.0,,,True,True,True,True,False,False
2000033510,2022-10,False,1.0,6.0,8.0,0.0,0.0,3.0,0.0,0.0,,,,22261.309999999998,28362.219999999998,5748.28,0.0,0.0,16.0,False,0.375,0.25,0.375,5.0,,,True,True,True,True,False,False
2000033510,2023-02,False,0.0,0.0,9.0,0.0,0.0,3.0,0.0,0.0,,,,0.0,31802.05,4311.21,0.0,0.0,99.0,False,0.0,0.1111111111111111,0.8888888888888888,1.0,,,True,True,True,True,False,False
2000033510,2023-03,False,1.0,1.0,10.0,0.0,0.0,3.0,0.0,0.0,,,,11496.56,43298.61,11496.56,0.0,0.0,15.0,False,0.0,0.2,0.8,2.0,,,True,True,True,True,False,False
2000033510,2023-04,False,2.0,3.0,11.0,0.0,0.0,3.0,0.0,0.0,,,,15627.73,43118.57,11496.56,0.0,0.0,16.0,False,0.18181818181818182,0.09090909090909091,0.7272727272727273,3.0,,,True,True,True,True,False,False
2000033510,2023-05,False,3.0,6.0,6.0,0.0,0.0,3.0,0.0,0.0,,,,46348.11,46348.11,23847.67,0.0,0.0,20.0,False,0.5,0.5,0.0,6.0,,,True,True,True,True,False,False
2000033510,2023-06,False,5.0,10.0,11.0,0.0,0.0,3.0,0.0,0.0,,,,50034.04,61530.6,23847.67,0.0,0.0,29.0,False,0.6363636363636364,0.36363636363636365,0.0,11.0,,,True,True,True,True,False,False
2000033510,2023-08,False,0.0,7.0,13.0,0.0,0.0,3.0,0.0,0.0,,,,62165.12,108513.23,44288.53,0.0,0.0,55.0,False,0.6153846153846154,0.3076923076923077,0.07692307692307693,12.0,,,True,True,True,True,False,False
2000033510,2023-09,False,3.0,5.0,15.0,0.0,0.0,3.0,0.0,0.0,,,,52550.869999999995,102584.91,44288.53,0.0,0.0,18.0,False,0.7333333333333333,0.2,0.06666666666666667,14.0,,,True,True,True,True,False,False
2000033510,2023-10,False,2.0,5.0,15.0,0.0,0.0,3.0,0.0,0.0,,,,9699.41,102584.91,44288.53,0.0,0.0,9.0,False,0.7333333333333333,0.2,0.06666666666666667,14.0,,,True,True,True,True,False,False
2000033510,2023-11,False,1.0,6.0,13.0,0.0,0.0,3.0,0.0,0.0,,,,12719.029999999999,74884.15,44288.53,0.0,0.0,7.0,False,0.8461538461538461,0.07692307692307693,0.07692307692307693,12.0,,,True,True,True,True,False,False
2000033510,2023-12,False,2.0,5.0,10.0,0.0,0.0,3.0,0.0,0.0,,,,13964.41,66515.28,44288.53,0.0,0.0,24.0,False,0.7,0.2,0.1,9.0,,,True,True,True,True,False,False
2000033510,2024-01,False,1.0,4.0,9.0,0.0,0.0,3.0,0.0,0.0,,,,11270.31,20969.72,3406.81,0.0,0.0,13.0,False,0.7777777777777778,0.2222222222222222,0.0,9.0,,,True,True,True,True,False,False
2000033510,2024-02,False,6.0,9.0,15.0,0.0,0.0,3.0,0.0,0.0,,,,22532.75,35251.78,3465.9,0.0,0.0,2.0,False,0.5333333333333333,0.3333333333333333,0.13333333333333333,13.0,,,True,True,True,True,False,False
2000033510,2024-03,False,6.0,13.0,18.0,0.0,0.0,3.0,0.0,0.0,,,,36337.259999999995,50301.67,3465.9,0.0,0.0,21.0,False,0.5555555555555556,0.3333333333333333,0.1111111111111111,16.0,,,True,True,True,True,False,False
2000033510,2024-04,False,2.0,14.0,18.0,0.0,0.0,3.0,0.0,0.0,,,,40288.39,51558.700000000004,3465.9,0.0,0.0,7.0,False,0.4444444444444444,0.3333333333333333,0.2222222222222222,14.0,,,True,True,True,True,False,False
2000033510,2024-05,False,5.0,13.0,22.0,0.0,0.0,3.0,0.0,0.0,,,,42508.36,65041.11,6813.62,0.0,0.0,1.0,False,0.36363636363636365,0.45454545454545453,0.18181818181818182,18.0,,,True,True,True,True,False,False
2000033510,2024-06,False,1.0,8.0,21.0,0.0,0.0,3.0,0.0,0.0,,,,25297.039999999997,61634.299999999996,6813.62,0.0,0.0,18.0,False,0.38095238095238093,0.42857142857142855,0.19047619047619047,17.0,,,True,True,True,True,False,False
2000033510,2024-07,False,2.0,8.0,22.0,0.0,0.0,3.0,0.0,0.0,,,,21832.309999999994,62120.7,6813.62,0.0,0.0,4.0,False,0.4090909090909091,0.4090909090909091,0.18181818181818182,18.0,,,True,True,True,True,False,False
2000033510,2024-08,False,1.0,4.0,17.0,0.0,0.0,3.0,0.0,0.0,,,,8737.089999999997,51245.45,6813.62,0.0,0.0,2.0,False,0.5294117647058824,0.35294117647058826,0.11764705882352941,15.0,,,True,True,True,True,False,False
2000033510,2024-10,False,0.0,2.0,10.0,0.0,0.0,3.0,0.0,0.0,,,,6100.909999999996,27933.219999999998,6813.62,0.0,0.0,35.0,False,0.5,0.5,0.0,10.0,,,True,True,True,True,False,False
2000033510,2024-11,False,1.0,2.0,6.0,0.0,0.0,3.0,0.0,0.0,,,,5718.889999999996,14455.98,3406.81,0.0,0.0,10.0,False,0.6666666666666666,0.3333333333333333,0.0,6.0,,,True,True,True,True,False,False
2000033510,2024-12,False,2.0,3.0,7.0,0.0,0.0,3.0,0.0,0.0,,,,5964.939999999997,13989.32,3406.81,0.0,0.0,8.0,False,0.5714285714285714,0.42857142857142855,0.0,7.0,,,True,True,True,True,False,False
2000033510,2025-01,False,3.0,6.0,8.0,0.0,0.0,3.0,0.0,0.0,,,,9575.749999999996,15676.66,3406.81,1.0,1.0,16.0,False,0.5,0.375,0.125,7.0,,,True,True,True,True,False,False
2000033510,2025-02,False,2.0,7.0,9.0,0.0,0.0,3.0,0.0,0.0,,,,11394.839999999997,17113.73,3406.81,1.0,1.0,4.0,False,0.4444444444444444,0.4444444444444444,0.1111111111111111,8.0,,,True,True,True,True,False,False
2000033510,2025-03,False,2.0,7.0,10.0,0.0,0.0,3.0,86.0,86.0,0.08139534883720931,0.0,165.15081395348835,14202.969999999998,20167.91,4311.21,1.0,1.0,3.0,False,0.4,0.5,0.1,9.0,,,False,False,False,False,False,False
2000033510,2025-04,False,2.0,6.0,12.0,0.0,0.0,3.0,214.0,214.0,0.028037383177570093,0.0,72.40714953271026,15495.129999999996,25070.88,4311.21,0.0,1.0,1.0,False,0.5,0.4166666666666667,0.08333333333333333,11.0,,,False,False,False,False,False,False
2000033510,2025-05,False,0.0,4.0,11.0,0.0,0.0,3.0,306.0,306.0,0.013071895424836602,0.0,34.8080065359477,10651.249999999996,22046.09,4311.21,0.0,1.0,31.0,False,0.5454545454545454,0.36363636363636365,0.09090909090909091,10.0,,,False,False,False,False,False,False
2000033510,2025-06,False,6.0,8.0,15.0,0.0,0.0,3.0,970.0,1056.0,0.008247422680412371,0.0,21.344484536082472,20704.149999999998,34907.119999999995,5748.28,0.0,1.0,3.0,False,0.5333333333333333,0.4,0.06666666666666667,14.0,-0.07314792615679694,0.0,False,False,False,False,False,False
2000033510,2025-07,False,0.0,6.0,12.0,0.0,0.0,3.0,2134.0,2348.0,0.0028116213683223993,0.0,7.4044892221180865,15801.179999999997,31296.31,5748.28,0.0,0.0,33.0,False,0.5,0.5,0.0,12.0,-0.025225761809247692,0.0,False,False,False,False,False,False
2000033510,2025-08,False,4.0,10.0,14.0,0.0,0.0,3.0,2146.0,2452.0,0.004659832246039142,0.0,12.850354147250698,27576.859999999997,38228.11,5748.28,0.0,0.0,3.0,False,0.5,0.5,0.0,14.0,-0.00841206317879746,0.0,False,False,False,False,False,False
2000033510,2025-09,False,6.0,10.0,18.0,0.0,0.0,3.0,1447.0,2417.0,0.006910850034554251,0.0,22.53183828610919,32603.569999999996,53307.72,6931.8,0.0,0.0,12.0,False,0.3888888888888889,0.6111111111111112,0.0,18.0,-0.0013365726458581207,0.0,False,False,False,False,False,False
2000033510,2025-10,False,9.0,19.0,25.0,0.0,0.0,3.0,277.0,2411.0,0.06859205776173286,0.0,298.31032490974724,82631.95999999999,98433.14,15123.95,0.0,0.0,14.0,False,0.4,0.6,0.0,25.0,0.06578043639341045,0.0,False,False,False,False,False,False
2000033510,2025-11,False,2.0,17.0,27.0,0.0,0.0,3.0,277.0,2423.0,0.061371841155234655,0.0,277.6198194945849,76900.69,104477.55,15123.95,0.0,0.0,15.0,False,0.4444444444444444,0.5555555555555556,0.0,27.0,0.05671200890919551,0.0,False,False,False,False,False,False
2000033510,2025-12,False,1.0,12.0,22.0,0.0,0.0,3.0,226.0,1673.0,0.05309734513274336,0.0,252.44146017699111,57051.76999999999,89655.34,15123.95,0.0,0.0,27.0,False,0.5,0.5,0.0,22.0,0.04618649509818911,0.0,False,False,False,False,False,False
2000033510,2026-02,False,0.0,7.0,24.0,0.0,0.0,3.0,152.0,429.0,0.046052631578947366,0.0,115.32664473684207,17529.649999999994,94430.34,15123.95,0.0,0.0,41.0,False,0.5833333333333334,0.4166666666666667,0.0,24.0,-0.015319209576287289,0.0,False,False,False,False,False,False
2000033511,2019-04,False,0.0,0.0,0.0,0.0,0.0,0.0,0.0,0.0,,,,0.0,0.0,0.0,0.0,0.0,,False,,,,0.0,,,True,True,True,True,True,True
2000033511,2019-05,False,3.0,3.0,3.0,3.0,3.0,4.0,0.0,0.0,,,,78.39,78.39,64.25,0.0,0.0,6.0,True,0.0,0.0,1.0,0.0,,,True,True,True,True,False,False
2000033511,2019-06,False,1.0,4.0,4.0,4.0,4.0,4.0,0.0,0.0,,,,142.61,142.61,64.25,0.0,0.0,31.0,True,0.0,0.0,1.0,0.0,,,True,True,True,True,False,False
2000033511,2019-07,False,2.0,6.0,6.0,4.0,4.0,4.0,0.0,0.0,,,,222.14,222.14,71.78,0.0,0.0,3.0,True,0.0,0.16666666666666666,0.8333333333333334,1.0,,,True,True,True,True,False,False
2000033511,2019-08,False,2.0,5.0,8.0,1.0,4.0,4.0,0.0,0.0,,,,251.13000000000002,329.52,71.78,0.0,0.0,7.0,True,0.125,0.125,0.75,2.0,,,True,True,True,True,False,False
2000033511,2019-09,False,2.0,6.0,10.0,0.0,4.0,4.0,0.0,0.0,,,,331.41,474.02,72.72,0.0,0.0,2.0,False,0.3,0.1,0.6,4.0,,,True,True,True,True,False,False
2000033511,2019-10,False,1.0,5.0,11.0,0.0,4.0,4.0,0.0,0.0,,,,416.96000000000004,639.1,165.08,0.0,0.0,20.0,False,0.2727272727272727,0.09090909090909091,0.6363636363636364,4.0,,,True,True,True,True,False,False
2000033511,2019-11,False,1.0,4.0,9.0,0.0,1.0,4.0,0.0,0.0,,,,371.99,623.12,165.08,0.0,0.0,9.0,False,0.3333333333333333,0.1111111111111111,0.5555555555555556,4.0,,,True,True,True,True,False,False
2000033511,2019-12,False,1.0,3.0,9.0,0.0,0.0,3.0,0.0,0.0,,,,278.9,610.31,165.08,0.0,0.0,18.0,False,0.3333333333333333,0.2222222222222222,0.4444444444444444,5.0,,,True,True,True,True,False,False
2000033511,2020-02,False,0.0,3.0,7.0,0.0,0.0,3.0,0.0,0.0,,,,108.13999999999999,480.13000000000005,165.08,0.0,0.0,50.0,False,0.5714285714285714,0.14285714285714285,0.2857142857142857,5.0,,,True,True,True,True,False,False
2000033511,2020-03,False,1.0,3.0,6.0,0.0,0.0,3.0,0.0,0.0,,,,108.13999999999999,387.03999999999996,165.08,0.0,0.0,16.0,False,0.3333333333333333,0.3333333333333333,0.3333333333333333,4.0,,,True,True,True,True,False,False
2000033511,2020-04,False,1.0,2.0,6.0,0.0,0.0,3.0,0.0,0.0,,,,115.63,286.17999999999995,64.22,0.0,0.0,26.0,False,0.3333333333333333,0.5,0.16666666666666666,5.0,,,True,True,True,True,False,False
2000033511,2020-06,False,0.0,4.0,7.0,0.0,0.0,3.0,0.0,0.0,,,,559.46,667.6,165.08,0.0,0.0,52.0,False,0.2857142857142857,0.7142857142857143,0.0,7.0,,,True,True,True,True,False,False
2000033511,2020-07,False,1.0,4.0,6.0,0.0,0.0,3.0,0.0,0.0,,,,660.32,775.95,165.08,0.0,0.0,1.0,False,0.16666666666666666,0.8333333333333334,0.0,6.0,,,True,True,True,True,False,False
2000033511,2020-08,False,2.0,3.0,8.0,0.0,0.0,3.0,0.0,0.0,,,,287.35,898.22,165.08,0.0,0.0,7.0,False,0.25,0.75,0.0,8.0,,,True,True,True,True,False,False
2000033511,2020-09,False,2.0,5.0,9.0,0.0,0.0,3.0,0.0,0.0,,,,408.33,967.7900000000001,165.08,0.0,0.0,20.0,False,0.3333333333333333,0.6666666666666666,0.0,9.0,,,True,True,True,True,False,False
2000033511,2021-06,False,0.0,0.0,0.0,0.0,0.0,0.0,0.0,0.0,,,,0.0,0.0,0.0,0.0,0.0,263.0,False,,,,0.0,,,True,True,True,True,False,True
2000033511,2021-09,False,0.0,2.0,2.0,0.0,0.0,3.0,0.0,0.0,,,,110.28,110.28,55.58,0.0,0.0,91.0,False,0.0,1.0,0.0,2.0,,,True,True,True,True,False,False
2000033511,2022-01,False,0.0,0.0,1.0,0.0,0.0,3.0,0.0,0.0,,,,0.0,64.25,64.25,0.0,0.0,121.0,False,0.0,1.0,0.0,1.0,,,True,True,True,True,False,False
2000033511,2022-03,False,0.0,2.0,3.0,0.0,0.0,3.0,0.0,0.0,,,,102.82,167.07,64.25,0.0,0.0,56.0,False,0.0,1.0,0.0,3.0,,,True,True,True,True,False,False
2000033511,2022-05,False,0.0,4.0,6.0,0.0,0.0,3.0,0.0,0.0,,,,698.12,800.9399999999999,218.16,0.0,0.0,38.0,False,0.5,0.5,0.0,6.0,,,True,True,True,True,False,False
2000033511,2022-08,False,0.0,1.0,5.0,0.0,0.0,3.0,0.0,0.0,,,,7.34,705.46,218.16,0.0,0.0,70.0,False,0.8,0.2,0.0,5.0,,,True,True,True,True,False,False
2000033511,2023-02,False,0.0,0.0,1.0,0.0,0.0,2.0,0.0,0.0,,,,0.0,51.40999999999988,51.41,0.0,0.0,181.0,False,0.0,1.0,0.0,1.0,,,True,True,True,True,False,False
2000033511,2023-08,False,0.0,0.0,2.0,0.0,0.0,2.0,0.0,0.0,,,,0.0,102.81999999999988,51.41,0.0,0.0,166.0,False,0.0,1.0,0.0,2.0,,,True,True,True,True,False,False
2000033511,2023-09,False,5.0,5.0,5.0,0.0,0.0,3.0,0.0,0.0,,,,428.84000000000003,428.8399999999999,148.04,0.0,0.0,22.0,False,0.0,1.0,0.0,5.0,,,True,True,True,True,False,False
2000033511,2024-01,False,0.0,0.0,7.0,0.0,0.0,3.0,0.0,0.0,,,,0.0,544.4699999999999,148.04,0.0,0.0,108.0,False,0.14285714285714285,0.8571428571428571,0.0,7.0,,,True,True,True,True,False,False
2000033511,2024-04,False,0.0,1.0,1.0,0.0,0.0,3.0,0.0,0.0,,,,12364.95,12364.95,12364.95,0.0,0.0,87.0,False,1.0,0.0,0.0,1.0,,,True,True,True,True,False,False
2000033511,2024-09,False,0.0,0.0,1.0,0.0,0.0,3.0,0.0,0.0,,,,0.0,165.08,165.08,0.0,0.0,130.0,False,1.0,0.0,0.0,1.0,,,True,True,True,True,False,False
2000033511,2024-10,False,1.0,1.0,2.0,0.0,0.0,3.0,0.0,0.0,,,,51.41,216.49,165.08,0.0,0.0,8.0,False,0.5,0.5,0.0,2.0,,,True,True,True,True,False,False
2000033511,2024-12,False,0.0,3.0,3.0,0.0,0.0,3.0,0.0,0.0,,,,179.85,179.85,64.22,0.0,0.0,32.0,False,0.0,1.0,0.0,3.0,,,True,True,True,True,False,False
2000033511,2025-02,False,0.0,1.0,4.0,0.0,0.0,3.0,0.0,0.0,,,,62.41,242.26,64.22,0.0,0.0,60.0,False,0.0,1.0,0.0,4.0,,,True,True,True,True,False,False
2000033511,2025-03,False,0.0,1.0,4.0,0.0,0.0,3.0,156.0,156.0,0.00641025641025641,0.0,0.4000641025641025,62.41,242.26,64.22,0.0,0.0,88.0,False,0.0,1.0,0.0,4.0,,,False,False,False,False,False,False
2000033511,2025-04,False,1.0,1.0,4.0,0.0,0.0,3.0,156.0,156.0,0.00641025641025641,0.0,0.3457051282051282,53.93,244.78,64.22,0.0,0.0,1.0,False,0.0,1.0,0.0,4.0,,,False,False,False,False,False,False
2000033511,2025-05,False,1.0,2.0,3.0,0.0,0.0,3.0,303.0,303.0,0.006600660066006601,0.0,0.39003300330033003,118.18,180.59,64.25,0.0,0.0,22.0,False,0.0,1.0,0.0,3.0,,,False,False,False,False,False,False
2000033511,2025-06,False,0.0,2.0,3.0,0.0,0.0,3.0,191.0,347.0,0.010471204188481676,0.0,0.6187434554973822,118.18,180.59,64.25,0.0,0.0,53.0,False,0.0,1.0,0.0,3.0,0.004060947778225266,0.0,False,False,False,False,False,False
2000033511,2025-08,False,0.0,0.0,2.0,0.0,0.0,3.0,92.0,395.0,0.0,0.0,0.0,0.0,118.18,64.25,0.0,0.0,114.0,False,0.0,1.0,0.0,2.0,-0.006600660066006601,0.0,False,False,False,False,False,False
2000033511,2025-10,False,0.0,0.0,1.0,0.0,0.0,3.0,1048.0,1287.0,0.0,0.0,0.0,0.0,64.25,64.25,0.0,0.0,175.0,False,0.0,1.0,0.0,1.0,-0.0041841004184100415,0.0,False,False,False,False,False,False
2000033511,2025-11,False,0.0,0.0,0.0,0.0,0.0,0.0,1600.0,1692.0,0.0,0.0,0.0,0.0,0.0,0.0,0.0,0.0,206.0,False,,,,0.0,0.0,0.0,False,False,False,False,False,True
2000033511,2026-01,False,0.0,0.0,0.0,0.0,0.0,0.0,1071.0,2119.0,0.0,0.0,0.0,0.0,0.0,0.0,0.0,0.0,267.0,False,,,,0.0,0.0,0.0,False,False,False,False,False,True
2000033514,2025-03,False,0.0,0.0,0.0,0.0,0.0,0.0,0.0,0.0,,,,0.0,0.0,0.0,0.0,0.0,,False,,,,0.0,,,True,True,True,True,True,True
2000033514,2025-08,False,0.0,0.0,0.0,0.0,0.0,0.0,0.0,0.0,,,,0.0,0.0,0.0,0.0,0.0,,False,,,,0.0,,,True,True,True,True,True,True
2000033514,2025-11,False,0.0,0.0,0.0,0.0,0.0,0.0,0.0,0.0,,,,0.0,0.0,0.0,0.0,0.0,,False,,,,0.0,,,True,True,True,True,True,True
2000033515,2019-05,False,0.0,0.0,0.0,0.0,0.0,0.0,0.0,0.0,,,,0.0,0.0,0.0,0.0,0.0,,False,,,,0.0,,,True,True,True,True,True,True
2000033515,2019-10,False,0.0,0.0,1.0,0.0,0.0,3.0,0.0,0.0,,,,0.0,260.0,260.0,0.0,0.0,144.0,False,0.0,0.0,1.0,0.0,,,True,True,True,True,False,False
2000033515,2019-11,False,1.0,1.0,2.0,0.0,0.0,3.0,0.0,0.0,,,,520.0,780.0,520.0,0.0,0.0,2.0,False,0.0,0.5,0.5,1.0,,,True,True,True,True,False,False
2000033515,2019-12,False,8.0,9.0,9.0,0.0,0.0,3.0,0.0,0.0,,,,9460.0,9460.0,5460.0,0.0,0.0,10.0,False,0.6666666666666666,0.3333333333333333,0.0,9.0,,,True,True,True,True,False,False
2000033515,2020-03,False,0.0,1.0,10.0,0.0,0.0,3.0,0.0,0.0,,,,260.0,9720.0,5460.0,0.0,0.0,62.0,False,0.7,0.3,0.0,10.0,,,True,True,True,True,False,False
2000033515,2020-05,False,0.0,2.0,11.0,0.0,0.0,3.0,0.0,0.0,,,,408.0,9608.0,5460.0,0.0,0.0,53.0,False,0.8181818181818182,0.18181818181818182,0.0,11.0,,,True,True,True,True,False,False
2000033515,2020-06,False,7.0,9.0,10.0,0.0,0.0,3.0,0.0,0.0,,,,3004.0,3264.0,520.0,0.0,0.0,2.0,False,0.4,0.6,0.0,10.0,,,True,True,True,True,False,False
2000033515,2020-08,False,0.0,10.0,12.0,0.0,0.0,3.0,0.0,0.0,,,,3264.0,3672.0,520.0,0.0,0.0,33.0,False,0.5,0.5,0.0,12.0,,,True,True,True,True,False,False
2000033515,2020-09,False,2.0,5.0,14.0,0.0,0.0,3.0,0.0,0.0,,,,1076.0,4080.0,520.0,0.0,0.0,28.0,False,0.42857142857142855,0.5714285714285714,0.0,14.0,,,True,True,True,True,False,False
2000033515,2020-10,False,1.0,3.0,13.0,0.0,0.0,3.0,0.0,0.0,,,,556.0,3820.0,520.0,0.0,0.0,30.0,False,0.3076923076923077,0.6923076923076923,0.0,13.0,,,True,True,True,True,False,False
2000033515,2020-12,False,0.0,9.0,14.0,0.0,0.0,3.0,0.0,0.0,,,,2668.0,3744.0,1036.0,0.0,0.0,34.0,False,0.21428571428571427,0.7857142857142857,0.0,14.0,,,True,True,True,True,False,False
2000033515,2021-02,False,0.0,4.0,15.0,0.0,0.0,3.0,0.0,0.0,,,,2636.0,5712.0,2080.0,0.0,0.0,53.0,False,0.0,1.0,0.0,15.0,,,True,True,True,True,False,False
2000033515,2021-03,False,1.0,5.0,14.0,0.0,0.0,3.0,0.0,0.0,,,,2784.0,5452.0,2080.0,0.0,0.0,28.0,False,0.0,1.0,0.0,14.0,,,True,True,True,True,False,False
2000033515,2021-08,False,0.0,0.0,4.0,0.0,0.0,3.0,0.0,0.0,,,,0.0,7492.0,4420.0,0.0,0.0,143.0,False,0.25,0.75,0.0,4.0,,,True,True,True,True,False,False
2000033515,2021-09,False,3.0,3.0,6.0,0.0,0.0,3.0,0.0,0.0,,,,2412.0,9756.0,4420.0,0.0,0.0,2.0,False,0.3333333333333333,0.6666666666666666,0.0,6.0,,,True,True,True,True,False,False
2000033515,2021-11,False,0.0,6.0,6.0,0.0,0.0,3.0,0.0,0.0,,,,3080.0,3080.0,1560.0,0.0,0.0,35.0,False,0.6666666666666666,0.3333333333333333,0.0,6.0,,,True,True,True,True,False,False
2000033515,2021-12,False,2.0,5.0,8.0,0.0,0.0,3.0,0.0,0.0,,,,2592.0,5004.0,1776.0,0.0,0.0,15.0,False,0.75,0.25,0.0,8.0,,,True,True,True,True,False,False
2000033515,2022-02,False,0.0,3.0,9.0,0.0,0.0,3.0,0.0,0.0,,,,2184.0,5264.0,1776.0,0.0,0.0,34.0,False,0.7777777777777778,0.2222222222222222,0.0,9.0,,,True,True,True,True,False,False
2000033515,2022-03,False,2.0,3.0,8.0,0.0,0.0,3.0,0.0,0.0,,,,5972.0,8564.0,3640.0,0.0,0.0,6.0,False,0.75,0.25,0.0,8.0,,,True,True,True,True,False,False
2000033515,2022-04,False,4.0,6.0,9.0,0.0,0.0,3.0,0.0,0.0,,,,364651.01,366835.01,358531.0,0.0,0.0,10.0,False,0.3333333333333333,0.6666666666666666,0.0,9.0,,,True,True,True,True,False,False
2000033515,2022-05,False,8.0,14.0,17.0,0.0,0.0,3.0,0.0,0.0,,,,369547.01,371731.01,358531.0,0.0,0.0,13.0,False,0.17647058823529413,0.8235294117647058,0.0,17.0,,,True,True,True,True,False,False
2000033515,2022-11,False,0.0,0.0,2.0,0.0,1.0,4.0,0.0,0.0,,,,0.0,520.0,260.0,0.0,0.0,174.0,False,0.5,0.5,0.0,2.0,,,True,True,True,True,False,False
2000033515,2023-04,False,0.0,0.0,1.0,0.0,0.0,3.0,0.0,0.0,,,,0.0,148.0,148.0,0.0,0.0,135.0,False,0.0,1.0,0.0,1.0,,,True,True,True,True,False,False
2000033515,2023-07,False,0.0,1.0,1.0,0.0,0.0,3.0,0.0,0.0,,,,260.0,260.0,260.0,0.0,0.0,88.0,False,1.0,0.0,0.0,1.0,,,True,True,True,True,False,False
2000033515,2023-12,False,0.0,0.0,2.0,0.0,0.0,2.0,0.0,0.0,,,,0.0,816.0,520.0,0.0,0.0,142.0,False,0.0,1.0,0.0,2.0,,,True,True,True,True,False,False
2000033515,2025-05,False,0.0,0.0,0.0,0.0,0.0,0.0,0.0,0.0,,,,0.0,0.0,0.0,0.0,0.0,503.0,False,,,,0.0,,,True,True,True,True,False,True
2000033515,2025-12,False,0.0,0.0,0.0,0.0,0.0,0.0,0.0,0.0,,,,0.0,0.0,0.0,0.0,0.0,186.0,False,,,,0.0,,,True,True,True,True,False,True
2000033515,2026-01,False,2.0,2.0,2.0,0.0,0.0,3.0,0.0,0.0,,,,1632.0,1632.0,1040.0,0.0,0.0,6.0,False,0.0,1.0,0.0,2.0,,,True,True,True,True,False,False
2000033516,2025-04,False,0.0,0.0,0.0,0.0,0.0,0.0,0.0,0.0,,,,0.0,0.0,0.0,0.0,0.0,,False,,,,0.0,,,True,True,True,True,True,True
2000033516,2025-05,False,0.0,0.0,0.0,0.0,0.0,0.0,-17.0,-17.0,,,,0.0,0.0,0.0,0.0,0.0,,False,,,,0.0,,,True,True,True,True,True,True
2000033518,2019-06,False,0.0,0.0,0.0,0.0,0.0,0.0,0.0,0.0,,,,0.0,0.0,0.0,0.0,0.0,,False,,,,0.0,,,True,True,True,True,True,True
2000033518,2019-10,False,0.0,0.0,1.0,0.0,0.0,3.0,0.0,0.0,,,,0.0,67.94,67.94,0.0,0.0,98.0,False,1.0,0.0,0.0,1.0,,,True,True,True,True,False,False
2000033518,2020-08,False,0.0,0.0,0.0,0.0,0.0,0.0,0.0,0.0,,,,0.0,0.0,0.0,0.0,0.0,285.0,False,,,,0.0,,,True,True,True,True,False,True
2000033518,2020-10,False,0.0,1.0,1.0,0.0,0.0,2.0,0.0,0.0,,,,102.88,102.88,102.88,0.0,0.0,34.0,False,0.0,1.0,0.0,1.0,,,True,True,True,True,False,False
2000033518,2020-11,False,1.0,2.0,2.0,0.0,0.0,3.0,0.0,0.0,,,,231.47,231.47,128.59,0.0,0.0,20.0,False,0.0,1.0,0.0,2.0,,,True,True,True,True,False,False
2000033518,2021-03,False,0.0,0.0,2.0,0.0,0.0,3.0,0.0,0.0,,,,0.0,231.47,128.59,0.0,0.0,104.0,False,0.0,1.0,0.0,2.0,,,True,True,True,True,False,False
2000033518,2021-04,False,1.0,1.0,3.0,0.0,0.0,3.0,0.0,0.0,,,,35.98,267.45,128.59,0.0,0.0,17.0,False,0.0,0.6666666666666666,0.3333333333333333,2.0,,,True,True,True,True,False,False
2000033518,2021-09,False,0.0,0.0,2.0,0.0,0.0,3.0,0.0,0.0,,,,0.0,35.989999999999995,35.98,0.0,0.0,128.0,False,0.0,0.5,0.5,1.0,,,True,True,True,True,False,False
2000033518,2021-11,False,0.0,2.0,2.0,0.0,0.0,2.0,0.0,0.0,,,,209.98,209.98,209.98,0.0,0.0,35.0,False,1.0,0.0,0.0,2.0,,,True,True,True,True,False,False
2000033518,2024-01,False,0.0,0.0,0.0,0.0,0.0,0.0,0.0,0.0,,,,0.0,0.0,0.0,0.0,0.0,783.0,False,,,,0.0,,,True,True,True,True,False,True
2000033518,2024-02,False,1.0,1.0,1.0,0.0,0.0,2.0,0.0,0.0,,,,29.53,29.53,29.53,0.0,0.0,14.0,False,0.0,1.0,0.0,1.0,,,True,True,True,True,False,False
2000033518,2025-04,False,0.0,0.0,0.0,0.0,0.0,0.0,0.0,0.0,,,,0.0,0.0,0.0,0.0,0.0,425.0,False,,,,0.0,,,True,True,True,True,False,True
2000033524,2019-05,False,0.0,0.0,0.0,0.0,0.0,0.0,0.0,0.0,,,,0.0,0.0,0.0,0.0,0.0,,False,,,,0.0,,,True,True,True,True,True,True
2000033524,2019-09,False,0.0,0.0,1.0,0.0,0.0,3.0,0.0,0.0,,,,0.0,6041.84,6041.84,0.0,0.0,117.0,False,0.0,0.0,1.0,0.0,,,True,True,True,True,False,False
2000033524,2019-11,False,0.0,1.0,2.0,1.0,1.0,4.0,0.0,0.0,,,,8243.9,14285.74,8243.9,0.0,0.0,58.0,True,0.5,0.0,0.5,1.0,,,True,True,True,True,False,False
2000033524,2020-05,False,0.0,0.0,1.0,0.0,0.0,3.0,0.0,0.0,,,,0.0,36251.04,36251.04,0.0,0.0,162.0,False,1.0,0.0,0.0,1.0,,,True,True,True,True,False,False
2000033524,2020-06,False,2.0,2.0,2.0,0.0,0.0,2.0,0.0,0.0,,,,14285.74,14285.74,8243.9,0.0,0.0,6.0,False,1.0,0.0,0.0,2.0,,,True,True,True,True,False,False
2000033524,2020-07,False,1.0,3.0,3.0,1.0,1.0,4.0,0.0,0.0,,,,146188.13999999998,146188.13999999998,131902.4,0.0,0.0,26.0,True,1.0,0.0,0.0,3.0,,,True,True,True,True,False,False
2000033524,2020-08,False,1.0,4.0,4.0,1.0,1.0,4.0,0.0,0.0,,,,152229.97999999998,152229.97999999998,131902.4,0.0,0.0,8.0,True,1.0,0.0,0.0,4.0,,,True,True,True,True,False,False
2000033524,2020-09,False,5.0,7.0,9.0,1.0,1.0,4.0,0.0,0.0,,,,251101.47999999998,265387.22,131902.4,1.0,1.0,12.0,True,0.8888888888888888,0.0,0.1111111111111111,8.0,,,True,True,True,True,False,False
2000033524,2020-10,False,9.0,15.0,18.0,0.0,1.0,4.0,0.0,0.0,,,,193394.18,339582.31999999995,131902.4,1.0,1.0,16.0,False,0.8888888888888888,0.0,0.1111111111111111,16.0,,,True,True,True,True,False,False
2000033524,2020-11,False,1.0,15.0,19.0,1.0,2.0,4.0,0.0,0.0,,,,203840.13999999998,356070.12,131902.4,1.0,1.0,25.0,True,0.8947368421052632,0.0,0.10526315789473684,17.0,,,True,True,True,True,False,False
2000033524,2021-02,False,0.0,1.0,16.0,0.0,1.0,4.0,0.0,0.0,,,,16487.8,220327.94,90627.6,0.0,1.0,69.0,False,0.875,0.0,0.125,14.0,,,True,True,True,True,False,False
2000033524,2021-03,False,1.0,1.0,12.0,0.0,1.0,4.0,0.0,0.0,,,,8243.9,115414.59999999999,16487.8,0.0,0.0,26.0,False,0.8333333333333334,0.08333333333333333,0.08333333333333333,11.0,,,True,True,True,True,False,False
2000033524,2021-04,False,2.0,3.0,5.0,0.0,1.0,4.0,0.0,0.0,,,,24731.699999999997,57707.299999999996,16487.8,0.0,0.0,12.0,False,0.8,0.2,0.0,5.0,,,True,True,True,True,False,False
2000033524,2021-05,False,4.0,7.0,8.0,0.0,0.0,3.0,0.0,0.0,,,,41219.5,57707.3,16487.8,2.0,2.0,8.0,False,0.625,0.125,0.25,6.0,,,True,True,True,True,False,False
2000033524,2021-06,False,2.0,8.0,9.0,0.0,0.0,3.0,0.0,0.0,,,,47261.34,55505.24,8243.9,2.0,2.0,27.0,False,0.6666666666666666,0.1111111111111111,0.2222222222222222,7.0,,,True,True,True,True,False,False
2000033524,2021-07,False,1.0,7.0,10.0,0.0,0.0,3.0,0.0,0.0,,,,39017.44,63749.14,8243.9,2.0,2.0,16.0,False,0.7,0.1,0.2,8.0,,,True,True,True,True,False,False
2000033524,2021-08,False,3.0,6.0,13.0,0.0,0.0,3.0,0.0,0.0,,,,47261.34,88480.84,8243.9,0.0,2.0,25.0,False,0.7692307692307693,0.07692307692307693,0.15384615384615385,11.0,,,True,True,True,True,False,False
2000033524,2022-01,False,0.0,0.0,6.0,0.0,0.0,3.0,0.0,0.0,,,,0.0,41473.95999999999,8243.9,0.0,0.0,134.0,False,0.6666666666666666,0.3333333333333333,0.0,6.0,,,True,True,True,True,False,False
2000033524,2022-03,False,0.0,1.0,1.0,0.0,0.0,2.0,0.0,0.0,,,,8243.900000000003,8243.9,8243.9,0.0,0.0,34.0,False,1.0,0.0,0.0,1.0,,,True,True,True,True,False,False
2000033524,2022-04,False,2.0,3.0,3.0,0.0,0.0,2.0,0.0,0.0,,,,24731.700000000004,24731.699999999997,8243.9,0.0,0.0,1.0,False,1.0,0.0,0.0,3.0,,,True,True,True,True,False,False
2000033524,2022-05,False,3.0,5.0,6.0,0.0,0.0,3.0,0.0,0.0,,,,33063.380000000005,41307.28,8243.9,0.0,0.0,9.0,False,1.0,0.0,0.0,6.0,,,True,True,True,True,False,False
2000033524,2022-06,False,2.0,7.0,8.0,0.0,0.0,3.0,0.0,0.0,,,,49551.18,57795.08,8243.9,0.0,0.0,1.0,False,1.0,0.0,0.0,8.0,,,True,True,True,True,False,False
2000033524,2022-08,False,0.0,5.0,10.0,0.0,0.0,3.0,0.0,0.0,,,,34613.32000000001,67676.70000000001,8243.9,0.0,0.0,34.0,False,0.7,0.3,0.0,10.0,,,True,True,True,True,False,False
2000033524,2022-09,False,1.0,4.0,11.0,0.0,0.0,3.0,0.0,0.0,,,,26369.420000000006,75920.6,8243.9,0.0,0.0,13.0,False,0.6363636363636364,0.36363636363636365,0.0,11.0,,,True,True,True,True,False,False
2000033524,2022-10,False,1.0,2.0,10.0,0.0,0.0,3.0,0.0,0.0,,,,16487.800000000003,67676.70000000001,8243.9,0.0,0.0,5.0,False,0.6,0.4,0.0,10.0,,,True,True,True,True,False,False
2000033524,2023-01,False,0.0,2.0,4.0,0.0,0.0,3.0,0.0,0.0,,,,8243.900000000003,24731.700000000004,8243.9,1.0,1.0,68.0,False,0.5,0.25,0.25,3.0,,,True,True,True,True,False,False
2000033524,2023-02,False,1.0,1.0,5.0,0.0,0.0,3.0,0.0,0.0,,,,8243.900000000003,32975.600000000006,8243.9,0.0,1.0,20.0,False,0.6,0.2,0.2,4.0,,,True,True,True,True,False,False
2000033524,2023-03,False,2.0,3.0,6.0,0.0,0.0,3.0,0.0,0.0,,,,28571.480000000003,45059.28,12083.68,0.0,1.0,1.0,False,0.6666666666666666,0.16666666666666666,0.16666666666666666,5.0,,,True,True,True,True,False,False
2000033524,2023-04,False,4.0,7.0,9.0,0.0,0.0,3.0,0.0,0.0,,,,59345.020000000004,67588.92000000001,12083.68,0.0,1.0,1.0,False,0.5555555555555556,0.3333333333333333,0.1111111111111111,8.0,,,True,True,True,True,False,False
2000033524,2023-05,False,2.0,8.0,9.0,0.0,0.0,3.0,0.0,0.0,,,,67588.92,75832.82,12083.68,0.0,0.0,28.0,False,0.6666666666666666,0.3333333333333333,0.0,9.0,,,True,True,True,True,False,False
2000033524,2023-07,False,0.0,4.0,11.0,0.0,0.0,3.0,0.0,0.0,,,,30773.54,90118.56000000001,12083.68,0.0,0.0,31.0,False,0.7272727272727273,0.2727272727272727,0.0,11.0,,,True,True,True,True,False,False
2000033524,2023-08,False,1.0,3.0,11.0,0.0,0.0,3.0,0.0,0.0,,,,22529.64,90118.56,12083.68,0.0,0.0,6.0,False,0.7272727272727273,0.2727272727272727,0.0,11.0,,,True,True,True,True,False,False
2000033524,2023-09,False,4.0,5.0,13.0,0.0,0.0,3.0,0.0,0.0,,,,36815.38,98362.46,8243.9,0.0,0.0,4.0,False,0.8461538461538461,0.15384615384615385,0.0,13.0,,,True,True,True,True,False,False
2000033524,2023-11,False,0.0,6.0,9.0,0.0,0.0,3.0,0.0,0.0,,,,42857.22,65386.86,8243.9,0.0,0.0,48.0,False,1.0,0.0,0.0,9.0,,,True,True,True,True,False,False
2000033524,2023-12,False,1.0,3.0,8.0,0.0,0.0,3.0,0.0,0.0,,,,22529.640000000003,59345.020000000004,8243.9,0.0,0.0,25.0,False,1.0,0.0,0.0,8.0,,,True,True,True,True,False,False
2000033524,2024-01,False,2.0,3.0,10.0,0.0,0.0,3.0,0.0,0.0,,,,24731.700000000004,75832.82,8243.9,0.0,0.0,24.0,False,1.0,0.0,0.0,10.0,,,True,True,True,True,False,False
2000033524,2024-02,False,4.0,7.0,13.0,0.0,0.0,3.0,0.0,0.0,,,,288536.5,331393.72,239073.1,0.0,0.0,1.0,False,0.8461538461538461,0.15384615384615385,0.0,13.0,,,True,True,True,True,False,False
2000033524,2024-04,False,0.0,7.0,10.0,0.0,0.0,3.0,0.0,0.0,,,,288536.5,313268.2,239073.1,0.0,0.0,33.0,False,0.8,0.2,0.0,10.0,,,True,True,True,True,False,False
2000033524,2024-05,False,3.0,6.0,13.0,0.0,0.0,3.0,0.0,0.0,,,,49463.399999999994,337999.9,239073.1,0.0,0.0,1.0,False,0.8461538461538461,0.15384615384615385,0.0,13.0,,,True,True,True,True,False,False
2000033524,2024-07,False,0.0,8.0,15.0,0.0,0.0,3.0,0.0,0.0,,,,65951.2,354487.70000000007,239073.1,0.0,0.0,46.0,False,0.8666666666666667,0.13333333333333333,0.0,15.0,,,True,True,True,True,False,False
2000033524,2024-08,False,1.0,6.0,12.0,0.0,0.0,3.0,0.0,0.0,,,,49463.4,98926.80000000005,8243.9,0.0,0.0,3.0,False,1.0,0.0,0.0,12.0,,,True,True,True,True,False,False
2000033524,2024-09,False,3.0,4.0,12.0,0.0,0.0,3.0,0.0,0.0,,,,28571.480000000003,94522.68000000005,8243.9,0.0,0.0,9.0,False,0.8333333333333334,0.08333333333333333,0.08333333333333333,11.0,,,True,True,True,True,False,False
2000033524,2024-10,False,1.0,5.0,13.0,0.0,0.0,3.0,0.0,0.0,,,,36815.380000000005,102766.58000000006,8243.9,0.0,0.0,12.0,False,0.8461538461538461,0.07692307692307693,0.07692307692307693,12.0,,,True,True,True,True,False,False
2000033524,2024-11,False,5.0,9.0,15.0,0.0,0.0,3.0,0.0,0.0,,,,63184.8,112648.20000000007,8243.9,0.0,0.0,3.0,False,0.8,0.13333333333333333,0.06666666666666667,14.0,,,True,True,True,True,False,False
2000033524,2024-12,False,1.0,7.0,11.0,0.0,0.0,3.0,0.0,0.0,,,,51101.12,79672.60000000006,8243.9,0.0,0.0,17.0,False,0.7272727272727273,0.18181818181818182,0.09090909090909091,10.0,,,True,True,True,True,False,False
2000033524,2025-01,False,3.0,9.0,14.0,0.0,0.0,3.0,0.0,0.0,,,,65386.86,102202.24000000006,8243.9,0.0,0.0,6.0,False,0.7857142857142857,0.14285714285714285,0.07142857142857142,13.0,,,True,True,True,True,False,False
2000033524,2025-02,False,2.0,6.0,15.0,0.0,0.0,3.0,0.0,0.0,,,,47261.34,110446.14000000007,8243.9,0.0,0.0,1.0,False,0.8,0.13333333333333333,0.06666666666666667,14.0,,,True,True,True,True,False,False
2000033524,2025-03,False,2.0,7.0,14.0,0.0,0.0,3.0,0.0,0.0,,,,55505.24,106606.36000000004,8243.9,0.0,0.0,22.0,False,0.9285714285714286,0.07142857142857142,0.0,14.0,,,True,True,True,True,False,False
2000033524,2025-04,False,2.0,6.0,15.0,0.0,0.0,3.0,21.0,21.0,0.2857142857142857,0.0,2250.54,47261.34,112648.20000000006,8243.9,0.0,0.0,6.0,False,0.9333333333333333,0.06666666666666667,0.0,15.0,,,False,False,False,False,False,False
2000033524,2025-05,False,0.0,4.0,10.0,0.0,0.0,3.0,49.0,49.0,0.08163265306122448,0.0,628.0314285714286,30773.54,78034.88000000006,8243.9,0.0,0.0,36.0,False,1.0,0.0,0.0,10.0,,,False,False,False,False,False,False
2000033524,2025-06,False,5.0,7.0,14.0,0.0,0.0,3.0,58.0,58.0,0.1206896551724138,0.0,881.0537931034482,51101.119999999995,106606.36000000004,8243.9,0.0,0.0,10.0,False,0.9285714285714286,0.07142857142857142,0.0,14.0,,,False,False,False,False,False,False
2000033524,2025-07,False,1.0,6.0,12.0,0.0,0.0,3.0,55.0,76.0,0.10909090909090909,0.0,779.2221818181819,42857.22,90118.56000000006,8243.9,0.0,0.0,27.0,False,0.9166666666666666,0.08333333333333333,0.0,12.0,-0.17662337662337663,0.0,False,False,False,False,False,False
2000033524,2025-08,False,1.0,7.0,11.0,0.0,0.0,3.0,42.0,91.0,0.16666666666666666,0.0,1164.2633333333335,48899.060000000005,79672.60000000005,8243.9,0.0,0.0,2.0,False,0.8181818181818182,0.18181818181818182,0.0,11.0,0.08503401360544217,0.0,False,False,False,False,False,False
2000033524,2025-09,False,1.0,3.0,10.0,0.0,0.0,3.0,49.0,107.0,0.061224489795918366,0.0,414.84857142857163,20327.58000000001,71428.70000000006,8243.9,0.0,0.0,11.0,False,0.8,0.2,0.0,10.0,-0.05946516537649543,0.0,False,False,False,False,False,False
2000033524,2025-10,False,1.0,3.0,9.0,0.0,0.0,3.0,40.0,95.0,0.075,0.0,563.2410000000002,22529.640000000007,65386.86000000006,8243.9,0.0,0.0,16.0,False,0.7777777777777778,0.2222222222222222,0.0,9.0,-0.03409090909090909,0.0,False,False,False,False,False,False
2000033524,2025-11,False,2.0,4.0,11.0,0.0,0.0,3.0,25.0,67.0,0.16,0.0,1472.6152000000002,36815.380000000005,85714.44000000006,12083.68,0.0,0.0,3.0,False,0.7272727272727273,0.2727272727272727,0.0,11.0,-0.006666666666666654,0.0,False,False,False,False,False,False
2000034089,2025-05,False,0.0,0.0,0.0,0.0,0.0,0.0,0.0,0.0,,,,0.0,0.0,0.0,0.0,0.0,,False,,,,0.0,,,True,True,True,True,True,True
2000034091,2019-04,False,0.0,0.0,0.0,0.0,0.0,0.0,0.0,0.0,,,,0.0,0.0,0.0,0.0,0.0,,False,,,,0.0,,,True,True,True,True,True,True
2000034091,2019-05,False,5.0,5.0,5.0,5.0,5.0,4.0,0.0,0.0,,,,43281.4,43281.4,27855.54,0.0,0.0,2.0,True,0.0,0.0,1.0,0.0,,,True,True,True,True,False,False
2000034091,2019-06,False,15.0,20.0,20.0,7.0,7.0,4.0,0.0,0.0,,,,199657.74,199657.74,51511.67,0.0,0.0,1.0,True,0.1,0.0,0.9,2.0,,,True,True,True,True,False,False
2000034091,2019-07,False,16.0,36.0,36.0,7.0,7.0,4.0,0.0,0.0,,,,336775.79,336775.79,63330.1,0.0,0.0,4.0,True,0.08333333333333333,0.0,0.9166666666666666,3.0,,,True,True,True,True,False,False
2000034091,2019-08,False,17.0,48.0,53.0,3.0,8.0,4.0,0.0,0.0,,,,393369.76999999996,436651.17,63330.1,0.0,0.0,2.0,True,0.20754716981132076,0.07547169811320754,0.7169811320754716,15.0,,,True,True,True,True,False,False
2000034091,2019-09,False,12.0,45.0,65.0,1.0,8.0,4.0,0.0,0.0,,,,272755.20999999996,472412.94999999995,63330.1,0.0,0.0,2.0,True,0.24615384615384617,0.07692307692307693,0.676923076923077,21.0,,,True,True,True,True,False,False
2000034091,2019-10,False,10.0,39.0,75.0,2.0,9.0,4.0,0.0,0.0,,,,231491.22,568267.01,63330.1,0.0,0.0,4.0,True,0.28,0.10666666666666667,0.6133333333333333,29.0,,,True,True,True,True,False,False
2000034091,2019-11,False,14.0,36.0,84.0,2.0,5.0,4.0,0.0,0.0,,,,187751.83000000002,581121.6,63330.1,0.0,0.0,3.0,True,0.36904761904761907,0.11904761904761904,0.5119047619047619,41.0,,,True,True,True,True,False,False
2000034091,2019-12,False,13.0,37.0,82.0,2.0,3.0,4.0,0.0,0.0,,,,324897.25,597652.46,63330.1,0.0,0.0,6.0,True,0.4268292682926829,0.18292682926829268,0.3902439024390244,50.0,,,True,True,True,True,False,False
2000034091,2020-01,False,24.0,51.0,90.0,1.0,3.0,4.0,0.0,0.0,,,,321682.82000000007,553174.04,44152.86,0.0,0.0,2.0,True,0.4777777777777778,0.23333333333333334,0.28888888888888886,64.0,,,True,True,True,True,False,False
2000034091,2020-02,False,23.0,60.0,96.0,0.0,2.0,4.0,0.0,0.0,,,,726668.14,914419.97,63330.1,1.0,1.0,1.0,False,0.53125,0.21875,0.25,72.0,,,True,True,True,True,False,False
2000034091,2020-03,False,25.0,72.0,109.0,0.0,2.0,4.0,0.0,0.0,,,,707384.44,1032281.69,63330.1,1.0,1.0,3.0,False,0.5688073394495413,0.24770642201834864,0.1834862385321101,89.0,,,True,True,True,True,False,False
2000034091,2020-04,False,2.0,50.0,101.0,0.0,1.0,4.0,0.0,0.0,,,,620934.93,942617.7500000001,63330.1,1.0,1.0,16.0,False,0.5841584158415841,0.2376237623762376,0.1782178217821782,83.0,,,True,True,True,True,False,False
2000034091,2020-05,False,6.0,33.0,93.0,0.0,0.0,3.0,0.0,0.0,,,,173671.14,900339.28,63330.1,0.0,1.0,7.0,False,0.5376344086021505,0.2903225806451613,0.17204301075268819,77.0,,,True,True,True,True,False,False
2000034091,2020-06,False,3.0,11.0,83.0,0.0,0.0,3.0,0.0,0.0,,,,25671.17,733055.61,63330.1,1.0,2.0,4.0,False,0.5542168674698795,0.26506024096385544,0.18072289156626506,68.0,,,True,True,True,True,False,False
2000034091,2020-07,False,22.0,31.0,81.0,0.0,0.0,3.0,0.0,0.0,,,,768444.8200000001,1389379.75,253320.4,1.0,2.0,2.0,False,0.6172839506172839,0.25925925925925924,0.12345679012345678,71.0,,,True,True,True,True,False,False
2000034091,2020-08,False,22.0,47.0,80.0,0.0,0.0,3.0,0.0,0.0,,,,1057537.75,1231208.89,253320.4,1.0,1.0,2.0,False,0.5,0.2625,0.2375,61.0,,,True,True,True,True,False,False
2000034091,2020-09,False,13.0,57.0,68.0,0.0,0.0,3.0,0.0,0.0,,,,1137091.15,1162762.3199999998,253320.4,0.0,1.0,7.0,False,0.5,0.25,0.25,51.0,,,True,True,True,True,False,False
2000034091,2020-10,False,29.0,64.0,95.0,0.0,0.0,3.0,0.0,0.0,,,,458870.46,1227315.28,253320.4,0.0,1.0,1.0,False,0.4842105263157895,0.18947368421052632,0.3263157894736842,64.0,,,True,True,True,True,False,False
2000034091,2020-11,False,27.0,69.0,116.0,0.0,0.0,3.0,0.0,0.0,,,,590323.39,1647861.1400000001,253320.4,0.0,1.0,2.0,False,0.5,0.1724137931034483,0.3275862068965517,78.0,,,True,True,True,True,False,False
2000034091,2020-12,False,23.0,79.0,136.0,0.0,0.0,3.0,0.0,0.0,,,,865008.0800000001,2002099.23,253320.4,0.0,0.0,1.0,False,0.47794117647058826,0.16911764705882354,0.35294117647058826,88.0,,,True,True,True,True,False,False
2000034091,2021-01,False,28.0,78.0,142.0,0.0,0.0,3.0,0.0,0.0,,,,1037349.99,1496220.45,126660.2,1.0,1.0,2.0,False,0.49295774647887325,0.14788732394366197,0.3591549295774648,91.0,,,True,True,True,True,False,False
2000034091,2021-02,False,26.0,77.0,146.0,0.0,0.0,3.0,0.0,0.0,,,,721206.73,1311530.12,126660.2,1.0,1.0,2.0,False,0.547945205479452,0.1780821917808219,0.273972602739726,106.0,,,True,True,True,True,False,False
2000034091,2021-03,False,38.0,92.0,171.0,3.0,3.0,4.0,0.0,0.0,,,,668477.0700000001,1533485.15,126660.2,1.0,1.0,4.0,True,0.5906432748538012,0.1695906432748538,0.23976608187134502,130.0,,,True,True,True,True,False,False
2000034091,2021-04,False,48.0,112.0,190.0,4.0,4.0,4.0,0.0,0.0,,,,713767.88,1751117.87,126660.2,0.0,1.0,2.0,True,0.6526315789473685,0.18421052631578946,0.1631578947368421,159.0,,,True,True,True,True,False,False
2000034091,2021-05,False,51.0,137.0,214.0,4.0,4.0,4.0,0.0,0.0,,,,1354664.37,2075871.0999999999,63330.1,1.0,2.0,1.0,True,0.7009345794392523,0.1588785046728972,0.14018691588785046,184.0,,,True,True,True,True,False,False
2000034091,2021-06,False,49.0,148.0,240.0,1.0,4.0,4.0,0.0,0.0,,,,2007143.01,2675620.08,126660.2,1.0,2.0,4.0,True,0.7375,0.17083333333333334,0.09166666666666666,218.0,,,True,True,True,True,False,False
2000034091,2021-07,False,32.0,132.0,244.0,1.0,5.0,4.0,0.0,0.0,,,,2389568.61,3103336.4899999998,126660.2,1.0,1.0,2.0,True,0.7295081967213115,0.20491803278688525,0.06557377049180328,228.0,,,True,True,True,True,False,False
2000034091,2021-08,False,48.0,129.0,266.0,1.0,5.0,4.0,0.0,0.0,,,,1992356.1700000002,3347020.54,126660.2,0.0,1.0,2.0,True,0.7368421052631579,0.18421052631578946,0.07894736842105263,245.0,,,True,True,True,True,False,False
2000034091,2021-09,False,41.0,121.0,269.0,3.0,4.0,4.0,0.0,0.0,,,,1867015.1300000001,3874158.14,358531.0,0.0,1.0,1.0,True,0.7434944237918215,0.1821561338289963,0.07434944237918216,249.0,,,True,True,True,True,False,False
2000034091,2021-10,False,69.0,158.0,290.0,3.0,4.0,4.0,0.0,0.0,,,,2441553.02,4831121.63,358531.0,0.0,1.0,1.0,True,0.7724137931034483,0.15862068965517243,0.06896551724137931,270.0,,,True,True,True,True,False,False
2000034091,2021-11,False,58.0,168.0,297.0,6.0,7.0,4.0,0.0,0.0,,,,2831096.92,4823453.09,358531.0,4.0,4.0,3.0,True,0.7643097643097643,0.1717171717171717,0.06397306397306397,278.0,,,True,True,True,True,False,False
2000034091,2021-12,False,52.0,179.0,300.0,9.0,12.0,4.0,0.0,0.0,,,,2878008.65,4745023.78,358531.0,8.0,8.0,1.0,True,0.7633333333333333,0.15333333333333332,0.08333333333333333,275.0,,,True,True,True,True,False,False
2000034091,2022-01,False,31.0,141.0,299.0,8.0,11.0,4.0,0.0,0.0,,,,2070552.48,4512105.5,358531.0,8.0,8.0,17.0,True,0.7725752508361204,0.12709030100334448,0.10033444816053512,269.0,,,True,True,True,True,False,False
2000034091,2022-02,False,33.0,116.0,284.0,5.0,11.0,4.0,0.0,0.0,,,,1955349.3200000003,4786446.24,358531.0,4.0,8.0,1.0,True,0.7852112676056338,0.1056338028169014,0.10915492957746478,253.0,,,True,True,True,True,False,False
2000034091,2022-03,False,53.0,117.0,296.0,1.0,10.0,4.0,0.0,0.0,,,,1647448.04,4525456.69,126660.2,0.0,8.0,4.0,True,0.7635135135135135,0.0945945945945946,0.14189189189189189,254.0,,,True,True,True,True,False,False
2000034091,2022-04,False,49.0,135.0,276.0,4.0,12.0,4.0,0.0,0.0,,,,1544942.05,3615494.5300000003,126660.2,1.0,9.0,1.0,True,0.677536231884058,0.10144927536231885,0.2210144927536232,215.0,,,True,True,True,True,False,False
2000034091,2022-05,False,33.0,135.0,251.0,4.0,9.0,4.0,0.0,0.0,,,,1254125.46,3209474.7800000003,126660.2,1.0,5.0,5.0,True,0.6454183266932271,0.07569721115537849,0.2788844621513944,181.0,,,True,True,True,True,False,False
2000034091,2022-06,False,37.0,119.0,236.0,4.0,5.0,4.0,0.0,0.0,,,,1025534.2,2672982.24,126660.2,2.0,2.0,1.0,True,0.5847457627118644,0.07627118644067797,0.3389830508474576,156.0,,,True,True,True,True,False,False
2000034091,2022-07,False,29.0,99.0,234.0,2.0,6.0,4.0,0.0,0.0,,,,1056360.94,2601302.99,63330.1,1.0,2.0,1.0,True,0.5384615384615384,0.0641025641025641,0.3974358974358974,141.0,,,True,True,True,True,False,False
2000034091,2022-08,False,28.0,94.0,229.0,3.0,7.0,4.0,0.0,0.0,,,,1132398.81,2386524.27,126660.2,1.0,2.0,4.0,True,0.4497816593886463,0.08733624454148471,0.462882096069869,123.0,,,True,True,True,True,False,False
2000034091,2022-09,False,13.0,70.0,189.0,2.0,6.0,4.0,0.0,0.0,,,,1049512.94,2075047.1400000001,126660.2,0.0,2.0,3.0,True,0.3968253968253968,0.08465608465608465,0.5185185185185185,91.0,,,True,True,True,True,False,False
2000034091,2022-10,False,15.0,56.0,155.0,1.0,3.0,4.0,0.0,0.0,,,,1011336.7200000001,2067697.6600000001,126660.2,0.0,1.0,2.0,True,0.4129032258064516,0.0967741935483871,0.49032258064516127,79.0,,,True,True,True,True,False,False
2000034091,2022-11,False,10.0,38.0,132.0,0.0,3.0,4.0,0.0,0.0,,,,667487.24,1799886.05,126660.2,0.0,1.0,1.0,False,0.4090909090909091,0.10606060606060606,0.48484848484848486,68.0,,,True,True,True,True,False,False
2000034091,2022-12,False,2.0,27.0,97.0,0.0,2.0,4.0,0.0,0.0,,,,409271.94,1458784.88,126660.2,0.0,0.0,14.0,False,0.422680412371134,0.1134020618556701,0.4639175257731959,52.0,,,True,True,True,True,False,False
2000034091,2023-01,False,7.0,19.0,75.0,0.0,1.0,4.0,0.0,0.0,,,,85250.57999999999,1096587.3,126660.2,0.0,0.0,3.0,False,0.48,0.13333333333333333,0.38666666666666666,46.0,,,True,True,True,True,False,False
2000034091,2023-02,False,6.0,15.0,53.0,0.0,0.0,3.0,0.0,0.0,,,,15999.740000000002,683486.98,63330.1,0.0,0.0,1.0,False,0.7358490566037735,0.09433962264150944,0.16981132075471697,44.0,,,True,True,True,True,False,False
2000034091,2023-03,False,6.0,19.0,46.0,0.0,0.0,3.0,0.0,0.0,,,,28811.480000000003,438083.42000000004,63330.1,0.0,0.0,1.0,False,0.7391304347826086,0.13043478260869565,0.13043478260869565,40.0,,,True,True,True,True,False,False
2000034091,2023-04,False,21.0,33.0,52.0,0.0,0.0,3.0,0.0,0.0,,,,195148.4,280398.98,31665.05,0.0,0.0,1.0,False,0.8269230769230769,0.07692307692307693,0.09615384615384616,47.0,,,True,True,True,True,False,False
2000034091,2023-05,False,8.0,35.0,50.0,0.0,0.0,3.0,0.0,0.0,,,,226394.89,242394.63,31665.05,0.0,0.0,4.0,False,0.86,0.06,0.08,46.0,,,True,True,True,True,False,False
2000034091,2023-06,False,6.0,35.0,54.0,0.0,0.0,3.0,0.0,0.0,,,,217630.16,246441.64,31665.05,0.0,0.0,7.0,False,0.8703703703703703,0.037037037037037035,0.09259259259259259,49.0,,,True,True,True,True,False,False
2000034091,2023-07,False,8.0,22.0,55.0,0.0,0.0,3.0,0.0,0.0,,,,129187.41,324335.81,31665.05,0.0,0.0,15.0,False,0.9090909090909091,0.03636363636363636,0.05454545454545454,52.0,,,True,True,True,True,False,False
2000034091,2023-08,False,4.0,18.0,53.0,0.0,0.0,3.0,0.0,0.0,,,,90759.8,317154.69,31665.05,0.0,0.0,5.0,False,0.8867924528301887,0.05660377358490566,0.05660377358490566,50.0,,,True,True,True,True,False,False
2000034091,2023-09,False,3.0,15.0,50.0,0.0,0.0,3.0,0.0,0.0,,,,86906.66,304536.82,31665.05,0.0,0.0,18.0,False,0.9,0.04,0.06,47.0,,,True,True,True,True,False,False
2000034091,2023-10,False,12.0,19.0,41.0,0.0,0.0,3.0,0.0,0.0,,,,35704.4,164891.81,31665.05,0.0,0.0,2.0,False,0.8536585365853658,0.04878048780487805,0.0975609756097561,37.0,,,True,True,True,True,False,False
2000034091,2023-11,False,16.0,31.0,49.0,0.0,0.0,3.0,0.0,0.0,,,,139186.81,229946.61,31665.05,0.0,0.0,1.0,False,0.7959183673469388,0.14285714285714285,0.061224489795918366,46.0,,,True,True,True,True,False,False
2000034091,2023-12,False,19.0,47.0,62.0,0.0,0.0,3.0,0.0,0.0,,,,315768.87,402675.53,63330.1,0.0,0.0,9.0,False,0.7580645161290323,0.20967741935483872,0.03225806451612903,60.0,,,True,True,True,True,False,False
2000034091,2024-01,False,13.0,48.0,67.0,0.0,0.0,3.0,0.0,0.0,,,,398357.27999999997,434061.68,63330.1,0.0,0.0,6.0,False,0.6865671641791045,0.29850746268656714,0.014925373134328358,66.0,,,True,True,True,True,False,False
2000034091,2024-02,False,30.0,62.0,93.0,0.0,0.0,3.0,0.0,0.0,,,,557022.84,696209.6499999999,63330.1,0.0,0.0,1.0,False,0.6344086021505376,0.2903225806451613,0.07526881720430108,86.0,,,True,True,True,True,False,False
2000034091,2024-03,False,13.0,56.0,103.0,0.0,0.0,3.0,0.0,0.0,,,,724878.52,1040647.39,63330.1,0.0,0.0,4.0,False,0.6601941747572816,0.27184466019417475,0.06796116504854369,96.0,,,True,True,True,True,False,False
2000034091,2024-04,False,25.0,68.0,116.0,0.0,0.0,3.0,0.0,0.0,,,,1074821.5899999999,1473178.8699999999,63330.1,0.0,0.0,3.0,False,0.646551724137931,0.28448275862068967,0.06896551724137931,108.0,,,True,True,True,True,False,False
2000034091,2024-05,False,24.0,62.0,124.0,0.0,0.0,3.0,0.0,0.0,,,,1133922.31,1690945.15,94995.15,0.0,0.0,2.0,False,0.6854838709677419,0.24193548387096775,0.07258064516129033,115.0,,,True,True,True,True,False,False
2000034091,2024-06,False,19.0,68.0,124.0,0.0,0.0,3.0,0.0,0.0,,,,1049824.6,1774703.12,94995.15,0.0,0.0,1.0,False,0.6854838709677419,0.24193548387096775,0.07258064516129033,115.0,,,True,True,True,True,False,False
2000034091,2024-07,False,6.0,49.0,117.0,0.0,0.0,3.0,0.0,0.0,,,,631789.5499999999,1706611.14,94995.15,0.0,0.0,6.0,False,0.7264957264957265,0.19658119658119658,0.07692307692307693,108.0,,,True,True,True,True,False,False
2000034091,2024-08,False,36.0,61.0,123.0,0.0,0.0,3.0,0.0,0.0,,,,775915.11,1909837.42,94995.15,1.0,1.0,1.0,False,0.6829268292682927,0.2845528455284553,0.032520325203252036,119.0,,,True,True,True,True,False,False
2000034091,2024-09,False,11.0,53.0,121.0,0.0,0.0,3.0,0.0,0.0,,,,787229.1,1837053.7,126660.2,1.0,1.0,11.0,False,0.6694214876033058,0.2975206611570248,0.03305785123966942,117.0,,,True,True,True,True,False,False
2000034091,2024-10,False,33.0,80.0,129.0,0.0,0.0,3.0,0.0,0.0,,,,1004085.97,1635875.52,126660.2,1.0,1.0,2.0,False,0.7364341085271318,0.24806201550387597,0.015503875968992248,127.0,,,True,True,True,True,False,False
2000034091,2024-11,False,20.0,64.0,125.0,0.0,0.0,3.0,0.0,0.0,,,,778700.58,1554615.69,126660.2,0.0,1.0,4.0,False,0.712,0.28,0.008,124.0,,,True,True,True,True,False,False
2000034091,2024-12,False,14.0,67.0,120.0,0.0,0.0,3.0,0.0,0.0,,,,800983.8899999999,1588212.99,126660.2,0.0,1.0,10.0,False,0.725,0.26666666666666666,0.008333333333333333,119.0,,,True,True,True,True,False,False
2000034091,2025-01,False,23.0,57.0,137.0,0.0,0.0,3.0,0.0,0.0,,,,778821.84,1782907.8099999998,126660.2,0.0,1.0,1.0,False,0.6788321167883211,0.31386861313868614,0.0072992700729927005,136.0,,,True,True,True,True,False,False
2000034091,2025-02,False,28.0,65.0,129.0,0.0,0.0,3.0,0.0,0.0,,,,788760.2899999999,1567460.8699999999,126660.2,0.0,0.0,1.0,False,0.7829457364341085,0.21705426356589147,0.0,129.0,,,True,True,True,True,False,False
2000034091,2025-03,False,20.0,71.0,138.0,0.0,0.0,3.0,9212.0,9212.0,0.007707338254450717,0.0,75.94755536257055,699628.88,1500612.77,63330.1,0.0,0.0,1.0,False,0.782608695652174,0.21739130434782608,0.0,138.0,,,False,False,False,False,False,False
2000034091,2025-04,False,20.0,68.0,125.0,0.0,0.0,3.0,27372.0,27372.0,0.0024842905158556187,0.0,23.235658336986702,636006.4400000001,1414828.28,63330.1,0.0,0.0,6.0,False,0.744,0.256,0.0,125.0,,,False,False,False,False,False,False
2000034091,2025-05,False,30.0,70.0,135.0,0.0,0.0,3.0,39925.0,39925.0,0.0017532874139010645,0.0,19.609445209768314,782907.1,1571667.3899999997,63330.1,0.0,0.0,2.0,False,0.725925925925926,0.2740740740740741,0.0,135.0,,,False,False,False,False,False,False
2000034091,2025-06,False,17.0,67.0,138.0,0.0,0.0,3.0,42264.0,51476.0,0.0015852735188339958,0.0,19.50844548551959,824504.94,1524133.82,126660.2,0.0,0.0,2.0,False,0.717391304347826,0.2753623188405797,0.007246376811594203,137.0,-0.006122064735616721,0.0,False,False,False,False,False,False
2000034091,2025-07,False,25.0,72.0,140.0,0.0,0.0,3.0,24594.0,51966.0,0.002927543303244694,0.0,46.68876433276409,1148263.47,1784269.9100000001,126660.2,2.0,2.0,1.0,False,0.7785714285714286,0.2,0.02142857142857143,137.0,0.00044325278738907526,0.0,False,False,False,False,False,False
2000034091,2025-08,False,14.0,56.0,126.0,0.0,0.0,3.0,61223.0,101148.0,0.0009146889240971531,0.0,15.932589876353656,975440.95,1758348.05,126660.2,2.0,2.0,2.0,False,0.7936507936507936,0.18253968253968253,0.023809523809523808,123.0,-0.0008385984898039115,0.0,False,False,False,False,False,False
2000034091,2025-09,False,7.0,46.0,113.0,0.0,0.0,3.0,94844.58,137108.58000000002,0.0004850039928480889,0.0,9.136193444053418,866518.43,1691023.3699999999,126660.2,2.0,2.0,6.0,False,0.8053097345132744,0.168141592920354,0.02654867256637168,110.0,-0.0011002695259859068,0.0,False,False,False,False,False,False
2000034091,2025-10,False,15.0,36.0,108.0,0.0,0.0,3.0,106317.58,130911.58,0.0003386081586883373,0.0,5.518593256167042,586723.48,1734986.95,126660.2,0.0,2.0,1.0,False,0.7870370370370371,0.18518518518518517,0.027777777777777776,105.0,-0.0025889351445563566,0.0,False,False,False,False,False,False
2000034091,2025-11,False,10.0,32.0,88.0,0.0,0.0,3.0,92270.58,153493.58000000002,0.0003468061000591955,0.0,6.755974981407942,623377.73,1598818.68,189990.3,0.0,2.0,1.0,False,0.8295454545454546,0.13636363636363635,0.03409090909090909,85.0,-0.0005678828240379576,0.0,False,False,False,False,False,False
2000034091,2025-12,False,4.0,29.0,75.0,0.0,0.0,3.0,71962.0,166806.58000000002,0.00040299046719101747,0.0,8.90244976515383,640638.09,1507156.52,189990.3,0.0,2.0,10.0,False,0.8666666666666667,0.10666666666666667,0.02666666666666667,73.0,-8.201352565707145e-05,0.0,False,False,False,False,False,False
2000034091,2026-01,False,12.0,26.0,62.0,0.0,0.0,3.0,76497.0,182814.58000000002,0.00033988260977554674,0.0,7.352018902702067,562407.39,1149130.87,189990.3,0.0,0.0,13.0,False,0.8387096774193549,0.16129032258064516,0.0,62.0,1.2744510872094166e-06,0.0,False,False,False,False,False,False
2000034091,2026-02,False,12.0,28.0,60.0,0.0,0.0,3.0,52211.0,144481.58000000002,0.0005362854570875869,0.0,5.944038995613952,310344.22000000003,933721.9500000001,189990.3,0.0,0.0,11.0,False,0.8333333333333334,0.16666666666666666,0.0,60.0,0.00018947935702839144,0.0,False,False,False,False,False,False
2000034092,2019-06,False,0.0,0.0,0.0,0.0,0.0,0.0,0.0,0.0,,,,0.0,0.0,0.0,0.0,0.0,,False,,,,0.0,,,True,True,True,True,True,True
2000034092,2019-11,False,0.0,0.0,1.0,0.0,0.0,3.0,0.0,0.0,,,,0.0,27.44,27.44,0.0,0.0,137.0,False,0.0,1.0,0.0,1.0,,,True,True,True,True,False,False
2000034092,2020-07,False,0.0,0.0,0.0,0.0,0.0,0.0,0.0,0.0,,,,0.0,0.0,0.0,0.0,0.0,225.0,False,,,,0.0,,,True,True,True,True,False,True
2000034092,2020-09,False,0.0,3.0,3.0,0.0,0.0,3.0,0.0,0.0,,,,6620.679999999999,6620.679999999999,5761.28,0.0,0.0,36.0,False,0.6666666666666666,0.3333333333333333,0.0,3.0,,,True,True,True,True,False,False
2000034092,2020-10,False,1.0,4.0,4.0,0.0,0.0,3.0,0.0,0.0,,,,6690.629999999999,6690.629999999999,5761.28,0.0,0.0,10.0,False,0.5,0.5,0.0,4.0,,,True,True,True,True,False,False
2000034092,2021-02,False,0.0,0.0,4.0,0.0,0.0,3.0,0.0,0.0,,,,0.0,385.19,226.99,0.0,0.0,96.0,False,0.25,0.25,0.5,2.0,,,True,True,True,True,False,False
2000034092,2021-03,False,1.0,1.0,5.0,0.0,0.0,3.0,0.0,0.0,,,,44.12,429.31,226.99,0.0,0.0,17.0,False,0.2,0.4,0.4,3.0,,,True,True,True,True,False,False
2000034092,2021-04,False,2.0,3.0,6.0,0.0,0.0,3.0,0.0,0.0,,,,422.54,737.78,334.3,0.0,0.0,8.0,False,0.3333333333333333,0.3333333333333333,0.3333333333333333,4.0,,,True,True,True,True,False,False
2000034092,2021-05,False,2.0,5.0,5.0,0.0,0.0,3.0,0.0,0.0,,,,485.61,485.61,334.3,0.0,0.0,3.0,False,0.6,0.4,0.0,5.0,,,True,True,True,True,False,False
2000034092,2021-06,False,3.0,7.0,8.0,0.0,0.0,3.0,0.0,0.0,,,,6852.259999999999,6896.379999999999,6205.38,0.0,0.0,7.0,False,0.5,0.5,0.0,8.0,,,True,True,True,True,False,False
2000034092,2021-07,False,5.0,10.0,13.0,0.0,0.0,3.0,0.0,0.0,,,,6886.7699999999995,7309.3099999999995,6205.38,0.0,0.0,10.0,False,0.3076923076923077,0.6923076923076923,0.0,13.0,,,True,True,True,True,False,False
2000034092,2021-08,False,2.0,10.0,15.0,0.0,0.0,3.0,0.0,0.0,,,,6911.94,7397.549999999999,6205.38,0.0,0.0,11.0,False,0.26666666666666666,0.6666666666666666,0.06666666666666667,14.0,,,True,True,True,True,False,False
2000034092,2021-09,False,4.0,11.0,18.0,0.0,0.0,3.0,0.0,0.0,,,,1130.23,7982.489999999999,6205.38,0.0,0.0,2.0,False,0.2777777777777778,0.6666666666666666,0.05555555555555555,17.0,,,True,True,True,True,False,False
2000034092,2021-11,False,0.0,5.0,15.0,0.0,0.0,3.0,0.0,0.0,,,,796.2099999999999,7708.15,6205.38,0.0,0.0,59.0,False,0.13333333333333333,0.7333333333333333,0.13333333333333333,13.0,,,True,True,True,True,False,False
2000034092,2022-01,False,0.0,1.0,8.0,0.0,0.0,3.0,0.0,0.0,,,,36.95,921.3999999999999,179.64,0.0,0.0,45.0,False,0.25,0.5,0.25,6.0,,,True,True,True,True,False,False
2000034092,2022-03,False,0.0,2.0,4.0,0.0,0.0,3.0,0.0,0.0,,,,88.49,292.59000000000003,167.15,0.0,0.0,36.0,False,0.25,0.5,0.25,3.0,,,True,True,True,True,False,False
2000034092,2022-04,False,3.0,5.0,6.0,0.0,0.0,3.0,0.0,0.0,,,,624.94,661.8900000000001,260.13,0.0,0.0,16.0,False,0.5,0.5,0.0,6.0,,,True,True,True,True,False,False
2000034092,2022-07,False,0.0,3.0,8.0,0.0,0.0,3.0,0.0,0.0,,,,225.35000000000002,850.2900000000001,260.13,0.0,0.0,67.0,False,0.25,0.75,0.0,8.0,,,True,True,True,True,False,False
2000034092,2022-10,False,0.0,3.0,6.0,0.0,0.0,3.0,0.0,0.0,,,,474.05,699.4000000000001,415.85,0.0,0.0,80.0,False,0.0,1.0,0.0,6.0,,,True,True,True,True,False,False
2000034092,2022-12,False,0.0,3.0,6.0,0.0,0.0,3.0,0.0,0.0,,,,387.1,861.1500000000001,415.85,0.0,0.0,31.0,False,0.0,0.8333333333333334,0.16666666666666666,5.0,,,True,True,True,True,False,False
2000034092,2023-03,False,0.0,1.0,4.0,0.0,0.0,3.0,0.0,0.0,,,,128.59,515.69,167.15,0.0,0.0,79.0,False,0.0,0.75,0.25,3.0,,,True,True,True,True,False,False
2000034092,2023-08,False,0.0,0.0,2.0,0.0,0.0,3.0,0.0,0.0,,,,0.0,121.1400000000001,77.02,0.0,0.0,131.0,False,0.0,1.0,0.0,2.0,,,True,True,True,True,False,False
2000034092,2023-09,False,1.0,1.0,3.0,0.0,0.0,3.0,0.0,0.0,,,,27.44,148.5800000000001,77.02,0.0,0.0,2.0,False,0.0,1.0,0.0,3.0,,,True,True,True,True,False,False
2000034092,2024-03,False,0.0,0.0,5.0,0.0,0.0,3.0,0.0,0.0,,,,0.0,342.7400000000001,167.15,0.0,0.0,154.0,False,0.6,0.4,0.0,5.0,,,True,True,True,True,False,False
2000034092,2024-04,False,2.0,2.0,2.0,0.0,0.0,3.0,0.0,0.0,,,,907.96,907.9600000000002,453.98,0.0,0.0,18.0,False,1.0,0.0,0.0,2.0,,,True,True,True,True,False,False
2000034092,2024-05,False,3.0,5.0,5.0,0.0,0.0,3.0,0.0,0.0,,,,1283.13,1283.13,453.98,0.0,0.0,12.0,False,0.4,0.6,0.0,5.0,,,True,True,True,True,False,False
2000034092,2024-07,False,0.0,5.0,7.0,0.0,0.0,3.0,0.0,0.0,,,,769.31,1677.27,453.98,0.0,0.0,40.0,False,0.5714285714285714,0.42857142857142855,0.0,7.0,,,True,True,True,True,False,False
2000034092,2024-08,False,1.0,3.0,8.0,0.0,0.0,3.0,0.0,0.0,,,,604.12,1887.25,453.98,0.0,0.0,1.0,False,0.625,0.375,0.0,8.0,,,True,True,True,True,False,False
2000034092,2024-09,False,1.0,2.0,9.0,0.0,0.0,3.0,0.0,0.0,,,,452.78999999999996,2130.06,453.98,0.0,0.0,19.0,False,0.5555555555555556,0.4444444444444444,0.0,9.0,,,True,True,True,True,False,False
2000034092,2025-02,False,0.0,0.0,2.0,0.0,0.0,3.0,0.0,0.0,,,,0.0,485.6200000000001,242.81,0.0,0.0,144.0,False,0.5,0.5,0.0,2.0,,,True,True,True,True,False,False
2000034092,2025-04,False,0.0,1.0,1.0,0.0,0.0,3.0,0.0,0.0,,,,128.59,128.59000000000012,128.59,0.0,0.0,40.0,False,0.0,1.0,0.0,1.0,,,True,True,True,True,False,False
2000034092,2025-06,False,0.0,0.0,1.0,0.0,0.0,3.0,1524.0,1524.0,0.0,0.0,0.0,0.0,128.59000000000012,128.59,0.0,0.0,101.0,False,0.0,1.0,0.0,1.0,,,False,False,False,False,False,False
2000034092,2025-11,False,0.0,0.0,1.0,0.0,0.0,2.0,0.0,0.0,,,,0.0,242.81000000000012,242.81,0.0,0.0,127.0,False,1.0,0.0,0.0,1.0,,,True,True,True,True,False,False
2000034094,2019-05,False,0.0,0.0,0.0,0.0,0.0,0.0,0.0,0.0,,,,0.0,0.0,0.0,0.0,0.0,,False,,,,0.0,,,True,True,True,True,True,True
2000034094,2019-08,False,0.0,1.0,1.0,0.0,0.0,3.0,0.0,0.0,,,,133.38,133.38,133.38,0.0,0.0,70.0,False,0.0,0.0,1.0,0.0,,,True,True,True,True,False,False
2000034094,2019-09,False,1.0,1.0,2.0,0.0,0.0,3.0,0.0,0.0,,,,5930.8,6064.18,5930.8,0.0,0.0,22.0,False,0.5,0.0,0.5,1.0,,,True,True,True,True,False,False
2000034094,2020-09,False,0.0,0.0,0.0,0.0,0.0,0.0,0.0,0.0,,,,0.0,0.0,0.0,0.0,0.0,351.0,False,,,,0.0,,,True,True,True,True,False,True
2000034094,2020-10,False,1.0,1.0,1.0,0.0,0.0,3.0,0.0,0.0,,,,25960.67,25960.67,25960.67,0.0,0.0,6.0,False,1.0,0.0,0.0,1.0,,,True,True,True,True,False,False
2000034094,2020-12,False,0.0,2.0,2.0,0.0,0.0,3.0,0.0,0.0,,,,26134.989999999998,26134.989999999998,25960.67,0.0,0.0,36.0,False,0.5,0.5,0.0,2.0,,,True,True,True,True,False,False
2000034094,2021-02,False,0.0,2.0,4.0,0.0,0.0,3.0,0.0,0.0,,,,8896.2,35031.19,25960.67,0.0,0.0,32.0,False,0.25,0.75,0.0,4.0,,,True,True,True,True,False,False
2000034094,2021-03,False,3.0,5.0,7.0,0.0,0.0,3.0,0.0,0.0,,,,63782.94,89917.93,25960.67,0.0,0.0,3.0,False,0.42857142857142855,0.5714285714285714,0.0,7.0,,,True,True,True,True,False,False
2000034094,2021-04,False,1.0,4.0,7.0,0.0,0.0,3.0,0.0,0.0,,,,55020.119999999995,64090.63999999999,25960.67,0.0,0.0,7.0,False,0.2857142857142857,0.7142857142857143,0.0,7.0,,,True,True,True,True,False,False
2000034094,2021-07,False,0.0,3.0,7.0,0.0,0.0,3.0,0.0,0.0,,,,25981.21999999999,81001.34,25960.67,0.0,0.0,65.0,False,0.5714285714285714,0.42857142857142855,0.0,7.0,,,True,True,True,True,False,False
2000034094,2021-08,False,2.0,2.0,9.0,0.0,0.0,3.0,0.0,0.0,,,,26134.98999999999,107136.32999999999,25960.67,0.0,0.0,18.0,False,0.4444444444444444,0.4444444444444444,0.1111111111111111,8.0,,,True,True,True,True,False,False
2000034094,2021-10,False,0.0,4.0,7.0,0.0,0.0,3.0,0.0,0.0,,,,52250.61999999999,78231.83999999998,25960.67,0.0,0.0,58.0,False,0.5714285714285714,0.2857142857142857,0.14285714285714285,6.0,,,True,True,True,True,False,False
2000034094,2021-11,False,1.0,3.0,5.0,0.0,0.0,3.0,0.0,0.0,,,,52076.29999999999,78211.28999999998,25960.67,0.0,0.0,21.0,False,0.6,0.2,0.2,4.0,,,True,True,True,True,False,False
2000034094,2022-01,False,0.0,2.0,6.0,0.0,0.0,3.0,0.0,0.0,,,,51921.33999999999,104171.95999999999,25960.67,0.0,0.0,59.0,False,0.6666666666666666,0.16666666666666666,0.16666666666666666,5.0,,,True,True,True,True,False,False
2000034094,2022-03,False,0.0,1.0,3.0,0.0,0.0,3.0,0.0,0.0,,,,25960.66999999999,77882.00999999998,25960.67,0.0,0.0,42.0,False,0.6666666666666666,0.3333333333333333,0.0,3.0,,,True,True,True,True,False,False
2000034094,2022-04,False,1.0,2.0,4.0,0.0,0.0,3.0,0.0,0.0,,,,51921.33999999999,103842.68,25960.67,0.0,0.0,25.0,False,0.75,0.25,0.0,4.0,,,True,True,True,True,False,False
2000034094,2022-11,False,0.0,0.0,0.0,0.0,0.0,0.0,0.0,0.0,,,,0.0,0.0,0.0,0.0,0.0,200.0,False,,,,0.0,,,True,True,True,True,False,True
2000034094,2023-03,False,0.0,0.0,1.0,0.0,0.0,2.0,0.0,0.0,,,,0.0,25960.66999999999,25960.67,0.0,0.0,92.0,False,1.0,0.0,0.0,1.0,,,True,True,True,True,False,False
2000034094,2023-05,False,0.0,1.0,2.0,0.0,0.0,2.0,0.0,0.0,,,,25960.66999999999,51921.33999999999,25960.67,0.0,0.0,47.0,False,1.0,0.0,0.0,2.0,,,True,True,True,True,False,False
2000034094,2023-07,False,0.0,1.0,2.0,0.0,0.0,2.0,0.0,0.0,,,,25960.66999999999,51921.33999999999,25960.67,0.0,0.0,36.0,False,1.0,0.0,0.0,2.0,,,True,True,True,True,False,False
2000034094,2023-08,False,2.0,3.0,4.0,0.0,0.0,2.0,0.0,0.0,,,,77882.00999999998,103842.68,25960.67,0.0,0.0,25.0,False,1.0,0.0,0.0,4.0,,,True,True,True,True,False,False
2000034094,2023-09,False,1.0,3.0,5.0,0.0,0.0,2.0,0.0,0.0,,,,77882.00999999998,129803.34999999998,25960.67,0.0,0.0,30.0,False,1.0,0.0,0.0,5.0,,,True,True,True,True,False,False
2000034094,2023-10,False,1.0,4.0,5.0,0.0,0.0,3.0,0.0,0.0,,,,78036.96999999999,103997.63999999998,25960.67,0.0,0.0,26.0,False,0.8,0.2,0.0,5.0,,,True,True,True,True,False,False
2000034094,2023-11,False,2.0,4.0,7.0,0.0,0.0,3.0,0.0,0.0,,,,78036.96999999999,155918.97999999998,25960.67,0.0,0.0,19.0,False,0.8571428571428571,0.14285714285714285,0.0,7.0,,,True,True,True,True,False,False
2000034094,2024-02,False,0.0,1.0,5.0,0.0,0.0,3.0,0.0,0.0,,,,25960.66999999999,103997.63999999998,25960.67,0.0,0.0,77.0,False,0.8,0.2,0.0,5.0,,,True,True,True,True,False,False
2000034094,2024-03,False,2.0,2.0,6.0,0.0,0.0,3.0,0.0,0.0,,,,51921.33999999999,129958.30999999998,25960.67,0.0,0.0,15.0,False,0.6666666666666666,0.3333333333333333,0.0,6.0,,,True,True,True,True,False,False
2000034094,2024-07,False,0.0,0.0,4.0,0.0,0.0,3.0,0.0,0.0,,,,0.0,103842.68,25960.67,0.0,0.0,95.0,False,0.5,0.5,0.0,4.0,,,True,True,True,True,False,False
2000034094,2024-08,False,1.0,1.0,5.0,0.0,0.0,3.0,0.0,0.0,,,,25960.66999999999,129803.34999999999,25960.67,0.0,0.0,15.0,False,0.4,0.6,0.0,5.0,,,True,True,True,True,False,False
2000034094,2024-11,False,0.0,1.0,2.0,0.0,0.0,3.0,0.0,0.0,,,,25960.66999999999,51921.33999999999,25960.67,0.0,0.0,88.0,False,0.5,0.5,0.0,2.0,,,True,True,True,True,False,False
2000034094,2025-01,False,0.0,1.0,3.0,0.0,0.0,3.0,0.0,0.0,,,,30.939999999992725,51952.27999999999,25960.67,0.0,0.0,49.0,False,0.3333333333333333,0.6666666666666666,0.0,3.0,,,True,True,True,True,False,False
2000034094,2025-02,False,3.0,4.0,5.0,0.0,0.0,3.0,0.0,0.0,,,,46365.549999999996,72326.22,25960.67,0.0,0.0,17.0,False,0.8,0.2,0.0,5.0,,,True,True,True,True,False,False
2000034094,2025-03,False,1.0,4.0,5.0,0.0,0.0,3.0,0.0,0.0,,,,72295.28,72326.22,25960.67,0.0,0.0,9.0,False,0.8,0.2,0.0,5.0,,,True,True,True,True,False,False
2000034094,2025-04,False,2.0,6.0,7.0,0.0,0.0,3.0,5215.0,5215.0,0.0011505273250239693,0.0,19.786197507190792,103185.01999999999,103215.95999999999,25960.67,0.0,0.0,19.0,False,0.8571428571428571,0.14285714285714285,0.0,7.0,,,False,False,False,False,False,False
2000034094,2025-05,False,1.0,4.0,8.0,0.0,0.0,3.0,5225.0,5225.0,0.0007655502392344498,0.0,12.110375119617224,63276.70999999999,109642.26,25960.67,0.0,0.0,22.0,False,0.875,0.125,0.0,8.0,,,False,False,False,False,False,False
2000034094,2025-06,False,4.0,7.0,11.0,0.0,0.0,3.0,5225.0,5225.0,0.001339712918660287,0.0,15.493366507177033,80952.84,153248.12,25960.67,0.0,0.0,20.0,False,0.9090909090909091,0.09090909090909091,0.0,11.0,,,False,False,False,False,False,False
2000034094,2025-07,False,0.0,5.0,11.0,0.0,0.0,3.0,575.0,5790.0,0.008695652173913044,0.0,87.0662608695652,50063.09999999999,153248.12,25960.67,0.0,0.0,50.0,False,0.9090909090909091,0.09090909090909091,0.0,11.0,0.007545124848889074,0.0,False,False,False,False,False,False
2000034094,2025-08,False,1.0,5.0,9.0,0.0,0.0,3.0,565.0,5790.0,0.008849557522123894,0.0,123.18136283185841,69597.47,132874.18,25960.67,0.0,0.0,15.0,False,0.8888888888888888,0.1111111111111111,0.0,9.0,0.008084007282889443,0.0,False,False,False,False,False,False
2000034094,2025-09,False,2.0,3.0,10.0,0.0,0.0,3.0,1842.0,7067.0,0.0016286644951140066,0.0,36.961802388707916,68083.63999999998,149036.47999999998,25960.67,0.0,0.0,10.0,False,0.9,0.1,0.0,10.0,0.0002889515764537196,0.0,False,False,False,False,False,False
2000034094,2025-10,False,3.0,6.0,11.0,0.0,0.0,3.0,1551.0,2126.0,0.0038684719535783366,0.0,71.0657962604771,110223.04999999999,160286.15,25960.67,0.0,0.0,9.0,False,0.7272727272727273,0.2727272727272727,0.0,11.0,-0.0048271802203347074,0.0,False,False,False,False,False,False
2000034094,2025-11,False,2.0,7.0,12.0,0.0,0.0,3.0,1954.0,2519.0,0.0035823950870010235,0.0,64.31316274309108,125667.91999999998,195265.39,25960.67,0.0,0.0,4.0,False,0.75,0.25,0.0,12.0,-0.005267162435122871,0.0,False,False,False,False,False,False
2000034098,2025-02,False,0.0,0.0,0.0,0.0,0.0,0.0,0.0,0.0,,,,0.0,0.0,0.0,0.0,0.0,,False,,,,0.0,,,True,True,True,True,True,True
2000034098,2025-03,False,0.0,0.0,0.0,0.0,0.0,0.0,1000.0,1000.0,0.0,0.0,0.0,0.0,0.0,0.0,0.0,0.0,,False,,,,0.0,,,False,False,False,False,True,True
2000034098,2025-04,False,0.0,0.0,0.0,0.0,0.0,0.0,1000.0,1000.0,0.0,0.0,0.0,0.0,0.0,0.0,0.0,0.0,,False,,,,0.0,,,False,False,False,False,True,True
2000034098,2025-05,False,0.0,0.0,0.0,0.0,0.0,0.0,1100.0,1100.0,0.0,0.0,0.0,0.0,0.0,0.0,0.0,0.0,,False,,,,0.0,,,False,False,False,False,True,True
2000034098,2025-07,False,0.0,0.0,0.0,0.0,0.0,0.0,1400.0,2400.0,0.0,0.0,0.0,0.0,0.0,0.0,0.0,0.0,,False,,,,0.0,0.0,0.0,False,False,False,False,True,True
2000034098,2025-08,False,0.0,0.0,0.0,0.0,0.0,0.0,1300.0,2400.0,0.0,0.0,0.0,0.0,0.0,0.0,0.0,0.0,,False,,,,0.0,0.0,0.0,False,False,False,False,True,True
2000034098,2025-09,False,0.0,0.0,0.0,0.0,0.0,0.0,50.0,1450.0,0.0,0.0,0.0,0.0,0.0,0.0,0.0,0.0,,False,,,,0.0,0.0,0.0,False,False,False,False,True,True
2000034098,2026-01,False,0.0,0.0,0.0,0.0,0.0,0.0,0.0,50.0,,,,0.0,0.0,0.0,0.0,0.0,,False,,,,0.0,,,True,True,True,True,True,True
2000034106,2025-03,False,0.0,0.0,0.0,0.0,0.0,0.0,0.0,0.0,,,,0.0,0.0,0.0,0.0,0.0,,False,,,,0.0,,,True,True,True,True,True,True
2000034120,2025-02,False,0.0,0.0,0.0,0.0,0.0,0.0,0.0,0.0,,,,0.0,0.0,0.0,0.0,0.0,,False,,,,0.0,,,True,True,True,True,True,True
2000034120,2025-03,False,0.0,0.0,0.0,0.0,0.0,0.0,0.0,0.0,,,,0.0,0.0,0.0,0.0,0.0,,False,,,,0.0,,,True,True,True,True,True,True
2000034120,2025-04,False,0.0,0.0,0.0,0.0,0.0,0.0,0.0,0.0,,,,0.0,0.0,0.0,0.0,0.0,,False,,,,0.0,,,True,True,True,True,True,True
2000034120,2025-05,False,0.0,0.0,0.0,0.0,0.0,0.0,1000.0,1000.0,0.0,0.0,0.0,0.0,0.0,0.0,0.0,0.0,,False,,,,0.0,,,False,False,False,False,True,True
2000034120,2025-06,False,0.0,0.0,0.0,0.0,0.0,0.0,1000.0,1000.0,0.0,0.0,0.0,0.0,0.0,0.0,0.0,0.0,,False,,,,0.0,,,False,False,False,False,True,True
2000034120,2025-07,False,0.0,0.0,0.0,0.0,0.0,0.0,1000.0,1000.0,0.0,0.0,0.0,0.0,0.0,0.0,0.0,0.0,,False,,,,0.0,,,False,False,False,False,True,True
2000034120,2025-08,False,0.0,0.0,0.0,0.0,0.0,0.0,0.0,1000.0,,,,0.0,0.0,0.0,0.0,0.0,,False,,,,0.0,,,True,True,True,True,True,True
2000034120,2025-09,False,0.0,0.0,0.0,0.0,0.0,0.0,0.0,1000.0,,,,0.0,0.0,0.0,0.0,0.0,,False,,,,0.0,,,True,True,True,True,True,True
2000034120,2025-10,False,0.0,0.0,0.0,0.0,0.0,0.0,0.0,1000.0,,,,0.0,0.0,0.0,0.0,0.0,,False,,,,0.0,,,True,True,True,True,True,True
2000034120,2026-01,False,0.0,0.0,0.0,0.0,0.0,0.0,0.0,0.0,,,,0.0,0.0,0.0,0.0,0.0,,False,,,,0.0,,,True,True,True,True,True,True
2000034129,2019-05,False,0.0,0.0,0.0,0.0,0.0,0.0,0.0,0.0,,,,0.0,0.0,0.0,0.0,0.0,,False,,,,0.0,,,True,True,True,True,True,True
2000034129,2019-07,False,0.0,1.0,1.0,0.0,0.0,3.0,0.0,0.0,,,,72.5,72.5,72.5,0.0,0.0,38.0,False,0.0,1.0,0.0,1.0,,,True,True,True,True,False,False
2000034129,2019-09,False,0.0,1.0,2.0,0.0,0.0,3.0,0.0,0.0,,,,223.99,296.49,223.99,0.0,0.0,32.0,False,0.0,1.0,0.0,2.0,,,True,True,True,True,False,False
2000034129,2019-10,False,3.0,4.0,5.0,0.0,0.0,3.0,0.0,0.0,,,,744.47,816.97,223.99,0.0,0.0,8.0,False,0.2,0.8,0.0,5.0,,,True,True,True,True,False,False
2000034129,2019-11,False,2.0,5.0,7.0,0.0,0.0,3.0,0.0,0.0,,,,996.76,1293.25,355.89,0.0,0.0,9.0,False,0.42857142857142855,0.5714285714285714,0.0,7.0,,,True,True,True,True,False,False
2000034129,2019-12,False,2.0,7.0,8.0,0.0,0.0,3.0,0.0,0.0,,,,1479.65,1703.6399999999999,362.5,0.0,0.0,4.0,False,0.5,0.5,0.0,8.0,,,True,True,True,True,False,False
2000034129,2020-01,False,4.0,8.0,12.0,0.0,0.0,3.0,0.0,0.0,,,,2075.57,2820.04,381.93,0.0,0.0,11.0,False,0.5,0.4166666666666667,0.08333333333333333,11.0,,,True,True,True,True,False,False
2000034129,2020-02,False,5.0,11.0,16.0,0.0,0.0,3.0,0.0,0.0,,,,2877.0,3873.76,393.88,1.0,1.0,5.0,False,0.5,0.375,0.125,14.0,,,True,True,True,True,False,False
2000034129,2020-06,False,0.0,0.0,12.0,0.0,0.0,3.0,0.0,0.0,,,,0.0,2913.52,393.88,0.0,1.0,96.0,False,0.5833333333333334,0.25,0.16666666666666666,10.0,,,True,True,True,True,False,False
2000034129,2020-07,False,4.0,4.0,12.0,0.0,0.0,3.0,0.0,0.0,,,,639.8000000000002,2436.92,393.88,0.0,1.0,12.0,False,0.75,0.16666666666666666,0.08333333333333333,11.0,,,True,True,True,True,False,False
2000034129,2020-11,False,0.0,0.0,5.0,0.0,0.0,3.0,0.0,0.0,,,,0.0,723.24,278.63,0.0,0.0,116.0,False,0.8,0.2,0.0,5.0,,,True,True,True,True,False,False
2000034129,2021-03,False,0.0,0.0,1.0,0.0,0.0,3.0,0.0,0.0,,,,0.0,2505.54,2505.54,0.0,0.0,102.0,False,1.0,0.0,0.0,1.0,,,True,True,True,True,False,False
2000034129,2021-06,False,0.0,2.0,2.0,0.0,0.0,3.0,0.0,0.0,,,,477.32,477.32,393.88,0.0,0.0,84.0,False,0.0,1.0,0.0,2.0,,,True,True,True,True,False,False
2000034129,2021-07,False,1.0,1.0,3.0,0.0,0.0,3.0,0.0,0.0,,,,179.85,657.17,393.88,0.0,0.0,14.0,False,0.0,1.0,0.0,3.0,,,True,True,True,True,False,False
2000034129,2021-09,False,0.0,7.0,9.0,0.0,0.0,3.0,0.0,0.0,,,,1875.5099999999998,2352.83,393.88,0.0,0.0,35.0,False,0.2222222222222222,0.7777777777777778,0.0,9.0,,,True,True,True,True,False,False
2000034129,2021-11,False,0.0,4.0,11.0,1.0,1.0,4.0,0.0,0.0,,,,783.4,2658.91,366.2,0.0,0.0,42.0,True,0.36363636363636365,0.6363636363636364,0.0,11.0,,,True,True,True,True,False,False
2000034129,2021-12,False,1.0,5.0,12.0,1.0,1.0,4.0,0.0,0.0,,,,903.79,2779.3,366.2,0.0,0.0,12.0,True,0.3333333333333333,0.6666666666666666,0.0,12.0,,,True,True,True,True,False,False
2000034129,2022-01,False,1.0,2.0,12.0,0.0,1.0,4.0,0.0,0.0,,,,361.17,2840.23,366.2,0.0,0.0,19.0,False,0.4166666666666667,0.5833333333333334,0.0,12.0,,,True,True,True,True,False,False
2000034129,2022-03,False,0.0,4.0,9.0,0.0,1.0,4.0,0.0,0.0,,,,565.0,1468.79,366.2,0.0,0.0,42.0,False,0.5555555555555556,0.4444444444444444,0.0,9.0,,,True,True,True,True,False,False
2000034129,2022-04,False,4.0,7.0,9.0,0.0,0.0,3.0,0.0,0.0,,,,5116.91,5478.08,4004.16,0.0,0.0,11.0,False,0.3333333333333333,0.6666666666666666,0.0,9.0,,,True,True,True,True,False,False
2000034129,2022-05,False,2.0,6.0,11.0,0.0,0.0,3.0,0.0,0.0,,,,5031.379999999999,5716.7699999999995,4004.16,0.0,0.0,2.0,False,0.2727272727272727,0.7272727272727273,0.0,11.0,,,True,True,True,True,False,False
2000034129,2022-06,False,1.0,7.0,11.0,0.0,0.0,3.0,0.0,0.0,,,,5211.23,5776.23,4004.16,0.0,0.0,19.0,False,0.2727272727272727,0.7272727272727273,0.0,11.0,,,True,True,True,True,False,False
2000034129,2022-07,False,3.0,6.0,13.0,0.0,0.0,3.0,0.0,0.0,,,,1197.19,6314.099999999999,4004.16,0.0,0.0,17.0,False,0.15384615384615385,0.8461538461538461,0.0,13.0,,,True,True,True,True,False,False
2000034129,2022-11,False,0.0,0.0,6.0,0.0,0.0,3.0,0.0,0.0,,,,0.0,1420.9399999999998,304.34,0.0,0.0,118.0,False,0.0,1.0,0.0,6.0,,,True,True,True,True,False,False
2000034129,2023-01,False,0.0,1.0,3.0,0.0,0.0,3.0,0.0,0.0,,,,1001.04,1463.4799999999998,1001.04,0.0,0.0,45.0,False,0.3333333333333333,0.6666666666666666,0.0,3.0,,,True,True,True,True,False,False
2000034129,2023-05,False,0.0,0.0,3.0,0.0,0.0,3.0,0.0,0.0,,,,0.0,2555.52,1001.04,0.0,0.0,117.0,False,0.6666666666666666,0.0,0.3333333333333333,2.0,,,True,True,True,True,False,False
2000034129,2023-06,False,1.0,1.0,3.0,0.0,0.0,3.0,0.0,0.0,,,,240.78,1795.26,777.24,0.0,0.0,29.0,False,0.3333333333333333,0.3333333333333333,0.3333333333333333,2.0,,,True,True,True,True,False,False
2000034129,2023-08,False,0.0,3.0,3.0,0.0,0.0,3.0,0.0,0.0,,,,644.62,644.62,240.78,0.0,0.0,41.0,False,0.0,1.0,0.0,3.0,,,True,True,True,True,False,False
2000034129,2023-09,False,1.0,3.0,4.0,0.0,0.0,3.0,0.0,0.0,,,,524.23,765.01,240.78,0.0,0.0,20.0,False,0.0,1.0,0.0,4.0,,,True,True,True,True,False,False
2000034129,2023-11,False,0.0,3.0,6.0,0.0,0.0,3.0,0.0,0.0,,,,375.84,1020.46,240.78,0.0,0.0,43.0,False,0.0,1.0,0.0,6.0,,,True,True,True,True,False,False
2000034129,2023-12,False,1.0,3.0,6.0,0.0,0.0,3.0,0.0,0.0,,,,673.04,1197.27,417.59,0.0,0.0,2.0,False,0.0,1.0,0.0,6.0,,,True,True,True,True,False,False
2000034129,2024-01,False,1.0,2.0,5.0,0.0,0.0,3.0,0.0,0.0,,,,5081.03,5456.87,4663.44,0.0,0.0,20.0,False,0.2,0.8,0.0,5.0,,,True,True,True,True,False,False
2000034129,2024-03,False,0.0,3.0,6.0,0.0,0.0,3.0,0.0,0.0,,,,5158.45,5831.49,4663.44,0.0,0.0,36.0,False,0.16666666666666666,0.8333333333333334,0.0,6.0,,,True,True,True,True,False,False
2000034129,2024-04,False,3.0,5.0,7.0,0.0,0.0,3.0,0.0,0.0,,,,1546.8999999999999,6627.929999999999,4663.44,0.0,0.0,6.0,False,0.14285714285714285,0.8571428571428571,0.0,7.0,,,True,True,True,True,False,False
2000034129,2024-07,False,0.0,3.0,8.0,0.0,0.0,3.0,0.0,0.0,,,,279.71999999999997,1826.62,378.0,0.0,0.0,69.0,False,0.0,1.0,0.0,8.0,,,True,True,True,True,False,False
2000034129,2024-08,False,3.0,3.0,9.0,0.0,0.0,3.0,0.0,0.0,,,,688.81,2020.4199999999998,378.0,0.0,0.0,9.0,False,0.1111111111111111,0.8888888888888888,0.0,9.0,,,True,True,True,True,False,False
2000034129,2024-09,False,2.0,5.0,11.0,0.0,0.0,3.0,0.0,0.0,,,,1007.8499999999999,2339.46,378.0,0.0,0.0,19.0,False,0.2727272727272727,0.7272727272727273,0.0,11.0,,,True,True,True,True,False,False
2000034129,2024-10,False,2.0,7.0,10.0,0.0,0.0,3.0,0.0,0.0,,,,1187.37,1467.09,304.34,0.0,0.0,19.0,False,0.3,0.7,0.0,10.0,,,True,True,True,True,False,False
2000034129,2024-11,False,1.0,5.0,8.0,0.0,0.0,3.0,0.0,0.0,,,,858.51,1547.32,359.95,0.0,0.0,29.0,False,0.5,0.5,0.0,8.0,,,True,True,True,True,False,False
2000034129,2024-12,False,5.0,8.0,13.0,0.0,0.0,3.0,0.0,0.0,,,,2029.79,3037.64,378.0,0.0,0.0,6.0,False,0.5384615384615384,0.46153846153846156,0.0,13.0,,,True,True,True,True,False,False
2000034129,2025-01,False,2.0,8.0,15.0,0.0,0.0,3.0,0.0,0.0,,,,2689.32,3876.69,659.2,0.0,0.0,15.0,False,0.4666666666666667,0.5333333333333333,0.0,15.0,,,True,True,True,True,False,False
2000034129,2025-02,False,1.0,8.0,13.0,0.0,0.0,3.0,0.0,0.0,,,,2746.96,3605.47,659.2,0.0,0.0,23.0,False,0.5384615384615384,0.46153846153846156,0.0,13.0,,,True,True,True,True,False,False
2000034129,2025-03,False,2.0,5.0,13.0,0.0,0.0,3.0,8.0,8.0,0.625,0.0,181.39875,1451.19,3480.98,659.2,0.0,0.0,18.0,False,0.46153846153846156,0.5384615384615384,0.0,13.0,,,False,False,False,False,False,False
2000034129,2025-04,False,4.0,7.0,15.0,0.0,0.0,3.0,177.0,177.0,0.03954802259887006,0.0,8.871977401129945,1570.3400000000001,4259.66,659.2,0.0,0.0,7.0,False,0.5333333333333333,0.4666666666666667,0.0,15.0,,,False,False,False,False,False,False
2000034129,2025-05,False,2.0,8.0,16.0,0.0,0.0,3.0,180.0,180.0,0.044444444444444446,0.0,11.504777777777779,2070.86,4817.82,659.2,0.0,0.0,15.0,False,0.5625,0.4375,0.0,16.0,,,False,False,False,False,False,False
2000034129,2025-06,False,4.0,10.0,15.0,0.0,0.0,3.0,204.0,212.0,0.049019607843137254,0.0,26.01029411764706,5306.1,6757.29,2561.8,0.0,0.0,10.0,False,0.5333333333333333,0.4666666666666667,0.0,15.0,-0.5759803921568627,0.0,False,False,False,False,False,False
2000034129,2025-07,False,1.0,7.0,14.0,0.0,0.0,3.0,287.0,464.0,0.024390243902439025,0.0,20.910452961672476,6001.300000000001,7571.639999999999,2561.8,0.0,0.0,15.0,False,0.6428571428571429,0.35714285714285715,0.0,14.0,-0.015157778696431035,0.0,False,False,False,False,False,False
2000034129,2025-09,False,0.0,2.0,12.0,0.0,0.0,3.0,412.0,616.0,0.0048543689320388345,0.0,4.751796116504855,1957.7400000000005,7263.84,2561.8,0.0,0.0,53.0,False,0.6666666666666666,0.3333333333333333,0.0,12.0,-0.04416523891109842,0.0,False,False,False,False,False,False
2000034129,2025-12,False,0.0,0.0,2.0,0.0,0.0,3.0,104.0,516.0,0.0,0.0,0.0,0.0,1957.74,1653.4,0.0,0.0,144.0,False,1.0,0.0,0.0,2.0,-0.0048543689320388345,0.0,False,False,False,False,False,False
2000034130,2025-02,False,0.0,0.0,0.0,0.0,0.0,0.0,0.0,0.0,,,,0.0,0.0,0.0,0.0,0.0,,False,,,,0.0,,,True,True,True,True,True,True
2000034130,2025-03,False,0.0,0.0,0.0,0.0,0.0,0.0,0.0,0.0,,,,0.0,0.0,0.0,0.0,0.0,,False,,,,0.0,,,True,True,True,True,True,True
2000034130,2025-04,False,0.0,0.0,0.0,0.0,0.0,0.0,0.0,0.0,,,,0.0,0.0,0.0,0.0,0.0,,False,,,,0.0,,,True,True,True,True,True,True
2000034130,2025-05,False,0.0,0.0,0.0,0.0,0.0,0.0,0.0,0.0,,,,0.0,0.0,0.0,0.0,0.0,,False,,,,0.0,,,True,True,True,True,True,True
2000034130,2025-06,False,0.0,0.0,0.0,0.0,0.0,0.0,0.0,0.0,,,,0.0,0.0,0.0,0.0,0.0,,False,,,,0.0,,,True,True,True,True,True,True
2000034130,2025-07,False,0.0,0.0,0.0,0.0,0.0,0.0,0.0,0.0,,,,0.0,0.0,0.0,0.0,0.0,,False,,,,0.0,,,True,True,True,True,True,True
2000034130,2025-08,False,0.0,0.0,0.0,0.0,0.0,0.0,0.0,0.0,,,,0.0,0.0,0.0,0.0,0.0,,False,,,,0.0,,,True,True,True,True,True,True
2000034130,2025-09,False,0.0,0.0,0.0,0.0,0.0,0.0,0.0,0.0,,,,0.0,0.0,0.0,0.0,0.0,,False,,,,0.0,,,True,True,True,True,True,True
2000034130,2025-10,False,0.0,0.0,0.0,0.0,0.0,0.0,0.0,0.0,,,,0.0,0.0,0.0,0.0,0.0,,False,,,,0.0,,,True,True,True,True,True,True
2000034130,2025-12,False,0.0,0.0,0.0,0.0,0.0,0.0,0.0,0.0,,,,0.0,0.0,0.0,0.0,0.0,,False,,,,0.0,,,True,True,True,True,True,True
2000034134,2020-03,False,0.0,0.0,0.0,0.0,0.0,0.0,0.0,0.0,,,,0.0,0.0,0.0,0.0,0.0,,False,,,,0.0,,,True,True,True,True,True,True
2000034134,2020-04,False,1.0,1.0,1.0,0.0,0.0,3.0,0.0,0.0,,,,884.2,884.2,884.2,0.0,0.0,16.0,False,1.0,0.0,0.0,1.0,,,True,True,True,True,False,False
2000034134,2020-10,False,0.0,0.0,3.0,0.0,0.0,3.0,0.0,0.0,,,,0.0,16185.68,9112.08,0.0,0.0,160.0,False,1.0,0.0,0.0,3.0,,,True,True,True,True,False,False
2000034134,2020-11,False,2.0,2.0,2.0,0.0,0.0,3.0,0.0,0.0,,,,3990.43,3990.43,3910.79,0.0,0.0,16.0,False,1.0,0.0,0.0,2.0,,,True,True,True,True,False,False
2000034134,2020-12,False,2.0,4.0,4.0,0.0,0.0,3.0,0.0,0.0,,,,45980.65,45980.65,20995.11,0.0,0.0,6.0,False,1.0,0.0,0.0,4.0,,,True,True,True,True,False,False
2000034134,2021-01,False,3.0,7.0,7.0,0.0,0.0,3.0,0.0,0.0,,,,66024.37,66024.37,20995.11,0.0,0.0,3.0,False,1.0,0.0,0.0,7.0,,,True,True,True,True,False,False
2000034134,2021-05,False,0.0,0.0,6.0,0.0,0.0,3.0,0.0,0.0,,,,0.0,155892.90000000002,93858.96,0.0,0.0,115.0,False,1.0,0.0,0.0,6.0,,,True,True,True,True,False,False
2000034134,2021-11,False,0.0,0.0,1.0,0.0,0.0,3.0,0.0,0.0,,,,0.0,89948.17,89948.17,0.0,0.0,178.0,False,1.0,0.0,0.0,1.0,,,True,True,True,True,False,False
2000034134,2021-12,False,1.0,1.0,1.0,0.0,0.0,3.0,0.0,0.0,,,,318.99000000001456,318.99,318.99,0.0,0.0,9.0,False,0.0,1.0,0.0,1.0,,,True,True,True,True,False,False
2000034134,2022-02,False,0.0,3.0,3.0,0.0,0.0,3.0,0.0,0.0,,,,2982.9900000000143,2982.99,2395.23,0.0,0.0,57.0,False,0.0,1.0,0.0,3.0,,,True,True,True,True,False,False
2000034134,2022-07,False,0.0,0.0,1.0,0.0,0.0,3.0,0.0,0.0,,,,0.0,3910.79,3910.79,0.0,0.0,142.0,False,0.0,1.0,0.0,1.0,,,True,True,True,True,False,False
2000034134,2023-03,False,0.0,0.0,0.0,0.0,0.0,0.0,0.0,0.0,,,,0.0,0.0,0.0,0.0,0.0,216.0,False,,,,0.0,,,True,True,True,True,False,True
2000034134,2023-07,False,0.0,0.0,2.0,0.0,0.0,3.0,0.0,0.0,,,,0.0,245141.40000000002,132981.6,0.0,0.0,122.0,False,1.0,0.0,0.0,2.0,,,True,True,True,True,False,False
2000034134,2023-08,False,2.0,2.0,4.0,0.0,0.0,3.0,0.0,0.0,,,,149873.06999999998,395014.47,149604.3,0.0,0.0,4.0,False,0.75,0.25,0.0,4.0,,,True,True,True,True,False,False
2000034134,2023-12,False,0.0,0.0,3.0,0.0,0.0,3.0,0.0,0.0,,,,0.0,150255.75999999998,149604.3,0.0,0.0,115.0,False,0.6666666666666666,0.3333333333333333,0.0,3.0,,,True,True,True,True,False,False
2000034134,2024-01,False,7.0,7.0,10.0,0.0,0.0,3.0,0.0,0.0,,,,17731.94,167987.69999999998,149604.3,0.0,0.0,4.0,False,0.6,0.4,0.0,10.0,,,True,True,True,True,False,False
2000034134,2024-02,False,1.0,8.0,9.0,0.0,0.0,3.0,0.0,0.0,,,,18114.629999999997,18497.319999999996,8311.35,0.0,0.0,14.0,False,0.6666666666666666,0.3333333333333333,0.0,9.0,,,True,True,True,True,False,False
2000034134,2024-03,False,2.0,10.0,10.0,0.0,0.0,3.0,0.0,0.0,,,,18415.71,18415.71,8311.35,0.0,0.0,16.0,False,0.7,0.3,0.0,10.0,,,True,True,True,True,False,False
2000034134,2024-04,False,1.0,4.0,11.0,0.0,0.0,3.0,0.0,0.0,,,,1880.77,19612.71,8311.35,0.0,0.0,24.0,False,0.7272727272727273,0.2727272727272727,0.0,11.0,,,True,True,True,True,False,False
2000034134,2024-05,False,5.0,8.0,16.0,0.0,0.0,3.0,0.0,0.0,,,,140955.65999999997,159070.28999999998,87235.4,0.0,0.0,9.0,False,0.75,0.25,0.0,16.0,,,True,True,True,True,False,False
2000034134,2024-06,False,4.0,10.0,20.0,0.0,0.0,3.0,0.0,0.0,,,,149294.52,167710.22999999998,87235.4,0.0,0.0,8.0,False,0.7,0.3,0.0,20.0,,,True,True,True,True,False,False
2000034134,2024-08,False,0.0,9.0,17.0,1.0,1.0,4.0,0.0,0.0,,,,19531.31,160486.96999999997,87235.4,0.0,0.0,34.0,True,0.7058823529411765,0.29411764705882354,0.0,17.0,,,True,True,True,True,False,False
2000034134,2024-09,False,4.0,9.0,19.0,1.0,1.0,4.0,0.0,0.0,,,,33178.94,182473.46,87235.4,0.0,0.0,13.0,True,0.631578947368421,0.3684210526315789,0.0,19.0,,,True,True,True,True,False,False
2000034134,2024-10,False,2.0,6.0,20.0,0.0,1.0,4.0,0.0,0.0,,,,53956.58,212945.46999999997,87235.4,0.0,0.0,5.0,False,0.6,0.4,0.0,20.0,,,True,True,True,True,False,False
2000034134,2024-11,False,8.0,14.0,23.0,0.0,1.0,4.0,0.0,0.0,,,,153477.46000000002,173008.77000000002,31286.32,0.0,0.0,2.0,False,0.6521739130434783,0.34782608695652173,0.0,23.0,,,True,True,True,True,False,False
2000034134,2024-12,False,1.0,11.0,20.0,0.0,1.0,4.0,0.0,0.0,,,,137420.99,170599.93,31286.32,0.0,0.0,15.0,False,0.7,0.3,0.0,20.0,,,True,True,True,True,False,False
2000034134,2025-01,False,10.0,19.0,25.0,0.0,0.0,3.0,0.0,0.0,,,,159627.74,213584.32,31286.32,0.0,0.0,8.0,False,0.8,0.2,0.0,25.0,,,True,True,True,True,False,False
2000034134,2025-02,False,2.0,13.0,27.0,0.0,0.0,3.0,0.0,0.0,,,,62092.91,215570.37,31286.32,0.0,0.0,9.0,False,0.7777777777777778,0.2222222222222222,0.0,27.0,,,True,True,True,True,False,False
2000034134,2025-03,False,11.0,23.0,34.0,0.0,0.0,3.0,1.0,1.0,23.0,0.0,69029.23,69029.23,206450.22,31286.32,1.0,1.0,8.0,False,0.7352941176470589,0.23529411764705882,0.029411764705882353,33.0,,,False,False,False,False,False,False
2000034134,2025-04,False,9.0,22.0,41.0,0.0,0.0,3.0,439.0,439.0,0.05011389521640091,0.0,229.11378132118455,100580.95000000001,260208.69000000003,42160.0,1.0,1.0,14.0,False,0.7804878048780488,0.1951219512195122,0.024390243902439025,40.0,,,False,False,False,False,False,False
2000034134,2025-05,False,5.0,25.0,38.0,0.0,0.0,3.0,484.0,484.0,0.05165289256198347,0.0,243.75700413223143,117978.39000000001,180071.3,42160.0,1.0,1.0,7.0,False,0.7631578947368421,0.21052631578947367,0.02631578947368421,37.0,,,False,False,False,False,False,False
2000034134,2025-06,False,5.0,19.0,42.0,0.0,0.0,3.0,503.0,504.0,0.03777335984095427,0.0,296.815407554672,149298.15000000002,218327.38,42160.0,0.0,1.0,11.0,False,0.7619047619047619,0.21428571428571427,0.023809523809523808,41.0,-22.962226640159045,0.0,False,False,False,False,False,False
2000034134,2025-07,False,6.0,16.0,38.0,0.0,0.0,3.0,261.0,700.0,0.06130268199233716,0.0,496.86333333333334,129681.33,230262.28000000003,42160.0,0.0,1.0,5.0,False,0.7368421052631579,0.23684210526315788,0.02631578947368421,37.0,0.011188786775936252,0.0,False,False,False,False,False,False
2000034134,2025-08,False,7.0,18.0,43.0,0.0,0.0,3.0,263.0,747.0,0.06844106463878327,0.0,473.24064638783267,124462.29,242440.68000000002,42160.0,0.0,1.0,2.0,False,0.7441860465116279,0.23255813953488372,0.023255813953488372,42.0,0.0167881720767998,0.0,False,False,False,False,False,False
2000034134,2025-09,False,4.0,17.0,36.0,0.0,0.0,3.0,374.0,877.0,0.045454545454545456,0.0,369.47267379679147,138182.78,287480.93,42160.0,0.0,0.0,4.0,False,0.8333333333333334,0.16666666666666666,0.0,36.0,0.007681185613591185,0.0,False,False,False,False,False,False
2000034134,2025-10,False,8.0,19.0,35.0,0.0,0.0,3.0,1360.0,1621.0,0.013970588235294118,0.0,82.98983088235293,112866.17,242547.5,37386.6,0.0,0.0,12.0,False,0.8571428571428571,0.14285714285714285,0.0,35.0,-0.047332093757043045,0.0,False,False,False,False,False,False
2000034134,2025-11,False,11.0,23.0,41.0,0.0,0.0,3.0,1336.0,1599.0,0.01721556886227545,0.0,138.56240269461077,185119.37,309581.66000000003,37386.6,0.0,0.0,5.0,False,0.9024390243902439,0.0975609756097561,0.0,41.0,-0.051225495776507826,0.0,False,False,False,False,False,False
2000034134,2025-12,False,4.0,23.0,40.0,0.0,0.0,3.0,1271.0,1645.0,0.01809598741148702,0.0,136.00992132179385,172868.61,311051.39,37386.6,0.0,0.0,21.0,False,0.85,0.15,0.0,40.0,-0.027358558043058437,0.0,False,False,False,False,False,False
2000034134,2026-01,False,3.0,18.0,37.0,0.0,0.0,3.0,102.0,1462.0,0.17647058823529413,0.0,1564.795980392157,159609.19,272475.36,37386.6,0.0,0.0,9.0,False,0.8378378378378378,0.16216216216216217,0.0,37.0,0.1625,0.0,False,False,False,False,False,False
2000034134,2026-02,False,4.0,11.0,34.0,0.0,0.0,3.0,82.0,1418.0,0.13414634146341464,0.0,997.9448780487804,81831.48,266950.85,37386.6,0.0,0.0,11.0,False,0.8823529411764706,0.11764705882352941,0.0,34.0,0.1169307726011392,0.0,False,False,False,False,False,False
2000034135,2022-04,False,0.0,0.0,0.0,0.0,0.0,0.0,0.0,0.0,,,,0.0,0.0,0.0,0.0,0.0,,False,,,,0.0,,,True,True,True,True,True,True
2000034135,2022-06,False,0.0,2.0,2.0,1.0,1.0,4.0,0.0,0.0,,,,2456.4,2456.4,2318.0,0.0,0.0,35.0,True,1.0,0.0,0.0,2.0,,,True,True,True,True,False,False
2000034135,2022-08,False,0.0,4.0,6.0,0.0,1.0,4.0,0.0,0.0,,,,824.66,3281.06,2318.0,0.0,0.0,35.0,False,0.3333333333333333,0.6666666666666666,0.0,6.0,,,True,True,True,True,False,False
2000034135,2022-09,False,2.0,6.0,8.0,0.0,1.0,4.0,0.0,0.0,,,,1077.51,3533.91,2318.0,0.0,0.0,8.0,False,0.5,0.5,0.0,8.0,,,True,True,True,True,False,False
2000034135,2022-11,False,0.0,3.0,7.0,0.0,0.0,3.0,0.0,0.0,,,,3672.85,4497.51,3420.0,0.0,0.0,43.0,False,0.42857142857142855,0.5714285714285714,0.0,7.0,,,True,True,True,True,False,False
2000034135,2022-12,False,1.0,2.0,8.0,0.0,0.0,3.0,0.0,0.0,,,,11669.55,12747.06,8249.55,0.0,0.0,23.0,False,0.5,0.5,0.0,8.0,,,True,True,True,True,False,False
2000034135,2023-01,False,1.0,2.0,5.0,0.0,0.0,3.0,0.0,0.0,,,,8336.849999999999,12009.699999999999,8249.55,0.0,0.0,16.0,False,0.8,0.2,0.0,5.0,,,True,True,True,True,False,False
2000034135,2023-02,False,1.0,3.0,6.0,0.0,0.0,3.0,0.0,0.0,,,,9871.65,13544.5,8249.55,0.0,0.0,19.0,False,0.6666666666666666,0.3333333333333333,0.0,6.0,,,True,True,True,True,False,False
2000034135,2023-04,False,0.0,2.0,4.0,0.0,0.0,3.0,0.0,0.0,,,,1748.8,10085.65,8249.55,0.0,0.0,44.0,False,0.5,0.5,0.0,4.0,,,True,True,True,True,False,False
2000034135,2023-05,False,2.0,3.0,6.0,0.0,0.0,3.0,0.0,0.0,,,,374.88,10246.529999999999,8249.55,0.0,0.0,12.0,False,0.3333333333333333,0.6666666666666666,0.0,6.0,,,True,True,True,True,False,False
2000034135,2023-08,False,0.0,1.0,4.0,0.0,0.0,3.0,0.0,0.0,,,,11319.15,11694.029999999999,11319.15,0.0,0.0,71.0,False,0.5,0.5,0.0,4.0,,,True,True,True,True,False,False
2000034135,2023-09,False,2.0,2.0,5.0,0.0,0.0,3.0,0.0,0.0,,,,474.31,11954.339999999998,11319.15,0.0,0.0,14.0,False,0.4,0.6,0.0,5.0,,,True,True,True,True,False,False
2000034135,2023-10,False,3.0,5.0,8.0,0.0,0.0,3.0,0.0,0.0,,,,537.27,12017.3,11319.15,0.0,0.0,10.0,False,0.25,0.75,0.0,8.0,,,True,True,True,True,False,False
2000034135,2023-12,False,0.0,4.0,6.0,0.0,0.0,3.0,0.0,0.0,,,,254.81,729.12,383.7,0.0,0.0,38.0,False,0.3333333333333333,0.6666666666666666,0.0,6.0,,,True,True,True,True,False,False
2000034135,2024-03,False,0.0,3.0,7.0,0.0,0.0,3.0,0.0,0.0,,,,662.23,917.0400000000001,352.44,0.0,0.0,65.0,False,0.14285714285714285,0.8571428571428571,0.0,7.0,,,True,True,True,True,False,False
2000034135,2024-04,False,1.0,1.0,5.0,0.0,0.0,3.0,0.0,0.0,,,,90.61,944.69,352.44,0.0,0.0,24.0,False,0.2,0.8,0.0,5.0,,,True,True,True,True,False,False
2000034135,2024-05,False,1.0,2.0,5.0,0.0,0.0,3.0,0.0,0.0,,,,261.61,923.84,352.44,0.0,0.0,19.0,False,0.0,1.0,0.0,5.0,,,True,True,True,True,False,False
2000034135,2024-06,False,1.0,3.0,6.0,0.0,0.0,3.0,0.0,0.0,,,,645.31,1307.54,383.7,0.0,0.0,2.0,False,0.0,1.0,0.0,6.0,,,True,True,True,True,False,False
2000034135,2024-07,False,1.0,3.0,4.0,0.0,0.0,3.0,0.0,0.0,,,,896.7,987.31,383.7,0.0,0.0,27.0,False,0.0,1.0,0.0,4.0,,,True,True,True,True,False,False
2000034135,2024-08,False,2.0,4.0,6.0,0.0,0.0,3.0,0.0,0.0,,,,947.99,1209.6,383.7,0.0,0.0,10.0,False,0.3333333333333333,0.6666666666666666,0.0,6.0,,,True,True,True,True,False,False
2000034135,2024-09,False,4.0,7.0,10.0,0.0,0.0,3.0,0.0,0.0,,,,1946.53,2591.84,959.25,0.0,0.0,6.0,False,0.6,0.4,0.0,10.0,,,True,True,True,True,False,False
2000034135,2024-10,False,5.0,11.0,14.0,0.0,0.0,3.0,0.0,0.0,,,,76058.36,76955.06,54868.0,0.0,0.0,6.0,False,0.7142857142857143,0.2857142857142857,0.0,14.0,,,True,True,True,True,False,False
2000034135,2024-11,False,3.0,12.0,16.0,0.0,0.0,3.0,0.0,0.0,,,,126199.49,127147.48,54868.0,0.0,0.0,4.0,False,0.6875,0.3125,0.0,16.0,,,True,True,True,True,False,False
2000034135,2024-12,False,2.0,10.0,17.0,0.0,0.0,3.0,0.0,0.0,,,,125058.75,127005.28,54868.0,0.0,0.0,4.0,False,0.7058823529411765,0.29411764705882354,0.0,17.0,,,True,True,True,True,False,False
2000034135,2025-01,False,3.0,8.0,19.0,0.0,0.0,3.0,0.0,0.0,,,,51036.759999999995,127095.12,54868.0,0.0,0.0,12.0,False,0.7368421052631579,0.2631578947368421,0.0,19.0,,,True,True,True,True,False,False
2000034135,2025-02,False,1.0,6.0,18.0,0.0,0.0,3.0,0.0,0.0,,,,865.1899999999999,127064.68,54868.0,0.0,0.0,8.0,False,0.6666666666666666,0.3333333333333333,0.0,18.0,,,True,True,True,True,False,False
2000034135,2025-03,False,3.0,7.0,17.0,0.0,0.0,3.0,240.0,240.0,0.029166666666666667,0.0,4.9037083333333324,1176.8899999999999,126235.64,54868.0,0.0,0.0,25.0,False,0.5882352941176471,0.4117647058823529,0.0,17.0,,,False,False,False,False,False,False
2000034135,2025-04,False,5.0,9.0,17.0,0.0,0.0,3.0,833.0,833.0,0.010804321728691477,0.0,3.1898319327731093,2657.13,53693.89,50100.0,0.0,0.0,1.0,False,0.4117647058823529,0.5882352941176471,0.0,17.0,,,False,False,False,False,False,False
2000034135,2025-05,False,5.0,13.0,19.0,0.0,0.0,3.0,1557.0,1557.0,0.008349389852280027,0.0,2.2033140655105976,3430.5600000000004,4295.75,1342.95,0.0,0.0,3.0,False,0.5789473684210527,0.42105263157894735,0.0,19.0,,,False,False,False,False,False,False
2000034135,2025-06,False,2.0,12.0,19.0,0.0,0.0,3.0,1344.0,1584.0,0.008928571428571428,0.0,3.1141294642857145,4185.39,5362.280000000001,1342.95,0.0,0.0,24.0,False,0.5789473684210527,0.42105263157894735,0.0,19.0,-0.02023809523809524,0.0,False,False,False,False,False,False
2000034135,2025-07,False,2.0,9.0,18.0,0.0,0.0,3.0,773.0,1606.0,0.01164294954721863,0.0,3.279327296248383,2534.92,5192.05,1342.95,0.0,0.0,19.0,False,0.6111111111111112,0.3888888888888889,0.0,18.0,0.0008386278185271521,0.0,False,False,False,False,False,False
2000034135,2025-08,False,3.0,7.0,20.0,0.0,0.0,3.0,126.0,1683.0,0.05555555555555555,0.0,14.65650793650794,1846.7200000000003,5277.280000000001,1342.95,0.0,0.0,8.0,False,0.65,0.35,0.0,20.0,0.04720616570327553,0.0,False,False,False,False,False,False
2000034135,2025-09,False,5.0,10.0,22.0,0.0,0.0,3.0,114.0,1458.0,0.08771929824561403,0.0,15.572280701754387,1775.2400000000002,5960.63,1342.95,0.0,0.0,4.0,False,0.5909090909090909,0.4090909090909091,0.0,22.0,0.0787907268170426,0.0,False,False,False,False,False,False
2000034135,2025-10,False,4.0,12.0,21.0,0.0,0.0,3.0,116.0,889.0,0.10344827586206896,0.0,23.12543103448276,2682.55,5217.47,1116.18,0.0,0.0,1.0,False,0.7619047619047619,0.23809523809523808,0.0,21.0,0.09180532631485033,0.0,False,False,False,False,False,False
2000034135,2025-11,False,0.0,9.0,16.0,0.0,0.0,3.0,51.0,177.0,0.17647058823529413,0.0,47.166078431372554,2405.4700000000003,4252.1900000000005,1116.18,0.0,0.0,32.0,False,0.6875,0.3125,0.0,16.0,0.12091503267973858,0.0,False,False,False,False,False,False
2000034135,2025-12,False,1.0,5.0,15.0,0.0,0.0,3.0,42.0,156.0,0.11904761904761904,0.0,32.39928571428572,1360.7700000000002,3136.01,551.92,0.0,0.0,11.0,False,0.6666666666666666,0.3333333333333333,0.0,15.0,0.03132832080200501,0.0,False,False,False,False,False,False
2000034135,2026-01,False,0.0,1.0,13.0,0.0,0.0,3.0,42.0,158.0,0.023809523809523808,0.0,4.567857142857148,191.85000000000022,2874.4,551.92,0.0,0.0,42.0,False,0.6153846153846154,0.38461538461538464,0.0,13.0,-0.07963875205254516,0.0,False,False,False,False,False,False
2000034135,2026-02,False,0.0,1.0,10.0,0.0,0.0,3.0,86.0,137.0,0.011627906976744186,0.0,2.230813953488375,191.85000000000022,2597.32,551.92,0.0,0.0,73.0,False,0.6,0.4,0.0,10.0,-0.16484268125854995,0.0,False,False,False,False,False,False
2000034140,2019-12,False,0.0,0.0,0.0,0.0,0.0,0.0,0.0,0.0,,,,0.0,0.0,0.0,0.0,0.0,,False,,,,0.0,,,True,True,True,True,True,True
2000034140,2022-01,False,0.0,0.0,0.0,0.0,0.0,0.0,0.0,0.0,,,,0.0,0.0,0.0,0.0,0.0,747.0,False,,,,0.0,,,True,True,True,True,False,True
2000034140,2022-02,False,1.0,1.0,1.0,0.0,0.0,2.0,0.0,0.0,,,,31.01,31.01,31.01,0.0,0.0,19.0,False,1.0,0.0,0.0,1.0,,,True,True,True,True,False,False
2000034140,2022-06,False,0.0,0.0,2.0,0.0,0.0,2.0,0.0,0.0,,,,0.0,62.02,31.01,0.0,0.0,99.0,False,1.0,0.0,0.0,2.0,,,True,True,True,True,False,False
2000034140,2022-12,False,0.0,0.0,1.0,0.0,0.0,2.0,0.0,0.0,,,,0.0,31.01,31.01,0.0,0.0,156.0,False,1.0,0.0,0.0,1.0,,,True,True,True,True,False,False
2000034140,2025-03,False,0.0,0.0,0.0,0.0,0.0,0.0,0.0,0.0,,,,0.0,0.0,0.0,0.0,0.0,802.0,False,,,,0.0,,,True,True,True,True,False,True
2000034142,2019-04,False,0.0,0.0,0.0,0.0,0.0,0.0,0.0,0.0,,,,0.0,0.0,0.0,0.0,0.0,,False,,,,0.0,,,True,True,True,True,True,True
2000034142,2019-05,False,3.0,3.0,3.0,3.0,3.0,4.0,0.0,0.0,,,,0.0,0.0,0.0,0.0,0.0,2.0,True,0.0,0.0,1.0,0.0,,,True,True,True,True,False,False
2000034142,2019-06,False,5.0,8.0,8.0,3.0,3.0,4.0,0.0,0.0,,,,120.80000000000001,120.80000000000001,81.76,0.0,0.0,16.0,True,0.0,0.0,1.0,0.0,,,True,True,True,True,False,False
2000034142,2019-10,False,0.0,0.0,9.0,0.0,3.0,4.0,0.0,0.0,,,,0.0,120.80000000000001,81.76,0.0,0.0,110.0,False,0.0,0.0,1.0,0.0,,,True,True,True,True,False,False
2000034142,2019-11,False,3.0,3.0,9.0,0.0,0.0,3.0,0.0,0.0,,,,10015590.42,10015711.22,5038517.88,0.0,0.0,7.0,False,0.1111111111111111,0.1111111111111111,0.7777777777777778,2.0,,,True,True,True,True,False,False
2000034142,2019-12,False,1.0,4.0,5.0,0.0,0.0,3.0,0.0,0.0,,,,10015590.42,10015590.42,5038517.88,0.0,0.0,5.0,False,0.4,0.2,0.4,3.0,,,True,True,True,True,False,False
2000034142,2020-01,False,2.0,6.0,6.0,0.0,0.0,3.0,0.0,0.0,,,,10015590.42,10015590.42,5038517.88,0.0,0.0,2.0,False,0.3333333333333333,0.3333333333333333,0.3333333333333333,4.0,,,True,True,True,True,False,False
2000034142,2020-02,False,2.0,5.0,8.0,0.0,0.0,3.0,0.0,0.0,,,,0.0,10015590.42,5038517.88,0.0,0.0,16.0,False,0.5,0.25,0.25,6.0,,,True,True,True,True,False,False
2000034142,2020-03,False,4.0,8.0,12.0,0.0,0.0,3.0,0.0,0.0,,,,0.0,10015590.42,5038517.88,0.0,0.0,18.0,False,0.5833333333333334,0.25,0.16666666666666666,10.0,,,True,True,True,True,False,False
2000034142,2020-04,False,11.0,17.0,23.0,0.0,0.0,3.0,0.0,0.0,,,,112457.02,10128047.44,5038517.88,0.0,0.0,6.0,False,0.782608695652174,0.13043478260869565,0.08695652173913043,21.0,,,True,True,True,True,False,False
2000034142,2020-05,False,2.0,17.0,22.0,0.0,0.0,3.0,0.0,0.0,,,,112457.02,112457.02,61445.34,0.0,0.0,21.0,False,0.8636363636363636,0.09090909090909091,0.045454545454545456,21.0,,,True,True,True,True,False,False
2000034142,2020-06,False,1.0,14.0,22.0,0.0,0.0,3.0,0.0,0.0,,,,112457.04000000001,112457.04000000001,61445.34,0.0,0.0,4.0,False,0.8636363636363636,0.09090909090909091,0.045454545454545456,21.0,,,True,True,True,True,False,False
2000034142,2020-07,False,1.0,4.0,21.0,0.0,0.0,3.0,0.0,0.0,,,,0.04,112457.06,61445.34,0.0,0.0,23.0,False,0.9523809523809523,0.047619047619047616,0.0,21.0,,,True,True,True,True,False,False
2000034142,2020-08,False,5.0,7.0,24.0,0.0,0.0,3.0,0.0,0.0,,,,1021362.6000000001,1133819.62,612137.28,0.0,0.0,7.0,False,0.9583333333333334,0.041666666666666664,0.0,24.0,,,True,True,True,True,False,False
2000034142,2020-09,False,2.0,8.0,22.0,0.0,0.0,3.0,0.0,0.0,,,,1021369.02,1133826.06,612137.28,1.0,1.0,11.0,False,0.9545454545454546,0.0,0.045454545454545456,21.0,,,True,True,True,True,False,False
2000034142,2020-10,False,4.0,11.0,15.0,0.0,0.0,3.0,0.0,0.0,,,,1225414.76,1225414.8,612137.28,1.0,1.0,6.0,False,0.8666666666666667,0.06666666666666667,0.06666666666666667,14.0,,,True,True,True,True,False,False
2000034142,2020-11,False,7.0,13.0,20.0,0.0,0.0,3.0,0.0,0.0,,,,204063.28,1225425.8800000001,612137.28,1.0,1.0,5.0,False,0.8,0.15,0.05,19.0,,,True,True,True,True,False,False
2000034142,2020-12,False,3.0,14.0,22.0,0.0,0.0,3.0,0.0,0.0,,,,204056.84,1225425.86,612137.28,0.0,1.0,7.0,False,0.7727272727272727,0.13636363636363635,0.09090909090909091,20.0,,,True,True,True,True,False,False
2000034142,2021-01,False,6.0,16.0,27.0,2.0,2.0,4.0,0.0,0.0,,,,11.08,1225425.84,612137.28,0.0,1.0,2.0,True,0.7777777777777778,0.14814814814814814,0.07407407407407407,25.0,,,True,True,True,True,False,False
2000034142,2021-03,False,0.0,8.0,22.0,2.0,2.0,4.0,0.0,0.0,,,,255057.2,459114.04000000004,204045.76,0.0,0.0,47.0,True,0.7727272727272727,0.18181818181818182,0.045454545454545456,21.0,,,True,True,True,True,False,False
2000034142,2021-05,False,0.0,4.0,15.0,0.0,2.0,4.0,0.0,0.0,,,,0.02,255057.22,204045.76,0.0,0.0,37.0,False,0.8,0.13333333333333333,0.06666666666666667,14.0,,,True,True,True,True,False,False
2000034142,2021-07,False,0.0,1.0,7.0,0.0,0.0,3.0,0.0,0.0,,,,34084.83,289142.05,204045.76,0.0,0.0,45.0,False,0.7142857142857143,0.14285714285714285,0.14285714285714285,6.0,,,True,True,True,True,False,False
2000034142,2021-08,False,7.0,8.0,12.0,1.0,1.0,4.0,0.0,0.0,,,,238130.59000000003,238130.61000000002,204045.76,0.0,0.0,6.0,True,0.75,0.16666666666666666,0.08333333333333333,11.0,,,True,True,True,True,False,False
2000034142,2021-09,False,4.0,11.0,16.0,1.0,1.0,4.0,0.0,0.0,,,,408091.52,442176.37,204045.76,0.0,0.0,6.0,True,0.8125,0.125,0.0625,15.0,,,True,True,True,True,False,False
2000034142,2021-10,False,7.0,18.0,19.0,2.0,2.0,4.0,0.0,0.0,,,,1962669.5,1996754.33,1418238.44,3.0,3.0,14.0,True,0.631578947368421,0.15789473684210525,0.21052631578947367,15.0,,,True,True,True,True,False,False
2000034142,2021-11,False,5.0,16.0,24.0,1.0,2.0,4.0,0.0,0.0,,,,1758623.74,1996754.33,1418238.44,3.0,3.0,4.0,True,0.7083333333333334,0.125,0.16666666666666666,20.0,,,True,True,True,True,False,False
2000034142,2021-12,False,5.0,17.0,28.0,1.0,2.0,4.0,0.0,0.0,,,,1707843.91,2115935.43,1418238.44,3.0,3.0,9.0,True,0.75,0.14285714285714285,0.10714285714285714,25.0,,,True,True,True,True,False,False
2000034142,2022-01,False,3.0,13.0,31.0,0.0,2.0,4.0,0.0,0.0,,,,168209.44999999998,2130878.95,1418238.44,0.0,3.0,11.0,False,0.7419354838709677,0.16129032258064516,0.0967741935483871,28.0,,,True,True,True,True,False,False
2000034142,2022-02,False,1.0,9.0,25.0,0.0,1.0,4.0,0.0,0.0,,,,168209.44999999998,1926833.19,1418238.44,0.0,3.0,13.0,False,0.68,0.2,0.12,22.0,,,True,True,True,True,False,False
2000034142,2022-03,False,6.0,10.0,27.0,1.0,2.0,4.0,0.0,0.0,,,,70798.5,1778642.41,1418238.44,0.0,3.0,1.0,True,0.5925925925925926,0.25925925925925924,0.14814814814814814,23.0,,,True,True,True,True,False,False
2000034142,2022-04,False,3.0,10.0,23.0,1.0,1.0,4.0,0.0,0.0,,,,1588061.0799999998,1756270.5299999998,1530343.2,0.0,0.0,1.0,True,0.6956521739130435,0.2608695652173913,0.043478260869565216,22.0,,,True,True,True,True,False,False
2000034142,2022-05,False,9.0,18.0,27.0,1.0,1.0,4.0,0.0,0.0,,,,1643170.9,1811380.3499999999,1530343.2,0.0,0.0,12.0,True,0.7037037037037037,0.25925925925925924,0.037037037037037035,26.0,,,True,True,True,True,False,False
2000034142,2022-06,False,6.0,18.0,28.0,0.0,1.0,4.0,0.0,0.0,,,,1591333.38,1662131.88,1530343.2,0.0,0.0,1.0,False,0.7142857142857143,0.25,0.03571428571428571,27.0,,,True,True,True,True,False,False
2000034142,2022-07,False,3.0,18.0,28.0,0.0,1.0,4.0,0.0,0.0,,,,161150.16000000003,1749211.2399999998,1530343.2,0.0,0.0,22.0,False,0.7142857142857143,0.25,0.03571428571428571,27.0,,,True,True,True,True,False,False
2000034142,2022-08,False,2.0,11.0,29.0,1.0,2.0,4.0,0.0,0.0,,,,106040.34000000001,1749211.2399999998,1530343.2,0.0,0.0,20.0,True,0.7586206896551724,0.20689655172413793,0.034482758620689655,28.0,,,True,True,True,True,False,False
2000034142,2022-10,False,0.0,11.0,29.0,1.0,1.0,4.0,0.0,0.0,,,,104113.14,265263.30000000005,102022.88,0.0,0.0,32.0,True,0.7586206896551724,0.2413793103448276,0.0,29.0,,,True,True,True,True,False,False
2000034142,2022-12,False,0.0,5.0,19.0,0.0,1.0,4.0,0.0,0.0,,,,4509.4800000000005,210645.50000000003,102022.88,0.0,0.0,52.0,False,0.47368421052631576,0.5263157894736842,0.0,19.0,,,True,True,True,True,False,False
2000034142,2023-03,False,0.0,2.0,7.0,0.0,0.0,3.0,0.0,0.0,,,,102022.88,106532.36,51011.44,0.0,0.0,71.0,False,0.2857142857142857,0.7142857142857143,0.0,7.0,,,True,True,True,True,False,False
2000034142,2023-04,False,1.0,1.0,8.0,0.0,0.0,3.0,0.0,0.0,,,,19.32,106551.68000000001,51011.44,0.0,0.0,30.0,False,0.375,0.625,0.0,8.0,,,True,True,True,True,False,False
2000034142,2023-05,False,1.0,2.0,4.0,0.0,0.0,3.0,0.0,0.0,,,,272697.96,374720.84,272678.64,0.0,0.0,11.0,False,1.0,0.0,0.0,4.0,,,True,True,True,True,False,False
2000034142,2023-06,False,2.0,4.0,6.0,0.0,0.0,3.0,0.0,0.0,,,,323709.4,425732.28,272678.64,0.0,0.0,7.0,False,1.0,0.0,0.0,6.0,,,True,True,True,True,False,False
2000034142,2023-08,False,0.0,4.0,6.0,0.0,0.0,3.0,0.0,0.0,,,,54578.380000000005,327276.34,272678.64,0.0,0.0,46.0,False,1.0,0.0,0.0,6.0,,,True,True,True,True,False,False
2000034142,2023-09,False,9.0,11.0,15.0,0.0,0.0,3.0,0.0,0.0,,,,25579.399999999998,349288.80000000005,272678.64,0.0,0.0,1.0,False,0.8,0.2,0.0,15.0,,,True,True,True,True,False,False
2000034142,2023-10,False,4.0,13.0,18.0,0.0,0.0,3.0,0.0,0.0,,,,27228.579999999998,354485.60000000003,272678.64,0.0,0.0,24.0,False,0.7777777777777778,0.2222222222222222,0.0,18.0,,,True,True,True,True,False,False
2000034142,2023-11,False,17.0,30.0,34.0,0.0,0.0,3.0,0.0,0.0,,,,473323.26,527901.64,408091.52,0.0,0.0,6.0,False,0.6470588235294118,0.20588235294117646,0.14705882352941177,29.0,,,True,True,True,True,False,False
2000034142,2023-12,False,6.0,27.0,38.0,0.0,0.0,3.0,0.0,0.0,,,,453849.62,479429.02,408091.52,0.0,0.0,9.0,False,0.631578947368421,0.23684210526315788,0.13157894736842105,33.0,,,True,True,True,True,False,False
2000034142,2024-02,False,0.0,12.0,42.0,0.0,0.0,3.0,0.0,0.0,,,,174948.96000000002,648272.22,408091.52,0.0,0.0,37.0,False,0.6428571428571429,0.23809523809523808,0.11904761904761904,37.0,,,True,True,True,True,False,False
2000034142,2024-03,False,3.0,9.0,36.0,0.0,0.0,3.0,0.0,0.0,,,,173326.18000000002,627175.8,408091.52,0.0,0.0,15.0,False,0.6388888888888888,0.2222222222222222,0.1388888888888889,31.0,,,True,True,True,True,False,False
2000034142,2024-04,False,9.0,12.0,41.0,0.0,0.0,3.0,0.0,0.0,,,,124322.0,745365.6400000001,408091.52,0.0,0.0,11.0,False,0.6829268292682927,0.1951219512195122,0.12195121951219512,36.0,,,True,True,True,True,False,False
2000034142,2024-05,False,3.0,15.0,27.0,0.0,0.0,3.0,0.0,0.0,,,,124694.58,299643.54000000004,115278.88,0.0,0.0,5.0,False,0.7777777777777778,0.2222222222222222,0.0,27.0,,,True,True,True,True,False,False
2000034142,2024-06,False,3.0,15.0,24.0,0.0,0.0,3.0,0.0,0.0,,,,361909.17000000004,535235.35,204045.76,0.0,0.0,2.0,False,0.75,0.25,0.0,24.0,,,True,True,True,True,False,False
2000034142,2024-08,False,0.0,7.0,22.0,0.0,0.0,3.0,0.0,0.0,,,,238938.91,363633.49,204045.76,0.0,0.0,51.0,False,0.6818181818181818,0.3181818181818182,0.0,22.0,,,True,True,True,True,False,False
2000034142,2024-09,False,2.0,6.0,21.0,0.0,0.0,3.0,0.0,0.0,,,,70480.74,432389.91000000003,204045.76,0.0,0.0,2.0,False,0.6666666666666666,0.2857142857142857,0.047619047619047616,20.0,,,True,True,True,True,False,False
2000034142,2024-10,False,3.0,5.0,15.0,0.0,0.0,3.0,0.0,0.0,,,,315826.39999999997,555137.8899999999,245781.36,0.0,0.0,1.0,False,0.4666666666666667,0.4666666666666667,0.06666666666666667,14.0,,,True,True,True,True,False,False
2000034142,2024-11,False,3.0,8.0,15.0,0.0,0.0,3.0,0.0,0.0,,,,315826.4,554765.31,245781.36,0.0,0.0,1.0,False,0.4,0.5333333333333333,0.06666666666666667,14.0,,,True,True,True,True,False,False
2000034142,2024-12,False,9.0,15.0,21.0,0.0,0.0,3.0,0.0,0.0,,,,246763.62999999998,317244.37,245781.36,0.0,0.0,13.0,False,0.47619047619047616,0.47619047619047616,0.047619047619047616,20.0,,,True,True,True,True,False,False
2000034142,2025-01,False,9.0,21.0,26.0,0.0,0.0,3.0,0.0,0.0,,,,54986.65000000004,370813.05,245781.36,0.0,0.0,6.0,False,0.6153846153846154,0.34615384615384615,0.038461538461538464,25.0,,,True,True,True,True,False,False
2000034142,2025-02,False,2.0,20.0,28.0,0.0,0.0,3.0,0.0,0.0,,,,93362.39000000004,409188.79,245781.36,0.0,0.0,16.0,False,0.6428571428571429,0.32142857142857145,0.03571428571428571,27.0,,,True,True,True,True,False,False
2000034142,2025-03,False,11.0,22.0,37.0,0.0,0.0,3.0,378.0,378.0,0.0582010582010582,0.0,390.71621693121705,147690.73000000004,394454.3599999999,245781.36,0.0,0.0,12.0,False,0.7567567567567568,0.24324324324324326,0.0,37.0,,,False,False,False,False,False,False
2000034142,2025-04,False,5.0,18.0,39.0,0.0,0.0,3.0,6018.0,6018.0,0.0029910269192422734,0.0,15.59761548687272,93866.45000000003,148853.1,51011.44,0.0,0.0,5.0,False,0.6923076923076923,0.3076923076923077,0.0,39.0,,,False,False,False,False,False,False
2000034142,2025-05,False,3.0,19.0,39.0,0.0,0.0,3.0,7563.0,7563.0,0.00251223059632421,0.0,10.401781039270135,78668.67000000003,172031.06,51011.44,0.0,0.0,13.0,False,0.717948717948718,0.28205128205128205,0.0,39.0,,,False,False,False,False,False,False
2000034142,2025-06,False,7.0,15.0,37.0,0.0,0.0,3.0,12898.0,13276.0,0.0011629710032563189,0.0,9.768678864940304,125996.42000000003,273687.15,51011.44,0.0,0.0,10.0,False,0.6486486486486487,0.35135135135135137,0.0,37.0,-0.05703808719780188,0.0,False,False,False,False,False,False
2000034142,2025-07,False,3.0,13.0,31.0,0.0,0.0,3.0,8681.0,14699.0,0.0014975233268056676,0.0,14.450378988595787,125443.74000000003,219310.18999999997,51011.44,0.0,0.0,5.0,False,0.6129032258064516,0.3870967741935484,0.0,31.0,-0.0014935035924366058,0.0,False,False,False,False,False,False
2000034142,2025-08,False,3.0,13.0,32.0,0.0,0.0,3.0,7507.0,15070.0,0.0017317170640735314,0.0,13.622722792060747,102265.78000000003,180934.44999999998,51011.44,0.0,0.0,10.0,False,0.625,0.375,0.0,32.0,-0.0007805135322506785,0.0,False,False,False,False,False,False
2000034142,2025-09,False,4.0,10.0,25.0,0.0,0.0,3.0,2394.0,15292.0,0.004177109440267335,0.0,0.0,0.0,125996.41999999998,51011.44,0.0,0.0,7.0,False,0.52,0.48,0.0,25.0,0.003014138437011016,0.0,False,False,False,False,False,False
2000034142,2025-10,False,6.0,13.0,26.0,0.0,0.0,3.0,1172.0,9853.0,0.011092150170648464,0.0,145.2490187713311,170231.85000000003,295675.58999999997,102022.88,0.0,0.0,7.0,False,0.6923076923076923,0.3076923076923077,0.0,26.0,0.009594626843842796,0.0,False,False,False,False,False,False
2000034142,2025-11,False,20.0,30.0,43.0,0.0,0.0,3.0,3189.0,10696.0,0.00940733772342427,0.0,64.18566321730951,204688.08000000005,306953.86,102022.88,0.0,0.0,1.0,False,0.5813953488372093,0.4186046511627907,0.0,43.0,0.007675620659350738,0.0,False,False,False,False,False,False
2000034142,2025-12,False,8.0,34.0,44.0,0.0,0.0,3.0,3075.0,5469.0,0.011056910569105691,0.0,94.31590569105693,290021.41000000003,290021.41000000003,102022.88,0.0,0.0,19.0,False,0.6590909090909091,0.3409090909090909,0.0,44.0,0.006879801128838356,0.0,False,False,False,False,False,False
2000034142,2026-01,False,12.0,40.0,53.0,0.0,0.0,3.0,3867.0,5039.0,0.01034393586759762,0.0,70.73148694078098,273518.66000000003,443750.51,102022.88,0.0,0.0,8.0,False,0.5849056603773585,0.41509433962264153,0.0,53.0,-0.0007482143030508436,0.0,False,False,False,False,False,False
2000034142,2026-02,False,7.0,27.0,57.0,0.0,0.0,3.0,1774.0,4963.0,0.015219842164599774,0.0,163.6067080045096,290238.30000000005,494926.38,102022.88,0.0,0.0,3.0,False,0.5263157894736842,0.47368421052631576,0.0,57.0,0.005812504441175504,0.0,False,False,False,False,False,False
2000034144,2025-02,False,0.0,0.0,0.0,0.0,0.0,0.0,0.0,0.0,,,,0.0,0.0,0.0,0.0,0.0,,False,,,,0.0,,,True,True,True,True,True,True
2000034144,2025-03,False,0.0,0.0,0.0,0.0,0.0,0.0,0.0,0.0,,,,0.0,0.0,0.0,0.0,0.0,,False,,,,0.0,,,True,True,True,True,True,True
2000034144,2025-04,False,0.0,0.0,0.0,0.0,0.0,0.0,200.0,200.0,0.0,0.0,0.0,0.0,0.0,0.0,0.0,0.0,,False,,,,0.0,,,False,False,False,False,True,True
2000034144,2025-05,False,0.0,0.0,0.0,0.0,0.0,0.0,250.0,250.0,0.0,0.0,0.0,0.0,0.0,0.0,0.0,0.0,,False,,,,0.0,,,False,False,False,False,True,True
2000034144,2025-06,False,0.0,0.0,0.0,0.0,0.0,0.0,250.0,250.0,0.0,0.0,0.0,0.0,0.0,0.0,0.0,0.0,,False,,,,0.0,,,False,False,False,False,True,True
2000034144,2025-07,False,0.0,0.0,0.0,0.0,0.0,0.0,50.0,250.0,0.0,0.0,0.0,0.0,0.0,0.0,0.0,0.0,,False,,,,0.0,0.0,0.0,False,False,False,False,True,True
2000034144,2025-08,False,0.0,0.0,0.0,0.0,0.0,0.0,0.0,250.0,,,,0.0,0.0,0.0,0.0,0.0,,False,,,,0.0,,,True,True,True,True,True,True
2000034144,2025-09,False,0.0,0.0,0.0,0.0,0.0,0.0,0.0,250.0,,,,0.0,0.0,0.0,0.0,0.0,,False,,,,0.0,,,True,True,True,True,True,True
2000034144,2025-10,False,0.0,0.0,0.0,0.0,0.0,0.0,0.0,50.0,,,,0.0,0.0,0.0,0.0,0.0,,False,,,,0.0,,,True,True,True,True,True,True
2000034144,2025-11,False,0.0,0.0,0.0,0.0,0.0,0.0,77.0,77.0,0.0,0.0,0.0,0.0,0.0,0.0,0.0,0.0,,False,,,,0.0,,,False,False,False,False,True,True
2000034144,2025-12,False,0.0,0.0,0.0,0.0,0.0,0.0,77.0,77.0,0.0,0.0,0.0,0.0,0.0,0.0,0.0,0.0,,False,,,,0.0,,,False,False,False,False,True,True
2000034144,2026-01,False,0.0,0.0,0.0,0.0,0.0,0.0,77.0,77.0,0.0,0.0,0.0,0.0,0.0,0.0,0.0,0.0,,False,,,,0.0,,,False,False,False,False,True,True
2000034144,2026-02,False,0.0,0.0,0.0,0.0,0.0,0.0,0.0,77.0,,,,0.0,0.0,0.0,0.0,0.0,,False,,,,0.0,,,True,True,True,True,True,True
2000034146,2025-03,False,0.0,0.0,0.0,0.0,0.0,0.0,0.0,0.0,,,,0.0,0.0,0.0,0.0,0.0,,False,,,,0.0,,,True,True,True,True,True,True
2000034146,2025-05,False,0.0,0.0,0.0,0.0,0.0,0.0,0.0,0.0,,,,0.0,0.0,0.0,0.0,0.0,,False,,,,0.0,,,True,True,True,True,True,True
2000034146,2025-06,False,0.0,0.0,0.0,0.0,0.0,0.0,0.0,0.0,,,,0.0,0.0,0.0,0.0,0.0,,False,,,,0.0,,,True,True,True,True,True,True
2000034146,2025-08,False,0.0,0.0,0.0,0.0,0.0,0.0,0.0,0.0,,,,0.0,0.0,0.0,0.0,0.0,,False,,,,0.0,,,True,True,True,True,True,True
2000034146,2025-10,False,0.0,0.0,0.0,0.0,0.0,0.0,0.0,0.0,,,,0.0,0.0,0.0,0.0,0.0,,False,,,,0.0,,,True,True,True,True,True,True
2000034146,2026-02,False,0.0,0.0,0.0,0.0,0.0,0.0,0.0,0.0,,,,0.0,0.0,0.0,0.0,0.0,,False,,,,0.0,,,True,True,True,True,True,True
2000034153,2020-02,False,0.0,0.0,0.0,0.0,0.0,0.0,0.0,0.0,,,,0.0,0.0,0.0,0.0,0.0,,False,,,,0.0,,,True,True,True,True,True,True
2000034153,2020-03,False,1.0,1.0,1.0,0.0,0.0,3.0,0.0,0.0,,,,126.66,126.66,126.66,0.0,0.0,25.0,False,0.0,1.0,0.0,1.0,,,True,True,True,True,False,False
2000034153,2020-06,False,0.0,2.0,3.0,0.0,0.0,3.0,0.0,0.0,,,,154.42000000000002,281.08000000000004,126.66,0.0,0.0,90.0,False,0.0,1.0,0.0,3.0,,,True,True,True,True,False,False
2000034153,2020-07,False,2.0,2.0,5.0,0.0,0.0,3.0,0.0,0.0,,,,155.94,437.02,126.66,0.0,0.0,22.0,False,0.4,0.6,0.0,5.0,,,True,True,True,True,False,False
2000034153,2020-08,False,3.0,5.0,8.0,0.0,0.0,3.0,0.0,0.0,,,,388.33,669.41,126.66,0.0,0.0,11.0,False,0.375,0.625,0.0,8.0,,,True,True,True,True,False,False
2000034153,2020-09,False,1.0,6.0,8.0,0.0,0.0,2.0,0.0,0.0,,,,466.29999999999995,620.72,77.97,0.0,0.0,25.0,False,0.5,0.5,0.0,8.0,,,True,True,True,True,False,False
2000034153,2020-10,False,1.0,5.0,7.0,0.0,0.0,2.0,0.0,0.0,,,,388.33,544.27,77.97,0.0,0.0,21.0,False,0.7142857142857143,0.2857142857142857,0.0,7.0,,,True,True,True,True,False,False
2000034153,2020-11,False,1.0,3.0,8.0,0.0,0.0,3.0,0.0,0.0,,,,282.6,670.93,126.66,0.0,0.0,5.0,False,0.625,0.25,0.125,7.0,,,True,True,True,True,False,False
2000034153,2020-12,False,1.0,3.0,9.0,0.0,0.0,3.0,0.0,0.0,,,,331.28999999999996,797.5899999999999,126.66,0.0,0.0,22.0,False,0.6666666666666666,0.2222222222222222,0.1111111111111111,8.0,,,True,True,True,True,False,False
2000034153,2021-06,False,0.0,0.0,1.0,0.0,0.0,2.0,0.0,0.0,,,,0.0,77.97,77.97,0.0,0.0,168.0,False,1.0,0.0,0.0,1.0,,,True,True,True,True,False,False
2000034153,2021-07,False,1.0,1.0,1.0,0.0,0.0,3.0,0.0,0.0,,,,76.45,76.45,76.45,0.0,0.0,3.0,False,1.0,0.0,0.0,1.0,,,True,True,True,True,False,False
2000034153,2021-10,False,0.0,3.0,4.0,0.0,0.0,3.0,0.0,0.0,,,,0.03,76.48,76.45,0.0,0.0,81.0,False,0.25,0.75,0.0,4.0,,,True,True,True,True,False,False
2000034153,2021-11,False,1.0,1.0,5.0,0.0,0.0,3.0,0.0,0.0,,,,76.45,152.93,76.45,0.0,0.0,27.0,False,0.4,0.6,0.0,5.0,,,True,True,True,True,False,False
2000034153,2021-12,False,1.0,2.0,6.0,0.0,0.0,3.0,0.0,0.0,,,,152.9,229.38,76.45,0.0,0.0,2.0,False,0.5,0.5,0.0,6.0,,,True,True,True,True,False,False
2000034153,2022-01,False,1.0,3.0,6.0,0.0,0.0,3.0,0.0,0.0,,,,406.22,406.25,253.32,0.0,0.0,26.0,False,0.5,0.5,0.0,6.0,,,True,True,True,True,False,False
2000034153,2022-06,False,0.0,0.0,2.0,0.0,0.0,3.0,0.0,0.0,,,,0.0,331.28999999999996,253.32,0.0,0.0,148.0,False,1.0,0.0,0.0,2.0,,,True,True,True,True,False,False
2000034153,2022-07,False,1.0,1.0,2.0,0.0,0.0,2.0,0.0,0.0,,,,155.94,233.91,155.94,0.0,0.0,28.0,False,1.0,0.0,0.0,2.0,,,True,True,True,True,False,False
2000034153,2022-09,False,0.0,3.0,3.0,0.0,0.0,2.0,0.0,0.0,,,,662.5799999999999,662.5799999999999,253.32,0.0,0.0,41.0,False,1.0,0.0,0.0,3.0,,,True,True,True,True,False,False
2000034153,2022-10,False,2.0,4.0,5.0,0.0,0.0,2.0,0.0,0.0,,,,4305.89,4461.83,2728.95,0.0,0.0,9.0,False,1.0,0.0,0.0,5.0,,,True,True,True,True,False,False
2000034153,2023-01,False,0.0,2.0,6.0,0.0,0.0,2.0,0.0,0.0,,,,154.42000000000002,4460.31,2728.95,0.0,0.0,62.0,False,1.0,0.0,0.0,6.0,,,True,True,True,True,False,False
2000034153,2023-02,False,10.0,10.0,14.0,0.0,0.0,2.0,0.0,0.0,,,,772.1,4725.77,2728.95,0.0,0.0,12.0,False,1.0,0.0,0.0,14.0,,,True,True,True,True,False,False
2000034153,2023-03,False,1.0,11.0,15.0,0.0,0.0,2.0,0.0,0.0,,,,850.07,4803.74,2728.95,0.0,0.0,20.0,False,1.0,0.0,0.0,15.0,,,True,True,True,True,False,False
2000034153,2023-04,False,26.0,37.0,39.0,0.0,0.0,2.0,0.0,0.0,,,,2860.57,3014.99,77.97,0.0,0.0,1.0,False,1.0,0.0,0.0,39.0,,,True,True,True,True,False,False
2000034153,2023-06,False,0.0,28.0,39.0,0.0,0.0,2.0,0.0,0.0,,,,2166.44,3016.5099999999998,77.97,0.0,0.0,55.0,False,1.0,0.0,0.0,39.0,,,True,True,True,True,False,False
2000034153,2023-07,False,2.0,4.0,41.0,0.0,0.0,2.0,0.0,0.0,,,,310.36000000000024,3170.93,77.97,0.0,0.0,5.0,False,1.0,0.0,0.0,41.0,,,True,True,True,True,False,False
2000034153,2023-08,False,2.0,4.0,33.0,0.0,0.0,2.0,0.0,0.0,,,,308.84000000000026,2553.25,77.97,0.0,0.0,6.0,False,1.0,0.0,0.0,33.0,,,True,True,True,True,False,False
2000034153,2024-01,False,0.0,0.0,4.0,0.0,0.0,2.0,0.0,0.0,,,,0.0,308.84000000000003,77.97,0.0,0.0,140.0,False,1.0,0.0,0.0,4.0,,,True,True,True,True,False,False
2000034153,2024-02,False,1.0,1.0,3.0,0.0,0.0,2.0,0.0,0.0,,,,77.97000000000023,232.39000000000001,77.97,0.0,0.0,20.0,False,1.0,0.0,0.0,3.0,,,True,True,True,True,False,False
2000034153,2024-03,False,2.0,3.0,3.0,0.0,0.0,2.0,0.0,0.0,,,,232.39000000000024,232.39000000000001,77.97,0.0,0.0,2.0,False,1.0,0.0,0.0,3.0,,,True,True,True,True,False,False
2000034153,2024-05,False,0.0,4.0,5.0,0.0,0.0,3.0,0.0,0.0,,,,359.0500000000002,437.02,126.66,0.0,0.0,43.0,False,0.8,0.2,0.0,5.0,,,True,True,True,True,False,False
2000034153,2024-09,False,0.0,0.0,4.0,0.0,0.0,3.0,0.0,0.0,,,,0.0,359.05000000000007,126.66,0.0,0.0,100.0,False,0.75,0.25,0.0,4.0,,,True,True,True,True,False,False
2000034153,2024-10,False,1.0,1.0,3.0,0.0,0.0,2.0,0.0,0.0,,,,77.97000000000023,232.39000000000001,77.97,0.0,0.0,25.0,False,1.0,0.0,0.0,3.0,,,True,True,True,True,False,False
2000034153,2024-11,False,3.0,4.0,6.0,0.0,0.0,2.0,0.0,0.0,,,,310.36000000000024,464.78,77.97,0.0,0.0,23.0,False,1.0,0.0,0.0,6.0,,,True,True,True,True,False,False
2000034153,2024-12,False,1.0,5.0,5.0,0.0,0.0,2.0,0.0,0.0,,,,388.3300000000002,388.33,77.97,0.0,0.0,17.0,False,1.0,0.0,0.0,5.0,,,True,True,True,True,False,False
2000034153,2025-01,False,10.0,14.0,15.0,0.0,0.0,2.0,0.0,0.0,,,,1087.0200000000002,1164.99,77.97,0.0,0.0,1.0,False,1.0,0.0,0.0,15.0,,,True,True,True,True,False,False
2000034153,2025-02,False,3.0,14.0,18.0,0.0,0.0,2.0,0.0,0.0,,,,1087.0200000000002,1397.3799999999999,77.97,0.0,0.0,3.0,False,1.0,0.0,0.0,18.0,,,True,True,True,True,False,False
2000034153,2025-04,False,0.0,7.0,21.0,0.0,0.0,2.0,0.0,0.0,,,,539.7100000000003,1626.7299999999998,77.97,0.0,0.0,42.0,False,1.0,0.0,0.0,21.0,,,True,True,True,True,False,False
2000034153,2025-05,False,3.0,7.0,21.0,0.0,0.0,2.0,31.0,31.0,0.22580645161290322,0.0,17.410000000000007,539.7100000000003,1626.73,77.97,0.0,0.0,10.0,False,1.0,0.0,0.0,21.0,,,False,False,False,False,False,False
2000034153,2025-06,False,2.0,5.0,22.0,0.0,0.0,2.0,31.0,31.0,0.16129032258064516,0.0,12.477741935483879,386.81000000000023,1703.1799999999998,77.97,0.0,0.0,9.0,False,1.0,0.0,0.0,22.0,,,False,False,False,False,False,False
2000034153,2025-07,False,10.0,15.0,22.0,0.0,0.0,2.0,31.0,31.0,0.4838709677419355,0.0,37.38419354838711,1158.9100000000003,1698.62,77.97,0.0,0.0,4.0,False,1.0,0.0,0.0,22.0,,,False,False,False,False,False,False
2000034153,2025-08,False,6.0,18.0,25.0,0.0,0.0,2.0,0.0,31.0,,,,1544.2000000000003,2083.91,155.94,0.0,0.0,22.0,False,1.0,0.0,0.0,25.0,,,True,True,True,True,False,False
2000034153,2025-09,False,10.0,26.0,31.0,0.0,0.0,3.0,40.0,71.0,0.65,0.0,60.418000000000006,2416.7200000000003,2803.5299999999997,253.32,0.0,0.0,3.0,False,0.967741935483871,0.03225806451612903,0.0,31.0,0.4887096774193549,0.0,False,False,False,False,False,False
2000034153,2025-10,False,5.0,21.0,36.0,0.0,0.0,3.0,80.0,111.0,0.2625,0.0,25.354875000000003,2028.3900000000003,3187.3,253.32,0.0,0.0,5.0,False,0.9722222222222222,0.027777777777777776,0.0,36.0,-0.2213709677419355,0.0,False,False,False,False,False,False
2000034153,2025-11,False,1.0,16.0,34.0,0.0,0.0,3.0,80.0,80.0,0.2,0.0,18.589500000000005,1487.1600000000003,3031.36,253.32,0.0,0.0,17.0,False,0.9705882352941176,0.029411764705882353,0.0,34.0,,,False,False,False,False,False,False
2000034153,2025-12,False,1.0,7.0,33.0,0.0,0.0,3.0,54.0,94.0,0.12962962962962962,0.0,9.966481481481484,538.1900000000002,2954.91,253.32,0.0,0.0,26.0,False,0.9696969696969697,0.030303030303030304,0.0,33.0,-0.5203703703703704,0.0,False,False,False,False,False,False
2000034153,2026-01,False,1.0,3.0,24.0,0.0,0.0,3.0,46.0,126.0,0.06521739130434782,0.0,3.3569565217391357,154.42000000000024,2182.81,253.32,0.0,0.0,14.0,False,0.9583333333333334,0.041666666666666664,0.0,24.0,-0.19728260869565217,0.0,False,False,False,False,False,False
2000034160,2021-07,False,0.0,0.0,0.0,0.0,0.0,0.0,0.0,0.0,,,,0.0,0.0,0.0,0.0,0.0,,False,,,,0.0,,,True,True,True,True,True,True
2000034165,2024-06,False,0.0,0.0,0.0,0.0,0.0,0.0,0.0,0.0,,,,0.0,0.0,0.0,0.0,0.0,,False,,,,0.0,,,True,True,True,True,True,True
2000034165,2025-03,False,0.0,0.0,0.0,0.0,0.0,0.0,0.0,0.0,,,,0.0,0.0,0.0,0.0,0.0,253.0,False,,,,0.0,,,True,True,True,True,False,True
2000034165,2025-04,False,0.0,0.0,0.0,0.0,0.0,0.0,102.0,102.0,0.0,0.0,0.0,0.0,0.0,0.0,0.0,0.0,284.0,False,,,,0.0,,,False,False,False,False,False,True
2000034165,2025-05,False,1.0,1.0,1.0,0.0,0.0,3.0,1602.0,1602.0,0.0006242197253433209,0.0,0.14389513108614232,230.52,230.52,230.52,0.0,0.0,24.0,False,1.0,0.0,0.0,1.0,,,False,False,False,False,False,False
2000034165,2025-06,False,0.0,1.0,1.0,0.0,0.0,3.0,210496.2,210496.2,4.750679584714593e-06,0.0,0.001095126657868408,230.52,230.52,230.52,0.0,0.0,55.0,False,1.0,0.0,0.0,1.0,,,False,False,False,False,False,False
2000034165,2025-09,False,0.0,0.0,1.0,0.0,0.0,3.0,-197712.2,12784.0,,,,0.0,230.52,230.52,0.0,0.0,147.0,False,1.0,0.0,0.0,1.0,,,True,True,True,True,False,False
2000034165,2025-10,False,0.0,0.0,1.0,0.0,0.0,3.0,570.0,13252.0,0.0,0.0,0.0,0.0,230.52,230.52,0.0,0.0,177.0,False,1.0,0.0,0.0,1.0,-7.885191610156126e-05,0.0,False,False,False,False,False,False
2000034165,2025-11,False,0.0,0.0,0.0,0.0,0.0,0.0,10570.0,21752.0,0.0,0.0,0.0,0.0,0.0,0.0,0.0,0.0,208.0,False,,,,0.0,0.0,0.0,False,False,False,False,False,True
2000034165,2025-12,False,0.0,0.0,0.0,0.0,0.0,0.0,10585.0,-187127.2,0.0,0.0,0.0,0.0,0.0,0.0,0.0,0.0,238.0,False,,,,0.0,,,False,False,False,False,False,True
2000034167,2025-06,False,0.0,0.0,0.0,0.0,0.0,0.0,0.0,0.0,,,,0.0,0.0,0.0,0.0,0.0,,False,,,,0.0,,,True,True,True,True,True,True
2000034171,2021-06,False,0.0,0.0,0.0,0.0,0.0,0.0,0.0,0.0,,,,0.0,0.0,0.0,0.0,0.0,,False,,,,0.0,,,True,True,True,True,True,True
2000034171,2021-07,False,2.0,2.0,2.0,0.0,0.0,3.0,0.0,0.0,,,,629.43,629.43,520.26,0.0,0.0,22.0,False,0.0,1.0,0.0,2.0,,,True,True,True,True,False,False
2000034171,2022-03,False,0.0,0.0,0.0,0.0,0.0,0.0,0.0,0.0,,,,0.0,0.0,0.0,0.0,0.0,216.0,False,,,,0.0,,,True,True,True,True,False,True
2000034171,2022-04,False,1.0,1.0,1.0,0.0,0.0,3.0,0.0,0.0,,,,260.13,260.13,260.13,0.0,0.0,28.0,False,0.0,1.0,0.0,1.0,,,True,True,True,True,False,False
2000034171,2022-05,False,2.0,3.0,3.0,0.0,0.0,3.0,0.0,0.0,,,,648.85,648.85,260.13,0.0,0.0,20.0,False,0.0,1.0,0.0,3.0,,,True,True,True,True,False,False
2000034171,2022-06,False,1.0,4.0,4.0,1.0,1.0,4.0,0.0,0.0,,,,908.98,908.98,260.13,0.0,0.0,23.0,True,0.0,1.0,0.0,4.0,,,True,True,True,True,False,False
2000034171,2022-11,False,0.0,0.0,2.0,0.0,1.0,4.0,0.0,0.0,,,,0.0,520.26,260.13,0.0,0.0,152.0,False,0.0,1.0,0.0,2.0,,,True,True,True,True,False,False
2000034174,2019-08,False,0.0,0.0,0.0,0.0,0.0,0.0,0.0,0.0,,,,0.0,0.0,0.0,0.0,0.0,,False,,,,0.0,,,True,True,True,True,True,True
2000034174,2020-06,False,0.0,0.0,0.0,0.0,0.0,0.0,0.0,0.0,,,,0.0,0.0,0.0,0.0,0.0,298.0,False,,,,0.0,,,True,True,True,True,False,True
2000034174,2020-12,False,0.0,0.0,1.0,0.0,0.0,3.0,0.0,0.0,,,,0.0,358531.0,358531.0,0.0,0.0,155.0,False,1.0,0.0,0.0,1.0,,,True,True,True,True,False,False
2000034174,2021-02,False,0.0,2.0,2.0,0.0,0.0,2.0,0.0,0.0,,,,0.32,0.32,0.16,0.0,0.0,52.0,False,1.0,0.0,0.0,2.0,,,True,True,True,True,False,False
2000034174,2021-03,False,1.0,3.0,3.0,0.0,0.0,3.0,0.0,0.0,,,,24.96,24.96,24.64,0.0,0.0,20.0,False,1.0,0.0,0.0,3.0,,,True,True,True,True,False,False
2000034174,2021-04,False,3.0,4.0,6.0,0.0,0.0,3.0,0.0,0.0,,,,322.97,323.29,140.27,0.0,0.0,9.0,False,0.6666666666666666,0.3333333333333333,0.0,6.0,,,True,True,True,True,False,False
2000034174,2021-05,False,3.0,7.0,9.0,0.0,0.0,3.0,0.0,0.0,,,,358996.16,358996.48,358531.0,0.0,0.0,11.0,False,0.6666666666666666,0.3333333333333333,0.0,9.0,,,True,True,True,True,False,False
2000034174,2021-08,False,0.0,2.0,9.0,0.0,0.0,3.0,0.0,0.0,,,,35.57,359031.73,358531.0,0.0,0.0,68.0,False,0.5555555555555556,0.3333333333333333,0.1111111111111111,8.0,,,True,True,True,True,False,False
2000034174,2021-11,False,0.0,2.0,4.0,0.0,0.0,3.0,0.0,0.0,,,,358540.17,358575.74,358531.0,0.0,0.0,74.0,False,0.5,0.25,0.25,3.0,,,True,True,True,True,False,False
2000034174,2022-01,False,0.0,5.0,7.0,0.0,0.0,3.0,0.0,0.0,,,,323.34000000000003,358863.51,358531.0,0.0,0.0,38.0,False,0.5714285714285714,0.42857142857142855,0.0,7.0,,,True,True,True,True,False,False
2000034174,2022-02,False,1.0,6.0,8.0,0.0,0.0,3.0,0.0,0.0,,,,766.86,359307.02999999997,358531.0,0.0,0.0,1.0,False,0.625,0.375,0.0,8.0,,,True,True,True,True,False,False
2000034174,2022-03,False,3.0,4.0,9.0,0.0,0.0,3.0,0.0,0.0,,,,619.37,942.71,443.52,0.0,0.0,15.0,False,0.5555555555555556,0.4444444444444444,0.0,9.0,,,True,True,True,True,False,False
2000034174,2022-05,False,0.0,12.0,18.0,0.0,0.0,3.0,0.0,0.0,,,,874.61,1641.47,443.52,0.0,0.0,37.0,False,0.7777777777777778,0.2222222222222222,0.0,18.0,,,True,True,True,True,False,False
2000034174,2022-06,False,1.0,10.0,14.0,0.0,0.0,3.0,0.0,0.0,,,,707.93,1327.3000000000002,443.52,0.0,0.0,30.0,False,0.7857142857142857,0.21428571428571427,0.0,14.0,,,True,True,True,True,False,False
2000034174,2022-07,False,2.0,3.0,16.0,0.0,0.0,3.0,0.0,0.0,,,,954.0699999999999,2272.2,944.9,0.0,0.0,2.0,False,0.6875,0.1875,0.125,14.0,,,True,True,True,True,False,False
2000034174,2022-09,False,0.0,3.0,13.0,0.0,0.0,3.0,0.0,0.0,,,,954.0699999999999,1662.0,944.9,0.0,0.0,36.0,False,0.6923076923076923,0.15384615384615385,0.15384615384615385,11.0,,,True,True,True,True,False,False
2000034174,2023-01,False,0.0,0.0,2.0,0.0,0.0,2.0,0.0,0.0,,,,0.0,49.11,39.94,0.0,0.0,122.0,False,0.0,1.0,0.0,2.0,,,True,True,True,True,False,False
2000034174,2023-04,False,0.0,2.0,2.0,0.0,0.0,2.0,0.0,0.0,,,,77.33,77.33,38.8,0.0,0.0,61.0,False,1.0,0.0,0.0,2.0,,,True,True,True,True,False,False
2000034174,2023-05,False,1.0,1.0,3.0,0.0,0.0,3.0,0.0,0.0,,,,9.17,86.5,38.8,0.0,0.0,12.0,False,0.6666666666666666,0.3333333333333333,0.0,3.0,,,True,True,True,True,False,False
2000034174,2023-06,False,3.0,4.0,6.0,0.0,0.0,3.0,0.0,0.0,,,,2131.01,2208.34,1542.97,0.0,0.0,10.0,False,0.5,0.5,0.0,6.0,,,True,True,True,True,False,False
2000034174,2023-09,False,0.0,1.0,5.0,0.0,0.0,3.0,0.0,0.0,,,,0.0,2131.01,1542.97,1.0,1.0,74.0,False,0.2,0.6,0.2,4.0,,,True,True,True,True,False,False
2000034174,2023-10,False,1.0,1.0,6.0,0.0,0.0,3.0,0.0,0.0,,,,26.37,2157.38,1542.97,0.0,1.0,20.0,False,0.16666666666666666,0.6666666666666666,0.16666666666666666,5.0,,,True,True,True,True,False,False
2000034174,2023-11,False,1.0,2.0,6.0,0.0,0.0,3.0,0.0,0.0,,,,28.29,2150.13,1542.97,0.0,1.0,29.0,False,0.16666666666666666,0.6666666666666666,0.16666666666666666,5.0,,,True,True,True,True,False,False
2000034174,2023-12,False,3.0,5.0,6.0,0.0,0.0,3.0,0.0,0.0,,,,2402.48,2402.48,1122.16,0.0,1.0,15.0,False,0.5,0.3333333333333333,0.16666666666666666,5.0,,,True,True,True,True,False,False
2000034174,2024-03,False,0.0,7.0,12.0,0.0,0.0,3.0,0.0,0.0,,,,817.1800000000001,3219.66,1122.16,0.0,0.0,86.0,False,0.3333333333333333,0.6666666666666666,0.0,12.0,,,True,True,True,True,False,False
2000034174,2024-12,False,0.0,0.0,0.0,0.0,0.0,0.0,0.0,0.0,,,,0.0,0.0,0.0,0.0,0.0,256.0,False,,,,0.0,,,True,True,True,True,False,True
2000034174,2025-04,False,0.0,0.0,1.0,0.0,0.0,3.0,0.0,0.0,,,,0.0,1.92,1.92,0.0,0.0,99.0,False,0.0,1.0,0.0,1.0,,,True,True,True,True,False,False
2000034174,2025-10,False,0.0,0.0,1.0,0.0,0.0,3.0,0.0,0.0,,,,0.0,1.92,1.92,0.0,0.0,159.0,False,0.0,1.0,0.0,1.0,,,True,True,True,True,False,False
2000034174,2025-12,False,0.0,1.0,1.0,0.0,0.0,3.0,0.0,0.0,,,,9.2,9.2,9.2,0.0,0.0,39.0,False,0.0,1.0,0.0,1.0,,,True,True,True,True,False,False
2000034181,2025-02,False,0.0,0.0,0.0,0.0,0.0,0.0,0.0,0.0,,,,0.0,0.0,0.0,0.0,0.0,,False,,,,0.0,,,True,True,True,True,True,True
2000034181,2025-03,False,0.0,0.0,0.0,0.0,0.0,0.0,0.0,0.0,,,,0.0,0.0,0.0,0.0,0.0,,False,,,,0.0,,,True,True,True,True,True,True
2000034181,2025-04,False,0.0,0.0,0.0,0.0,0.0,0.0,0.0,0.0,,,,0.0,0.0,0.0,0.0,0.0,,False,,,,0.0,,,True,True,True,True,True,True
2000034181,2025-05,False,0.0,0.0,0.0,0.0,0.0,0.0,0.0,0.0,,,,0.0,0.0,0.0,0.0,0.0,,False,,,,0.0,,,True,True,True,True,True,True
2000034181,2025-06,False,0.0,0.0,0.0,0.0,0.0,0.0,0.0,0.0,,,,0.0,0.0,0.0,0.0,0.0,,False,,,,0.0,,,True,True,True,True,True,True
2000034181,2025-07,False,0.0,0.0,0.0,0.0,0.0,0.0,0.0,0.0,,,,0.0,0.0,0.0,0.0,0.0,,False,,,,0.0,,,True,True,True,True,True,True
2000034181,2025-08,False,0.0,0.0,0.0,0.0,0.0,0.0,0.0,0.0,,,,0.0,0.0,0.0,0.0,0.0,,False,,,,0.0,,,True,True,True,True,True,True
2000034181,2025-09,False,0.0,0.0,0.0,0.0,0.0,0.0,55.0,55.0,0.0,0.0,0.0,0.0,0.0,0.0,0.0,0.0,,False,,,,0.0,,,False,False,False,False,True,True
2000034181,2025-10,False,0.0,0.0,0.0,0.0,0.0,0.0,55.0,55.0,0.0,0.0,0.0,0.0,0.0,0.0,0.0,0.0,,False,,,,0.0,,,False,False,False,False,True,True
2000034181,2025-11,False,0.0,0.0,0.0,0.0,0.0,0.0,110.0,110.0,0.0,0.0,0.0,0.0,0.0,0.0,0.0,0.0,,False,,,,0.0,,,False,False,False,False,True,True
2000034181,2025-12,False,0.0,0.0,0.0,0.0,0.0,0.0,55.0,110.0,0.0,0.0,0.0,0.0,0.0,0.0,0.0,0.0,,False,,,,0.0,0.0,0.0,False,False,False,False,True,True
2000034181,2026-02,False,0.0,0.0,0.0,0.0,0.0,0.0,0.0,110.0,,,,0.0,0.0,0.0,0.0,0.0,,False,,,,0.0,,,True,True,True,True,True,True
2000034186,2019-02,False,0.0,0.0,0.0,0.0,0.0,0.0,0.0,0.0,,,,0.0,0.0,0.0,0.0,0.0,,False,,,,0.0,,,True,True,True,True,True,True
2000034186,2019-04,False,0.0,1.0,1.0,1.0,1.0,4.0,0.0,0.0,,,,0.0,0.0,0.0,0.0,0.0,41.0,True,0.0,1.0,0.0,1.0,,,True,True,True,True,False,False
2000034186,2019-05,False,7.0,8.0,8.0,8.0,8.0,4.0,0.0,0.0,,,,54035.090000000004,54035.090000000004,41708.18,0.0,0.0,2.0,True,0.0,0.25,0.75,2.0,,,True,True,True,True,False,False
2000034186,2019-06,False,24.0,31.0,32.0,14.0,15.0,4.0,0.0,0.0,,,,149213.04,149213.04,41708.18,0.0,0.0,1.0,True,0.15625,0.15625,0.6875,10.0,,,True,True,True,True,False,False
2000034186,2019-07,False,17.0,48.0,49.0,14.0,15.0,4.0,0.0,0.0,,,,247033.52,247033.52,41708.18,0.0,0.0,4.0,True,0.24489795918367346,0.12244897959183673,0.6326530612244898,18.0,,,True,True,True,True,False,False
2000034186,2019-08,False,21.0,62.0,70.0,7.0,15.0,4.0,0.0,0.0,,,,544626.6799999999,598661.77,291957.26,0.0,0.0,2.0,True,0.3,0.18571428571428572,0.5142857142857142,34.0,,,True,True,True,True,False,False
2000034186,2019-09,False,16.0,54.0,85.0,0.0,14.0,4.0,0.0,0.0,,,,575224.4299999999,724437.47,291957.26,0.0,0.0,2.0,False,0.29411764705882354,0.2,0.5058823529411764,42.0,,,True,True,True,True,False,False
2000034186,2019-10,False,46.0,83.0,131.0,3.0,17.0,4.0,0.0,0.0,,,,1143236.66,1390270.18,291957.26,0.0,0.0,4.0,True,0.40458015267175573,0.1297709923664122,0.46564885496183206,70.0,,,True,True,True,True,False,False
2000034186,2019-11,False,14.0,76.0,138.0,3.0,10.0,4.0,0.0,0.0,,,,809434.8599999999,1354061.5399999998,291957.26,0.0,0.0,2.0,True,0.427536231884058,0.14492753623188406,0.427536231884058,79.0,,,True,True,True,True,False,False
2000034186,2019-12,False,24.0,84.0,138.0,3.0,3.0,4.0,0.0,0.0,,,,853075.8099999999,1428300.24,291957.26,0.0,0.0,1.0,True,0.47101449275362317,0.16666666666666666,0.36231884057971014,88.0,,,True,True,True,True,False,False
2000034186,2020-01,False,19.0,57.0,140.0,0.0,3.0,4.0,0.0,0.0,,,,333857.02,1477093.68,291957.26,0.0,0.0,1.0,False,0.5285714285714286,0.17142857142857143,0.3,98.0,,,True,True,True,True,False,False
2000034186,2020-02,False,19.0,62.0,138.0,1.0,4.0,4.0,0.0,0.0,,,,361910.42,1171345.28,47230.2,3.0,3.0,1.0,True,0.5289855072463768,0.16666666666666666,0.30434782608695654,96.0,,,True,True,True,True,False,False
2000034186,2020-03,False,15.0,53.0,137.0,1.0,4.0,4.0,0.0,0.0,,,,285242.29000000004,1138318.1,47230.2,3.0,3.0,4.0,True,0.5985401459854015,0.145985401459854,0.25547445255474455,102.0,,,True,True,True,True,False,False
2000034186,2020-04,False,16.0,50.0,107.0,1.0,1.0,4.0,0.0,0.0,,,,198675.97999999998,532533.0,26774.9,4.0,4.0,12.0,True,0.5887850467289719,0.24299065420560748,0.16822429906542055,89.0,,,True,True,True,True,False,False
2000034186,2020-05,False,15.0,46.0,108.0,0.0,1.0,4.0,0.0,0.0,,,,207333.28999999998,569243.71,26774.9,2.0,5.0,1.0,False,0.6296296296296297,0.23148148148148148,0.1388888888888889,93.0,,,True,True,True,True,False,False
2000034186,2020-06,False,4.0,35.0,88.0,0.0,1.0,4.0,0.0,0.0,,,,239757.28999999998,524999.58,125124.54,2.0,5.0,18.0,False,0.6931818181818182,0.2159090909090909,0.09090909090909091,80.0,,,True,True,True,True,False,False
2000034186,2020-07,False,28.0,47.0,97.0,0.0,1.0,4.0,0.0,0.0,,,,435097.82,633773.8,125124.54,1.0,5.0,2.0,False,0.7422680412371134,0.17525773195876287,0.08247422680412371,89.0,,,True,True,True,True,False,False
2000034186,2020-08,False,13.0,45.0,91.0,0.0,0.0,3.0,0.0,0.0,,,,406575.31,613908.6,125124.54,0.0,2.0,5.0,False,0.7582417582417582,0.1978021978021978,0.04395604395604396,87.0,,,True,True,True,True,False,False
2000034186,2020-09,False,25.0,66.0,101.0,0.0,0.0,3.0,0.0,0.0,,,,521690.73,761448.02,125124.54,0.0,2.0,1.0,False,0.7722772277227723,0.1782178217821782,0.04950495049504951,96.0,,,True,True,True,True,False,False
2000034186,2020-10,False,28.0,66.0,113.0,0.0,0.0,3.0,0.0,0.0,,,,368118.08,803215.9,125124.54,4.0,5.0,3.0,False,0.7256637168141593,0.18584070796460178,0.08849557522123894,103.0,,,True,True,True,True,False,False
2000034186,2020-11,False,25.0,78.0,123.0,1.0,1.0,4.0,0.0,0.0,,,,408353.45999999996,814928.77,125124.54,4.0,4.0,2.0,True,0.7479674796747967,0.17886178861788618,0.07317073170731707,114.0,,,True,True,True,True,False,False
2000034186,2020-12,False,13.0,66.0,132.0,1.0,1.0,4.0,0.0,0.0,,,,342088.91000000003,863779.6399999999,111064.5,4.0,4.0,7.0,True,0.7348484848484849,0.19696969696969696,0.06818181818181818,123.0,,,True,True,True,True,False,False
2000034186,2021-01,False,29.0,67.0,133.0,1.0,1.0,4.0,0.0,0.0,,,,385051.6,753169.68,111064.5,3.0,7.0,2.0,True,0.6541353383458647,0.2631578947368421,0.08270676691729323,122.0,,,True,True,True,True,False,False
2000034186,2021-02,False,20.0,62.0,140.0,0.0,1.0,4.0,0.0,0.0,,,,531297.7,939651.16,111064.5,3.0,7.0,5.0,False,0.6857142857142857,0.24285714285714285,0.07142857142857142,130.0,,,True,True,True,True,False,False
2000034186,2021-03,False,26.0,75.0,141.0,0.0,1.0,4.0,0.0,0.0,,,,557294.56,899383.47,59065.82,3.0,7.0,3.0,False,0.624113475177305,0.3049645390070922,0.07092198581560284,131.0,,,True,True,True,True,False,False
2000034186,2021-04,False,35.0,81.0,148.0,0.0,1.0,4.0,0.0,0.0,,,,628160.17,1013211.77,59065.82,2.0,5.0,2.0,False,0.6486486486486487,0.30405405405405406,0.0472972972972973,141.0,,,True,True,True,True,False,False
2000034186,2021-05,False,41.0,102.0,164.0,0.0,0.0,3.0,0.0,0.0,,,,922126.96,1453424.66,107099.6,3.0,6.0,1.0,False,0.6219512195121951,0.3231707317073171,0.054878048780487805,155.0,,,True,True,True,True,False,False
2000034186,2021-06,False,21.0,97.0,172.0,0.0,0.0,3.0,0.0,0.0,,,,873472.1000000001,1430766.6600000001,107099.6,4.0,7.0,4.0,False,0.622093023255814,0.31976744186046513,0.05813953488372093,162.0,,,True,True,True,True,False,False
2000034186,2021-07,False,25.0,87.0,168.0,0.0,0.0,3.0,0.0,0.0,,,,749355.98,1377516.15,107099.6,3.0,5.0,1.0,False,0.6130952380952381,0.3333333333333333,0.05357142857142857,159.0,,,True,True,True,True,False,False
2000034186,2021-08,False,64.0,110.0,212.0,2.0,2.0,4.0,0.0,0.0,,,,862916.63,1785043.5899999999,107099.6,2.0,5.0,4.0,True,0.6839622641509434,0.2641509433962264,0.05188679245283019,201.0,,,True,True,True,True,False,False
2000034186,2021-09,False,23.0,112.0,209.0,4.0,4.0,4.0,0.0,0.0,,,,945750.9299999999,1819223.03,107099.6,3.0,7.0,5.0,True,0.6985645933014354,0.24401913875598086,0.05741626794258373,197.0,,,True,True,True,True,False,False
2000034186,2021-10,False,25.0,112.0,199.0,5.0,5.0,4.0,0.0,0.0,,,,1033035.49,1782391.47,107099.6,2.0,5.0,1.0,True,0.7236180904522613,0.23115577889447236,0.04522613065326633,190.0,,,True,True,True,True,False,False
2000034186,2021-11,False,39.0,87.0,197.0,3.0,5.0,4.0,0.0,0.0,,,,844932.12,1707848.75,86776.88,2.0,4.0,4.0,True,0.751269035532995,0.20812182741116753,0.04060913705583756,189.0,,,True,True,True,True,False,False
2000034186,2021-12,False,52.0,116.0,228.0,5.0,9.0,4.0,0.0,0.0,,,,1031418.4299999999,1977169.3599999999,86776.88,4.0,7.0,2.0,True,0.7675438596491229,0.18421052631578946,0.04824561403508772,217.0,,,True,True,True,True,False,False
2000034186,2022-01,False,24.0,115.0,227.0,5.0,10.0,4.0,0.0,0.0,,,,1093649.1199999999,2126684.61,86776.88,4.0,6.0,3.0,True,0.8061674008810573,0.15418502202643172,0.039647577092511016,218.0,,,True,True,True,True,False,False
2000034186,2022-02,False,38.0,114.0,201.0,8.0,11.0,4.0,0.0,0.0,,,,789932.3300000001,1634864.4500000002,86776.88,4.0,6.0,1.0,True,0.8009950248756219,0.14427860696517414,0.05472636815920398,190.0,,,True,True,True,True,False,False
2000034186,2022-03,False,23.0,85.0,201.0,7.0,12.0,4.0,0.0,0.0,,,,538144.04,1569562.47,82053.99,0.0,4.0,1.0,True,0.8208955223880597,0.12437810945273632,0.05472636815920398,190.0,,,True,True,True,True,False,False
2000034186,2022-04,False,34.0,95.0,210.0,13.0,18.0,4.0,0.0,0.0,,,,600157.37,1693806.49,76014.01,2.0,6.0,2.0,True,0.8142857142857143,0.10952380952380952,0.0761904761904762,194.0,,,True,True,True,True,False,False
2000034186,2022-05,False,30.0,87.0,201.0,10.0,18.0,4.0,0.0,0.0,,,,715850.65,1505782.98,76014.01,2.0,6.0,5.0,True,0.8308457711442786,0.08955223880597014,0.07960199004975124,185.0,,,True,True,True,True,False,False
2000034186,2022-06,False,38.0,102.0,187.0,10.0,17.0,4.0,0.0,0.0,,,,781416.41,1319560.45,56737.68,4.0,4.0,1.0,True,0.8288770053475936,0.06951871657754011,0.10160427807486631,168.0,,,True,True,True,True,False,False
2000034186,2022-07,False,32.0,100.0,195.0,3.0,16.0,4.0,0.0,0.0,,,,857290.3300000001,1457447.7000000002,56737.68,6.0,8.0,1.0,True,0.8102564102564103,0.06153846153846154,0.1282051282051282,170.0,,,True,True,True,True,False,False
2000034186,2022-08,False,32.0,102.0,189.0,6.0,16.0,4.0,0.0,0.0,,,,972386.0900000001,1688236.74,56737.68,6.0,8.0,5.0,True,0.8095238095238095,0.06878306878306878,0.12169312169312169,166.0,,,True,True,True,True,False,False
2000034186,2022-09,False,28.0,92.0,194.0,4.0,14.0,4.0,0.0,0.0,,,,1093748.83,1875165.2400000002,83416.36,4.0,8.0,1.0,True,0.8144329896907216,0.07731958762886598,0.10824742268041238,173.0,,,True,True,True,True,False,False
2000034186,2022-10,False,12.0,72.0,172.0,4.0,7.0,4.0,0.0,0.0,,,,878253.2100000001,1735543.54,83416.36,1.0,7.0,2.0,True,0.8372093023255814,0.06395348837209303,0.09883720930232558,155.0,,,True,True,True,True,False,False
2000034186,2022-11,False,35.0,75.0,177.0,1.0,7.0,4.0,0.0,0.0,,,,883265.69,1855651.7800000003,83416.36,1.0,7.0,4.0,True,0.8418079096045198,0.062146892655367235,0.096045197740113,160.0,,,True,True,True,True,False,False
2000034186,2022-12,False,29.0,76.0,168.0,0.0,4.0,4.0,0.0,0.0,,,,810517.18,1904266.0100000002,83416.36,1.0,5.0,2.0,False,0.8690476190476191,0.06547619047619048,0.06547619047619048,157.0,,,True,True,True,True,False,False
2000034186,2023-01,False,13.0,77.0,149.0,1.0,5.0,4.0,0.0,0.0,,,,803837.17,1682090.3800000001,83416.36,1.0,2.0,3.0,True,0.87248322147651,0.087248322147651,0.040268456375838924,143.0,,,True,True,True,True,False,False
2000034186,2023-02,False,21.0,63.0,138.0,1.0,2.0,4.0,0.0,0.0,,,,706679.19,1589944.8800000001,83416.36,2.0,3.0,1.0,True,0.8333333333333334,0.11594202898550725,0.050724637681159424,131.0,,,True,True,True,True,False,False
2000034186,2023-03,False,21.0,55.0,131.0,1.0,1.0,4.0,0.0,0.0,,,,535280.7999999999,1345797.98,62562.27,2.0,3.0,1.0,True,0.8396946564885496,0.09923664122137404,0.061068702290076333,123.0,,,True,True,True,True,False,False
2000034186,2023-04,False,52.0,94.0,171.0,1.0,2.0,4.0,0.0,0.0,,,,732736.22,1536573.3900000001,62562.27,1.0,2.0,1.0,True,0.8596491228070176,0.08771929824561403,0.05263157894736842,162.0,,,True,True,True,True,False,False
2000034186,2023-05,False,27.0,100.0,163.0,1.0,2.0,4.0,0.0,0.0,,,,1110740.68,1817419.87,260330.64,0.0,2.0,4.0,True,0.8466257668711656,0.10429447852760736,0.049079754601226995,155.0,,,True,True,True,True,False,False
2000034186,2023-06,False,34.0,113.0,168.0,1.0,2.0,4.0,0.0,0.0,,,,1187141.8199999998,1722422.62,260330.64,1.0,3.0,1.0,True,0.8273809523809523,0.1130952380952381,0.05952380952380952,158.0,,,True,True,True,True,False,False
2000034186,2023-07,False,40.0,101.0,195.0,0.0,1.0,4.0,0.0,0.0,,,,1043937.4099999999,1776673.6300000001,260330.64,1.0,2.0,1.0,False,0.8358974358974359,0.11794871794871795,0.046153846153846156,186.0,,,True,True,True,True,False,False
2000034186,2023-08,False,31.0,105.0,205.0,0.0,1.0,4.0,0.0,0.0,,,,638906.4299999999,1749647.11,260330.64,1.0,1.0,1.0,False,0.8634146341463415,0.1073170731707317,0.02926829268292683,199.0,,,True,True,True,True,False,False
2000034186,2023-09,False,62.0,133.0,246.0,0.0,1.0,4.0,0.0,0.0,,,,1229726.18,2416868.0,260330.64,1.0,2.0,2.0,False,0.8536585365853658,0.11788617886178862,0.028455284552845527,239.0,,,True,True,True,True,False,False
2000034186,2023-10,False,27.0,120.0,221.0,0.0,0.0,3.0,0.0,0.0,,,,1203074.42,2247011.83,260330.64,1.0,2.0,3.0,False,0.8144796380090498,0.1493212669683258,0.03619909502262444,213.0,,,True,True,True,True,False,False
2000034186,2023-11,False,32.0,121.0,226.0,0.0,0.0,3.0,0.0,0.0,,,,1275327.98,1914234.4100000001,241135.14,1.0,2.0,1.0,False,0.8141592920353983,0.1504424778761062,0.035398230088495575,218.0,,,True,True,True,True,False,False
2000034186,2023-12,False,31.0,90.0,223.0,0.0,0.0,3.0,0.0,0.0,,,,645443.16,1875169.34,241135.14,0.0,1.0,3.0,False,0.7937219730941704,0.18385650224215247,0.02242152466367713,218.0,,,True,True,True,True,False,False
2000034186,2024-01,False,43.0,106.0,226.0,0.0,0.0,3.0,0.0,0.0,,,,1361084.08,2564158.5,241135.14,1.0,2.0,3.0,False,0.8097345132743363,0.15486725663716813,0.035398230088495575,218.0,,,True,True,True,True,False,False
2000034186,2024-02,False,44.0,118.0,239.0,0.0,0.0,3.0,0.0,0.0,,,,1704800.48,2980128.4600000004,241135.14,1.0,2.0,1.0,False,0.7907949790794979,0.17154811715481172,0.03765690376569038,230.0,,,True,True,True,True,False,False
2000034186,2024-03,False,32.0,119.0,209.0,0.0,0.0,3.0,0.0,0.0,,,,1981494.0200000003,2626937.18,173553.76,1.0,1.0,1.0,False,0.7607655502392344,0.18181818181818182,0.05741626794258373,197.0,,,True,True,True,True,False,False
2000034186,2024-04,False,62.0,138.0,244.0,0.0,0.0,3.0,0.0,0.0,,,,1958688.92,3319773.0,173553.76,0.0,1.0,4.0,False,0.7213114754098361,0.21721311475409835,0.06147540983606557,229.0,,,True,True,True,True,False,False
2000034186,2024-05,False,74.0,168.0,286.0,0.0,0.0,3.0,0.0,0.0,,,,2509339.2399999998,4214139.72,160649.4,0.0,1.0,1.0,False,0.7307692307692307,0.21328671328671328,0.055944055944055944,270.0,,,True,True,True,True,False,False
2000034186,2024-06,False,78.0,214.0,333.0,0.0,0.0,3.0,0.0,0.0,,,,2978769.83,4960263.85,160649.4,0.0,1.0,1.0,False,0.7447447447447447,0.1921921921921922,0.06306306306306306,312.0,,,True,True,True,True,False,False
2000034186,2024-07,False,58.0,210.0,348.0,1.0,1.0,4.0,0.0,0.0,,,,2958190.12,4916879.04,160649.4,0.0,0.0,3.0,True,0.7155172413793104,0.23275862068965517,0.05172413793103448,330.0,,,True,True,True,True,False,False
2000034186,2024-08,False,58.0,194.0,362.0,1.0,1.0,4.0,0.0,0.0,,,,2236801.8,4746141.040000001,160649.4,0.0,0.0,1.0,True,0.6795580110497238,0.26519337016574585,0.055248618784530384,342.0,,,True,True,True,True,False,False
2000034186,2024-09,False,71.0,187.0,401.0,1.0,1.0,4.0,0.0,0.0,,,,2663130.63,5641900.46,187424.3,1.0,1.0,2.0,True,0.6982543640897756,0.2518703241895262,0.04987531172069826,381.0,,,True,True,True,True,False,False
2000034186,2024-10,False,74.0,203.0,413.0,0.0,1.0,4.0,0.0,0.0,,,,2322349.2,5280539.32,187424.3,1.0,1.0,1.0,False,0.7263922518159807,0.2397094430992736,0.03389830508474576,399.0,,,True,True,True,True,False,False
2000034186,2024-11,False,132.0,277.0,471.0,0.0,1.0,4.0,0.0,0.0,,,,2970967.42,5207769.220000001,187424.3,1.0,1.0,1.0,False,0.692144373673036,0.2802547770700637,0.027600849256900213,458.0,,,True,True,True,True,False,False
2000034186,2024-12,False,59.0,265.0,452.0,0.0,1.0,4.0,0.0,0.0,,,,2214029.96,4877160.590000001,187424.3,0.0,1.0,9.0,False,0.7079646017699115,0.2721238938053097,0.01991150442477876,443.0,,,True,True,True,True,False,False
2000034186,2025-01,False,80.0,271.0,474.0,0.0,0.0,3.0,0.0,0.0,,,,2926563.0700000003,5248912.2700000005,187424.3,0.0,1.0,1.0,False,0.7320675105485233,0.2468354430379747,0.02109704641350211,464.0,,,True,True,True,True,False,False
2000034186,2025-02,False,72.0,211.0,488.0,2.0,2.0,4.0,0.0,0.0,,,,2862794.12,5833761.540000001,187424.3,0.0,1.0,1.0,True,0.7704918032786885,0.21311475409836064,0.01639344262295082,480.0,,,True,True,True,True,False,False
2000034186,2025-03,False,51.0,203.0,468.0,2.0,2.0,4.0,804.0,804.0,0.2524875621890547,0.0024875621890547263,4037.850062189055,3246431.45,5460461.41,236151.0,3.0,3.0,1.0,True,0.7692307692307693,0.21581196581196582,0.014957264957264958,461.0,,,False,False,False,False,False,False
2000034186,2025-04,False,68.0,191.0,462.0,2.0,2.0,4.0,3958.0,3958.0,0.0482566953006569,0.0005053057099545225,734.6917104598282,2907909.79,5834472.86,236151.0,3.0,3.0,1.0,True,0.7727272727272727,0.2012987012987013,0.025974025974025976,450.0,,,False,False,False,False,False,False
2000034186,2025-05,False,55.0,174.0,385.0,0.0,2.0,4.0,5264.0,5264.0,0.03305471124620061,0.0,480.3887689969605,2528766.48,5391560.6,236151.0,3.0,3.0,1.0,False,0.825974025974026,0.14285714285714285,0.03116883116883117,373.0,,,False,False,False,False,False,False
2000034186,2025-06,False,71.0,194.0,397.0,0.0,2.0,4.0,9065.0,9869.0,0.021400992829564258,0.0,259.6414969663541,2353650.17,5600081.62,236151.0,0.0,3.0,2.0,False,0.8261964735516373,0.14105793450881612,0.0327455919395466,384.0,-0.23108656935949046,-0.0024875621890547263,False,False,False,False,False,False
2000034186,2025-07,False,48.0,174.0,365.0,0.0,2.0,4.0,7276.0,11234.0,0.023914238592633315,0.0,247.66496426608026,1802010.28,4709920.07,236151.0,1.0,4.0,4.0,False,0.8246575342465754,0.13972602739726028,0.03561643835616438,352.0,-0.024342456708023583,-0.0005053057099545225,False,False,False,False,False,False
2000034186,2025-08,False,75.0,194.0,368.0,0.0,0.0,3.0,9266.0,14530.0,0.020936758040146775,0.0,196.8336488236564,1823860.5900000003,4352627.07,236151.0,2.0,5.0,1.0,False,0.8260869565217391,0.13858695652173914,0.035326086956521736,355.0,-0.012117953206053834,0.0,False,False,False,False,False,False
2000034186,2025-09,False,62.0,185.0,379.0,0.0,0.0,3.0,7910.0,16975.0,0.02338811630847029,0.0,191.1245233881163,1511794.98,3865445.15,86776.88,2.0,2.0,3.0,False,0.8443271767810027,0.13192612137203166,0.023746701846965697,370.0,0.0019871234789060332,0.0,False,False,False,False,False,False
2000034186,2025-10,False,85.0,222.0,396.0,0.0,0.0,3.0,10481.0,17757.0,0.021181185001431162,0.0,173.77705848678562,1821357.35,3623367.63,86776.88,2.0,3.0,1.0,False,0.8181818181818182,0.1691919191919192,0.012626262626262626,391.0,-0.0027330535912021524,0.0,False,False,False,False,False,False
2000034186,2025-11,False,67.0,214.0,408.0,0.0,0.0,3.0,11420.0,20686.0,0.018739054290718038,0.0,159.0946751313485,1816861.19,3640721.7800000003,107099.6,1.0,3.0,2.0,False,0.8186274509803921,0.16911764705882354,0.012254901960784314,403.0,-0.0021977037494287366,0.0,False,False,False,False,False,False
2000034186,2025-12,False,53.0,205.0,390.0,0.0,0.0,3.0,36352.89,44262.89,0.005639166514684252,0.0,57.04324470489141,2073686.7999999998,3585481.7800000003,250249.08,1.0,3.0,7.0,False,0.8051282051282052,0.18717948717948718,0.007692307692307693,387.0,-0.01774894979378604,0.0,False,False,False,False,False,False
2000034186,2026-01,False,72.0,192.0,414.0,0.0,0.0,3.0,37924.89,48405.89,0.0050626382831960755,0.0,54.28316206058871,2058682.9500000002,3880040.3,250249.08,1.0,3.0,1.0,False,0.8260869565217391,0.16666666666666666,0.007246376811594203,411.0,-0.016118546718235087,0.0,False,False,False,False,False,False
2000034186,2026-02,False,53.0,178.0,392.0,0.0,0.0,3.0,37468.89,48888.89,0.004750607770873383,0.0,52.26406066472746,1958276.34,3775137.5300000003,250249.08,2.0,3.0,2.0,False,0.8290816326530612,0.16326530612244897,0.007653061224489796,389.0,-0.013988446519844655,0.0,False,False,False,False,False,False
2000034260,2022-07,False,0.0,0.0,0.0,0.0,0.0,0.0,0.0,0.0,,,,0.0,0.0,0.0,0.0,0.0,,False,,,,0.0,,,True,True,True,True,True,True
2000034360,2019-07,False,0.0,0.0,0.0,0.0,0.0,0.0,0.0,0.0,,,,0.0,0.0,0.0,0.0,0.0,,False,,,,0.0,,,True,True,True,True,True,True
2000034360,2019-11,False,0.0,0.0,1.0,0.0,0.0,3.0,0.0,0.0,,,,0.0,1712.95,1712.95,0.0,0.0,99.0,False,0.0,1.0,0.0,1.0,,,True,True,True,True,False,False
2000034360,2020-03,False,0.0,0.0,1.0,0.0,0.0,3.0,0.0,0.0,,,,0.0,1712.95,1712.95,0.0,0.0,115.0,False,0.0,1.0,0.0,1.0,,,True,True,True,True,False,False
2000034360,2020-07,False,0.0,0.0,1.0,0.0,0.0,3.0,0.0,0.0,,,,0.0,1712.95,1712.95,0.0,0.0,119.0,False,0.0,1.0,0.0,1.0,,,True,True,True,True,False,False
2000034360,2021-01,False,0.0,0.0,2.0,0.0,2.0,4.0,0.0,0.0,,,,0.0,12860.7,9513.1,0.0,0.0,157.0,False,0.0,0.0,1.0,0.0,,,True,True,True,True,False,False
2000034360,2021-03,False,0.0,1.0,1.0,0.0,0.0,3.0,0.0,0.0,,,,3805.24,3805.24,3805.24,0.0,0.0,32.0,False,0.0,1.0,0.0,1.0,,,True,True,True,True,False,False
2000034360,2021-05,False,0.0,1.0,2.0,0.0,0.0,3.0,0.0,0.0,,,,17.68,3822.9199999999996,3805.24,0.0,0.0,61.0,False,0.5,0.5,0.0,2.0,,,True,True,True,True,False,False
2000034360,2021-12,False,0.0,0.0,0.0,0.0,0.0,0.0,0.0,0.0,,,,0.0,0.0,0.0,0.0,0.0,189.0,False,,,,0.0,,,True,True,True,True,False,True
2000034360,2022-04,False,0.0,0.0,1.0,0.0,0.0,3.0,0.0,0.0,,,,0.0,1673.8,1673.8,0.0,0.0,102.0,False,0.0,1.0,0.0,1.0,,,True,True,True,True,False,False
2000034360,2022-05,False,2.0,2.0,3.0,1.0,1.0,4.0,0.0,0.0,,,,5556.53,7230.33,3843.58,0.0,0.0,3.0,True,0.6666666666666666,0.3333333333333333,0.0,3.0,,,True,True,True,True,False,False
2000034360,2022-06,False,3.0,5.0,6.0,4.0,4.0,4.0,0.0,0.0,,,,15677.630000000001,17351.43,3843.58,0.0,0.0,21.0,True,0.6666666666666666,0.16666666666666666,0.16666666666666666,5.0,,,True,True,True,True,False,False
2000034360,2022-07,False,3.0,8.0,8.0,6.0,6.0,4.0,0.0,0.0,,,,21385.489999999998,21385.49,3843.58,0.0,0.0,1.0,True,0.875,0.0,0.125,7.0,,,True,True,True,True,False,False
2000034360,2022-10,False,0.0,1.0,9.0,0.0,6.0,4.0,0.0,0.0,,,,1025.4399999999982,22410.93,3843.58,0.0,0.0,68.0,False,0.8888888888888888,0.0,0.1111111111111111,8.0,,,True,True,True,True,False,False
2000034360,2022-11,False,1.0,1.0,8.0,0.0,5.0,4.0,0.0,0.0,,,,1712.9499999999982,18567.350000000002,3425.9,0.0,0.0,8.0,False,0.875,0.0,0.125,7.0,,,True,True,True,True,False,False
2000034360,2023-01,False,0.0,2.0,3.0,0.0,0.0,3.0,0.0,0.0,,,,5138.8499999999985,6164.29,3425.9,0.0,0.0,53.0,False,1.0,0.0,0.0,3.0,,,True,True,True,True,False,False
2000034360,2023-02,False,2.0,3.0,4.0,0.0,0.0,3.0,0.0,0.0,,,,7041.4699999999975,8754.42,3425.9,0.0,0.0,22.0,False,1.0,0.0,0.0,4.0,,,True,True,True,True,False,False
2000034360,2023-03,False,1.0,3.0,5.0,0.0,0.0,3.0,0.0,0.0,,,,20745.069999999996,25883.92,17129.5,0.0,0.0,22.0,False,1.0,0.0,0.0,5.0,,,True,True,True,True,False,False
2000034360,2023-04,False,1.0,4.0,6.0,0.0,0.0,3.0,0.0,0.0,,,,22458.019999999997,27596.87,17129.5,0.0,0.0,1.0,False,0.8333333333333334,0.16666666666666666,0.0,6.0,,,True,True,True,True,False,False
2000034360,2023-07,False,0.0,1.0,5.0,0.0,0.0,3.0,0.0,0.0,,,,1712.9499999999964,24170.97,17129.5,0.0,0.0,71.0,False,0.6,0.4,0.0,5.0,,,True,True,True,True,False,False
2000034360,2023-12,False,0.0,0.0,5.0,0.0,0.0,3.0,0.0,0.0,,,,0.0,9133.76,1902.62,0.0,0.0,129.0,False,0.8,0.2,0.0,5.0,,,True,True,True,True,False,False
2000034360,2024-01,False,2.0,2.0,7.0,0.0,0.0,3.0,0.0,0.0,,,,3595.5899999999965,12729.35,1921.79,0.0,0.0,17.0,False,0.8571428571428571,0.14285714285714285,0.0,7.0,,,True,True,True,True,False,False
2000034360,2024-05,False,0.0,0.0,3.0,0.0,0.0,3.0,0.0,0.0,,,,0.0,5269.39,1921.79,0.0,0.0,120.0,False,1.0,0.0,0.0,3.0,,,True,True,True,True,False,False
2000034360,2024-07,False,0.0,2.0,3.0,0.0,0.0,3.0,0.0,0.0,,,,5765.369999999996,7439.17,3843.58,0.0,0.0,49.0,False,1.0,0.0,0.0,3.0,,,True,True,True,True,False,False
2000034360,2024-08,False,1.0,3.0,3.0,0.0,0.0,3.0,0.0,0.0,,,,7439.169999999996,7439.17,3843.58,0.0,0.0,2.0,False,0.6666666666666666,0.3333333333333333,0.0,3.0,,,True,True,True,True,False,False
2000034360,2025-02,False,0.0,0.0,1.0,0.0,0.0,3.0,0.0,0.0,,,,0.0,1902.62,1902.62,0.0,0.0,169.0,False,1.0,0.0,0.0,1.0,,,True,True,True,True,False,False
2000034360,2025-03,False,0.0,0.0,0.0,0.0,0.0,0.0,44.0,44.0,0.0,0.0,0.0,0.0,0.0,0.0,0.0,0.0,197.0,False,,,,0.0,,,False,False,False,False,False,True
2000034360,2025-04,False,1.0,1.0,1.0,0.0,0.0,3.0,63.0,63.0,0.015873015873015872,0.0,30.504603174603115,1921.7899999999963,1921.79,1921.79,0.0,0.0,21.0,False,1.0,0.0,0.0,1.0,,,False,False,False,False,False,False
2000034360,2025-08,False,0.0,0.0,2.0,0.0,0.0,3.0,0.0,89.0,,,,0.0,3843.58,1921.79,0.0,0.0,106.0,False,1.0,0.0,0.0,2.0,,,True,True,True,True,False,False
2000034360,2025-10,False,0.0,0.0,1.0,0.0,0.0,3.0,38.0,64.0,0.0,0.0,0.0,0.0,1921.79,1921.79,0.0,0.0,167.0,False,1.0,0.0,0.0,1.0,-0.038461538461538464,0.0,False,False,False,False,False,False
2000034360,2025-11,False,2.0,2.0,2.0,0.0,0.0,3.0,38.0,38.0,0.05263157894736842,0.0,90.15526315789464,3425.8999999999965,3425.9,1712.95,0.0,0.0,12.0,False,0.5,0.5,0.0,2.0,,,False,False,False,False,False,False
2000034434,2019-04,False,0.0,0.0,0.0,0.0,0.0,0.0,0.0,0.0,,,,0.0,0.0,0.0,0.0,0.0,,False,,,,0.0,,,True,True,True,True,True,True
2000034434,2019-05,False,15.0,15.0,15.0,15.0,15.0,4.0,0.0,0.0,,,,14523.3,14523.3,2888.45,0.0,0.0,13.0,True,0.06666666666666667,0.0,0.9333333333333333,1.0,,,True,True,True,True,False,False
2000034434,2019-06,False,7.0,22.0,22.0,16.0,16.0,4.0,0.0,0.0,,,,18584.809999999998,18584.809999999998,2888.45,0.0,0.0,9.0,True,0.09090909090909091,0.045454545454545456,0.8636363636363636,3.0,,,True,True,True,True,False,False
2000034434,2019-07,False,15.0,37.0,37.0,16.0,16.0,4.0,0.0,0.0,,,,23031.15,23031.15,2888.45,0.0,0.0,5.0,True,0.1891891891891892,0.1891891891891892,0.6216216216216216,14.0,,,True,True,True,True,False,False
2000034434,2019-08,False,2.0,24.0,39.0,1.0,16.0,4.0,0.0,0.0,,,,9694.89,24218.19,2888.45,0.0,0.0,17.0,True,0.1794871794871795,0.23076923076923078,0.5897435897435898,16.0,,,True,True,True,True,False,False
2000034434,2019-09,False,2.0,19.0,41.0,0.0,16.0,4.0,0.0,0.0,,,,14905.38,33490.19,9143.65,0.0,0.0,30.0,False,0.1951219512195122,0.21951219512195122,0.5853658536585366,17.0,,,True,True,True,True,False,False
2000034434,2019-10,False,6.0,10.0,47.0,0.0,16.0,4.0,0.0,0.0,,,,16636.449999999997,39667.6,9143.65,0.0,0.0,3.0,False,0.1702127659574468,0.2553191489361702,0.574468085106383,20.0,,,True,True,True,True,False,False
2000034434,2019-11,False,34.0,42.0,66.0,0.0,1.0,4.0,0.0,0.0,,,,39261.72,48956.61,9143.65,0.0,0.0,3.0,False,0.5,0.2878787878787879,0.21212121212121213,52.0,,,True,True,True,True,False,False
2000034434,2019-12,False,8.0,48.0,67.0,0.0,0.0,3.0,0.0,0.0,,,,33920.950000000004,48826.33,9143.65,0.0,0.0,11.0,False,0.5074626865671642,0.26865671641791045,0.22388059701492538,52.0,,,True,True,True,True,False,False
2000034434,2020-01,False,8.0,50.0,60.0,0.0,0.0,3.0,0.0,0.0,,,,30053.190000000002,46689.64,9143.65,0.0,0.0,9.0,False,0.5666666666666667,0.25,0.18333333333333332,49.0,,,True,True,True,True,False,False
2000034434,2020-02,False,7.0,23.0,65.0,0.0,0.0,3.0,0.0,0.0,,,,15748.18,55009.9,9143.65,0.0,0.0,2.0,False,0.5846153846153846,0.24615384615384617,0.16923076923076924,54.0,,,True,True,True,True,False,False
2000034434,2020-03,False,5.0,20.0,68.0,0.0,0.0,3.0,0.0,0.0,,,,13784.060000000001,47705.01,6996.55,0.0,0.0,3.0,False,0.5588235294117647,0.29411764705882354,0.14705882352941177,58.0,,,True,True,True,True,False,False
2000034434,2020-05,False,0.0,7.0,30.0,0.0,0.0,3.0,0.0,0.0,,,,2247.8599999999997,17996.04,6996.55,0.0,0.0,32.0,False,0.43333333333333335,0.36666666666666664,0.2,24.0,,,True,True,True,True,False,False
2000034434,2020-06,False,2.0,4.0,24.0,0.0,0.0,3.0,0.0,0.0,,,,3052.99,16837.05,6996.55,0.0,0.0,10.0,False,0.5416666666666666,0.4583333333333333,0.0,24.0,,,True,True,True,True,False,False
2000034434,2020-07,False,3.0,5.0,19.0,0.0,0.0,3.0,0.0,0.0,,,,3083.83,14838.989999999998,6996.55,0.0,0.0,15.0,False,0.42105263157894735,0.42105263157894735,0.15789473684210525,16.0,,,True,True,True,True,False,False
2000034434,2020-08,False,4.0,9.0,16.0,0.0,0.0,3.0,0.0,0.0,,,,3912.8099999999995,6160.669999999999,2491.5,0.0,0.0,4.0,False,0.375,0.4375,0.1875,13.0,,,True,True,True,True,False,False
2000034434,2020-09,False,9.0,16.0,20.0,0.0,0.0,3.0,0.0,0.0,,,,12819.17,15872.16,3368.88,0.0,0.0,1.0,False,0.55,0.25,0.2,16.0,,,True,True,True,True,False,False
2000034434,2020-10,False,2.0,15.0,20.0,0.0,0.0,3.0,0.0,0.0,,,,13615.48,16699.31,3368.88,0.0,0.0,16.0,False,0.5,0.3,0.2,16.0,,,True,True,True,True,False,False
2000034434,2020-11,False,6.0,17.0,26.0,0.0,0.0,3.0,0.0,0.0,,,,14929.92,18842.73,3368.88,0.0,0.0,4.0,False,0.38461538461538464,0.4230769230769231,0.19230769230769232,21.0,,,True,True,True,True,False,False
2000034434,2020-12,False,1.0,9.0,25.0,0.0,0.0,3.0,0.0,0.0,,,,3620.9300000000003,16440.1,3368.88,0.0,0.0,11.0,False,0.32,0.48,0.2,20.0,,,True,True,True,True,False,False
2000034434,2021-01,False,1.0,8.0,23.0,0.0,0.0,3.0,0.0,0.0,,,,2928.28,16543.76,3368.88,0.0,0.0,18.0,False,0.34782608695652173,0.5652173913043478,0.08695652173913043,21.0,,,True,True,True,True,False,False
2000034434,2021-02,False,4.0,6.0,23.0,0.0,0.0,3.0,0.0,0.0,,,,1850.6,16780.52,3368.88,0.0,0.0,4.0,False,0.30434782608695654,0.6086956521739131,0.08695652173913043,21.0,,,True,True,True,True,False,False
2000034434,2021-03,False,4.0,9.0,18.0,0.0,0.0,3.0,0.0,0.0,,,,3583.67,7204.6,692.65,0.0,0.0,6.0,False,0.1111111111111111,0.8333333333333334,0.05555555555555555,17.0,,,True,True,True,True,False,False
2000034434,2021-04,False,7.0,15.0,23.0,0.0,0.0,3.0,0.0,0.0,,,,6090.860000000001,9019.140000000001,577.69,0.0,0.0,14.0,False,0.08695652173913043,0.8695652173913043,0.043478260869565216,22.0,,,True,True,True,True,False,False
2000034434,2021-05,False,7.0,18.0,24.0,0.0,0.0,3.0,0.0,0.0,,,,7374.42,9225.02,577.69,0.0,0.0,3.0,False,0.125,0.875,0.0,24.0,,,True,True,True,True,False,False
2000034434,2021-06,False,11.0,25.0,34.0,0.0,0.0,3.0,0.0,0.0,,,,8493.25,12076.92,1155.38,0.0,0.0,4.0,False,0.23529411764705882,0.7647058823529411,0.0,34.0,,,True,True,True,True,False,False
2000034434,2021-08,False,0.0,15.0,33.0,0.0,0.0,3.0,0.0,0.0,,,,4936.1,12310.52,1155.38,0.0,0.0,39.0,False,0.21212121212121213,0.7878787878787878,0.0,33.0,,,True,True,True,True,False,False
2000034434,2021-09,False,8.0,12.0,37.0,0.0,0.0,3.0,0.0,0.0,,,,7225.550000000001,15718.800000000001,1155.38,0.0,0.0,9.0,False,0.16216216216216217,0.8378378378378378,0.0,37.0,,,True,True,True,True,False,False
2000034434,2021-10,False,2.0,10.0,32.0,0.0,0.0,3.0,0.0,0.0,,,,6382.750000000001,13668.150000000001,1155.38,0.0,0.0,11.0,False,0.1875,0.8125,0.0,32.0,,,True,True,True,True,False,False
2000034434,2021-11,False,2.0,12.0,27.0,0.0,0.0,3.0,0.0,0.0,,,,7009.080000000001,11945.18,1155.38,0.0,0.0,13.0,False,0.18518518518518517,0.8148148148148148,0.0,27.0,,,True,True,True,True,False,False
2000034434,2021-12,False,4.0,8.0,20.0,0.0,0.0,3.0,0.0,0.0,,,,3837.140000000001,11062.69,1155.38,0.0,0.0,14.0,False,0.0,1.0,0.0,20.0,,,True,True,True,True,False,False
2000034434,2022-03,False,0.0,2.0,10.0,0.0,0.0,3.0,0.0,0.0,,,,539.680000000001,4376.82,830.5,0.0,0.0,80.0,False,0.0,1.0,0.0,10.0,,,True,True,True,True,False,False
2000034434,2022-06,False,0.0,2.0,4.0,0.0,0.0,3.0,0.0,0.0,,,,517.8700000000009,1057.5500000000002,415.25,0.0,0.0,62.0,False,0.0,1.0,0.0,4.0,,,True,True,True,True,False,False
2000034434,2023-02,False,0.0,0.0,0.0,0.0,0.0,0.0,0.0,0.0,,,,0.0,0.0,0.0,0.0,0.0,239.0,False,,,,0.0,,,True,True,True,True,False,True
2000034434,2023-05,False,0.0,4.0,4.0,0.0,0.0,3.0,0.0,0.0,,,,9437.0,9437.0,5199.21,0.0,0.0,82.0,False,0.0,1.0,0.0,4.0,,,True,True,True,True,False,False
2000034434,2023-12,False,0.0,0.0,0.0,0.0,0.0,0.0,0.0,0.0,,,,0.0,0.0,0.0,0.0,0.0,199.0,False,,,,0.0,,,True,True,True,True,False,True
2000034434,2024-01,False,1.0,1.0,1.0,0.0,0.0,3.0,0.0,0.0,,,,121.34,121.34,121.34,0.0,0.0,27.0,False,0.0,1.0,0.0,1.0,,,True,True,True,True,False,False
2000034434,2025-05,False,0.0,0.0,0.0,0.0,0.0,0.0,0.0,0.0,,,,0.0,0.0,0.0,0.0,0.0,458.0,False,,,,0.0,,,True,True,True,True,False,True
2000034444,2025-05,False,0.0,0.0,0.0,0.0,0.0,0.0,0.0,0.0,,,,0.0,0.0,0.0,0.0,0.0,,False,,,,0.0,,,True,True,True,True,True,True
2000034468,2025-04,False,0.0,0.0,0.0,0.0,0.0,0.0,0.0,0.0,,,,0.0,0.0,0.0,0.0,0.0,,False,,,,0.0,,,True,True,True,True,True,True
2000034468,2025-05,False,0.0,0.0,0.0,0.0,0.0,0.0,-19.0,-19.0,,,,0.0,0.0,0.0,0.0,0.0,,False,,,,0.0,,,True,True,True,True,True,True
2000034468,2025-10,False,0.0,0.0,0.0,0.0,0.0,0.0,0.0,10124.0,,,,0.0,0.0,0.0,0.0,0.0,,False,,,,0.0,,,True,True,True,True,True,True
2000034764,2019-06,False,0.0,0.0,0.0,0.0,0.0,0.0,0.0,0.0,,,,0.0,0.0,0.0,0.0,0.0,,False,,,,0.0,,,True,True,True,True,True,True
2000034764,2019-07,False,3.0,3.0,3.0,0.0,0.0,3.0,0.0,0.0,,,,120.06,120.06,93.8,0.0,0.0,14.0,False,0.0,0.6666666666666666,0.3333333333333333,2.0,,,True,True,True,True,False,False
2000034764,2019-08,False,2.0,5.0,5.0,2.0,2.0,4.0,0.0,0.0,,,,445.44,445.44,269.28,0.0,0.0,17.0,True,0.0,0.4,0.6,2.0,,,True,True,True,True,False,False
2000034764,2019-10,False,0.0,3.0,6.0,2.0,2.0,4.0,0.0,0.0,,,,408.38,528.44,269.28,0.0,0.0,40.0,True,0.0,0.3333333333333333,0.6666666666666666,2.0,,,True,True,True,True,False,False
2000034764,2019-11,False,3.0,4.0,9.0,0.0,2.0,4.0,0.0,0.0,,,,204.85999999999999,650.3,269.28,0.0,0.0,2.0,False,0.0,0.5555555555555556,0.4444444444444444,5.0,,,True,True,True,True,False,False
2000034764,2019-12,False,5.0,8.0,14.0,0.0,2.0,4.0,0.0,0.0,,,,552.92,1081.3600000000001,324.32,0.0,0.0,4.0,False,0.0,0.7142857142857143,0.2857142857142857,10.0,,,True,True,True,True,False,False
2000034764,2020-01,False,2.0,10.0,13.0,0.0,2.0,4.0,0.0,0.0,,,,672.98,1081.3600000000001,324.32,0.0,0.0,1.0,False,0.07692307692307693,0.6923076923076923,0.23076923076923078,10.0,,,True,True,True,True,False,False
2000034764,2020-05,False,0.0,0.0,10.0,0.0,0.0,3.0,0.0,0.0,,,,0.0,18192.789999999997,17640.0,0.0,0.0,94.0,False,0.2,0.8,0.0,10.0,,,True,True,True,True,False,False
2000034764,2020-06,False,13.0,13.0,18.0,0.0,0.0,3.0,0.0,0.0,,,,2370.54,20132.27,17640.0,0.0,0.0,3.0,False,0.3888888888888889,0.2222222222222222,0.3888888888888889,11.0,,,True,True,True,True,False,False
2000034764,2020-09,False,0.0,4.0,17.0,0.0,0.0,3.0,0.0,0.0,,,,2942.2,5312.74,2186.4,0.0,0.0,70.0,False,0.4117647058823529,0.17647058823529413,0.4117647058823529,10.0,,,True,True,True,True,False,False
2000034764,2021-01,False,0.0,0.0,1.0,0.0,0.0,2.0,0.0,0.0,,,,0.0,20.08,20.08,0.0,0.0,109.0,False,1.0,0.0,0.0,1.0,,,True,True,True,True,False,False
2000034764,2021-02,False,2.0,2.0,3.0,1.0,1.0,4.0,0.0,0.0,,,,1791.94,1812.02,1776.45,0.0,0.0,5.0,True,1.0,0.0,0.0,3.0,,,True,True,True,True,False,False
2000034764,2021-03,False,2.0,4.0,5.0,1.0,1.0,4.0,0.0,0.0,,,,2035.6200000000001,2055.7,1776.45,0.0,0.0,28.0,True,1.0,0.0,0.0,5.0,,,True,True,True,True,False,False
2000034764,2021-04,False,4.0,8.0,8.0,1.0,1.0,4.0,0.0,0.0,,,,2557.4300000000003,2557.4300000000003,1776.45,0.0,0.0,6.0,True,0.75,0.25,0.0,8.0,,,True,True,True,True,False,False
2000034764,2021-05,False,1.0,7.0,9.0,0.0,1.0,4.0,0.0,0.0,,,,3440.2000000000003,5232.14,2674.71,0.0,0.0,12.0,False,0.7777777777777778,0.2222222222222222,0.0,9.0,,,True,True,True,True,False,False
2000034764,2021-06,False,1.0,6.0,10.0,0.0,1.0,4.0,0.0,0.0,,,,3196.5900000000006,5232.21,2674.71,0.0,0.0,21.0,False,0.7,0.3,0.0,10.0,,,True,True,True,True,False,False
2000034764,2021-07,False,5.0,7.0,15.0,5.0,6.0,4.0,0.0,0.0,,,,3373.6600000000008,5931.09,2674.71,0.0,0.0,8.0,True,0.4666666666666667,0.3333333333333333,0.2,12.0,,,True,True,True,True,False,False
2000034764,2021-10,False,0.0,1.0,8.0,0.0,5.0,4.0,0.0,0.0,,,,61.960000000000456,3435.62,2674.71,0.0,0.0,86.0,False,0.125,0.5,0.375,5.0,,,True,True,True,True,False,False
2000034764,2021-12,False,0.0,11.0,17.0,10.0,15.0,4.0,0.0,0.0,,,,3689.7800000000007,4450.620000000001,588.0,0.0,0.0,41.0,True,0.11764705882352941,0.17647058823529413,0.7058823529411765,5.0,,,True,True,True,True,False,False
2000034764,2022-01,False,2.0,13.0,14.0,10.0,10.0,4.0,0.0,0.0,,,,4021.1300000000006,4083.09,588.0,0.0,0.0,24.0,True,0.14285714285714285,0.21428571428571427,0.6428571428571429,5.0,,,True,True,True,True,False,False
2000034764,2022-06,False,0.0,0.0,4.0,0.0,0.0,3.0,0.0,0.0,,,,0.0,3577.56,3242.79,0.0,0.0,125.0,False,0.5,0.5,0.0,4.0,,,True,True,True,True,False,False
2000034764,2022-08,False,0.0,2.0,2.0,0.0,0.0,3.0,0.0,0.0,,,,0.14000000000045473,0.13999999999999999,0.12,0.0,0.0,40.0,False,0.0,0.5,0.5,1.0,,,True,True,True,True,False,False
2000034764,2022-09,False,1.0,3.0,3.0,0.0,0.0,3.0,0.0,0.0,,,,3.9400000000004547,3.94,3.8,0.0,0.0,16.0,False,0.3333333333333333,0.3333333333333333,0.3333333333333333,2.0,,,True,True,True,True,False,False
2000034764,2022-10,False,6.0,7.0,9.0,0.0,0.0,3.0,0.0,0.0,,,,427.75000000000045,427.89,353.8,0.0,0.0,9.0,False,0.1111111111111111,0.2222222222222222,0.6666666666666666,3.0,,,True,True,True,True,False,False
2000034764,2022-11,False,2.0,9.0,11.0,0.0,0.0,3.0,0.0,0.0,,,,512.8700000000005,513.01,353.8,0.0,0.0,1.0,False,0.18181818181818182,0.18181818181818182,0.6363636363636364,4.0,,,True,True,True,True,False,False
2000034764,2023-01,False,0.0,3.0,10.0,0.0,0.0,3.0,0.0,0.0,,,,10615.119999999999,11042.87,10530.0,0.0,0.0,53.0,False,0.3,0.1,0.6,4.0,,,True,True,True,True,False,False
2000034764,2023-02,False,12.0,13.0,22.0,0.0,0.0,3.0,0.0,0.0,,,,10702.96,11215.83,10530.0,0.0,0.0,28.0,False,0.13636363636363635,0.045454545454545456,0.8181818181818182,4.0,,,True,True,True,True,False,False
2000034764,2023-04,False,0.0,13.0,16.0,0.0,0.0,3.0,0.0,0.0,,,,186.17,10801.29,10530.0,0.0,0.0,45.0,False,0.125,0.0625,0.8125,3.0,,,True,True,True,True,False,False
2000034764,2023-05,False,3.0,4.0,17.0,0.0,0.0,3.0,0.0,0.0,,,,2095.05,12798.01,10530.0,0.0,0.0,5.0,False,0.23529411764705882,0.058823529411764705,0.7058823529411765,5.0,,,True,True,True,True,False,False
2000034764,2023-06,False,1.0,4.0,17.0,0.0,0.0,3.0,0.0,0.0,,,,2143.04,2329.21,2080.75,0.0,0.0,10.0,False,0.17647058823529413,0.11764705882352941,0.7058823529411765,5.0,,,True,True,True,True,False,False
2000034764,2023-07,False,9.0,13.0,26.0,0.0,0.0,3.0,0.0,0.0,,,,5570.01,5756.18,2080.75,0.0,0.0,9.0,False,0.46153846153846156,0.07692307692307693,0.46153846153846156,14.0,,,True,True,True,True,False,False
2000034764,2023-08,False,3.0,13.0,17.0,0.0,0.0,3.0,0.0,0.0,,,,8467.67,10562.720000000001,3075.06,0.0,0.0,5.0,False,0.8235294117647058,0.17647058823529413,0.0,17.0,,,True,True,True,True,False,False
2000034764,2023-12,False,0.0,0.0,14.0,0.0,0.0,3.0,0.0,0.0,,,,0.0,9523.58,3075.06,0.0,0.0,102.0,False,0.9285714285714286,0.07142857142857142,0.0,14.0,,,True,True,True,True,False,False
2000034764,2024-01,False,4.0,4.0,9.0,0.0,0.0,3.0,0.0,0.0,,,,1523.83,7620.4400000000005,3075.06,0.0,0.0,4.0,False,0.5555555555555556,0.4444444444444444,0.0,9.0,,,True,True,True,True,False,False
2000034764,2024-02,False,8.0,12.0,14.0,0.0,0.0,3.0,0.0,0.0,,,,1543.4299999999998,2660.54,1248.75,0.0,0.0,6.0,False,0.21428571428571427,0.7857142857142857,0.0,14.0,,,True,True,True,True,False,False
2000034764,2024-03,False,6.0,18.0,18.0,0.0,0.0,3.0,0.0,0.0,,,,3267.2799999999997,3267.2799999999997,1720.38,0.0,0.0,4.0,False,0.1111111111111111,0.8888888888888888,0.0,18.0,,,True,True,True,True,False,False
2000034764,2024-04,False,6.0,20.0,24.0,0.0,0.0,3.0,0.0,0.0,,,,9464.310000000001,10988.14,6878.05,0.0,0.0,7.0,False,0.125,0.875,0.0,24.0,,,True,True,True,True,False,False
2000034764,2024-05,False,1.0,13.0,25.0,0.0,0.0,3.0,0.0,0.0,,,,9480.69,11024.12,6878.05,0.0,0.0,21.0,False,0.16,0.84,0.0,25.0,,,True,True,True,True,False,False
2000034764,2024-06,False,5.0,12.0,30.0,0.0,0.0,3.0,0.0,0.0,,,,14846.16,18113.44,6878.05,0.0,0.0,2.0,False,0.2,0.8,0.0,30.0,,,True,True,True,True,False,False
2000034764,2024-07,False,9.0,15.0,35.0,0.0,0.0,3.0,0.0,0.0,,,,13744.49,23208.800000000003,6878.05,0.0,0.0,3.0,False,0.22857142857142856,0.7714285714285715,0.0,35.0,,,True,True,True,True,False,False
2000034764,2024-08,False,30.0,44.0,57.0,0.0,0.0,3.0,0.0,0.0,,,,18051.27,27531.96,6878.05,0.0,0.0,3.0,False,0.19298245614035087,0.8070175438596491,0.0,57.0,,,True,True,True,True,False,False
2000034764,2024-09,False,15.0,54.0,66.0,0.0,0.0,3.0,0.0,0.0,,,,11226.490000000002,26072.65,6878.05,0.0,0.0,6.0,False,0.18181818181818182,0.8181818181818182,0.0,66.0,,,True,True,True,True,False,False
2000034764,2024-10,False,16.0,61.0,76.0,0.0,0.0,3.0,0.0,0.0,,,,5800.68,19545.170000000002,6803.4,0.0,0.0,4.0,False,0.2236842105263158,0.7763157894736842,0.0,76.0,,,True,True,True,True,False,False
2000034764,2024-11,False,17.0,48.0,92.0,0.0,0.0,3.0,0.0,0.0,,,,33437.31,51488.58,31839.45,0.0,0.0,14.0,False,0.17391304347826086,0.8260869565217391,0.0,92.0,,,True,True,True,True,False,False
2000034764,2024-12,False,10.0,43.0,97.0,0.0,0.0,3.0,0.0,0.0,,,,33498.21,44724.700000000004,31839.45,0.0,0.0,5.0,False,0.14432989690721648,0.8556701030927835,0.0,97.0,,,True,True,True,True,False,False
2000034764,2025-01,False,6.0,33.0,94.0,0.0,0.0,3.0,0.0,0.0,,,,33866.42,39667.1,31839.45,0.0,0.0,13.0,False,0.13829787234042554,0.8617021276595744,0.0,94.0,,,True,True,True,True,False,False
2000034764,2025-02,False,17.0,33.0,81.0,0.0,0.0,3.0,0.0,0.0,,,,2315.53,35752.84,31839.45,0.0,0.0,3.0,False,0.16049382716049382,0.8395061728395061,0.0,81.0,,,True,True,True,True,False,False
2000034764,2025-03,False,5.0,28.0,71.0,0.0,0.0,3.0,72272.0,72272.0,0.00038742528226699135,0.0,0.028880479300420633,2087.25,35585.46,31839.45,0.0,0.0,10.0,False,0.15492957746478872,0.8450704225352113,0.0,71.0,,,False,False,False,False,False,False
2000034764,2025-04,False,13.0,35.0,68.0,0.0,0.0,3.0,193003.0,193003.0,0.00018134433143526268,0.0,0.0038717014761428577,747.25,34613.67,31839.45,0.0,0.0,7.0,False,0.11764705882352941,0.8823529411764706,0.0,68.0,,,False,False,False,False,False,False
2000034764,2025-05,False,14.0,32.0,65.0,0.0,0.0,3.0,237735.0,237735.0,0.00013460365533051507,0.0,0.003611500199802301,858.58,3174.11,804.6,0.0,0.0,2.0,False,0.15384615384615385,0.8461538461538461,0.0,65.0,,,False,False,False,False,False,False
2000034764,2025-06,False,19.0,46.0,74.0,0.0,0.0,3.0,174972.0,247244.0,0.00026289920673021967,0.0,0.0059303202798162,1037.64,3124.8900000000003,804.6,0.0,0.0,5.0,False,0.20270270270270271,0.7972972972972973,0.0,74.0,-0.00012452607553677168,0.0,False,False,False,False,False,False
2000034764,2025-07,False,3.0,36.0,71.0,0.0,0.0,3.0,182003.0,375006.0,0.00019779893738015308,0.0,0.004610967951077729,839.21,1586.46,448.0,0.0,0.0,14.0,False,0.18309859154929578,0.8169014084507042,0.0,71.0,1.6454605944890403e-05,0.0,False,False,False,False,False,False
2000034764,2025-08,False,2.0,24.0,56.0,0.0,0.0,3.0,290820.0,528555.0,8.252527336496802e-05,0.0,0.0010902964032735024,317.08,1175.66,448.0,0.0,0.0,2.0,False,0.19642857142857142,0.8035714285714286,0.0,56.0,-5.2078381965547054e-05,0.0,False,False,False,False,False,False
2000034764,2025-09,False,25.0,30.0,76.0,0.0,0.0,3.0,316902.0,491874.0,9.466648995588541e-05,0.0,0.0006838707234413163,216.72000000000003,1254.36,448.0,0.0,0.0,3.0,False,0.18421052631578946,0.8157894736842105,0.0,76.0,-0.00016823271677433426,0.0,False,False,False,False,False,False
2000034764,2025-10,False,20.0,47.0,83.0,0.0,0.0,3.0,227475.0,409478.0,0.00020661611166062203,0.0,0.0018581382569513136,422.68000000000006,1261.89,448.0,0.0,0.0,21.0,False,0.3253012048192771,0.6746987951807228,0.0,83.0,8.817174280468956e-06,0.0,False,False,False,False,False,False
2000034764,2025-11,False,19.0,64.0,88.0,0.0,0.0,3.0,78347.0,369167.0,0.0008168787573231904,0.0,0.020601171710467533,1614.04,1931.12,977.55,0.0,0.0,3.0,False,0.38636363636363635,0.6136363636363636,0.0,88.0,0.0007343534839582224,0.0,False,False,False,False,False,False
2000034764,2025-12,False,7.0,46.0,76.0,0.0,0.0,3.0,66056.0,382958.0,0.0006963788300835655,0.0,0.022573876710669735,1491.1399999999999,1707.86,977.55,0.0,0.0,14.0,False,0.39473684210526316,0.6052631578947368,0.0,76.0,0.00060171234012768,0.0,False,False,False,False,False,False
2000034764,2026-01,False,27.0,53.0,100.0,0.0,0.0,3.0,27721.0,255196.0,0.0019119079398290104,0.0,0.05536308213989394,1534.7199999999998,1957.4,977.55,0.0,0.0,9.0,False,0.43,0.57,0.0,100.0,0.0017052918281683883,0.0,False,False,False,False,False,False
2000034815,2025-02,False,0.0,0.0,0.0,0.0,0.0,0.0,0.0,0.0,,,,0.0,0.0,0.0,0.0,0.0,,False,,,,0.0,,,True,True,True,True,True,True
2000034892,2025-05,False,0.0,0.0,0.0,0.0,0.0,0.0,0.0,0.0,,,,0.0,0.0,0.0,0.0,0.0,,False,,,,0.0,,,True,True,True,True,True,True
2000034892,2025-07,False,0.0,0.0,0.0,0.0,0.0,0.0,144.0,144.0,0.0,0.0,0.0,0.0,0.0,0.0,0.0,0.0,,False,,,,0.0,,,False,False,False,False,True,True
2000034895,2020-02,False,0.0,0.0,0.0,0.0,0.0,0.0,0.0,0.0,,,,0.0,0.0,0.0,0.0,0.0,,False,,,,0.0,,,True,True,True,True,True,True
2000035015,2020-03,False,0.0,0.0,0.0,0.0,0.0,0.0,0.0,0.0,,,,0.0,0.0,0.0,0.0,0.0,,False,,,,0.0,,,True,True,True,True,True,True
2000035015,2020-07,False,0.0,0.0,1.0,0.0,0.0,3.0,0.0,0.0,,,,0.0,374.45,374.45,0.0,0.0,107.0,False,1.0,0.0,0.0,1.0,,,True,True,True,True,False,False
2000035015,2021-02,False,0.0,0.0,0.0,0.0,0.0,0.0,0.0,0.0,,,,0.0,0.0,0.0,0.0,0.0,215.0,False,,,,0.0,,,True,True,True,True,False,True
2000035015,2021-03,False,2.0,2.0,2.0,0.0,0.0,3.0,0.0,0.0,,,,1955.8700000000001,1955.8700000000001,1581.42,0.0,0.0,6.0,False,0.5,0.5,0.0,2.0,,,True,True,True,True,False,False
2000035015,2021-05,False,0.0,3.0,3.0,0.0,0.0,3.0,0.0,0.0,,,,3537.29,3537.29,1581.42,0.0,0.0,44.0,False,0.6666666666666666,0.3333333333333333,0.0,3.0,,,True,True,True,True,False,False
2000035015,2021-07,False,0.0,1.0,4.0,0.0,0.0,3.0,0.0,0.0,,,,1581.42,5118.71,1581.42,0.0,0.0,54.0,False,0.75,0.25,0.0,4.0,,,True,True,True,True,False,False
2000035015,2021-10,False,0.0,2.0,3.0,0.0,0.0,3.0,0.0,0.0,,,,3537.29,5118.71,3162.84,0.0,0.0,80.0,False,0.6666666666666666,0.3333333333333333,0.0,3.0,,,True,True,True,True,False,False
2000035015,2021-12,False,0.0,1.0,3.0,0.0,0.0,3.0,0.0,0.0,,,,1581.42,5118.71,3162.84,0.0,0.0,43.0,False,0.6666666666666666,0.3333333333333333,0.0,3.0,,,True,True,True,True,False,False
2000035015,2022-02,False,0.0,1.0,2.0,0.0,0.0,3.0,0.0,0.0,,,,1581.42,3162.84,1581.42,0.0,0.0,55.0,False,0.5,0.0,0.5,1.0,,,True,True,True,True,False,False
2000035015,2022-04,False,0.0,1.0,3.0,0.0,0.0,3.0,0.0,0.0,,,,374.45,3537.29,1581.42,0.0,0.0,50.0,False,0.3333333333333333,0.0,0.6666666666666666,1.0,,,True,True,True,True,False,False
2000035015,2022-07,False,0.0,1.0,2.0,0.0,0.0,3.0,0.0,0.0,,,,1123.35,1497.8,1123.35,0.0,0.0,87.0,False,0.0,0.0,1.0,0.0,,,True,True,True,True,False,False
2000035015,2022-09,False,0.0,1.0,2.0,0.0,0.0,3.0,0.0,0.0,,,,1581.42,2704.7700000000004,1581.42,0.0,0.0,37.0,False,0.0,0.5,0.5,1.0,,,True,True,True,True,False,False
2000035015,2022-11,False,0.0,1.0,2.0,0.0,0.0,3.0,0.0,0.0,,,,1581.42,3162.84,1581.42,0.0,0.0,34.0,False,0.0,1.0,0.0,2.0,,,True,True,True,True,False,False
2000035015,2023-02,False,0.0,1.0,2.0,0.0,0.0,3.0,0.0,0.0,,,,374.45,1955.8700000000001,1581.42,0.0,0.0,90.0,False,0.5,0.5,0.0,2.0,,,True,True,True,True,False,False
2000035015,2023-04,False,0.0,1.0,2.0,0.0,0.0,3.0,0.0,0.0,,,,1581.42,1955.8700000000001,1581.42,0.0,0.0,53.0,False,0.5,0.5,0.0,2.0,,,True,True,True,True,False,False
2000035015,2023-10,False,0.0,0.0,1.0,0.0,0.0,3.0,0.0,0.0,,,,0.0,374.45,374.45,0.0,0.0,178.0,False,1.0,0.0,0.0,1.0,,,True,True,True,True,False,False
2000035015,2023-11,False,1.0,1.0,1.0,0.0,0.0,3.0,0.0,0.0,,,,1581.42,1581.42,1581.42,0.0,0.0,6.0,False,0.0,1.0,0.0,1.0,,,True,True,True,True,False,False
2000035015,2024-02,False,0.0,2.0,3.0,0.0,0.0,3.0,0.0,0.0,,,,4744.26,6325.68,3162.84,0.0,0.0,72.0,False,0.3333333333333333,0.6666666666666666,0.0,3.0,,,True,True,True,True,False,False
2000035015,2024-03,False,1.0,1.0,4.0,0.0,0.0,3.0,0.0,0.0,,,,1581.42,7907.1,3162.84,0.0,0.0,14.0,False,0.25,0.75,0.0,4.0,,,True,True,True,True,False,False
2000035015,2024-05,False,0.0,4.0,6.0,0.0,0.0,3.0,0.0,0.0,,,,5867.610000000001,10611.87,3162.84,0.0,0.0,34.0,False,0.5,0.5,0.0,6.0,,,True,True,True,True,False,False
2000035015,2025-02,False,0.0,0.0,0.0,0.0,0.0,0.0,0.0,0.0,,,,0.0,0.0,0.0,0.0,0.0,264.0,False,,,,0.0,,,True,True,True,True,False,True
2000035015,2025-03,False,1.0,1.0,1.0,0.0,0.0,2.0,1.0,1.0,1.0,0.0,1727.78,1727.78,1727.78,1727.78,0.0,0.0,18.0,False,1.0,0.0,0.0,1.0,,,False,False,False,False,False,False
2000035015,2025-04,False,0.0,1.0,1.0,0.0,0.0,2.0,1.0,1.0,1.0,0.0,1727.78,1727.78,1727.78,1727.78,0.0,0.0,49.0,False,1.0,0.0,0.0,1.0,,,False,False,False,False,False,False
2000035015,2025-05,False,0.0,1.0,1.0,0.0,0.0,2.0,4.0,4.0,0.25,0.0,431.945,1727.78,1727.78,1727.78,0.0,0.0,79.0,False,1.0,0.0,0.0,1.0,,,False,False,False,False,False,False
2000035015,2025-06,False,0.0,0.0,1.0,0.0,0.0,2.0,5.0,6.0,0.0,0.0,0.0,0.0,1727.78,1727.78,0.0,0.0,110.0,False,1.0,0.0,0.0,1.0,-1.0,0.0,False,False,False,False,False,False
2000035015,2025-07,False,0.0,0.0,1.0,0.0,0.0,2.0,11.0,12.0,0.0,0.0,0.0,0.0,1727.78,1727.78,0.0,0.0,140.0,False,1.0,0.0,0.0,1.0,-1.0,0.0,False,False,False,False,False,False
2000035015,2025-08,False,1.0,1.0,2.0,0.0,0.0,3.0,16.0,20.0,0.0625,0.0,107.98625,1727.78,3455.56,1727.78,0.0,0.0,7.0,False,1.0,0.0,0.0,2.0,-0.1875,0.0,False,False,False,False,False,False
2000035015,2025-09,False,0.0,1.0,1.0,0.0,0.0,3.0,22.0,27.0,0.045454545454545456,0.0,78.53545454545454,1727.78,1727.78,1727.78,0.0,0.0,38.0,False,1.0,0.0,0.0,1.0,0.045454545454545456,0.0,False,False,False,False,False,False
2000035015,2025-10,False,2.0,3.0,3.0,0.0,0.0,3.0,16.0,27.0,0.1875,0.0,323.95875,5183.34,5183.34,1727.78,0.0,0.0,9.0,False,1.0,0.0,0.0,3.0,0.1875,0.0,False,False,False,False,False,False
2000035015,2025-11,False,1.0,3.0,4.0,0.0,0.0,3.0,20.0,36.0,0.15,0.0,259.16700000000003,5183.34,6911.12,1727.78,0.0,0.0,10.0,False,1.0,0.0,0.0,4.0,0.0875,0.0,False,False,False,False,False,False
2000035015,2025-12,False,0.0,3.0,4.0,0.0,0.0,3.0,24.0,46.0,0.125,0.0,215.9725,5183.34,6911.12,1727.78,0.0,0.0,40.0,False,1.0,0.0,0.0,4.0,0.07954545454545454,0.0,False,False,False,False,False,False
2000035200,2019-04,False,0.0,0.0,0.0,0.0,0.0,0.0,0.0,0.0,,,,0.0,0.0,0.0,0.0,0.0,,False,,,,0.0,,,True,True,True,True,True,True
2000035200,2019-05,False,5.0,5.0,5.0,4.0,4.0,4.0,0.0,0.0,,,,587.89,587.89,224.75,0.0,0.0,7.0,True,0.0,0.0,1.0,0.0,,,True,True,True,True,False,False
2000035200,2019-06,False,11.0,16.0,16.0,9.0,9.0,4.0,0.0,0.0,,,,1798.9699999999998,1798.9699999999998,378.4,0.0,0.0,1.0,True,0.0,0.125,0.875,2.0,,,True,True,True,True,False,False
2000035200,2019-08,False,0.0,13.0,18.0,5.0,9.0,4.0,0.0,0.0,,,,1580.3799999999999,2168.27,378.4,0.0,0.0,45.0,True,0.0,0.2222222222222222,0.7777777777777778,4.0,,,True,True,True,True,False,False
2000035200,2019-11,False,0.0,1.0,14.0,0.0,5.0,4.0,0.0,0.0,,,,174.96,1755.34,378.4,0.0,0.0,72.0,False,0.0,0.35714285714285715,0.6428571428571429,5.0,,,True,True,True,True,False,False
2000035200,2019-12,False,1.0,1.0,4.0,0.0,0.0,3.0,0.0,0.0,,,,0.0,544.26,260.13,0.0,0.0,23.0,False,0.0,1.0,0.0,4.0,,,True,True,True,True,False,False
2000035200,2020-02,False,0.0,3.0,4.0,0.0,0.0,3.0,0.0,0.0,,,,378.4,553.3599999999999,378.4,0.0,0.0,46.0,False,0.25,0.75,0.0,4.0,,,True,True,True,True,False,False
2000035200,2020-06,False,0.0,0.0,4.0,0.0,0.0,3.0,0.0,0.0,,,,0.0,21983.32,13014.96,0.0,0.0,111.0,False,0.75,0.25,0.0,4.0,,,True,True,True,True,False,False
2000035200,2020-09,False,0.0,1.0,1.0,0.0,0.0,3.0,0.0,0.0,,,,378.4,378.4,378.4,0.0,0.0,76.0,False,0.0,1.0,0.0,1.0,,,True,True,True,True,False,False
2000035200,2020-10,False,3.0,3.0,4.0,0.0,0.0,3.0,0.0,0.0,,,,860.24,1238.6399999999999,378.4,0.0,0.0,20.0,False,0.0,0.5,0.5,2.0,,,True,True,True,True,False,False
2000035200,2020-11,False,1.0,4.0,5.0,0.0,0.0,3.0,0.0,0.0,,,,969.41,1347.81,378.4,0.0,0.0,2.0,False,0.0,0.4,0.6,2.0,,,True,True,True,True,False,False
2000035200,2020-12,False,3.0,7.0,8.0,0.0,0.0,3.0,0.0,0.0,,,,1442.15,1820.55,378.4,0.0,0.0,29.0,False,0.125,0.25,0.625,3.0,,,True,True,True,True,False,False
2000035200,2021-01,False,4.0,8.0,11.0,0.0,0.0,3.0,0.0,0.0,,,,1264.06,2124.3,378.4,0.0,0.0,4.0,False,0.2727272727272727,0.2727272727272727,0.45454545454545453,6.0,,,True,True,True,True,False,False
2000035200,2021-02,False,5.0,12.0,16.0,0.0,0.0,3.0,0.0,0.0,,,,2860.96,3830.37,520.26,0.0,0.0,11.0,False,0.25,0.375,0.375,10.0,,,True,True,True,True,False,False
2000035200,2021-03,False,2.0,11.0,18.0,0.0,0.0,3.0,0.0,0.0,,,,3026.75,4468.9,520.26,0.0,0.0,4.0,False,0.2777777777777778,0.3888888888888889,0.3333333333333333,12.0,,,True,True,True,True,False,False
2000035200,2021-04,False,7.0,14.0,22.0,0.0,0.0,3.0,0.0,0.0,,,,15536.04,16800.1,12130.6,0.0,0.0,10.0,False,0.3181818181818182,0.5,0.18181818181818182,18.0,,,True,True,True,True,False,False
2000035200,2021-05,False,1.0,10.0,22.0,0.0,0.0,3.0,0.0,0.0,,,,25960.57,28821.530000000002,12130.6,0.0,0.0,19.0,False,0.36363636363636365,0.5,0.13636363636363635,19.0,,,True,True,True,True,False,False
2000035200,2021-08,False,0.0,5.0,15.0,0.0,0.0,3.0,0.0,0.0,,,,946.26,26906.829999999998,12130.6,0.0,0.0,69.0,False,0.3333333333333333,0.6666666666666666,0.0,15.0,,,True,True,True,True,False,False
2000035200,2021-09,False,3.0,3.0,16.0,0.0,0.0,3.0,0.0,0.0,,,,441.17,26709.47,12130.6,0.0,0.0,5.0,False,0.3125,0.625,0.0625,15.0,,,True,True,True,True,False,False
2000035200,2021-11,False,0.0,7.0,12.0,0.0,0.0,3.0,0.0,0.0,,,,1557.9,2504.16,378.4,0.0,0.0,32.0,False,0.25,0.5833333333333334,0.16666666666666666,10.0,,,True,True,True,True,False,False
2000035200,2022-01,False,0.0,1.0,8.0,0.0,0.0,3.0,0.0,0.0,,,,378.4,1936.3000000000002,378.4,0.0,0.0,43.0,False,0.25,0.5,0.25,6.0,,,True,True,True,True,False,False
2000035200,2022-02,False,1.0,2.0,9.0,0.0,0.0,3.0,0.0,0.0,,,,647.8499999999999,2205.75,378.4,0.0,0.0,8.0,False,0.3333333333333333,0.4444444444444444,0.2222222222222222,7.0,,,True,True,True,True,False,False
2000035200,2022-03,False,1.0,2.0,7.0,0.0,0.0,3.0,0.0,0.0,,,,406.89,1902.02,378.4,0.0,0.0,8.0,False,0.2857142857142857,0.5714285714285714,0.14285714285714285,6.0,,,True,True,True,True,False,False
2000035200,2022-04,False,12.0,14.0,15.0,1.0,1.0,4.0,0.0,0.0,,,,1951.8899999999999,2330.29,378.4,1.0,1.0,1.0,True,0.4,0.5333333333333333,0.06666666666666667,14.0,,,True,True,True,True,False,False
2000035200,2022-05,False,2.0,15.0,17.0,1.0,1.0,4.0,0.0,0.0,,,,2046.0099999999998,2693.86,378.4,1.0,1.0,26.0,True,0.35294117647058826,0.5294117647058824,0.11764705882352941,15.0,,,True,True,True,True,False,False
2000035200,2022-06,False,1.0,15.0,17.0,1.0,1.0,4.0,0.0,0.0,,,,2168.7,2575.5899999999997,269.45,1.0,1.0,15.0,True,0.35294117647058826,0.5294117647058824,0.11764705882352941,15.0,,,True,True,True,True,False,False
2000035200,2022-07,False,2.0,5.0,19.0,0.0,1.0,4.0,0.0,0.0,,,,1058.7899999999997,3010.68,269.45,0.0,1.0,2.0,False,0.3157894736842105,0.5263157894736842,0.15789473684210525,16.0,,,True,True,True,True,False,False
2000035200,2023-01,False,0.0,0.0,3.0,0.0,1.0,4.0,0.0,0.0,,,,0.0,814.53,378.4,0.0,0.0,160.0,False,0.6666666666666666,0.3333333333333333,0.0,3.0,,,True,True,True,True,False,False
2000035200,2023-02,False,1.0,1.0,1.0,0.0,0.0,2.0,0.0,0.0,,,,269.44999999999976,269.45,269.45,0.0,0.0,5.0,False,1.0,0.0,0.0,1.0,,,True,True,True,True,False,False
2000035200,2023-03,False,2.0,3.0,3.0,0.0,0.0,3.0,0.0,0.0,,,,595.6999999999998,595.7,269.45,0.0,0.0,16.0,False,0.3333333333333333,0.6666666666666666,0.0,3.0,,,True,True,True,True,False,False
2000035200,2023-04,False,1.0,4.0,4.0,0.0,0.0,3.0,0.0,0.0,,,,1376.0899999999997,1376.09,780.39,0.0,0.0,9.0,False,0.25,0.75,0.0,4.0,,,True,True,True,True,False,False
2000035200,2023-05,False,2.0,5.0,6.0,0.0,0.0,3.0,0.0,0.0,,,,1428.4199999999996,1697.87,780.39,0.0,0.0,20.0,False,0.16666666666666666,0.8333333333333334,0.0,6.0,,,True,True,True,True,False,False
2000035200,2023-07,False,0.0,4.0,8.0,0.0,0.0,3.0,0.0,0.0,,,,1084.8499999999997,2460.9399999999996,780.39,0.0,0.0,39.0,False,0.125,0.875,0.0,8.0,,,True,True,True,True,False,False
2000035200,2023-09,False,0.0,1.0,6.0,0.0,0.0,3.0,0.0,0.0,,,,117.61999999999978,1982.8599999999997,780.39,0.0,0.0,35.0,False,0.0,1.0,0.0,6.0,,,True,True,True,True,False,False
2000035200,2024-01,False,0.0,0.0,2.0,0.0,0.0,3.0,0.0,0.0,,,,0.0,377.75,260.13,0.0,0.0,111.0,False,0.0,1.0,0.0,2.0,,,True,True,True,True,False,False
2000035200,2024-02,False,5.0,5.0,6.0,0.0,0.0,3.0,0.0,0.0,,,,960.9899999999998,1221.12,260.13,0.0,0.0,1.0,False,0.3333333333333333,0.6666666666666666,0.0,6.0,,,True,True,True,True,False,False
2000035200,2024-03,False,4.0,9.0,10.0,0.0,0.0,3.0,0.0,0.0,,,,1506.7599999999998,1766.8899999999999,280.74,0.0,0.0,22.0,False,0.3,0.7,0.0,10.0,,,True,True,True,True,False,False
2000035200,2024-04,False,1.0,10.0,10.0,0.0,0.0,3.0,0.0,0.0,,,,1766.8899999999999,1766.8899999999999,280.74,0.0,0.0,12.0,False,0.3,0.7,0.0,10.0,,,True,True,True,True,False,False
2000035200,2024-05,False,5.0,10.0,15.0,0.0,0.0,3.0,0.0,0.0,,,,1689.9099999999999,2650.8999999999996,280.74,0.0,0.0,2.0,False,0.26666666666666666,0.7333333333333333,0.0,15.0,,,True,True,True,True,False,False
2000035200,2024-10,False,0.0,0.0,6.0,0.0,0.0,3.0,0.0,0.0,,,,0.0,1102.35,260.13,0.0,0.0,139.0,False,0.16666666666666666,0.8333333333333334,0.0,6.0,,,True,True,True,True,False,False
2000035201,2019-05,False,0.0,0.0,0.0,0.0,0.0,0.0,0.0,0.0,,,,0.0,0.0,0.0,0.0,0.0,,False,,,,0.0,,,True,True,True,True,True,True
2000035201,2019-06,False,4.0,4.0,4.0,0.0,0.0,3.0,0.0,0.0,,,,12555.5,12555.5,5022.2,0.0,0.0,8.0,False,0.75,0.25,0.0,4.0,,,True,True,True,True,False,False
2000035201,2019-07,False,5.0,9.0,9.0,0.0,0.0,3.0,0.0,0.0,,,,37666.5,37666.5,10044.4,0.0,0.0,4.0,False,0.5555555555555556,0.2222222222222222,0.2222222222222222,7.0,,,True,True,True,True,False,False
2000035201,2019-09,False,0.0,7.0,11.0,0.0,0.0,3.0,0.0,0.0,,,,35155.4,47710.9,10044.4,0.0,0.0,46.0,False,0.5454545454545454,0.2727272727272727,0.18181818181818182,9.0,,,True,True,True,True,False,False
2000035201,2019-11,False,0.0,1.0,12.0,0.0,0.0,3.0,0.0,0.0,,,,2763.2,50474.1,10044.4,0.0,0.0,39.0,False,0.5833333333333334,0.25,0.16666666666666666,10.0,,,True,True,True,True,False,False
2000035201,2019-12,False,1.0,2.0,9.0,0.0,0.0,3.0,0.0,0.0,,,,2864.31,38019.71,10044.4,0.0,0.0,4.0,False,0.5555555555555556,0.2222222222222222,0.2222222222222222,7.0,,,True,True,True,True,False,False
2000035201,2020-01,False,1.0,2.0,5.0,0.0,0.0,3.0,0.0,0.0,,,,2612.21,15419.81,7533.3,0.0,0.0,11.0,False,0.8,0.2,0.0,5.0,,,True,True,True,True,False,False
2000035201,2020-03,False,0.0,4.0,6.0,0.0,0.0,3.0,0.0,0.0,,,,7395.43,10259.74,2763.2,0.0,0.0,32.0,False,1.0,0.0,0.0,6.0,,,True,True,True,True,False,False
2000035201,2020-08,False,0.0,0.0,3.0,0.0,0.0,3.0,0.0,0.0,,,,0.0,35434.4,24868.8,0.0,0.0,151.0,False,0.0,1.0,0.0,3.0,,,True,True,True,True,False,False
2000035201,2021-03,False,0.0,0.0,0.0,0.0,0.0,0.0,0.0,0.0,,,,0.0,0.0,0.0,0.0,0.0,205.0,False,,,,0.0,,,True,True,True,True,False,True
2000035201,2021-07,False,0.0,0.0,1.0,0.0,0.0,3.0,0.0,0.0,,,,0.0,2831.08,2831.08,0.0,0.0,122.0,False,1.0,0.0,0.0,1.0,,,True,True,True,True,False,False
2000035201,2021-08,False,1.0,1.0,2.0,0.0,0.0,3.0,0.0,0.0,,,,2511.1,5342.18,2831.08,0.0,0.0,13.0,False,0.5,0.5,0.0,2.0,,,True,True,True,True,False,False
2000035201,2021-12,False,0.0,0.0,2.0,0.0,0.0,3.0,0.0,0.0,,,,0.0,5022.2,2511.1,0.0,0.0,97.0,False,0.5,0.5,0.0,2.0,,,True,True,True,True,False,False
2000035201,2022-03,False,0.0,1.0,1.0,1.0,1.0,4.0,0.0,0.0,,,,0.0,0.0,0.0,0.0,0.0,70.0,True,1.0,0.0,0.0,1.0,,,True,True,True,True,False,False
2000035201,2023-06,False,0.0,0.0,0.0,0.0,0.0,0.0,0.0,0.0,,,,0.0,0.0,0.0,0.0,0.0,427.0,False,,,,0.0,,,True,True,True,True,False,True
2000035201,2023-10,False,0.0,0.0,1.0,0.0,0.0,3.0,0.0,0.0,,,,0.0,2123.31,2123.31,0.0,0.0,104.0,False,0.0,1.0,0.0,1.0,,,True,True,True,True,False,False
2000035201,2024-03,False,0.0,0.0,3.0,0.0,0.0,3.0,0.0,0.0,,,,0.0,30734.52,15066.6,0.0,0.0,122.0,False,1.0,0.0,0.0,3.0,,,True,True,True,True,False,False
2000035201,2024-07,False,0.0,0.0,1.0,0.0,0.0,3.0,0.0,0.0,,,,0.0,2511.1,2511.1,0.0,0.0,109.0,False,1.0,0.0,0.0,1.0,,,True,True,True,True,False,False
2000035201,2024-10,False,0.0,1.0,1.0,0.0,0.0,3.0,0.0,0.0,,,,2710.43,2710.43,2710.43,0.0,0.0,69.0,False,1.0,0.0,0.0,1.0,,,True,True,True,True,False,False
2000035201,2025-01,False,0.0,1.0,2.0,0.0,0.0,3.0,0.0,0.0,,,,5213.58,7924.01,5213.58,0.0,0.0,82.0,False,1.0,0.0,0.0,2.0,,,True,True,True,True,False,False
2000035201,2025-03,False,0.0,2.0,3.0,0.0,0.0,3.0,0.0,0.0,,,,8131.289999999999,13344.869999999999,5420.86,0.0,0.0,36.0,False,1.0,0.0,0.0,3.0,,,True,True,True,True,False,False
2000035201,2025-05,False,0.0,1.0,3.0,0.0,0.0,3.0,0.0,0.0,,,,10841.72,18973.009999999995,10841.72,0.0,0.0,49.0,False,1.0,0.0,0.0,3.0,,,True,True,True,True,False,False
2000035201,2025-06,False,1.0,2.0,4.0,0.0,0.0,3.0,0.0,0.0,,,,18973.01,27104.299999999996,10841.72,0.0,0.0,20.0,False,1.0,0.0,0.0,4.0,,,True,True,True,True,False,False
2000035392,2019-04,False,0.0,0.0,0.0,0.0,0.0,0.0,0.0,0.0,,,,0.0,0.0,0.0,0.0,0.0,,False,,,,0.0,,,True,True,True,True,True,True
2000035392,2019-05,False,1.0,1.0,1.0,1.0,1.0,4.0,0.0,0.0,,,,215.33,215.33,215.33,0.0,0.0,15.0,True,0.0,0.0,1.0,0.0,,,True,True,True,True,False,False
2000035392,2019-11,False,0.0,0.0,4.0,0.0,0.0,3.0,0.0,0.0,,,,0.0,8213.0,4128.0,0.0,0.0,165.0,False,0.0,0.0,1.0,0.0,,,True,True,True,True,False,False
2000035392,2020-02,False,0.0,1.0,1.0,0.0,0.0,3.0,0.0,0.0,,,,117.97,117.97,117.97,0.0,0.0,84.0,False,1.0,0.0,0.0,1.0,,,True,True,True,True,False,False
2000035392,2020-04,False,0.0,1.0,2.0,0.0,0.0,3.0,0.0,0.0,,,,24.25,142.22,117.97,0.0,0.0,35.0,False,1.0,0.0,0.0,2.0,,,True,True,True,True,False,False
2000035392,2020-06,False,0.0,4.0,5.0,0.0,0.0,3.0,0.0,0.0,,,,169.75,194.0,48.5,0.0,0.0,42.0,False,0.2,0.6,0.2,4.0,,,True,True,True,True,False,False
2000035392,2020-07,False,2.0,6.0,7.0,0.0,0.0,3.0,0.0,0.0,,,,500.33,524.5799999999999,165.29,0.0,0.0,15.0,False,0.14285714285714285,0.7142857142857143,0.14285714285714285,6.0,,,True,True,True,True,False,False
2000035392,2020-08,False,1.0,3.0,8.0,0.0,0.0,3.0,0.0,0.0,,,,379.08,573.0799999999999,165.29,0.0,0.0,12.0,False,0.125,0.75,0.125,7.0,,,True,True,True,True,False,False
2000035392,2020-11,False,0.0,1.0,4.0,0.0,0.0,3.0,0.0,0.0,,,,24.25,403.33,165.29,0.0,0.0,81.0,False,0.0,1.0,0.0,4.0,,,True,True,True,True,False,False
2000035392,2021-01,False,0.0,2.0,4.0,0.0,0.0,3.0,0.0,0.0,,,,1980.41,2053.16,1710.0,0.0,0.0,43.0,False,0.0,0.75,0.25,3.0,,,True,True,True,True,False,False
2000035392,2021-02,False,2.0,4.0,5.0,0.0,0.0,3.0,0.0,0.0,,,,2186.1,2210.35,1710.0,0.0,0.0,7.0,False,0.2,0.4,0.4,3.0,,,True,True,True,True,False,False
2000035392,2021-03,False,1.0,3.0,5.0,0.0,0.0,3.0,0.0,0.0,,,,205.71,2186.12,1710.0,0.0,0.0,5.0,False,0.4,0.2,0.4,3.0,,,True,True,True,True,False,False
2000035392,2021-04,False,4.0,7.0,9.0,0.0,0.0,3.0,0.0,0.0,,,,955.33,2935.7400000000002,1710.0,0.0,0.0,10.0,False,0.5555555555555556,0.2222222222222222,0.2222222222222222,7.0,,,True,True,True,True,False,False
2000035392,2021-05,False,2.0,7.0,11.0,0.0,0.0,3.0,0.0,0.0,,,,1103.5500000000002,3289.65,1710.0,0.0,0.0,12.0,False,0.6363636363636364,0.18181818181818182,0.18181818181818182,9.0,,,True,True,True,True,False,False
2000035392,2021-06,False,1.0,7.0,10.0,0.0,0.0,3.0,0.0,0.0,,,,1103.5500000000002,1309.26,330.58,0.0,0.0,21.0,False,0.7,0.2,0.1,9.0,,,True,True,True,True,False,False
2000035392,2021-07,False,1.0,4.0,11.0,0.0,0.0,3.0,0.0,0.0,,,,378.17999999999995,1333.51,330.58,0.0,0.0,28.0,False,0.7272727272727273,0.18181818181818182,0.09090909090909091,10.0,,,True,True,True,True,False,False
2000035392,2021-08,False,2.0,4.0,11.0,0.0,0.0,3.0,0.0,0.0,,,,565.09,1668.6399999999999,330.58,0.0,0.0,13.0,False,0.8181818181818182,0.18181818181818182,0.0,11.0,,,True,True,True,True,False,False
2000035392,2021-09,False,2.0,5.0,12.0,0.0,0.0,3.0,0.0,0.0,,,,13933.13,15036.68,13250.09,0.0,0.0,21.0,False,0.8333333333333334,0.16666666666666666,0.0,12.0,,,True,True,True,True,False,False
2000035392,2021-11,False,0.0,4.0,8.0,0.0,0.0,3.0,0.0,0.0,,,,13841.789999999999,14406.879999999997,13250.09,0.0,0.0,45.0,False,0.875,0.125,0.0,8.0,,,True,True,True,True,False,False
2000035392,2021-12,False,3.0,5.0,10.0,0.0,0.0,3.0,0.0,0.0,,,,998.89,14932.019999999999,13250.09,0.0,0.0,8.0,False,0.9,0.0,0.1,9.0,,,True,True,True,True,False,False
2000035392,2022-02,False,0.0,5.0,9.0,0.0,0.0,3.0,0.0,0.0,,,,943.66,14785.449999999997,13250.09,0.0,0.0,55.0,False,0.8888888888888888,0.0,0.1111111111111111,8.0,,,True,True,True,True,False,False
2000035392,2022-03,False,1.0,3.0,8.0,0.0,0.0,3.0,0.0,0.0,,,,688.9100000000001,1687.7999999999981,279.0,0.0,0.0,11.0,False,0.75,0.125,0.125,7.0,,,True,True,True,True,False,False
2000035392,2022-04,False,7.0,8.0,13.0,0.0,0.0,3.0,0.0,0.0,,,,1232.9,2176.559999999998,279.0,0.0,0.0,17.0,False,0.6923076923076923,0.23076923076923078,0.07692307692307693,12.0,,,True,True,True,True,False,False
2000035392,2022-06,False,0.0,8.0,11.0,0.0,0.0,3.0,0.0,0.0,,,,1101.99,1790.8999999999983,279.0,0.0,0.0,55.0,False,0.7272727272727273,0.2727272727272727,0.0,11.0,,,True,True,True,True,False,False
2000035392,2022-08,False,0.0,2.0,11.0,0.0,0.0,3.0,0.0,0.0,,,,11116.51,12488.909999999998,6219.43,0.0,0.0,33.0,False,0.7272727272727273,0.2727272727272727,0.0,11.0,,,True,True,True,True,False,False
2000035392,2022-10,False,0.0,1.0,4.0,0.0,0.0,3.0,0.0,0.0,,,,139.5,11395.509999999998,6219.43,0.0,0.0,47.0,False,1.0,0.0,0.0,4.0,,,True,True,True,True,False,False
2000035392,2023-01,False,0.0,1.0,2.0,0.0,0.0,2.0,0.0,0.0,,,,117.97,257.4699999999982,139.5,0.0,0.0,90.0,False,1.0,0.0,0.0,2.0,,,True,True,True,True,False,False
2000035392,2023-03,False,0.0,1.0,2.0,0.0,0.0,2.0,0.0,0.0,,,,139.5,257.4699999999982,139.5,0.0,0.0,50.0,False,1.0,0.0,0.0,2.0,,,True,True,True,True,False,False
2000035392,2023-04,False,1.0,2.0,3.0,0.0,0.0,3.0,0.0,0.0,,,,299.07,417.03999999999814,159.57,0.0,0.0,4.0,False,1.0,0.0,0.0,3.0,,,True,True,True,True,False,False
2000035392,2023-06,False,0.0,3.0,4.0,0.0,0.0,3.0,0.0,0.0,,,,438.57,578.0699999999981,159.57,0.0,0.0,42.0,False,1.0,0.0,0.0,4.0,,,True,True,True,True,False,False
2000035392,2023-09,False,0.0,1.0,4.0,0.0,0.0,3.0,0.0,0.0,,,,117.97,556.5399999999981,159.57,0.0,0.0,81.0,False,1.0,0.0,0.0,4.0,,,True,True,True,True,False,False
2000035392,2023-10,False,1.0,1.0,4.0,0.0,0.0,2.0,0.0,0.0,,,,272.06,669.0299999999982,272.06,0.0,0.0,3.0,False,1.0,0.0,0.0,4.0,,,True,True,True,True,False,False
2000035392,2023-11,False,1.0,2.0,3.0,0.0,0.0,2.0,0.0,0.0,,,,544.12,662.0899999999981,272.06,0.0,0.0,19.0,False,1.0,0.0,0.0,3.0,,,True,True,True,True,False,False
2000035392,2024-01,False,0.0,3.0,4.0,0.0,0.0,2.0,0.0,0.0,,,,529.53,801.5899999999981,272.06,0.0,0.0,41.0,False,1.0,0.0,0.0,4.0,,,True,True,True,True,False,False
2000035392,2024-02,False,4.0,6.0,8.0,0.0,0.0,3.0,0.0,0.0,,,,1349.2099999999998,1893.3299999999979,516.8,0.0,0.0,1.0,False,0.75,0.25,0.0,8.0,,,True,True,True,True,False,False
2000035392,2024-04,False,0.0,5.0,8.0,0.0,0.0,3.0,0.0,0.0,,,,1626.5399999999997,2156.069999999998,534.8,0.0,0.0,35.0,False,0.75,0.25,0.0,8.0,,,True,True,True,True,False,False
2000035392,2024-05,False,1.0,2.0,8.0,0.0,0.0,3.0,0.0,0.0,,,,652.77,2001.979999999998,534.8,0.0,0.0,30.0,False,0.625,0.375,0.0,8.0,,,True,True,True,True,False,False
2000035392,2024-08,False,0.0,1.0,3.0,0.0,0.0,3.0,0.0,0.0,,,,258.4,911.1699999999981,534.8,0.0,0.0,64.0,False,0.6666666666666666,0.3333333333333333,0.0,3.0,,,True,True,True,True,False,False
2000035392,2024-09,False,1.0,1.0,3.0,0.0,0.0,3.0,0.0,0.0,,,,139.5,515.8699999999982,258.4,0.0,0.0,13.0,False,0.6666666666666666,0.3333333333333333,0.0,3.0,,,True,True,True,True,False,False
2000035392,2024-10,False,2.0,3.0,5.0,0.0,0.0,3.0,0.0,0.0,,,,645.35,1021.7199999999982,272.06,0.0,0.0,15.0,False,0.8,0.2,0.0,5.0,,,True,True,True,True,False,False
2000035392,2024-12,False,0.0,4.0,5.0,0.0,0.0,3.0,0.0,0.0,,,,1191.75,1331.2499999999982,418.5,0.0,0.0,32.0,False,0.8,0.2,0.0,5.0,,,True,True,True,True,False,False
2000035392,2025-01,False,1.0,3.0,6.0,0.0,0.0,3.0,0.0,0.0,,,,964.9,1610.2499999999982,418.5,0.0,0.0,2.0,False,0.8333333333333334,0.16666666666666666,0.0,6.0,,,True,True,True,True,False,False
2000035392,2025-02,False,1.0,2.0,7.0,0.0,0.0,3.0,0.0,0.0,,,,396.97,1728.219999999998,418.5,0.0,0.0,5.0,False,0.8571428571428571,0.14285714285714285,0.0,7.0,,,True,True,True,True,False,False
2000035392,2025-03,False,0.0,2.0,6.0,0.0,0.0,3.0,3118.0,3118.0,0.0006414368184733803,0.0,0.12731558691468892,396.97,1588.719999999998,418.5,0.0,0.0,33.0,False,0.8333333333333334,0.16666666666666666,0.0,6.0,,,False,False,False,False,False,False
2000035392,2025-04,False,3.0,4.0,7.0,0.0,0.0,3.0,3182.0,3182.0,0.001257071024512885,0.0,0.1921370207416719,611.38,1576.2799999999982,418.5,0.0,0.0,22.0,False,0.8571428571428571,0.14285714285714285,0.0,7.0,,,False,False,False,False,False,False
2000035392,2025-05,False,0.0,3.0,5.0,0.0,0.0,3.0,4077.0,4077.0,0.0007358351729212656,0.0,0.12102281089036056,493.40999999999997,890.3799999999982,279.0,0.0,0.0,52.0,False,1.0,0.0,0.0,5.0,,,False,False,False,False,False,False
2000035392,2025-06,False,1.0,4.0,6.0,0.0,0.0,3.0,1054.0,4172.0,0.003795066413662239,0.0,0.5309297912713472,559.5999999999999,956.5699999999981,279.0,0.0,0.0,26.0,False,1.0,0.0,0.0,6.0,0.003153629595188859,0.0,False,False,False,False,False,False
2000035392,2025-07,False,0.0,1.0,5.0,0.0,0.0,3.0,1059.0,4241.0,0.0009442870632672333,0.0,0.06250236071765816,66.19,677.5699999999981,235.94,0.0,0.0,56.0,False,1.0,0.0,0.0,5.0,-0.0003127839612456517,0.0,False,False,False,False,False,False
2000035392,2025-08,False,1.0,2.0,5.0,0.0,0.0,3.0,185.0,4262.0,0.010810810810810811,0.0,1.4073513513513514,260.36,753.7699999999982,235.94,0.0,0.0,22.0,False,1.0,0.0,0.0,5.0,0.010074975637889547,0.0,False,False,False,False,False,False
2000035392,2025-09,False,0.0,1.0,5.0,0.0,0.0,3.0,4835.0,5889.0,0.00020682523267838676,0.0,0.040159255429162356,194.17,753.7699999999982,235.94,0.0,0.0,53.0,False,1.0,0.0,0.0,5.0,-0.0035882411809838523,0.0,False,False,False,False,False,False
2000035392,2025-10,False,5.0,6.0,7.0,0.0,0.0,3.0,4767.0,5826.0,0.0012586532410320957,0.0,0.21102580239144114,1005.9599999999999,1072.1499999999983,233.79,0.0,0.0,4.0,False,0.8571428571428571,0.14285714285714285,0.0,7.0,0.00031436617776486246,0.0,False,False,False,False,False,False
2000035392,2025-12,False,0.0,7.0,8.0,0.0,0.0,3.0,1.0,4836.0,7.0,0.0,1588.4699999999998,1588.4699999999998,1782.639999999998,582.51,0.0,0.0,31.0,False,0.875,0.125,0.0,8.0,6.999793174767322,0.0,False,False,False,False,False,False
2000035392,2026-01,False,0.0,2.0,8.0,0.0,0.0,3.0,2.0,4769.0,1.0,0.0,388.34,776.68,1782.639999999998,582.51,0.0,0.0,62.0,False,0.875,0.125,0.0,8.0,0.9987413467589679,0.0,False,False,False,False,False,False
2000035447,2025-07,False,0.0,0.0,0.0,0.0,0.0,0.0,0.0,0.0,,,,0.0,0.0,0.0,0.0,0.0,,False,,,,0.0,,,True,True,True,True,True,True
2000035447,2025-08,False,0.0,0.0,0.0,0.0,0.0,0.0,64.0,64.0,0.0,0.0,0.0,0.0,0.0,0.0,0.0,0.0,,False,,,,0.0,,,False,False,False,False,True,True
2000035447,2025-09,False,1.0,1.0,1.0,0.0,0.0,3.0,64.0,64.0,0.015625,0.0,0.88859375,56.87,56.87,56.87,0.0,0.0,21.0,False,0.0,1.0,0.0,1.0,,,False,False,False,False,False,False
2000035447,2025-11,False,0.0,1.0,1.0,0.0,0.0,3.0,64.0,128.0,0.015625,0.0,0.88859375,56.87,56.87,56.87,0.0,0.0,82.0,False,0.0,1.0,0.0,1.0,0.015625,0.0,False,False,False,False,False,False
2000035447,2025-12,False,0.0,0.0,1.0,0.0,0.0,3.0,128.0,192.0,0.0,0.0,0.0,0.0,56.87,56.87,0.0,0.0,112.0,False,0.0,1.0,0.0,1.0,-0.015625,0.0,False,False,False,False,False,False
2000036006,2022-04,False,0.0,0.0,0.0,0.0,0.0,0.0,0.0,0.0,,,,0.0,0.0,0.0,0.0,0.0,,False,,,,0.0,,,True,True,True,True,True,True
2000036159,2020-10,False,0.0,0.0,0.0,0.0,0.0,0.0,0.0,0.0,,,,0.0,0.0,0.0,0.0,0.0,,False,,,,0.0,,,True,True,True,True,True,True
2000036159,2021-03,False,0.0,0.0,1.0,0.0,1.0,4.0,0.0,0.0,,,,0.0,21277.08,21277.08,0.0,0.0,138.0,False,1.0,0.0,0.0,1.0,,,True,True,True,True,False,False
2000036159,2021-05,False,0.0,1.0,1.0,0.0,0.0,3.0,0.0,0.0,,,,0.03,0.03,0.03,0.0,0.0,31.0,False,0.0,0.0,1.0,0.0,,,True,True,True,True,False,False
2000036159,2021-06,False,3.0,4.0,4.0,0.0,0.0,3.0,0.0,0.0,,,,0.03,0.03,0.03,3.0,3.0,8.0,False,0.0,0.0,1.0,0.0,,,True,True,True,True,False,False
2000036159,2021-07,False,3.0,6.0,7.0,0.0,0.0,3.0,0.0,0.0,,,,150167.79,150167.82,138280.9,3.0,3.0,8.0,False,0.2857142857142857,0.14285714285714285,0.5714285714285714,3.0,,,True,True,True,True,False,False
2000036159,2021-08,False,2.0,8.0,9.0,2.0,2.0,4.0,0.0,0.0,,,,409341.87,409341.9,237253.44,3.0,3.0,5.0,True,0.3333333333333333,0.2222222222222222,0.4444444444444444,5.0,,,True,True,True,True,False,False
2000036159,2021-09,False,1.0,6.0,10.0,3.0,3.0,4.0,0.0,0.0,,,,547622.77,547622.8,237253.44,0.0,3.0,27.0,True,0.3,0.3,0.4,6.0,,,True,True,True,True,False,False
2000036159,2022-02,False,0.0,0.0,8.0,0.0,7.0,4.0,0.0,0.0,,,,0.0,416949.82000000007,235471.2,0.0,0.0,125.0,False,0.125,0.875,0.0,8.0,,,True,True,True,True,False,False
2000036159,2022-03,False,3.0,3.0,10.0,0.0,6.0,4.0,0.0,0.0,,,,69133.63,347802.55000000005,235471.2,0.0,0.0,12.0,False,0.3,0.7,0.0,10.0,,,True,True,True,True,False,False
2000036159,2022-05,False,0.0,4.0,4.0,0.0,0.0,3.0,0.0,0.0,,,,80093.95000000001,80093.95000000001,46400.0,0.0,0.0,61.0,False,0.75,0.25,0.0,4.0,,,True,True,True,True,False,False
2000036159,2022-06,False,1.0,2.0,5.0,0.0,0.0,3.0,0.0,0.0,,,,80100.76999999999,149234.4,69140.45,0.0,0.0,12.0,False,0.8,0.2,0.0,5.0,,,True,True,True,True,False,False
2000036159,2022-07,False,2.0,3.0,7.0,1.0,1.0,4.0,0.0,0.0,,,,160120.44999999998,240214.4,69140.45,0.0,0.0,22.0,True,0.8571428571428571,0.14285714285714285,0.0,7.0,,,True,True,True,True,False,False
2000036159,2022-09,False,0.0,3.0,5.0,1.0,1.0,4.0,0.0,0.0,,,,229260.9,309361.67,138280.9,0.0,0.0,35.0,True,1.0,0.0,0.0,5.0,,,True,True,True,True,False,False
2000036159,2022-10,False,1.0,2.0,5.0,0.0,1.0,4.0,0.0,0.0,,,,181206.32,341326.76999999996,138280.9,0.0,0.0,23.0,False,0.8,0.2,0.0,5.0,,,True,True,True,True,False,False
2000036159,2022-11,False,1.0,2.0,6.0,0.0,1.0,4.0,0.0,0.0,,,,386328.78,684730.1299999999,343403.36,0.0,0.0,29.0,False,0.8333333333333334,0.16666666666666666,0.0,6.0,,,True,True,True,True,False,False
2000036159,2022-12,False,7.0,9.0,12.0,0.0,1.0,4.0,0.0,0.0,,,,1087485.06,1316745.96,474506.88,0.0,0.0,3.0,False,0.5,0.5,0.0,12.0,,,True,True,True,True,False,False
2000036159,2023-04,False,0.0,0.0,9.0,0.0,0.0,3.0,0.0,0.0,,,,0.0,1113700.0899999999,474506.88,0.0,0.0,115.0,False,0.3333333333333333,0.6666666666666666,0.0,9.0,,,True,True,True,True,False,False
2000036159,2023-06,False,0.0,4.0,5.0,0.0,0.0,3.0,0.0,0.0,,,,267867.9400000001,337008.39,118626.72,0.0,0.0,36.0,False,0.6,0.4,0.0,5.0,,,True,True,True,True,False,False
2000036159,2023-07,False,5.0,9.0,9.0,0.0,0.0,3.0,0.0,0.0,,,,513251.03000000014,513251.03,118626.72,0.0,0.0,1.0,False,0.8888888888888888,0.1111111111111111,0.0,9.0,,,True,True,True,True,False,False
2000036159,2023-08,False,3.0,8.0,12.0,0.0,0.0,3.0,0.0,0.0,,,,1489920.61,1757788.55,1244528.1,0.0,0.0,15.0,False,0.75,0.25,0.0,12.0,,,True,True,True,True,False,False
2000036159,2023-09,False,5.0,13.0,17.0,0.0,0.0,3.0,0.0,0.0,,,,1715860.9600000002,1983728.9000000001,1244528.1,0.0,0.0,2.0,False,0.6470588235294118,0.35294117647058826,0.0,17.0,,,True,True,True,True,False,False
2000036159,2023-10,False,2.0,10.0,19.0,0.0,0.0,3.0,0.0,0.0,,,,1551453.77,2064704.8,1244528.1,0.0,0.0,6.0,False,0.6842105263157895,0.3157894736842105,0.0,19.0,,,True,True,True,True,False,False
2000036159,2023-11,False,9.0,16.0,24.0,4.0,4.0,4.0,0.0,0.0,,,,1215440.64,2705361.25,1244528.1,0.0,0.0,6.0,True,0.7916666666666666,0.20833333333333334,0.0,24.0,,,True,True,True,True,False,False
2000036159,2023-12,False,3.0,14.0,27.0,4.0,4.0,4.0,0.0,0.0,,,,1011466.4299999999,2727327.39,1244528.1,0.0,0.0,9.0,True,0.7037037037037037,0.25925925925925924,0.037037037037037035,26.0,,,True,True,True,True,False,False
2000036159,2024-01,False,2.0,14.0,24.0,4.0,4.0,4.0,0.0,0.0,,,,941450.8599999999,2492904.6300000004,1244528.1,0.0,0.0,10.0,True,0.625,0.3333333333333333,0.041666666666666664,23.0,,,True,True,True,True,False,False
2000036159,2024-02,False,2.0,7.0,23.0,0.0,4.0,4.0,0.0,0.0,,,,82730.3,1298170.94,343403.36,0.0,0.0,10.0,False,0.6956521739130435,0.2608695652173913,0.043478260869565216,22.0,,,True,True,True,True,False,False
2000036159,2024-03,False,1.0,5.0,19.0,0.0,4.0,4.0,0.0,0.0,,,,71402.70000000001,1082869.13,343403.36,0.0,0.0,24.0,False,0.7894736842105263,0.15789473684210525,0.05263157894736842,18.0,,,True,True,True,True,False,False
2000036159,2024-04,False,8.0,11.0,25.0,0.0,4.0,4.0,0.0,0.0,,,,333162.88,1274613.74,343403.36,0.0,0.0,10.0,False,0.8,0.16,0.04,24.0,,,True,True,True,True,False,False
2000036159,2024-05,False,13.0,22.0,29.0,0.0,0.0,3.0,0.0,0.0,,,,284538.20999999996,367268.51,69140.45,0.0,0.0,9.0,False,0.3793103448275862,0.5862068965517241,0.034482758620689655,28.0,,,True,True,True,True,False,False
2000036159,2024-06,False,16.0,37.0,42.0,0.0,0.0,3.0,0.0,0.0,,,,915902.1399999999,987304.84,207421.35,0.0,0.0,3.0,False,0.5476190476190477,0.4523809523809524,0.0,42.0,,,True,True,True,True,False,False
2000036159,2024-07,False,4.0,33.0,44.0,0.0,0.0,3.0,0.0,0.0,,,,724289.9099999999,1057452.79,207421.35,0.0,0.0,5.0,False,0.5681818181818182,0.4318181818181818,0.0,44.0,,,True,True,True,True,False,False
2000036159,2024-08,False,3.0,23.0,45.0,0.0,0.0,3.0,0.0,0.0,,,,723110.7899999998,1007648.9999999999,207421.35,1.0,1.0,22.0,False,0.5333333333333333,0.4222222222222222,0.044444444444444446,43.0,,,True,True,True,True,False,False
2000036159,2024-09,False,5.0,12.0,49.0,0.0,0.0,3.0,0.0,0.0,,,,300321.3299999999,1216223.47,207421.35,1.0,1.0,5.0,False,0.5102040816326531,0.4489795918367347,0.04081632653061224,47.0,,,True,True,True,True,False,False
2000036159,2024-10,False,4.0,12.0,45.0,0.0,0.0,3.0,0.0,0.0,,,,320590.8999999999,1044880.81,207421.35,1.0,1.0,1.0,False,0.4888888888888889,0.4666666666666667,0.044444444444444446,43.0,,,True,True,True,True,False,False
2000036159,2024-11,False,11.0,20.0,43.0,0.0,0.0,3.0,0.0,0.0,,,,899066.5399999998,1622177.33,207421.35,0.0,1.0,3.0,False,0.6976744186046512,0.2558139534883721,0.046511627906976744,41.0,,,True,True,True,True,False,False
2000036159,2024-12,False,3.0,18.0,30.0,0.0,0.0,3.0,0.0,0.0,,,,691912.0499999998,992233.38,138280.9,0.0,1.0,10.0,False,0.6666666666666666,0.26666666666666666,0.06666666666666667,28.0,,,True,True,True,True,False,False
2000036159,2025-01,False,12.0,26.0,38.0,0.0,0.0,3.0,0.0,0.0,,,,696321.7599999997,1016912.6599999999,138280.9,0.0,1.0,1.0,False,0.5526315789473685,0.39473684210526316,0.05263157894736842,36.0,,,True,True,True,True,False,False
2000036159,2025-02,False,17.0,32.0,52.0,0.0,0.0,3.0,0.0,0.0,,,,375870.18999999977,1274936.73,138280.9,4.0,4.0,1.0,False,0.5576923076923077,0.34615384615384615,0.09615384615384616,47.0,,,True,True,True,True,False,False
2000036159,2025-03,False,28.0,57.0,75.0,0.0,0.0,3.0,250.0,250.0,0.228,0.0,4295.301239999999,1073825.3099999998,1765737.36,138280.9,4.0,4.0,1.0,False,0.6533333333333333,0.28,0.06666666666666667,70.0,,,False,False,False,False,False,False
2000036159,2025-04,False,12.0,57.0,83.0,0.0,0.0,3.0,1153.0,1153.0,0.049436253252385085,0.0,1114.3369904596702,1284830.5499999998,1981152.31,138280.9,4.0,4.0,5.0,False,0.6626506024096386,0.27710843373493976,0.060240963855421686,78.0,,,False,False,False,False,False,False
2000036159,2025-05,False,50.0,90.0,122.0,0.0,0.0,3.0,3080.0,3080.0,0.02922077922077922,0.0,504.3687012987012,1553455.5999999996,1929325.79,171701.68,1.0,5.0,2.0,False,0.5983606557377049,0.3524590163934426,0.04918032786885246,116.0,,,False,False,False,False,False,False
2000036159,2025-06,False,12.0,74.0,131.0,0.0,0.0,3.0,3924.0,4174.0,0.018858307849133536,0.0,264.19719928644236,1036709.8099999997,2110535.12,171701.68,1.0,5.0,3.0,False,0.6259541984732825,0.3282442748091603,0.04580152671755725,125.0,-0.20914169215086648,0.0,False,False,False,False,False,False
2000036159,2025-07,False,8.0,70.0,127.0,0.0,0.0,3.0,8775.0,9928.0,0.007977207977207978,0.0,158.26005128205125,1388731.9499999997,2673562.5,636993.75,1.0,5.0,1.0,False,0.6299212598425197,0.3228346456692913,0.047244094488188976,121.0,-0.0414590452751771,0.0,False,False,False,False,False,False
2000036159,2025-08,False,5.0,25.0,115.0,0.0,0.0,3.0,6916.0,9996.0,0.003614806246385194,0.0,157.76285280508964,1091087.89,2644543.49,636993.75,0.0,1.0,9.0,False,0.6434782608695652,0.34782608695652173,0.008695652173913044,114.0,-0.025605972974394025,0.0,False,False,False,False,False,False
2000036159,2025-09,False,12.0,25.0,99.0,0.0,0.0,3.0,6162.0,10086.0,0.004057124310288867,0.0,319.5618354430379,1969140.0299999998,3005849.84,636993.75,0.0,1.0,3.0,False,0.6161616161616161,0.37373737373737376,0.010101010101010102,98.0,-0.01480118353884467,0.0,False,False,False,False,False,False
2000036159,2025-10,False,11.0,28.0,98.0,0.0,0.0,3.0,2251.0,11026.0,0.012438916037316748,0.0,732.7624566859174,1649448.29,3038180.24,636993.75,0.0,1.0,5.0,False,0.6224489795918368,0.3673469387755102,0.01020408163265306,97.0,0.00446170806010877,0.0,False,False,False,False,False,False
2000036159,2025-11,False,16.0,39.0,64.0,0.0,0.0,3.0,2209.0,9125.0,0.01765504753282028,0.0,762.5189542779539,1684404.37,2775492.2600000002,636993.75,0.0,0.0,1.0,False,0.734375,0.265625,0.0,64.0,0.014040241286435088,0.0,False,False,False,False,False,False
2000036159,2025-12,False,3.0,30.0,55.0,0.0,0.0,3.0,2231.0,8393.0,0.01344688480502017,0.0,289.4294038547736,645717.0,2614857.0300000003,636993.75,0.0,0.0,11.0,False,0.6909090909090909,0.3090909090909091,0.0,55.0,0.009389760494731302,0.0,False,False,False,False,False,False
2000036159,2026-01,False,5.0,24.0,52.0,0.0,0.0,3.0,396.0,2647.0,0.06060606060606061,0.0,1027.7075252525253,406972.18,2056420.4700000002,593133.6,0.0,0.0,10.0,False,0.7692307692307693,0.23076923076923078,0.0,52.0,0.04816714456874386,0.0,False,False,False,False,False,False
2000036159,2026-02,False,5.0,13.0,52.0,0.0,0.0,3.0,786.0,2995.0,0.01653944020356234,0.0,210.01050890585242,165068.26,1849472.63,593133.6,0.0,0.0,4.0,False,0.7307692307692307,0.2692307692307692,0.0,52.0,-0.0011156073292579415,0.0,False,False,False,False,False,False
2000036161,2024-08,False,0.0,0.0,0.0,0.0,0.0,0.0,0.0,0.0,,,,0.0,0.0,0.0,0.0,0.0,,False,,,,0.0,,,True,True,True,True,True,True
2000036161,2025-10,False,0.0,0.0,0.0,0.0,0.0,0.0,0.0,0.0,,,,0.0,0.0,0.0,0.0,0.0,414.0,False,,,,0.0,,,True,True,True,True,False,True
2000036531,2021-09,False,0.0,0.0,0.0,0.0,0.0,0.0,0.0,0.0,,,,0.0,0.0,0.0,0.0,0.0,,False,,,,0.0,,,True,True,True,True,True,True
2000036531,2021-12,False,0.0,1.0,1.0,1.0,1.0,4.0,0.0,0.0,,,,0.02,0.02,0.02,0.0,0.0,70.0,True,1.0,0.0,0.0,1.0,,,True,True,True,True,False,False
2000036531,2022-08,False,0.0,0.0,0.0,0.0,0.0,0.0,0.0,0.0,,,,0.0,0.0,0.0,0.0,0.0,237.0,False,,,,0.0,,,True,True,True,True,False,True
2000036531,2022-11,False,0.0,2.0,2.0,0.0,0.0,3.0,0.0,0.0,,,,250.84,250.84,125.42,0.0,0.0,69.0,False,1.0,0.0,0.0,2.0,,,True,True,True,True,False,False
2000036531,2023-07,False,0.0,0.0,0.0,0.0,0.0,0.0,0.0,0.0,,,,0.0,0.0,0.0,0.0,0.0,235.0,False,,,,0.0,,,True,True,True,True,False,True
2000036531,2023-08,False,1.0,1.0,1.0,0.0,0.0,3.0,0.0,0.0,,,,1044.94,1044.94,1044.94,0.0,0.0,21.0,False,0.0,1.0,0.0,1.0,,,True,True,True,True,False,False
2000036531,2024-02,False,0.0,0.0,1.0,0.0,0.0,3.0,0.0,0.0,,,,0.0,199.18,199.18,0.0,0.0,182.0,False,0.0,1.0,0.0,1.0,,,True,True,True,True,False,False
2000036531,2024-08,False,0.0,0.0,1.0,0.0,0.0,3.0,0.0,0.0,,,,0.0,13833.23,13833.23,0.0,0.0,160.0,False,0.0,1.0,0.0,1.0,,,True,True,True,True,False,False
2000036531,2025-04,False,0.0,0.0,0.0,0.0,0.0,0.0,0.0,0.0,,,,0.0,0.0,0.0,0.0,0.0,217.0,False,,,,0.0,,,True,True,True,True,False,True
2000036531,2025-05,False,1.0,1.0,1.0,0.0,0.0,3.0,0.0,0.0,,,,1029.36,1029.36,1029.36,0.0,0.0,2.0,False,1.0,0.0,0.0,1.0,,,True,True,True,True,False,False
2000036531,2025-11,False,0.0,0.0,2.0,0.0,0.0,3.0,0.0,0.0,,,,0.0,14862.59,13833.23,0.0,0.0,162.0,False,1.0,0.0,0.0,2.0,,,True,True,True,True,False,False
2000036532,2025-05,False,0.0,0.0,0.0,0.0,0.0,0.0,0.0,0.0,,,,0.0,0.0,0.0,0.0,0.0,,False,,,,0.0,,,True,True,True,True,True,True
2000036534,2020-08,False,0.0,0.0,0.0,0.0,0.0,0.0,0.0,0.0,,,,0.0,0.0,0.0,0.0,0.0,,False,,,,0.0,,,True,True,True,True,True,True
2000036608,2025-02,False,0.0,0.0,0.0,0.0,0.0,0.0,0.0,0.0,,,,0.0,0.0,0.0,0.0,0.0,,False,,,,0.0,,,True,True,True,True,True,True
2000036608,2025-03,False,0.0,0.0,0.0,0.0,0.0,0.0,10750.0,10750.0,0.0,0.0,0.0,0.0,0.0,0.0,0.0,0.0,,False,,,,0.0,,,False,False,False,False,True,True
2000036608,2025-04,False,0.0,0.0,0.0,0.0,0.0,0.0,55539.0,55539.0,0.0,0.0,0.0,0.0,0.0,0.0,0.0,0.0,,False,,,,0.0,,,False,False,False,False,True,True
2000036608,2025-05,False,0.0,0.0,0.0,0.0,0.0,0.0,157299.0,157299.0,0.0,0.0,0.0,0.0,0.0,0.0,0.0,0.0,,False,,,,0.0,,,False,False,False,False,True,True
2000036608,2025-09,False,0.0,0.0,0.0,0.0,0.0,0.0,0.0,219049.0,,,,0.0,0.0,0.0,0.0,0.0,,False,,,,0.0,,,True,True,True,True,True,True
2000036608,2025-10,False,0.0,0.0,0.0,0.0,0.0,0.0,1000.0,175260.0,0.0,0.0,0.0,0.0,0.0,0.0,0.0,0.0,,False,,,,0.0,0.0,0.0,False,False,False,False,True,True
2000036608,2025-11,False,0.0,0.0,0.0,0.0,0.0,0.0,12000.0,84500.0,0.0,0.0,0.0,0.0,0.0,0.0,0.0,0.0,,False,,,,0.0,0.0,0.0,False,False,False,False,True,True
2000036608,2026-01,False,0.0,0.0,0.0,0.0,0.0,0.0,11012.0,12012.0,0.0,0.0,0.0,0.0,0.0,0.0,0.0,0.0,,False,,,,0.0,0.0,0.0,False,False,False,False,True,True
2000036747,2023-05,False,0.0,0.0,0.0,0.0,0.0,0.0,0.0,0.0,,,,0.0,0.0,0.0,0.0,0.0,,False,,,,0.0,,,True,True,True,True,True,True
2000036747,2024-04,False,0.0,0.0,0.0,0.0,0.0,0.0,0.0,0.0,,,,0.0,0.0,0.0,0.0,0.0,311.0,False,,,,0.0,,,True,True,True,True,False,True
2000036747,2024-05,False,1.0,1.0,1.0,0.0,0.0,3.0,0.0,0.0,,,,1274.32,1274.32,1274.32,0.0,0.0,2.0,False,0.0,1.0,0.0,1.0,,,True,True,True,True,False,False
2000036747,2024-06,False,1.0,2.0,2.0,0.0,0.0,3.0,0.0,0.0,,,,2548.64,2548.64,1274.32,0.0,0.0,31.0,False,0.0,1.0,0.0,2.0,,,True,True,True,True,False,False
2000036747,2024-09,False,0.0,2.0,4.0,0.0,0.0,3.0,0.0,0.0,,,,3393.02,5941.66,1696.51,0.0,0.0,90.0,False,0.5,0.5,0.0,4.0,,,True,True,True,True,False,False
2000036747,2024-11,False,0.0,2.0,5.0,0.0,0.0,3.0,0.0,0.0,,,,2548.64,7215.98,1696.51,0.0,0.0,52.0,False,0.4,0.6,0.0,5.0,,,True,True,True,True,False,False
2000036747,2025-02,False,0.0,1.0,3.0,0.0,0.0,3.0,0.0,0.0,,,,1696.51,4245.15,1696.51,0.0,0.0,79.0,False,0.0,1.0,0.0,3.0,,,True,True,True,True,False,False
2000036747,2025-03,False,0.0,0.0,3.0,0.0,0.0,3.0,124.0,124.0,0.0,0.0,0.0,0.0,4245.15,1696.51,0.0,0.0,107.0,False,0.0,1.0,0.0,3.0,,,False,False,False,False,False,False
2000036747,2025-04,False,0.0,0.0,1.0,0.0,0.0,3.0,676.0,676.0,0.0,0.0,0.0,0.0,1696.51,1696.51,0.0,0.0,138.0,False,0.0,1.0,0.0,1.0,,,False,False,False,False,False,False
2000036747,2025-05,False,2.0,2.0,3.0,0.0,0.0,3.0,676.0,676.0,0.0029585798816568047,0.0,3.7701775147928993,2548.64,4245.15,1696.51,0.0,0.0,3.0,False,0.0,1.0,0.0,3.0,,,False,False,False,False,False,False
2000036747,2025-06,False,2.0,4.0,4.0,0.0,0.0,3.0,1490.0,1614.0,0.0026845637583892616,0.0,5.1314899328859065,7645.92,7645.92,3822.96,0.0,0.0,1.0,False,0.25,0.75,0.0,4.0,0.0026845637583892616,0.0,False,False,False,False,False,False
2000036747,2025-07,False,0.0,4.0,4.0,0.0,0.0,3.0,938.0,1614.0,0.0042643923240938165,0.0,8.151300639658848,7645.919999999999,7645.92,3822.96,0.0,0.0,31.0,False,0.25,0.75,0.0,4.0,0.0042643923240938165,0.0,False,False,False,False,False,False
2000036747,2025-08,False,0.0,2.0,4.0,0.0,0.0,3.0,943.0,1619.0,0.0021208907741251328,0.0,5.405387062566277,5097.279999999999,7645.92,3822.96,0.0,0.0,62.0,False,0.25,0.75,0.0,4.0,-0.0008376891075316719,0.0,False,False,False,False,False,False
2000036747,2025-10,False,0.0,0.0,4.0,0.0,0.0,3.0,16005.0,16943.0,0.0,0.0,0.0,0.0,7645.92,3822.96,0.0,0.0,123.0,False,0.25,0.75,0.0,4.0,-0.0042643923240938165,0.0,False,False,False,False,False,False
2000036747,2025-11,False,1.0,1.0,3.0,0.0,0.0,3.0,16000.0,16943.0,6.25e-05,0.0,0.0052074999999999995,83.32,5180.6,3822.96,0.0,0.0,17.0,False,0.3333333333333333,0.6666666666666666,0.0,3.0,-0.0020583907741251327,0.0,False,False,False,False,False,False
2000036760,2019-06,False,0.0,0.0,0.0,0.0,0.0,0.0,0.0,0.0,,,,0.0,0.0,0.0,0.0,0.0,,False,,,,0.0,,,True,True,True,True,True,True
2000036760,2019-07,False,1.0,1.0,1.0,0.0,0.0,3.0,0.0,0.0,,,,33.88,33.88,33.88,0.0,0.0,4.0,False,1.0,0.0,0.0,1.0,,,True,True,True,True,False,False
2000036760,2019-09,False,0.0,4.0,4.0,0.0,0.0,3.0,0.0,0.0,,,,135.52,135.52,33.88,0.0,0.0,60.0,False,1.0,0.0,0.0,4.0,,,True,True,True,True,False,False
2000036760,2019-10,False,1.0,4.0,5.0,0.0,0.0,3.0,0.0,0.0,,,,135.52,169.4,33.88,0.0,0.0,13.0,False,0.8,0.0,0.2,4.0,,,True,True,True,True,False,False
2000036760,2019-11,False,1.0,2.0,6.0,0.0,0.0,3.0,0.0,0.0,,,,67.76,203.28000000000003,33.88,0.0,0.0,11.0,False,0.6666666666666666,0.16666666666666666,0.16666666666666666,5.0,,,True,True,True,True,False,False
2000036760,2019-12,False,2.0,4.0,8.0,0.0,0.0,3.0,0.0,0.0,,,,293.44,428.96000000000004,112.84,0.0,0.0,13.0,False,0.5,0.375,0.125,7.0,,,True,True,True,True,False,False
2000036760,2020-03,False,0.0,4.0,8.0,0.0,0.0,3.0,0.0,0.0,,,,717174.85,717468.2899999999,358531.0,0.0,0.0,74.0,False,0.0,0.875,0.125,7.0,,,True,True,True,True,False,False
2000036760,2020-12,False,0.0,0.0,0.0,0.0,0.0,0.0,0.0,0.0,,,,0.0,0.0,0.0,0.0,0.0,259.0,False,,,,0.0,,,True,True,True,True,False,True
2000036760,2021-01,False,4.0,4.0,4.0,0.0,0.0,2.0,0.0,0.0,,,,0.64,0.64,0.16,0.0,0.0,21.0,False,1.0,0.0,0.0,4.0,,,True,True,True,True,False,False
2000036760,2021-03,False,0.0,8.0,8.0,0.0,0.0,2.0,0.0,0.0,,,,1442.63,1442.63,472.45,0.0,0.0,34.0,False,1.0,0.0,0.0,8.0,,,True,True,True,True,False,False
2000036760,2021-04,False,1.0,5.0,9.0,0.0,0.0,3.0,0.0,0.0,,,,359972.99,359973.63,358531.0,0.0,0.0,7.0,False,1.0,0.0,0.0,9.0,,,True,True,True,True,False,False
2000036760,2021-05,False,5.0,6.0,14.0,0.0,0.0,3.0,0.0,0.0,,,,2151186.0,2152628.63,358531.0,0.0,0.0,1.0,False,0.6428571428571429,0.2857142857142857,0.07142857142857142,13.0,,,True,True,True,True,False,False
2000036760,2021-08,False,0.0,2.0,8.0,0.0,0.0,3.0,0.0,0.0,,,,995524.75,3146710.75,636993.75,0.0,0.0,69.0,False,0.125,0.75,0.125,7.0,,,True,True,True,True,False,False
2000036760,2021-09,False,3.0,3.0,11.0,0.0,0.0,3.0,0.0,0.0,,,,1168598.83,4315309.58,636993.75,0.0,0.0,9.0,False,0.36363636363636365,0.5454545454545454,0.09090909090909091,10.0,,,True,True,True,True,False,False
2000036760,2021-10,False,2.0,5.0,12.0,0.0,0.0,3.0,0.0,0.0,,,,2336725.21,5124904.96,636993.75,0.0,0.0,24.0,False,0.4166666666666667,0.5,0.08333333333333333,11.0,,,True,True,True,True,False,False
2000036760,2021-11,False,7.0,12.0,14.0,0.0,0.0,3.0,0.0,0.0,,,,4407886.26,5403411.01,636993.75,0.0,0.0,13.0,False,0.6428571428571429,0.35714285714285715,0.0,14.0,,,True,True,True,True,False,False
2000036760,2021-12,False,4.0,13.0,16.0,0.0,0.0,3.0,0.0,0.0,,,,3598292.81,4766891.64,636993.75,0.0,0.0,2.0,False,0.6875,0.3125,0.0,16.0,,,True,True,True,True,False,False
2000036760,2022-01,False,2.0,13.0,18.0,0.0,0.0,3.0,0.0,0.0,,,,3147228.43,5483953.64,636993.75,0.0,0.0,26.0,False,0.7222222222222222,0.2777777777777778,0.0,18.0,,,True,True,True,True,False,False
2000036760,2022-03,False,0.0,6.0,19.0,0.0,0.0,3.0,0.0,0.0,,,,1076465.9700000002,4674758.78,636993.75,0.0,0.0,36.0,False,0.631578947368421,0.2631578947368421,0.10526315789473684,17.0,,,True,True,True,True,False,False
2000036760,2022-05,False,0.0,4.0,14.0,0.0,0.0,3.0,0.0,0.0,,,,1712586.7500000002,3148058.1,636993.75,0.0,0.0,33.0,False,0.6428571428571429,0.14285714285714285,0.21428571428571427,11.0,,,True,True,True,True,False,False
2000036760,2022-07,False,0.0,6.0,14.0,0.0,0.0,3.0,0.0,0.0,,,,1076537.9100000001,3148528.63,636993.75,0.0,0.0,31.0,False,0.5,0.2857142857142857,0.21428571428571427,11.0,,,True,True,True,True,False,False
2000036760,2022-08,False,4.0,10.0,14.0,0.0,0.0,3.0,0.0,0.0,,,,1076537.9500000002,2789124.6999999997,636993.75,0.0,0.0,17.0,False,0.5,0.42857142857142855,0.07142857142857142,13.0,,,True,True,True,True,False,False
2000036760,2022-09,False,1.0,5.0,15.0,0.0,0.0,3.0,0.0,0.0,,,,1462251.8100000003,4251376.47,1462251.77,0.0,0.0,23.0,False,0.5333333333333333,0.4,0.06666666666666667,14.0,,,True,True,True,True,False,False
2000036760,2022-10,False,2.0,7.0,13.0,0.0,0.0,3.0,0.0,0.0,,,,1462319.5700000003,2538857.48,1462251.77,0.0,0.0,5.0,False,0.38461538461538464,0.6153846153846154,0.0,13.0,,,True,True,True,True,False,False
2000036760,2023-02,False,0.0,0.0,5.0,0.0,0.0,3.0,0.0,0.0,,,,0.0,1462387.29,1462251.77,0.0,0.0,121.0,False,0.2,0.8,0.0,5.0,,,True,True,True,True,False,False
2000036760,2023-03,False,2.0,2.0,6.0,0.0,0.0,3.0,0.0,0.0,,,,717062.0000000002,717197.52,358531.0,0.0,0.0,6.0,False,0.0,1.0,0.0,6.0,,,True,True,True,True,False,False
2000036760,2023-04,False,1.0,3.0,5.0,0.0,0.0,3.0,0.0,0.0,,,,717095.8800000002,717163.64,358531.0,0.0,0.0,3.0,False,0.2,0.8,0.0,5.0,,,True,True,True,True,False,False
2000036760,2023-05,False,7.0,10.0,10.0,0.0,0.0,3.0,0.0,0.0,,,,717942.8800000002,717942.88,358531.0,0.0,0.0,4.0,False,0.4,0.6,0.0,10.0,,,True,True,True,True,False,False
2000036760,2023-06,False,7.0,15.0,17.0,0.0,0.0,3.0,0.0,0.0,,,,1997.050000000233,719059.05,358531.0,0.0,0.0,20.0,False,0.23529411764705882,0.7647058823529411,0.0,17.0,,,True,True,True,True,False,False
2000036760,2023-07,False,6.0,20.0,23.0,0.0,0.0,3.0,0.0,0.0,,,,361305.4200000002,1078401.3,358531.0,0.0,0.0,4.0,False,0.17391304347826086,0.8260869565217391,0.0,23.0,,,True,True,True,True,False,False
2000036760,2023-08,False,3.0,16.0,26.0,0.0,0.0,3.0,0.0,0.0,,,,360593.94000000024,1078536.82,358531.0,0.0,0.0,12.0,False,0.15384615384615385,0.8461538461538461,0.0,26.0,,,True,True,True,True,False,False
2000036760,2023-09,False,4.0,13.0,28.0,0.0,0.0,3.0,0.0,0.0,,,,1076743.0500000003,1078740.1,358531.0,0.0,0.0,25.0,False,0.14285714285714285,0.8571428571428571,0.0,28.0,,,True,True,True,True,False,False
2000036760,2023-10,False,4.0,11.0,31.0,0.0,0.0,3.0,0.0,0.0,,,,717955.0900000003,1079260.51,358531.0,0.0,0.0,17.0,False,0.0967741935483871,0.9032258064516129,0.0,31.0,,,True,True,True,True,False,False
2000036760,2023-11,False,5.0,13.0,29.0,0.0,0.0,3.0,0.0,0.0,,,,718718.9300000003,1079312.87,358531.0,0.0,0.0,13.0,False,0.06896551724137931,0.9310344827586207,0.0,29.0,,,True,True,True,True,False,False
2000036760,2023-12,False,6.0,15.0,28.0,0.0,0.0,3.0,0.0,0.0,,,,2976.380000000233,1079719.43,358531.0,0.0,0.0,2.0,False,0.14285714285714285,0.8571428571428571,0.0,28.0,,,True,True,True,True,False,False
2000036760,2024-01,False,7.0,18.0,29.0,0.0,0.0,3.0,0.0,0.0,,,,3760.350000000233,721715.44,358531.0,0.0,0.0,14.0,False,0.13793103448275862,0.8275862068965517,0.034482758620689655,28.0,,,True,True,True,True,False,False
2000036760,2024-02,False,6.0,19.0,32.0,0.0,0.0,3.0,0.0,0.0,,,,6448.5300000002335,725167.4600000001,358531.0,0.0,0.0,10.0,False,0.21875,0.75,0.03125,31.0,,,True,True,True,True,False,False
2000036760,2024-03,False,1.0,14.0,29.0,0.0,0.0,3.0,0.0,0.0,,,,5398.250000000234,8374.630000000001,1118.04,0.0,0.0,28.0,False,0.2413793103448276,0.7241379310344828,0.034482758620689655,28.0,,,True,True,True,True,False,False
2000036760,2024-04,False,9.0,16.0,34.0,0.0,0.0,3.0,0.0,0.0,,,,6661.270000000233,10421.62,1118.04,0.0,0.0,11.0,False,0.20588235294117646,0.7647058823529411,0.029411764705882353,33.0,,,True,True,True,True,False,False
2000036760,2024-05,False,6.0,16.0,35.0,0.0,0.0,3.0,0.0,0.0,,,,4829.880000000234,11278.41,1118.04,0.0,0.0,1.0,False,0.17142857142857143,0.8,0.02857142857142857,34.0,,,True,True,True,True,False,False
2000036760,2024-06,False,4.0,19.0,33.0,0.0,0.0,3.0,0.0,0.0,,,,4763.9900000002335,10162.24,1118.04,0.0,0.0,17.0,False,0.12121212121212122,0.8484848484848485,0.030303030303030304,32.0,,,True,True,True,True,False,False
2000036760,2024-07,False,3.0,13.0,29.0,0.0,0.0,3.0,0.0,0.0,,,,2702.9200000002334,9364.19,1118.04,0.0,0.0,25.0,False,0.13793103448275862,0.8620689655172413,0.0,29.0,,,True,True,True,True,False,False
2000036760,2024-08,False,9.0,16.0,32.0,0.0,0.0,3.0,0.0,0.0,,,,1690.2700000002333,6520.15,944.9,0.0,0.0,3.0,False,0.15625,0.84375,0.0,32.0,,,True,True,True,True,False,False
2000036760,2024-09,False,12.0,24.0,43.0,0.0,0.0,3.0,0.0,0.0,,,,5819.040000000234,10583.029999999999,2362.25,0.0,0.0,3.0,False,0.13953488372093023,0.8604651162790697,0.0,43.0,,,True,True,True,True,False,False
2000036760,2024-10,False,13.0,34.0,47.0,0.0,0.0,3.0,0.0,0.0,,,,1470178.0100000005,1472880.9300000002,1462251.77,0.0,0.0,1.0,False,0.23404255319148937,0.7659574468085106,0.0,47.0,,,True,True,True,True,False,False
2000036760,2024-11,False,9.0,34.0,50.0,0.0,0.0,3.0,0.0,0.0,,,,1470224.1200000006,1471914.3900000004,1462251.77,0.0,0.0,8.0,False,0.22,0.78,0.0,50.0,,,True,True,True,True,False,False
2000036760,2024-12,False,4.0,26.0,50.0,0.0,0.0,3.0,0.0,0.0,,,,1466803.0900000003,1472622.1300000001,1462251.77,0.0,0.0,11.0,False,0.22,0.78,0.0,50.0,,,True,True,True,True,False,False
2000036760,2025-01,False,7.0,20.0,54.0,0.0,0.0,3.0,0.0,0.0,,,,2695.3900000002327,1472873.4000000001,1462251.77,0.0,0.0,2.0,False,0.2222222222222222,0.7777777777777778,0.0,54.0,,,True,True,True,True,False,False
2000036760,2025-02,False,10.0,21.0,55.0,0.0,0.0,3.0,0.0,0.0,,,,639556.3700000003,2109780.49,1462251.77,0.0,0.0,3.0,False,0.23636363636363636,0.7636363636363637,0.0,55.0,,,True,True,True,True,False,False
2000036760,2025-03,False,9.0,26.0,52.0,0.0,0.0,3.0,0.0,0.0,,,,638759.2300000003,2105562.3200000003,1462251.77,0.0,0.0,2.0,False,0.2692307692307692,0.7307692307692307,0.0,52.0,,,True,True,True,True,False,False
2000036760,2025-04,False,4.0,23.0,43.0,0.0,0.0,3.0,0.0,0.0,,,,638115.5100000004,640810.9000000001,636993.75,0.0,0.0,22.0,False,0.23255813953488372,0.7674418604651163,0.0,43.0,,,True,True,True,True,False,False
2000036760,2025-05,False,11.0,24.0,45.0,0.0,0.0,3.0,0.0,0.0,,,,1067.680000000233,640624.0500000002,636993.75,0.0,0.0,1.0,False,0.3111111111111111,0.6888888888888889,0.0,45.0,,,True,True,True,True,False,False
2000036760,2025-06,False,3.0,18.0,44.0,0.0,0.0,3.0,0.0,0.0,,,,1722.7000000002326,640481.93,636993.75,0.0,0.0,13.0,False,0.3409090909090909,0.6590909090909091,0.0,44.0,,,True,True,True,True,False,False
2000036760,2025-07,False,10.0,24.0,47.0,0.0,0.0,3.0,90.0,90.0,0.26666666666666666,0.0,31.208444444447032,2808.760000000233,640924.2700000001,636993.75,0.0,0.0,1.0,False,0.2978723404255319,0.7021276595744681,0.0,47.0,,,False,False,False,False,False,False
2000036760,2025-08,False,7.0,20.0,44.0,0.0,0.0,3.0,91.0,91.0,0.21978021978021978,0.0,36.40373626373882,3312.7400000002326,4380.42,472.45,0.0,0.0,8.0,False,0.20454545454545456,0.7954545454545454,0.0,44.0,,,False,False,False,False,False,False
2000036760,2025-09,False,6.0,23.0,41.0,0.0,0.0,3.0,91.0,91.0,0.25274725274725274,0.0,37.587912087914646,3420.500000000233,5143.2,472.45,0.0,0.0,12.0,False,0.1951219512195122,0.8048780487804879,0.0,41.0,,,False,False,False,False,False,False
2000036760,2025-10,False,9.0,22.0,46.0,0.0,0.0,3.0,1.0,91.0,22.0,0.0,3484.380000000233,3484.380000000233,6293.139999999999,472.45,0.0,0.0,8.0,False,0.15217391304347827,0.8478260869565217,0.0,46.0,21.733333333333334,0.0,False,False,False,False,False,False
2000036760,2025-11,False,7.0,22.0,42.0,0.0,0.0,3.0,0.0,91.0,,,,3079.6900000002333,6392.429999999999,472.45,0.0,0.0,9.0,False,0.07142857142857142,0.9285714285714286,0.0,42.0,,,True,True,True,True,False,False
2000036760,2025-12,False,3.0,19.0,42.0,0.0,0.0,3.0,0.0,91.0,,,,2113.630000000233,5534.13,472.45,0.0,0.0,13.0,False,0.047619047619047616,0.9523809523809523,0.0,42.0,,,True,True,True,True,False,False
2000036760,2026-01,False,5.0,15.0,37.0,0.0,0.0,3.0,0.0,1.0,,,,1880.830000000233,5365.209999999999,472.45,0.0,0.0,2.0,False,0.05405405405405406,0.9459459459459459,0.0,37.0,,,True,True,True,True,False,False
2000036760,2026-02,False,4.0,12.0,34.0,0.0,0.0,3.0,0.0,0.0,,,,1794.230000000233,4873.92,472.45,0.0,0.0,10.0,False,0.058823529411764705,0.9411764705882353,0.0,34.0,,,True,True,True,True,False,False
2000037176,2025-05,False,0.0,0.0,0.0,0.0,0.0,0.0,0.0,0.0,,,,0.0,0.0,0.0,0.0,0.0,,False,,,,0.0,,,True,True,True,True,True,True
2000037210,2022-03,False,0.0,0.0,0.0,0.0,0.0,0.0,0.0,0.0,,,,0.0,0.0,0.0,0.0,0.0,,False,,,,0.0,,,True,True,True,True,True,True
2000037257,2025-04,False,0.0,0.0,0.0,0.0,0.0,0.0,0.0,0.0,,,,0.0,0.0,0.0,0.0,0.0,,False,,,,0.0,,,True,True,True,True,True,True
2000037257,2025-05,False,0.0,0.0,0.0,0.0,0.0,0.0,-18.0,-18.0,,,,0.0,0.0,0.0,0.0,0.0,,False,,,,0.0,,,True,True,True,True,True,True
2000037929,2025-04,False,0.0,0.0,0.0,0.0,0.0,0.0,0.0,0.0,,,,0.0,0.0,0.0,0.0,0.0,,False,,,,0.0,,,True,True,True,True,True,True
2000037929,2025-05,False,0.0,0.0,0.0,0.0,0.0,0.0,0.0,0.0,,,,0.0,0.0,0.0,0.0,0.0,,False,,,,0.0,,,True,True,True,True,True,True
2000037932,2025-03,False,0.0,0.0,0.0,0.0,0.0,0.0,0.0,0.0,,,,0.0,0.0,0.0,0.0,0.0,,False,,,,0.0,,,True,True,True,True,True,True
2000037932,2025-04,False,0.0,0.0,0.0,0.0,0.0,0.0,16.0,16.0,0.0,0.0,0.0,0.0,0.0,0.0,0.0,0.0,,False,,,,0.0,,,False,False,False,False,True,True
2000037932,2025-05,False,0.0,0.0,0.0,0.0,0.0,0.0,-7.0,-7.0,,,,0.0,0.0,0.0,0.0,0.0,,False,,,,0.0,,,True,True,True,True,True,True
2000037933,2021-04,False,0.0,0.0,0.0,0.0,0.0,0.0,0.0,0.0,,,,0.0,0.0,0.0,0.0,0.0,,False,,,,0.0,,,True,True,True,True,True,True
2000037933,2025-05,False,0.0,0.0,0.0,0.0,0.0,0.0,0.0,0.0,,,,0.0,0.0,0.0,0.0,0.0,1487.0,False,,,,0.0,,,True,True,True,True,False,True
2000038267,2025-05,False,0.0,0.0,0.0,0.0,0.0,0.0,0.0,0.0,,,,0.0,0.0,0.0,0.0,0.0,,False,,,,0.0,,,True,True,True,True,True,True
2000038270,2020-01,False,0.0,0.0,0.0,0.0,0.0,0.0,0.0,0.0,,,,0.0,0.0,0.0,0.0,0.0,,False,,,,0.0,,,True,True,True,True,True,True
2000038271,2025-04,False,0.0,0.0,0.0,0.0,0.0,0.0,0.0,0.0,,,,0.0,0.0,0.0,0.0,0.0,,False,,,,0.0,,,True,True,True,True,True,True
2000038271,2025-05,False,0.0,0.0,0.0,0.0,0.0,0.0,-48.0,-48.0,,,,0.0,0.0,0.0,0.0,0.0,,False,,,,0.0,,,True,True,True,True,True,True
2000038474,2020-09,False,0.0,0.0,0.0,0.0,0.0,0.0,0.0,0.0,,,,0.0,0.0,0.0,0.0,0.0,,False,,,,0.0,,,True,True,True,True,True,True
2000038474,2024-02,False,0.0,0.0,0.0,0.0,0.0,0.0,0.0,0.0,,,,0.0,0.0,0.0,0.0,0.0,1226.0,False,,,,0.0,,,True,True,True,True,False,True
2000038474,2025-04,False,0.0,0.0,0.0,0.0,0.0,0.0,0.0,0.0,,,,0.0,0.0,0.0,0.0,0.0,400.0,False,,,,0.0,,,True,True,True,True,False,True
2000038916,2021-07,False,0.0,0.0,0.0,0.0,0.0,0.0,0.0,0.0,,,,0.0,0.0,0.0,0.0,0.0,,False,,,,0.0,,,True,True,True,True,True,True
2000038916,2022-08,False,0.0,0.0,0.0,0.0,0.0,0.0,0.0,0.0,,,,0.0,0.0,0.0,0.0,0.0,370.0,False,,,,0.0,,,True,True,True,True,False,True
2000038916,2023-04,False,0.0,0.0,0.0,0.0,0.0,0.0,0.0,0.0,,,,0.0,0.0,0.0,0.0,0.0,239.0,False,,,,0.0,,,True,True,True,True,False,True
2000038916,2023-06,False,0.0,1.0,1.0,0.0,0.0,3.0,0.0,0.0,,,,6231.1,6231.1,6231.1,0.0,0.0,55.0,False,0.0,1.0,0.0,1.0,,,True,True,True,True,False,False
2000038916,2024-05,False,0.0,0.0,0.0,0.0,0.0,0.0,0.0,0.0,,,,0.0,0.0,0.0,0.0,0.0,307.0,False,,,,0.0,,,True,True,True,True,False,True
2000038916,2024-07,False,0.0,12.0,12.0,0.0,0.0,3.0,0.0,0.0,,,,3986.25,3986.25,947.28,0.0,0.0,34.0,False,0.08333333333333333,0.0,0.9166666666666666,1.0,,,True,True,True,True,False,False
2000038916,2024-09,False,0.0,2.0,14.0,0.0,0.0,3.0,0.0,0.0,,,,947.28,4933.53,947.28,0.0,0.0,33.0,False,0.07142857142857142,0.14285714285714285,0.7857142857142857,3.0,,,True,True,True,True,False,False
2000038916,2024-12,False,0.0,1.0,3.0,0.0,0.0,3.0,0.0,0.0,,,,149.06,1096.34,473.64,0.0,0.0,66.0,False,0.3333333333333333,0.6666666666666666,0.0,3.0,,,True,True,True,True,False,False
2000038916,2025-05,False,0.0,0.0,1.0,0.0,0.0,3.0,0.0,0.0,,,,0.0,3910.79,3910.79,0.0,0.0,146.0,False,1.0,0.0,0.0,1.0,,,True,True,True,True,False,False
2000038916,2025-07,False,0.0,0.0,0.0,0.0,0.0,0.0,1945.0,1945.0,0.0,0.0,0.0,0.0,0.0,0.0,0.0,0.0,207.0,False,,,,0.0,,,False,False,False,False,False,True
2000038917,2025-05,False,0.0,0.0,0.0,0.0,0.0,0.0,0.0,0.0,,,,0.0,0.0,0.0,0.0,0.0,,False,,,,0.0,,,True,True,True,True,True,True
2000039130,2025-02,False,0.0,0.0,0.0,0.0,0.0,0.0,0.0,0.0,,,,0.0,0.0,0.0,0.0,0.0,,False,,,,0.0,,,True,True,True,True,True,True
2000039130,2025-03,False,0.0,0.0,0.0,0.0,0.0,0.0,0.0,0.0,,,,0.0,0.0,0.0,0.0,0.0,,False,,,,0.0,,,True,True,True,True,True,True
2000039130,2025-04,False,0.0,0.0,0.0,0.0,0.0,0.0,0.0,0.0,,,,0.0,0.0,0.0,0.0,0.0,,False,,,,0.0,,,True,True,True,True,True,True
2000039130,2025-05,False,0.0,0.0,0.0,0.0,0.0,0.0,0.0,0.0,,,,0.0,0.0,0.0,0.0,0.0,,False,,,,0.0,,,True,True,True,True,True,True
2000039130,2025-06,False,0.0,0.0,0.0,0.0,0.0,0.0,0.0,0.0,,,,0.0,0.0,0.0,0.0,0.0,,False,,,,0.0,,,True,True,True,True,True,True
2000039130,2025-07,False,0.0,0.0,0.0,0.0,0.0,0.0,0.0,0.0,,,,0.0,0.0,0.0,0.0,0.0,,False,,,,0.0,,,True,True,True,True,True,True
2000039130,2025-08,False,0.0,0.0,0.0,0.0,0.0,0.0,0.0,0.0,,,,0.0,0.0,0.0,0.0,0.0,,False,,,,0.0,,,True,True,True,True,True,True
2000039130,2025-09,False,0.0,0.0,0.0,0.0,0.0,0.0,0.0,0.0,,,,0.0,0.0,0.0,0.0,0.0,,False,,,,0.0,,,True,True,True,True,True,True
2000039130,2025-10,False,0.0,0.0,0.0,0.0,0.0,0.0,0.0,0.0,,,,0.0,0.0,0.0,0.0,0.0,,False,,,,0.0,,,True,True,True,True,True,True
2000039130,2025-11,False,0.0,0.0,0.0,0.0,0.0,0.0,0.0,0.0,,,,0.0,0.0,0.0,0.0,0.0,,False,,,,0.0,,,True,True,True,True,True,True
2000039130,2025-12,False,0.0,0.0,0.0,0.0,0.0,0.0,0.0,0.0,,,,0.0,0.0,0.0,0.0,0.0,,False,,,,0.0,,,True,True,True,True,True,True
2000039130,2026-01,False,0.0,0.0,0.0,0.0,0.0,0.0,0.0,0.0,,,,0.0,0.0,0.0,0.0,0.0,,False,,,,0.0,,,True,True,True,True,True,True
2000039499,2025-05,False,0.0,0.0,0.0,0.0,0.0,0.0,0.0,0.0,,,,0.0,0.0,0.0,0.0,0.0,,False,,,,0.0,,,True,True,True,True,True,True
2000039500,2025-05,False,0.0,0.0,0.0,0.0,0.0,0.0,0.0,0.0,,,,0.0,0.0,0.0,0.0,0.0,,False,,,,0.0,,,True,True,True,True,True,True
2000039501,2023-09,False,0.0,0.0,0.0,0.0,0.0,0.0,0.0,0.0,,,,0.0,0.0,0.0,0.0,0.0,,False,,,,0.0,,,True,True,True,True,True,True
2000039501,2025-04,False,0.0,0.0,0.0,0.0,0.0,0.0,0.0,0.0,,,,0.0,0.0,0.0,0.0,0.0,551.0,False,,,,0.0,,,True,True,True,True,False,True
2000039502,2025-05,False,0.0,0.0,0.0,0.0,0.0,0.0,0.0,0.0,,,,0.0,0.0,0.0,0.0,0.0,,False,,,,0.0,,,True,True,True,True,True,True
2000039561,2021-02,False,0.0,0.0,0.0,0.0,0.0,0.0,0.0,0.0,,,,0.0,0.0,0.0,0.0,0.0,,False,,,,0.0,,,True,True,True,True,True,True
2000039561,2021-05,False,0.0,1.0,1.0,1.0,1.0,4.0,0.0,0.0,,,,3886.22,3886.22,3886.22,0.0,0.0,74.0,True,1.0,0.0,0.0,1.0,,,True,True,True,True,False,False
2000039561,2021-07,False,0.0,1.0,2.0,0.0,1.0,4.0,0.0,0.0,,,,759.2,4645.42,3886.22,0.0,0.0,35.0,False,1.0,0.0,0.0,2.0,,,True,True,True,True,False,False
2000039561,2022-08,False,0.0,0.0,0.0,0.0,0.0,0.0,0.0,0.0,,,,0.0,0.0,0.0,0.0,0.0,374.0,False,,,,0.0,,,True,True,True,True,False,True
2000039561,2022-09,False,1.0,1.0,1.0,0.0,0.0,3.0,0.0,0.0,,,,2125.24,2125.24,2125.24,0.0,0.0,14.0,False,0.0,1.0,0.0,1.0,,,True,True,True,True,False,False
2000039561,2023-01,False,0.0,0.0,2.0,0.0,0.0,3.0,0.0,0.0,,,,0.0,13462.18,11336.94,0.0,0.0,116.0,False,0.5,0.5,0.0,2.0,,,True,True,True,True,False,False
2000039561,2023-04,False,0.0,2.0,2.0,0.0,0.0,3.0,0.0,0.0,,,,22673.88,22673.88,11336.94,0.0,0.0,66.0,False,0.0,1.0,0.0,2.0,,,True,True,True,True,False,False
2000039561,2023-08,False,0.0,0.0,2.0,0.0,0.0,3.0,0.0,0.0,,,,0.0,2201.81,2125.24,0.0,0.0,97.0,False,0.0,1.0,0.0,2.0,,,True,True,True,True,False,False
2000039561,2023-09,False,2.0,2.0,4.0,0.0,0.0,3.0,0.0,0.0,,,,22673.88,24875.690000000002,11336.94,0.0,0.0,3.0,False,0.5,0.5,0.0,4.0,,,True,True,True,True,False,False
2000039561,2023-11,False,0.0,3.0,3.0,0.0,0.0,3.0,0.0,0.0,,,,22839.370000000003,22839.370000000003,11336.94,0.0,0.0,55.0,False,0.6666666666666666,0.3333333333333333,0.0,3.0,,,True,True,True,True,False,False
2000039561,2024-02,False,0.0,1.0,4.0,0.0,0.0,3.0,0.0,0.0,,,,282.68,23122.05,11336.94,0.0,0.0,73.0,False,0.75,0.25,0.0,4.0,,,True,True,True,True,False,False
2000039561,2024-03,False,3.0,3.0,5.0,0.0,0.0,3.0,0.0,0.0,,,,19473.64,19921.809999999998,11336.94,0.0,0.0,21.0,False,0.6,0.4,0.0,5.0,,,True,True,True,True,False,False
2000039561,2024-04,False,2.0,5.0,6.0,0.0,0.0,3.0,0.0,0.0,,,,30810.58,31093.259999999995,11336.94,1.0,1.0,19.0,False,0.6666666666666666,0.16666666666666666,0.16666666666666666,5.0,,,True,True,True,True,False,False
2000039561,2024-05,False,3.0,8.0,9.0,0.0,0.0,3.0,0.0,0.0,,,,281730.47,282013.14999999997,248718.08,1.0,1.0,1.0,False,0.6666666666666666,0.2222222222222222,0.1111111111111111,8.0,,,True,True,True,True,False,False
2000039561,2024-06,False,1.0,6.0,9.0,0.0,0.0,3.0,0.0,0.0,,,,273593.76999999996,293067.41,248718.08,1.0,1.0,31.0,False,0.6666666666666666,0.2222222222222222,0.1111111111111111,8.0,,,True,True,True,True,False,False
2000039561,2024-07,False,4.0,8.0,13.0,0.0,0.0,3.0,0.0,0.0,,,,280430.17,311240.75,248718.08,0.0,1.0,5.0,False,0.7692307692307693,0.15384615384615385,0.07692307692307693,12.0,,,True,True,True,True,False,False
2000039561,2024-08,False,1.0,6.0,14.0,0.0,0.0,3.0,0.0,0.0,,,,33396.50000000003,315126.97,248718.08,0.0,1.0,8.0,False,0.7857142857142857,0.14285714285714285,0.07142857142857142,13.0,,,True,True,True,True,False,False
2000039561,2024-09,False,3.0,8.0,14.0,0.0,0.0,3.0,0.0,0.0,,,,26882.280000000024,300476.05,248718.08,0.0,1.0,16.0,False,0.8571428571428571,0.07142857142857142,0.07142857142857142,13.0,,,True,True,True,True,False,False
2000039561,2024-10,False,1.0,5.0,13.0,0.0,0.0,3.0,0.0,0.0,,,,16481.380000000026,296911.55,248718.08,0.0,0.0,18.0,False,0.9230769230769231,0.07692307692307693,0.0,13.0,,,True,True,True,True,False,False
2000039561,2024-11,False,5.0,9.0,15.0,0.0,0.0,3.0,0.0,0.0,,,,61829.14000000003,95225.64,11336.94,0.0,0.0,15.0,False,1.0,0.0,0.0,15.0,,,True,True,True,True,False,False
2000039561,2024-12,False,5.0,11.0,19.0,0.0,0.0,3.0,0.0,0.0,,,,88211.94000000003,115094.22,11336.94,0.0,0.0,4.0,False,1.0,0.0,0.0,19.0,,,True,True,True,True,False,False
2000039561,2025-02,False,0.0,6.0,15.0,0.0,0.0,3.0,0.0,0.0,,,,42542.46000000003,104371.6,11336.94,0.0,0.0,47.0,False,1.0,0.0,0.0,15.0,,,True,True,True,True,False,False
2000039561,2025-03,False,4.0,5.0,16.0,0.0,0.0,3.0,142.0,142.0,0.035211267605633804,0.0,218.92788732394385,31087.760000000028,119299.7,11336.94,0.0,0.0,3.0,False,1.0,0.0,0.0,16.0,,,False,False,False,False,False,False
2000039561,2025-04,False,8.0,12.0,23.0,0.0,0.0,3.0,147.0,147.0,0.08163265306122448,0.0,271.97394557823145,39980.17000000003,131756.61,11336.94,1.0,1.0,6.0,False,0.9130434782608695,0.043478260869565216,0.043478260869565216,22.0,,,False,False,False,False,False,False
2000039561,2025-05,False,2.0,14.0,20.0,0.0,0.0,3.0,200.0,200.0,0.07,0.0,231.77945000000014,46355.89000000003,88898.35,11336.94,1.0,1.0,2.0,False,0.9,0.05,0.05,19.0,,,False,False,False,False,False,False
2000039561,2025-07,False,0.0,8.0,20.0,0.0,0.0,3.0,88.0,235.0,0.09090909090909091,0.0,365.4771590909094,32161.99000000003,72142.16,11336.94,0.0,1.0,35.0,False,0.8,0.15,0.05,19.0,0.009276437847866428,0.0,False,False,False,False,False,False
2000039561,2025-08,False,1.0,7.0,21.0,0.0,0.0,3.0,41.0,241.0,0.17073170731707318,0.0,633.7185365853667,25982.460000000032,72338.34999999999,11336.94,0.0,1.0,21.0,False,0.8095238095238095,0.14285714285714285,0.047619047619047616,20.0,0.10073170731707318,0.0,False,False,False,False,False,False
2000039561,2025-09,False,1.0,2.0,18.0,0.0,0.0,3.0,37.0,130.0,0.05405405405405406,0.0,110.33540540540619,4082.410000000029,56473.75,11336.94,0.0,1.0,27.0,False,0.7777777777777778,0.16666666666666666,0.05555555555555555,17.0,-0.11798895669863413,0.0,False,False,False,False,False,False
2000039561,2025-10,False,2.0,4.0,12.0,0.0,0.0,3.0,70.0,158.0,0.05714285714285714,0.0,608.898428571429,42622.89000000003,74784.88,27203.54,0.0,0.0,16.0,False,0.8333333333333334,0.16666666666666666,0.0,12.0,-0.03376623376623377,0.0,False,False,False,False,False,False
2000039561,2025-11,False,4.0,7.0,14.0,0.0,0.0,3.0,74.0,115.0,0.0945945945945946,0.0,786.9979729729735,58237.850000000035,84220.31,27203.54,0.0,0.0,8.0,False,0.8571428571428571,0.14285714285714285,0.0,14.0,-0.07613711272247858,0.0,False,False,False,False,False,False
2000039561,2025-12,False,2.0,8.0,10.0,0.0,0.0,3.0,89.0,126.0,0.0898876404494382,0.0,781.7392134831465,69574.79000000004,73657.20000000001,27203.54,0.0,0.0,17.0,False,0.9,0.1,0.0,10.0,0.03583358639538414,0.0,False,False,False,False,False,False
2000039561,2026-01,False,0.0,6.0,10.0,0.0,0.0,3.0,60.0,130.0,0.1,0.0,517.2385000000006,31034.310000000034,73657.20000000001,27203.54,0.0,0.0,48.0,False,0.9,0.1,0.0,10.0,0.042857142857142864,0.0,False,False,False,False,False,False
2000039561,2026-02,False,0.0,2.0,9.0,0.0,0.0,3.0,50.0,124.0,0.04,0.0,304.4632000000007,15223.160000000036,73461.01000000001,27203.54,0.0,0.0,79.0,False,0.8888888888888888,0.1111111111111111,0.0,9.0,-0.0545945945945946,0.0,False,False,False,False,False,False
2000040241,2020-12,False,0.0,0.0,0.0,0.0,0.0,0.0,0.0,0.0,,,,0.0,0.0,0.0,0.0,0.0,,False,,,,0.0,,,True,True,True,True,True,True
2000040241,2021-04,False,0.0,0.0,1.0,0.0,0.0,3.0,0.0,0.0,,,,0.0,33.36,33.36,0.0,0.0,118.0,False,0.0,1.0,0.0,1.0,,,True,True,True,True,False,False
2000040241,2022-04,False,0.0,0.0,0.0,0.0,0.0,0.0,0.0,0.0,,,,0.0,0.0,0.0,0.0,0.0,340.0,False,,,,0.0,,,True,True,True,True,False,True
2000040241,2022-12,False,0.0,0.0,0.0,0.0,0.0,0.0,0.0,0.0,,,,0.0,0.0,0.0,0.0,0.0,232.0,False,,,,0.0,,,True,True,True,True,False,True
2000040241,2023-01,False,1.0,1.0,1.0,0.0,0.0,3.0,0.0,0.0,,,,128.59,128.59,128.59,0.0,0.0,30.0,False,1.0,0.0,0.0,1.0,,,True,True,True,True,False,False
2000040241,2023-03,False,0.0,2.0,2.0,0.0,0.0,3.0,0.0,0.0,,,,506.99,506.99,378.4,0.0,0.0,37.0,False,0.5,0.5,0.0,2.0,,,True,True,True,True,False,False
2000040241,2023-05,False,0.0,1.0,3.0,0.0,0.0,3.0,0.0,0.0,,,,14.44,521.4300000000001,378.4,0.0,0.0,46.0,False,0.6666666666666666,0.3333333333333333,0.0,3.0,,,True,True,True,True,False,False
2000040241,2023-08,False,0.0,2.0,3.0,0.0,0.0,3.0,0.0,0.0,,,,164.88,179.32,137.44,0.0,0.0,85.0,False,0.3333333333333333,0.6666666666666666,0.0,3.0,,,True,True,True,True,False,False
2000040241,2024-01,False,0.0,0.0,3.0,0.0,0.0,3.0,0.0,0.0,,,,0.0,1548.5099999999998,1170.11,0.0,0.0,124.0,False,0.3333333333333333,0.6666666666666666,0.0,3.0,,,True,True,True,True,False,False
2000040241,2024-04,False,0.0,1.0,1.0,0.0,0.0,3.0,0.0,0.0,,,,337.32,337.32,337.32,0.0,0.0,82.0,False,0.0,0.0,1.0,0.0,,,True,True,True,True,False,False
2000040241,2024-05,False,5.0,5.0,6.0,0.0,0.0,3.0,0.0,0.0,,,,998.68,1336.0,424.84,0.0,0.0,7.0,False,0.16666666666666666,0.6666666666666666,0.16666666666666666,5.0,,,True,True,True,True,False,False
2000040241,2024-06,False,6.0,11.0,12.0,0.0,0.0,3.0,0.0,0.0,,,,2767.75,3105.0699999999997,780.39,0.0,0.0,2.0,False,0.3333333333333333,0.5833333333333334,0.08333333333333333,11.0,,,True,True,True,True,False,False
2000040241,2024-07,False,2.0,13.0,14.0,0.0,0.0,3.0,0.0,0.0,,,,3097.83,3435.1499999999996,780.39,0.0,0.0,25.0,False,0.35714285714285715,0.5714285714285714,0.07142857142857142,13.0,,,True,True,True,True,False,False
2000040241,2024-08,False,2.0,10.0,15.0,0.0,0.0,3.0,0.0,0.0,,,,2144.35,3143.0299999999997,780.39,0.0,0.0,1.0,False,0.4,0.6,0.0,15.0,,,True,True,True,True,False,False
2000040241,2024-09,False,3.0,7.0,18.0,0.0,0.0,3.0,0.0,0.0,,,,1041.6799999999998,3809.4299999999994,780.39,0.0,0.0,3.0,False,0.5,0.5,0.0,18.0,,,True,True,True,True,False,False
2000040241,2024-10,False,5.0,10.0,23.0,0.0,0.0,3.0,0.0,0.0,,,,3035.31,6133.139999999999,1468.95,0.0,0.0,7.0,False,0.6086956521739131,0.391304347826087,0.0,23.0,,,True,True,True,True,False,False
2000040241,2024-11,False,7.0,15.0,25.0,0.0,0.0,3.0,0.0,0.0,,,,4614.459999999999,6758.8099999999995,1468.95,0.0,0.0,1.0,False,0.6,0.4,0.0,25.0,,,True,True,True,True,False,False
2000040241,2025-01,False,0.0,12.0,22.0,0.0,0.0,3.0,0.0,0.0,,,,3037.68,6072.99,1468.95,0.0,0.0,39.0,False,0.7272727272727273,0.2727272727272727,0.0,22.0,,,True,True,True,True,False,False
2000040241,2025-02,False,4.0,9.0,24.0,0.0,0.0,3.0,0.0,0.0,,,,11924.96,16539.42,9533.58,0.0,0.0,5.0,False,0.75,0.25,0.0,24.0,,,True,True,True,True,False,False
2000040241,2025-03,False,4.0,8.0,25.0,0.0,0.0,3.0,0.0,0.0,,,,12626.65,17988.04,9533.58,0.0,0.0,9.0,False,0.72,0.28,0.0,25.0,,,True,True,True,True,False,False
2000040241,2025-04,False,1.0,9.0,21.0,0.0,0.0,3.0,400.0,400.0,0.0225,0.0,31.773674999999997,12709.47,15747.15,9533.58,0.0,0.0,11.0,False,0.6190476190476191,0.38095238095238093,0.0,21.0,,,False,False,False,False,False,False
2000040241,2025-05,False,0.0,5.0,14.0,0.0,0.0,3.0,425.0,425.0,0.011764705882352941,0.0,5.171388235294118,2197.84,14122.8,9533.58,0.0,0.0,41.0,False,0.7857142857142857,0.21428571428571427,0.0,14.0,,,False,False,False,False,False,False
2000040241,2025-06,False,1.0,2.0,10.0,0.0,0.0,3.0,495.0,495.0,0.00404040404040404,0.0,0.6928282828282828,342.95,12969.6,9533.58,0.0,0.0,30.0,False,0.6,0.4,0.0,10.0,,,False,False,False,False,False,False
2000040241,2025-07,False,2.0,3.0,12.0,0.0,0.0,3.0,273.0,673.0,0.01098901098901099,0.0,2.615787545787546,714.11,13423.58,9533.58,0.0,0.0,27.0,False,0.5,0.5,0.0,12.0,-0.01151098901098901,0.0,False,False,False,False,False,False
2000040241,2025-08,False,2.0,5.0,10.0,0.0,0.0,3.0,264.0,689.0,0.01893939393939394,0.0,3.478068181818182,918.21,3116.050000000002,1170.11,0.0,0.0,15.0,False,0.5,0.5,0.0,10.0,0.007174688057040999,0.0,False,False,False,False,False,False
2000040241,2025-09,False,0.0,4.0,6.0,0.0,0.0,3.0,302.0,797.0,0.013245033112582781,0.0,2.1790728476821193,658.08,1001.0300000000018,260.13,0.0,0.0,46.0,False,0.3333333333333333,0.6666666666666666,0.0,6.0,0.009204629072178741,0.0,False,False,False,False,False,False
2000040241,2025-10,False,1.0,3.0,6.0,0.0,0.0,3.0,164.0,437.0,0.018292682926829267,0.0,4.416829268292683,724.36,1438.4700000000018,520.26,0.0,0.0,7.0,False,0.3333333333333333,0.6666666666666666,0.0,6.0,0.007303671937818277,0.0,False,False,False,False,False,False
2000040241,2025-11,False,1.0,2.0,7.0,0.0,0.0,3.0,193.0,457.0,0.010362694300518135,0.0,2.8643523316062174,552.8199999999999,1471.0300000000018,520.26,0.0,0.0,18.0,False,0.2857142857142857,0.7142857142857143,0.0,7.0,-0.008576699638875805,0.0,False,False,False,False,False,False
2000040241,2026-01,False,0.0,1.0,4.0,0.0,0.0,3.0,87.0,251.0,0.011494252873563218,0.0,0.3742528735632184,32.56,756.9200000000017,520.26,0.0,0.0,79.0,False,0.5,0.5,0.0,4.0,-0.006798430053266049,0.0,False,False,False,False,False,False
2000040242,2025-05,False,0.0,0.0,0.0,0.0,0.0,0.0,0.0,0.0,,,,0.0,0.0,0.0,0.0,0.0,,False,,,,0.0,,,True,True,True,True,True,True
2000040337,2025-05,False,0.0,0.0,0.0,0.0,0.0,0.0,0.0,0.0,,,,0.0,0.0,0.0,0.0,0.0,,False,,,,0.0,,,True,True,True,True,True,True
2000040738,2025-05,False,0.0,0.0,0.0,0.0,0.0,0.0,0.0,0.0,,,,0.0,0.0,0.0,0.0,0.0,,False,,,,0.0,,,True,True,True,True,True,True
2000040739,2025-05,False,0.0,0.0,0.0,0.0,0.0,0.0,0.0,0.0,,,,0.0,0.0,0.0,0.0,0.0,,False,,,,0.0,,,True,True,True,True,True,True
2000041239,2024-06,False,0.0,0.0,0.0,0.0,0.0,0.0,0.0,0.0,,,,0.0,0.0,0.0,0.0,0.0,,False,,,,0.0,,,True,True,True,True,True,True
2000041410,2021-03,False,0.0,0.0,0.0,0.0,0.0,0.0,0.0,0.0,,,,0.0,0.0,0.0,0.0,0.0,,False,,,,0.0,,,True,True,True,True,True,True
2000041410,2021-04,False,1.0,1.0,1.0,0.0,0.0,2.0,0.0,0.0,,,,142.23,142.23,142.23,0.0,0.0,29.0,False,0.0,1.0,0.0,1.0,,,True,True,True,True,False,False
2000041410,2021-09,False,0.0,0.0,2.0,0.0,0.0,3.0,0.0,0.0,,,,0.0,424.74,282.51,0.0,0.0,138.0,False,0.0,1.0,0.0,2.0,,,True,True,True,True,False,False
2000042032,2020-12,False,0.0,0.0,0.0,0.0,0.0,0.0,0.0,0.0,,,,0.0,0.0,0.0,0.0,0.0,,False,,,,0.0,,,True,True,True,True,True,True
2000042032,2021-03,False,0.0,1.0,1.0,0.0,0.0,3.0,0.0,0.0,,,,3276.48,3276.48,3276.48,0.0,0.0,81.0,False,0.0,1.0,0.0,1.0,,,True,True,True,True,False,False
2000042178,2021-10,False,0.0,0.0,0.0,0.0,0.0,0.0,0.0,0.0,,,,0.0,0.0,0.0,0.0,0.0,,False,,,,0.0,,,True,True,True,True,True,True
2000042178,2021-12,False,0.0,1.0,1.0,1.0,1.0,4.0,0.0,0.0,,,,57639.44,57639.44,57639.44,0.0,0.0,37.0,True,1.0,0.0,0.0,1.0,,,True,True,True,True,False,False
2000042178,2022-03,False,0.0,1.0,2.0,1.0,2.0,4.0,0.0,0.0,,,,57639.44,115278.88,57639.44,0.0,0.0,88.0,True,1.0,0.0,0.0,2.0,,,True,True,True,True,False,False
2000042178,2024-01,False,0.0,0.0,0.0,0.0,0.0,0.0,0.0,0.0,,,,0.0,0.0,0.0,0.0,0.0,650.0,False,,,,0.0,,,True,True,True,True,False,True
2000042178,2024-10,False,0.0,0.0,0.0,0.0,0.0,0.0,0.0,0.0,,,,0.0,0.0,0.0,0.0,0.0,249.0,False,,,,0.0,,,True,True,True,True,False,True
2000042178,2025-01,False,0.0,1.0,1.0,0.0,0.0,3.0,0.0,0.0,,,,57639.44,57639.44,57639.44,0.0,0.0,89.0,False,1.0,0.0,0.0,1.0,,,True,True,True,True,False,False
2000042178,2025-02,False,1.0,1.0,2.0,0.0,0.0,3.0,0.0,0.0,,,,7204.93,64844.37,57639.44,0.0,0.0,9.0,False,1.0,0.0,0.0,2.0,,,True,True,True,True,False,False
2000042178,2025-03,False,2.0,3.0,4.0,0.0,0.0,3.0,0.0,0.0,,,,21614.79,79254.23000000001,57639.44,0.0,0.0,18.0,False,0.5,0.5,0.0,4.0,,,True,True,True,True,False,False
2000042178,2025-04,False,1.0,4.0,5.0,0.0,0.0,3.0,40.0,40.0,0.1,0.0,1260.86275,50434.51,108073.95000000001,57639.44,0.0,0.0,13.0,False,0.6,0.4,0.0,5.0,,,False,False,False,False,False,False
2000042178,2025-05,False,1.0,4.0,5.0,0.0,0.0,3.0,41.0,41.0,0.0975609756097561,0.0,1230.1100000000001,50434.51,57639.44,28819.72,0.0,0.0,23.0,False,0.6,0.4,0.0,5.0,,,False,False,False,False,False,False
2000042178,2025-08,False,0.0,1.0,5.0,0.0,0.0,3.0,0.0,41.0,,,,230557.76,280992.27,230557.76,0.0,0.0,78.0,False,0.6,0.4,0.0,5.0,,,True,True,True,True,False,False
2000044404,2019-12,True,0.0,0.0,0.0,0.0,0.0,0.0,0.0,0.0,,,,0.0,0.0,0.0,0.0,0.0,,False,,,,0.0,,,True,True,True,True,True,True
2000044404,2020-12,True,0.0,0.0,0.0,0.0,0.0,0.0,0.0,0.0,,,,0.0,0.0,0.0,0.0,0.0,361.0,False,,,,0.0,,,True,True,True,True,False,True
2000044404,2021-01,True,1.0,1.0,1.0,0.0,0.0,3.0,0.0,0.0,,,,353.22,353.22,353.22,0.0,0.0,22.0,False,0.0,1.0,0.0,1.0,,,True,True,True,True,False,False
2000044404,2021-09,True,0.0,0.0,0.0,0.0,0.0,0.0,0.0,0.0,,,,0.0,0.0,0.0,0.0,0.0,223.0,False,,,,0.0,,,True,True,True,True,False,True
2000044404,2022-01,True,0.0,0.0,2.0,0.0,0.0,3.0,0.0,0.0,,,,0.0,0.02,0.01,0.0,0.0,93.0,False,0.5,0.0,0.5,1.0,,,True,True,True,True,False,False
2000044404,2022-05,True,0.0,0.0,1.0,0.0,0.0,3.0,0.0,0.0,,,,0.0,33.32,33.32,0.0,0.0,110.0,False,0.0,1.0,0.0,1.0,,,True,True,True,True,False,False
2000044404,2022-06,True,2.0,2.0,3.0,0.0,0.0,3.0,0.0,0.0,,,,110.88,144.2,58.14,0.0,0.0,23.0,False,0.0,1.0,0.0,3.0,,,True,True,True,True,False,False
2000044404,2022-09,True,0.0,1.0,3.0,0.0,0.0,3.0,0.0,0.0,,,,358531.0,358641.88,358531.0,0.0,0.0,66.0,False,0.3333333333333333,0.6666666666666666,0.0,3.0,,,True,True,True,True,False,False
2000044404,2024-07,True,0.0,0.0,0.0,0.0,0.0,0.0,0.0,0.0,,,,0.0,0.0,0.0,0.0,0.0,642.0,False,,,,0.0,,,True,True,True,True,False,True
2000044404,2025-05,True,0.0,0.0,0.0,0.0,0.0,0.0,0.0,0.0,,,,0.0,0.0,0.0,0.0,0.0,282.0,False,,,,0.0,,,True,True,True,True,False,True
2000044404,2025-07,True,0.0,1.0,1.0,0.0,0.0,3.0,0.0,0.0,,,,0.0,0.0,0.0,0.0,0.0,55.0,False,0.0,1.0,0.0,1.0,,,True,True,True,True,False,False
2000044404,2025-08,True,1.0,2.0,2.0,0.0,0.0,3.0,0.0,0.0,,,,531132.63,531132.63,531132.63,0.0,0.0,30.0,False,0.0,1.0,0.0,2.0,,,True,True,True,True,False,False
2000044404,2025-10,True,0.0,2.0,3.0,0.0,0.0,3.0,0.0,0.0,,,,1062265.26,1062265.26,531132.63,0.0,0.0,57.0,False,0.3333333333333333,0.6666666666666666,0.0,3.0,,,True,True,True,True,False,False
2000046101,2025-02,False,0.0,0.0,0.0,0.0,0.0,0.0,0.0,0.0,,,,0.0,0.0,0.0,0.0,0.0,,False,,,,0.0,,,True,True,True,True,True,True
2000046101,2025-04,False,0.0,0.0,0.0,0.0,0.0,0.0,0.0,0.0,,,,0.0,0.0,0.0,0.0,0.0,,False,,,,0.0,,,True,True,True,True,True,True
2000046781,2025-02,False,0.0,0.0,0.0,0.0,0.0,0.0,0.0,0.0,,,,0.0,0.0,0.0,0.0,0.0,,False,,,,0.0,,,True,True,True,True,True,True
2000046781,2025-03,False,0.0,0.0,0.0,0.0,0.0,0.0,0.0,0.0,,,,0.0,0.0,0.0,0.0,0.0,,False,,,,0.0,,,True,True,True,True,True,True
2000046781,2025-04,False,0.0,0.0,0.0,0.0,0.0,0.0,0.0,0.0,,,,0.0,0.0,0.0,0.0,0.0,,False,,,,0.0,,,True,True,True,True,True,True
2000046781,2025-05,False,0.0,0.0,0.0,0.0,0.0,0.0,0.0,0.0,,,,0.0,0.0,0.0,0.0,0.0,,False,,,,0.0,,,True,True,True,True,True,True
2000046781,2025-06,False,0.0,0.0,0.0,0.0,0.0,0.0,0.0,0.0,,,,0.0,0.0,0.0,0.0,0.0,,False,,,,0.0,,,True,True,True,True,True,True
2000046781,2025-07,False,0.0,0.0,0.0,0.0,0.0,0.0,0.0,0.0,,,,0.0,0.0,0.0,0.0,0.0,,False,,,,0.0,,,True,True,True,True,True,True
2000046781,2026-01,False,0.0,0.0,0.0,0.0,0.0,0.0,0.0,0.0,,,,0.0,0.0,0.0,0.0,0.0,,False,,,,0.0,,,True,True,True,True,True,True
2000047746,2021-07,False,0.0,0.0,0.0,0.0,0.0,0.0,0.0,0.0,,,,0.0,0.0,0.0,0.0,0.0,,False,,,,0.0,,,True,True,True,True,True,True
2000047746,2022-11,False,0.0,0.0,0.0,0.0,0.0,0.0,0.0,0.0,,,,0.0,0.0,0.0,0.0,0.0,463.0,False,,,,0.0,,,True,True,True,True,False,True
2000047746,2024-08,False,0.0,0.0,0.0,0.0,0.0,0.0,0.0,0.0,,,,0.0,0.0,0.0,0.0,0.0,632.0,False,,,,0.0,,,True,True,True,True,False,True
2000047746,2025-05,False,0.0,0.0,0.0,0.0,0.0,0.0,0.0,0.0,,,,0.0,0.0,0.0,0.0,0.0,245.0,False,,,,0.0,,,True,True,True,True,False,True
2000047746,2025-07,False,0.0,1.0,1.0,0.0,0.0,3.0,0.0,0.0,,,,2596.99,2596.99,2596.99,0.0,0.0,43.0,False,1.0,0.0,0.0,1.0,,,True,True,True,True,False,False
2000047996,2023-08,False,0.0,0.0,0.0,0.0,0.0,0.0,0.0,0.0,,,,0.0,0.0,0.0,0.0,0.0,,False,,,,0.0,,,True,True,True,True,True,True
2000047996,2025-05,False,0.0,0.0,0.0,0.0,0.0,0.0,0.0,0.0,,,,0.0,0.0,0.0,0.0,0.0,638.0,False,,,,0.0,,,True,True,True,True,False,True
2000048498,2024-05,False,0.0,0.0,0.0,0.0,0.0,0.0,0.0,0.0,,,,0.0,0.0,0.0,0.0,0.0,,False,,,,0.0,,,True,True,True,True,True,True
2000048498,2025-05,False,0.0,0.0,0.0,0.0,0.0,0.0,0.0,0.0,,,,0.0,0.0,0.0,0.0,0.0,353.0,False,,,,0.0,,,True,True,True,True,False,True
2000048498,2025-12,False,0.0,0.0,0.0,0.0,0.0,0.0,0.0,0.0,,,,0.0,0.0,0.0,0.0,0.0,567.0,False,,,,0.0,,,True,True,True,True,False,True
2000048498,2026-02,False,0.0,1.0,1.0,0.0,0.0,3.0,0.0,0.0,,,,4037.56,4037.56,4037.56,0.0,0.0,51.0,False,1.0,0.0,0.0,1.0,,,True,True,True,True,False,False
2000049283,2025-05,False,0.0,0.0,0.0,0.0,0.0,0.0,0.0,0.0,,,,0.0,0.0,0.0,0.0,0.0,,False,,,,0.0,,,True,True,True,True,True,True
2000049744,2025-05,False,0.0,0.0,0.0,0.0,0.0,0.0,0.0,0.0,,,,0.0,0.0,0.0,0.0,0.0,,False,,,,0.0,,,True,True,True,True,True,True
2000050539,2026-01,False,0.0,0.0,0.0,0.0,0.0,0.0,0.0,0.0,,,,0.0,0.0,0.0,0.0,0.0,,False,,,,0.0,,,True,True,True,True,True,True
2000051688,2020-11,False,0.0,0.0,0.0,0.0,0.0,0.0,0.0,0.0,,,,0.0,0.0,0.0,0.0,0.0,,False,,,,0.0,,,True,True,True,True,True,True
2000051688,2020-12,False,1.0,1.0,1.0,0.0,0.0,3.0,0.0,0.0,,,,0.01,0.01,0.01,0.0,0.0,13.0,False,1.0,0.0,0.0,1.0,,,True,True,True,True,False,False
2000051688,2021-02,False,0.0,2.0,2.0,1.0,1.0,4.0,0.0,0.0,,,,0.01,0.01,0.01,0.0,0.0,49.0,True,1.0,0.0,0.0,2.0,,,True,True,True,True,False,False
2000051688,2023-11,False,0.0,0.0,0.0,0.0,0.0,0.0,0.0,0.0,,,,0.0,0.0,0.0,0.0,0.0,1000.0,False,,,,0.0,,,True,True,True,True,False,True
2000051688,2024-02,False,0.0,1.0,1.0,0.0,0.0,3.0,0.0,0.0,,,,0.0,0.0,0.0,0.0,0.0,91.0,False,1.0,0.0,0.0,1.0,,,True,True,True,True,False,False
2000051688,2025-03,False,0.0,0.0,0.0,0.0,0.0,0.0,0.0,0.0,,,,0.0,0.0,0.0,0.0,0.0,390.0,False,,,,0.0,,,True,True,True,True,False,True
2000051688,2025-06,False,0.0,0.0,0.0,0.0,0.0,0.0,11.0,11.0,0.0,0.0,0.0,0.0,0.0,0.0,0.0,0.0,482.0,False,,,,0.0,,,False,False,False,False,False,True
2000051688,2025-07,False,0.0,0.0,0.0,0.0,0.0,0.0,8.0,19.0,0.0,0.0,0.0,0.0,0.0,0.0,0.0,0.0,512.0,False,,,,0.0,0.0,0.0,False,False,False,False,False,True
2000051688,2025-08,False,0.0,0.0,0.0,0.0,0.0,0.0,14.0,25.0,0.0,0.0,0.0,0.0,0.0,0.0,0.0,0.0,543.0,False,,,,0.0,0.0,0.0,False,False,False,False,False,True
2000051688,2025-09,False,2.0,2.0,2.0,0.0,0.0,3.0,82.0,93.0,0.024390243902439025,0.0,0.00024390243902439024,0.02,0.02,0.02,0.0,0.0,17.0,False,1.0,0.0,0.0,2.0,0.024390243902439025,0.0,False,False,False,False,False,False
2000051819,2025-02,False,0.0,0.0,0.0,0.0,0.0,0.0,0.0,0.0,,,,0.0,0.0,0.0,0.0,0.0,,False,,,,0.0,,,True,True,True,True,True,True
2000051819,2025-04,False,0.0,0.0,0.0,0.0,0.0,0.0,130.0,130.0,0.0,0.0,0.0,0.0,0.0,0.0,0.0,0.0,,False,,,,0.0,,,False,False,False,False,True,True
2000051819,2025-05,False,0.0,0.0,0.0,0.0,0.0,0.0,324.0,324.0,0.0,0.0,0.0,0.0,0.0,0.0,0.0,0.0,,False,,,,0.0,,,False,False,False,False,True,True
2000051819,2025-06,False,0.0,0.0,0.0,0.0,0.0,0.0,27533.0,27663.0,0.0,0.0,0.0,0.0,0.0,0.0,0.0,0.0,,False,,,,0.0,0.0,0.0,False,False,False,False,True,True
2000051819,2025-07,False,0.0,0.0,0.0,0.0,0.0,0.0,27946.0,28076.0,0.0,0.0,0.0,0.0,0.0,0.0,0.0,0.0,,False,,,,0.0,0.0,0.0,False,False,False,False,True,True
2000051819,2025-09,False,0.0,0.0,0.0,0.0,0.0,0.0,513.0,28046.0,0.0,0.0,0.0,0.0,0.0,0.0,0.0,0.0,,False,,,,0.0,0.0,0.0,False,False,False,False,True,True
2000051819,2025-10,False,0.0,0.0,0.0,0.0,0.0,0.0,100.0,28046.0,0.0,0.0,0.0,0.0,0.0,0.0,0.0,0.0,,False,,,,0.0,0.0,0.0,False,False,False,False,True,True
2000051819,2025-11,False,0.0,0.0,0.0,0.0,0.0,0.0,446.0,28298.0,0.0,0.0,0.0,0.0,0.0,0.0,0.0,0.0,,False,,,,0.0,0.0,0.0,False,False,False,False,True,True
2000051819,2025-12,False,0.0,0.0,0.0,0.0,0.0,0.0,1041.0,1554.0,0.0,0.0,0.0,0.0,0.0,0.0,0.0,0.0,,False,,,,0.0,0.0,0.0,False,False,False,False,True,True
2000051819,2026-02,False,0.0,0.0,0.0,0.0,0.0,0.0,823.0,1269.0,0.0,0.0,0.0,0.0,0.0,0.0,0.0,0.0,,False,,,,0.0,0.0,0.0,False,False,False,False,True,True
2000052777,2025-05,False,0.0,0.0,0.0,0.0,0.0,0.0,0.0,0.0,,,,0.0,0.0,0.0,0.0,0.0,,False,,,,0.0,,,True,True,True,True,True,True
2000052820,2025-05,False,0.0,0.0,0.0,0.0,0.0,0.0,0.0,0.0,,,,0.0,0.0,0.0,0.0,0.0,,False,,,,0.0,,,True,True,True,True,True,True
2000052821,2025-05,False,0.0,0.0,0.0,0.0,0.0,0.0,0.0,0.0,,,,0.0,0.0,0.0,0.0,0.0,,False,,,,0.0,,,True,True,True,True,True,True
2000052821,2025-12,False,0.0,0.0,0.0,0.0,0.0,0.0,0.0,0.0,,,,0.0,0.0,0.0,0.0,0.0,,False,,,,0.0,,,True,True,True,True,True,True
2000052822,2025-05,False,0.0,0.0,0.0,0.0,0.0,0.0,0.0,0.0,,,,0.0,0.0,0.0,0.0,0.0,,False,,,,0.0,,,True,True,True,True,True,True
2000053039,2023-01,False,0.0,0.0,0.0,0.0,0.0,0.0,0.0,0.0,,,,0.0,0.0,0.0,0.0,0.0,,False,,,,0.0,,,True,True,True,True,True,True
2000053536,2020-03,False,0.0,0.0,0.0,0.0,0.0,0.0,0.0,0.0,,,,0.0,0.0,0.0,0.0,0.0,,False,,,,0.0,,,True,True,True,True,True,True
2000053536,2020-12,False,0.0,0.0,0.0,0.0,0.0,0.0,0.0,0.0,,,,0.0,0.0,0.0,0.0,0.0,257.0,False,,,,0.0,,,True,True,True,True,False,True
2000053536,2021-11,False,0.0,0.0,0.0,0.0,0.0,0.0,0.0,0.0,,,,0.0,0.0,0.0,0.0,0.0,320.0,False,,,,0.0,,,True,True,True,True,False,True
2000053536,2024-12,False,0.0,0.0,0.0,0.0,0.0,0.0,0.0,0.0,,,,0.0,0.0,0.0,0.0,0.0,1111.0,False,,,,0.0,,,True,True,True,True,False,True
2000053536,2025-03,False,0.0,2.0,2.0,0.0,0.0,2.0,0.0,0.0,,,,444.0,444.0,296.0,0.0,0.0,71.0,False,0.0,1.0,0.0,2.0,,,True,True,True,True,False,False
2000053536,2025-05,False,0.0,0.0,2.0,0.0,0.0,2.0,9.0,9.0,0.0,0.0,0.0,0.0,444.0,296.0,0.0,0.0,132.0,False,0.0,1.0,0.0,2.0,,,False,False,False,False,False,False
2000053536,2025-06,False,0.0,0.0,2.0,0.0,0.0,2.0,17.0,17.0,0.0,0.0,0.0,0.0,444.0,296.0,0.0,0.0,163.0,False,0.0,1.0,0.0,2.0,,,False,False,False,False,False,False
2000053536,2025-07,False,0.0,0.0,0.0,0.0,0.0,0.0,12.0,21.0,0.0,0.0,0.0,0.0,0.0,0.0,0.0,0.0,193.0,False,,,,0.0,0.0,0.0,False,False,False,False,False,True
2000053536,2025-08,False,0.0,0.0,0.0,0.0,0.0,0.0,16.0,25.0,0.0,0.0,0.0,0.0,0.0,0.0,0.0,0.0,224.0,False,,,,0.0,0.0,0.0,False,False,False,False,False,True
2000053536,2025-09,False,0.0,0.0,0.0,0.0,0.0,0.0,12.0,29.0,0.0,0.0,0.0,0.0,0.0,0.0,0.0,0.0,255.0,False,,,,0.0,0.0,0.0,False,False,False,False,False,True
2000053536,2025-10,False,0.0,0.0,0.0,0.0,0.0,0.0,12.0,24.0,0.0,0.0,0.0,0.0,0.0,0.0,0.0,0.0,285.0,False,,,,0.0,0.0,0.0,False,False,False,False,False,True
2000053536,2025-11,False,0.0,0.0,0.0,0.0,0.0,0.0,12.0,28.0,0.0,0.0,0.0,0.0,0.0,0.0,0.0,0.0,316.0,False,,,,0.0,0.0,0.0,False,False,False,False,False,True
2000053536,2025-12,False,0.0,0.0,0.0,0.0,0.0,0.0,12.0,24.0,0.0,0.0,0.0,0.0,0.0,0.0,0.0,0.0,346.0,False,,,,0.0,0.0,0.0,False,False,False,False,False,True
2000053536,2026-02,False,0.0,0.0,0.0,0.0,0.0,0.0,8.0,20.0,0.0,0.0,0.0,0.0,0.0,0.0,0.0,0.0,408.0,False,,,,0.0,0.0,0.0,False,False,False,False,False,True
2000054285,2021-01,False,0.0,0.0,0.0,0.0,0.0,0.0,0.0,0.0,,,,0.0,0.0,0.0,0.0,0.0,,False,,,,0.0,,,True,True,True,True,True,True
2000054285,2021-02,False,1.0,1.0,1.0,0.0,0.0,3.0,0.0,0.0,,,,0.01,0.01,0.01,0.0,0.0,2.0,False,1.0,0.0,0.0,1.0,,,True,True,True,True,False,False
2000054285,2021-05,False,0.0,1.0,2.0,0.0,0.0,3.0,0.0,0.0,,,,0.37,0.38,0.37,0.0,0.0,87.0,False,1.0,0.0,0.0,2.0,,,True,True,True,True,False,False
2000054285,2021-06,False,1.0,1.0,3.0,0.0,0.0,3.0,0.0,0.0,,,,2.22,2.6,2.22,0.0,0.0,26.0,False,0.6666666666666666,0.3333333333333333,0.0,3.0,,,True,True,True,True,False,False
2000054285,2023-07,False,0.0,0.0,0.0,0.0,0.0,0.0,0.0,0.0,,,,0.0,0.0,0.0,0.0,0.0,752.0,False,,,,0.0,,,True,True,True,True,False,True
2000054285,2024-11,False,0.0,0.0,0.0,0.0,0.0,0.0,0.0,0.0,,,,0.0,0.0,0.0,0.0,0.0,466.0,False,,,,0.0,,,True,True,True,True,False,True
2000054285,2025-05,False,0.0,0.0,1.0,0.0,0.0,3.0,0.0,0.0,,,,0.0,14.31,14.31,0.0,0.0,174.0,False,1.0,0.0,0.0,1.0,,,True,True,True,True,False,False
2000055327,2025-08,False,0.0,0.0,0.0,0.0,0.0,0.0,0.0,0.0,,,,0.0,0.0,0.0,0.0,0.0,,False,,,,0.0,,,True,True,True,True,True,True
2000055353,2021-06,False,0.0,0.0,0.0,0.0,0.0,0.0,0.0,0.0,,,,0.0,0.0,0.0,0.0,0.0,,False,,,,0.0,,,True,True,True,True,True,True
2000055641,2025-01,False,0.0,0.0,0.0,0.0,0.0,0.0,0.0,0.0,,,,0.0,0.0,0.0,0.0,0.0,,False,,,,0.0,,,True,True,True,True,True,True
2000055641,2025-03,False,0.0,1.0,1.0,0.0,0.0,3.0,0.0,0.0,,,,58.81,58.81,58.81,0.0,0.0,29.0,False,0.0,1.0,0.0,1.0,,,True,True,True,True,False,False
2000055641,2025-04,False,0.0,1.0,1.0,0.0,0.0,3.0,370.0,370.0,0.002702702702702703,0.0,0.15894594594594597,58.81,58.81,58.81,0.0,0.0,60.0,False,0.0,1.0,0.0,1.0,,,False,False,False,False,False,False
2000055641,2025-05,False,0.0,0.0,1.0,0.0,0.0,3.0,5523.54,5523.54,0.0,0.0,0.0,0.0,58.81,58.81,0.0,0.0,90.0,False,0.0,1.0,0.0,1.0,,,False,False,False,False,False,False
2000055641,2025-10,False,0.0,0.0,0.0,0.0,0.0,0.0,0.0,5599.54,,,,0.0,0.0,0.0,0.0,0.0,243.0,False,,,,0.0,,,True,True,True,True,False,True
2000055856,2019-10,False,0.0,0.0,0.0,0.0,0.0,0.0,0.0,0.0,,,,0.0,0.0,0.0,0.0,0.0,,False,,,,0.0,,,True,True,True,True,True,True
2000055856,2020-03,False,0.0,0.0,1.0,0.0,0.0,3.0,0.0,0.0,,,,0.0,0.01,0.01,0.0,0.0,123.0,False,0.0,1.0,0.0,1.0,,,True,True,True,True,False,False
2000055856,2020-04,False,1.0,1.0,2.0,0.0,0.0,3.0,0.0,0.0,,,,0.01,0.02,0.01,0.0,0.0,30.0,False,0.0,1.0,0.0,2.0,,,True,True,True,True,False,False
2000055856,2020-07,False,0.0,1.0,2.0,0.0,0.0,2.0,0.0,0.0,,,,258.46,258.46999999999997,258.46,0.0,0.0,90.0,False,0.5,0.5,0.0,2.0,,,True,True,True,True,False,False
2000055856,2020-08,False,4.0,4.0,6.0,0.0,0.0,3.0,0.0,0.0,,,,155.20000000000002,413.66999999999996,258.46,0.0,0.0,3.0,False,0.3333333333333333,0.6666666666666666,0.0,6.0,,,True,True,True,True,False,False
2000055856,2020-09,False,3.0,7.0,9.0,0.0,0.0,3.0,0.0,0.0,,,,82499.99999999999,82758.46999999999,82259.43,0.0,0.0,13.0,False,0.2222222222222222,0.6666666666666666,0.1111111111111111,8.0,,,True,True,True,True,False,False
2000055856,2020-10,False,1.0,8.0,9.0,0.0,0.0,3.0,0.0,0.0,,,,82499.99999999999,82758.45999999999,82259.43,0.0,0.0,7.0,False,0.2222222222222222,0.6666666666666666,0.1111111111111111,8.0,,,True,True,True,True,False,False
2000055856,2020-11,False,10.0,14.0,18.0,0.0,0.0,3.0,0.0,0.0,,,,83342.99999999999,83498.19999999998,82259.43,1.0,1.0,11.0,False,0.1111111111111111,0.5,0.3888888888888889,11.0,,,True,True,True,True,False,False
2000055856,2020-12,False,2.0,13.0,20.0,0.0,0.0,3.0,0.0,0.0,,,,1247.3799999999999,83747.37999999999,82259.43,1.0,1.0,11.0,False,0.15,0.45,0.4,12.0,,,True,True,True,True,False,False
2000055856,2021-01,False,9.0,21.0,29.0,0.0,0.0,3.0,0.0,0.0,,,,361903.02,444403.02,358531.0,1.0,1.0,3.0,False,0.27586206896551724,0.41379310344827586,0.3103448275862069,20.0,,,True,True,True,True,False,False
2000055856,2021-02,False,15.0,26.0,40.0,0.0,0.0,3.0,0.0,0.0,,,,3437597.65,3520940.65,1462251.77,1.0,2.0,3.0,False,0.225,0.45,0.325,27.0,,,True,True,True,True,False,False
2000055856,2021-03,False,5.0,29.0,42.0,0.0,0.0,3.0,0.0,0.0,,,,3437645.5199999996,3438892.9,1462251.77,1.0,2.0,3.0,False,0.23809523809523808,0.47619047619047616,0.2857142857142857,30.0,,,True,True,True,True,False,False
2000055856,2021-04,False,8.0,28.0,49.0,0.0,0.0,3.0,0.0,0.0,,,,3084033.97,3445936.99,1462251.77,1.0,2.0,8.0,False,0.24489795918367346,0.5102040816326531,0.24489795918367346,37.0,,,True,True,True,True,False,False
2000055856,2021-06,False,0.0,9.0,38.0,0.0,0.0,3.0,0.0,0.0,,,,365575.09,3803220.61,1462251.77,0.0,1.0,43.0,False,0.2631578947368421,0.6052631578947368,0.13157894736842105,33.0,,,True,True,True,True,False,False
2000055856,2021-07,False,16.0,17.0,45.0,0.0,0.0,3.0,0.0,0.0,,,,6207694.52,9291728.49,1462251.77,0.0,1.0,1.0,False,0.1111111111111111,0.8,0.08888888888888889,41.0,,,True,True,True,True,False,False
2000055856,2021-08,False,4.0,20.0,34.0,0.0,0.0,3.0,0.0,0.0,,,,6214133.039999999,6580005.18,1462251.77,0.0,0.0,12.0,False,0.08823529411764706,0.8823529411764706,0.029411764705882353,33.0,,,True,True,True,True,False,False
2000055856,2021-09,False,9.0,29.0,38.0,1.0,1.0,4.0,0.0,0.0,,,,6214250.5,6579825.590000001,1462251.77,0.0,0.0,1.0,True,0.10526315789473684,0.868421052631579,0.02631578947368421,37.0,,,True,True,True,True,False,False
2000055856,2021-10,False,8.0,21.0,38.0,1.0,1.0,4.0,0.0,0.0,,,,373378.42000000004,6581072.94,1462251.77,0.0,0.0,3.0,True,0.07894736842105263,0.8947368421052632,0.02631578947368421,37.0,,,True,True,True,True,False,False
2000055856,2021-11,False,10.0,27.0,47.0,2.0,2.0,4.0,0.0,0.0,,,,10376.56,6224509.600000001,1462251.77,1.0,1.0,4.0,True,0.06382978723404255,0.8936170212765957,0.0425531914893617,45.0,,,True,True,True,True,False,False
2000055856,2021-12,False,4.0,22.0,51.0,1.0,2.0,4.0,0.0,0.0,,,,10260.77,6224511.2700000005,1462251.77,1.0,1.0,7.0,True,0.058823529411764705,0.9019607843137255,0.0392156862745098,49.0,,,True,True,True,True,False,False
2000055856,2022-01,False,3.0,17.0,38.0,1.0,2.0,4.0,0.0,0.0,,,,2230.39,375608.8100000009,358531.0,1.0,1.0,17.0,True,0.07894736842105263,0.868421052631579,0.05263157894736842,36.0,,,True,True,True,True,False,False
2000055856,2022-02,False,3.0,10.0,37.0,0.0,2.0,4.0,0.0,0.0,,,,294.51,10671.070000000931,5902.58,0.0,1.0,4.0,False,0.10810810810810811,0.8648648648648649,0.02702702702702703,36.0,,,True,True,True,True,False,False
2000055856,2022-03,False,1.0,7.0,29.0,0.0,1.0,4.0,0.0,0.0,,,,324.59999999999997,10585.370000000932,5902.58,0.0,1.0,12.0,False,0.10344827586206896,0.8620689655172413,0.034482758620689655,28.0,,,True,True,True,True,False,False
2000055856,2022-04,False,3.0,7.0,24.0,0.0,1.0,4.0,0.0,0.0,,,,94.61000000000001,2325.0000000009313,1900.0,0.0,1.0,9.0,False,0.125,0.8333333333333334,0.041666666666666664,23.0,,,True,True,True,True,False,False
2000055856,2022-05,False,8.0,12.0,22.0,0.0,0.0,3.0,0.0,0.0,,,,548.66,843.1700000009313,258.46,0.0,0.0,2.0,False,0.22727272727272727,0.6818181818181818,0.09090909090909091,20.0,,,True,True,True,True,False,False
2000055856,2022-06,False,3.0,14.0,21.0,0.0,0.0,3.0,0.0,0.0,,,,2099768.79,2100093.390000001,1462251.77,0.0,0.0,8.0,False,0.2857142857142857,0.5714285714285714,0.14285714285714285,18.0,,,True,True,True,True,False,False
2000055856,2022-08,False,0.0,9.0,21.0,0.0,0.0,3.0,0.0,0.0,,,,2457997.3000000003,2458545.9600000014,1462251.77,0.0,0.0,38.0,False,0.2857142857142857,0.5238095238095238,0.19047619047619047,17.0,,,True,True,True,True,False,False
2000055856,2022-09,False,2.0,8.0,22.0,0.0,0.0,3.0,0.0,0.0,,,,364964.93,2464733.720000001,1462251.77,0.0,0.0,17.0,False,0.22727272727272727,0.5909090909090909,0.18181818181818182,18.0,,,True,True,True,True,False,False
2000055856,2022-12,False,0.0,2.0,10.0,0.0,0.0,3.0,0.0,0.0,,,,2587.69,367552.6200000009,358531.0,0.0,0.0,70.0,False,0.2,0.6,0.2,8.0,,,True,True,True,True,False,False
2000055856,2023-02,False,0.0,3.0,7.0,0.0,0.0,3.0,0.0,0.0,,,,2858.73,11665.940000000932,3109.76,0.0,0.0,33.0,False,0.42857142857142855,0.42857142857142855,0.14285714285714285,6.0,,,True,True,True,True,False,False
2000055856,2023-04,False,0.0,5.0,8.0,0.0,0.0,2.0,0.0,0.0,,,,4941.020000000001,7799.750000000932,4142.02,0.0,0.0,33.0,False,0.375,0.625,0.0,8.0,,,True,True,True,True,False,False
2000055856,2023-05,False,13.0,18.0,21.0,0.0,0.0,3.0,0.0,0.0,,,,6625.540000000001,9484.270000000934,4142.02,0.0,0.0,3.0,False,0.23809523809523808,0.7619047619047619,0.0,21.0,,,True,True,True,True,False,False
2000055856,2023-06,False,4.0,17.0,25.0,0.0,0.0,3.0,0.0,0.0,,,,1465052.52,1472852.270000001,1462251.77,0.0,0.0,6.0,False,0.24,0.76,0.0,25.0,,,True,True,True,True,False,False
2000055856,2023-07,False,5.0,22.0,27.0,0.0,0.0,3.0,0.0,0.0,,,,1465052.55,1469993.570000001,1462251.77,0.0,0.0,9.0,False,0.14814814814814814,0.8518518518518519,0.0,27.0,,,True,True,True,True,False,False
2000055856,2023-09,False,0.0,10.0,27.0,0.0,0.0,3.0,0.0,0.0,,,,276.77,1465329.290000001,1462251.77,0.0,0.0,43.0,False,0.18518518518518517,0.8148148148148148,0.0,27.0,,,True,True,True,True,False,False
2000055856,2023-11,False,0.0,2.0,16.0,0.0,0.0,3.0,0.0,0.0,,,,69.84,1463714.610000001,1462251.77,0.0,0.0,35.0,False,0.3125,0.6875,0.0,16.0,,,True,True,True,True,False,False
2000055856,2023-12,False,9.0,11.0,21.0,0.0,0.0,3.0,0.0,0.0,,,,231.79,508.56000000093127,157.38,0.0,0.0,22.0,False,0.19047619047619047,0.8095238095238095,0.0,21.0,,,True,True,True,True,False,False
2000055856,2024-01,False,4.0,13.0,20.0,0.0,0.0,3.0,0.0,0.0,,,,303.09,649.6700000009313,157.38,0.0,0.0,5.0,False,0.2,0.75,0.05,19.0,,,True,True,True,True,False,False
2000055856,2024-02,False,8.0,21.0,23.0,0.0,0.0,3.0,0.0,0.0,,,,4057.08,4126.920000000931,2905.85,0.0,0.0,1.0,False,0.17391304347826086,0.782608695652174,0.043478260869565216,22.0,,,True,True,True,True,False,False
2000055856,2024-03,False,5.0,17.0,28.0,0.0,0.0,3.0,0.0,0.0,,,,4155.1900000000005,4386.980000000931,2905.85,0.0,0.0,1.0,False,0.14285714285714285,0.8214285714285714,0.03571428571428571,27.0,,,True,True,True,True,False,False
2000055856,2024-04,False,11.0,24.0,37.0,0.0,0.0,3.0,0.0,0.0,,,,1096329.5899999999,1096632.6800000006,1090603.88,0.0,0.0,4.0,False,0.10810810810810811,0.8108108108108109,0.08108108108108109,34.0,,,True,True,True,True,False,False
2000055856,2024-05,False,7.0,23.0,44.0,0.0,0.0,3.0,0.0,0.0,,,,1809954.79,1814011.8700000006,1090603.88,0.0,0.0,1.0,False,0.1590909090909091,0.7272727272727273,0.11363636363636363,39.0,,,True,True,True,True,False,False
2000055856,2024-06,False,10.0,28.0,45.0,0.0,0.0,3.0,0.0,0.0,,,,7942117.140000001,7946272.330000001,2547975.0,0.0,0.0,1.0,False,0.35555555555555557,0.5333333333333333,0.1111111111111111,40.0,,,True,True,True,True,False,False
2000055856,2024-07,False,5.0,22.0,46.0,0.0,0.0,3.0,0.0,0.0,,,,8907624.48,10003954.07,2547975.0,0.0,0.0,11.0,False,0.45652173913043476,0.45652173913043476,0.08695652173913043,42.0,,,True,True,True,True,False,False
2000055856,2024-08,False,4.0,19.0,42.0,0.0,0.0,3.0,0.0,0.0,,,,8190793.020000001,10000747.81,2547975.0,0.0,0.0,7.0,False,0.5238095238095238,0.38095238095238093,0.09523809523809523,38.0,,,True,True,True,True,False,False
2000055856,2024-09,False,9.0,18.0,46.0,0.0,0.0,3.0,0.0,0.0,,,,2417220.2200000007,10359337.360000001,2547975.0,1.0,1.0,5.0,False,0.6086956521739131,0.2826086956521739,0.10869565217391304,41.0,,,True,True,True,True,False,False
2000055856,2024-10,False,10.0,23.0,45.0,0.0,0.0,3.0,0.0,0.0,,,,2071984.100000001,10979608.580000002,2547975.0,1.0,1.0,5.0,False,0.7555555555555555,0.15555555555555556,0.08888888888888889,41.0,,,True,True,True,True,False,False
2000055856,2024-11,False,1.0,20.0,39.0,0.0,0.0,3.0,0.0,0.0,,,,2429967.370000001,10620760.390000002,2547975.0,1.0,1.0,4.0,False,0.8205128205128205,0.1282051282051282,0.05128205128205128,37.0,,,True,True,True,True,False,False
2000055856,2024-12,False,2.0,13.0,31.0,0.0,0.0,3.0,0.0,0.0,,,,2075610.470000001,4492830.690000001,636993.75,0.0,1.0,23.0,False,0.7419354838709677,0.1935483870967742,0.06451612903225806,29.0,,,True,True,True,True,False,False
2000055856,2025-02,False,0.0,3.0,23.0,0.0,0.0,3.0,0.0,0.0,,,,363023.71000000095,2792991.080000001,636993.75,0.0,1.0,58.0,False,0.6956521739130435,0.21739130434782608,0.08695652173913043,21.0,,,True,True,True,True,False,False
2000055856,2025-03,False,3.0,4.0,17.0,0.0,0.0,3.0,0.0,0.0,,,,360916.1600000009,2436526.6300000013,636993.75,0.0,0.0,3.0,False,0.6470588235294118,0.23529411764705882,0.11764705882352941,15.0,,,True,True,True,True,False,False
2000055856,2025-04,False,2.0,5.0,9.0,0.0,0.0,3.0,0.0,0.0,,,,2385.2000000009316,723939.910000001,358531.0,0.0,0.0,1.0,False,0.4444444444444444,0.3333333333333333,0.2222222222222222,7.0,,,True,True,True,True,False,False
2000055856,2025-05,False,2.0,7.0,10.0,0.0,0.0,3.0,0.0,0.0,,,,997909.9500000009,1360933.660000001,636993.75,0.0,0.0,13.0,False,0.3,0.5,0.2,8.0,,,True,True,True,True,False,False
2000055856,2025-06,False,3.0,7.0,11.0,0.0,0.0,3.0,0.0,0.0,,,,4499912.7700000005,4860828.930000002,1910981.25,0.0,0.0,20.0,False,0.45454545454545453,0.36363636363636365,0.18181818181818182,9.0,,,True,True,True,True,False,False
2000055856,2025-07,False,4.0,9.0,14.0,0.0,0.0,3.0,0.0,0.0,,,,4499915.920000001,4502301.120000001,1910981.25,0.0,0.0,8.0,False,0.2857142857142857,0.5714285714285714,0.14285714285714285,12.0,,,True,True,True,True,False,False
2000055856,2025-08,False,1.0,8.0,15.0,0.0,0.0,3.0,0.0,0.0,,,,3862922.170000001,4860832.120000001,1910981.25,0.0,0.0,11.0,False,0.26666666666666666,0.6,0.13333333333333333,13.0,,,True,True,True,True,False,False
2000055856,2025-09,False,2.0,7.0,14.0,0.0,0.0,3.0,0.0,0.0,,,,889666.830000001,5389579.6000000015,1910981.25,0.0,0.0,7.0,False,0.35714285714285715,0.5714285714285714,0.07142857142857142,13.0,,,True,True,True,True,False,False
2000055856,2025-11,False,0.0,3.0,11.0,0.0,0.0,3.0,0.0,0.0,,,,531132.6500000011,4394054.820000001,1910981.25,0.0,0.0,45.0,False,0.45454545454545453,0.5454545454545454,0.0,11.0,,,True,True,True,True,False,False
2000055856,2026-01,False,0.0,1.0,5.0,0.0,0.0,3.0,0.0,0.0,,,,717062.0000000009,1606725.650000001,717062.0,0.0,0.0,40.0,False,0.6,0.4,0.0,5.0,,,True,True,True,True,False,False
2000055856,2026-02,False,1.0,2.0,5.0,0.0,0.0,3.0,0.0,0.0,,,,717064.060000001,1248196.7100000011,717062.0,0.0,0.0,18.0,False,0.6,0.4,0.0,5.0,,,True,True,True,True,False,False
2000056115,2025-04,False,0.0,0.0,0.0,0.0,0.0,0.0,0.0,0.0,,,,0.0,0.0,0.0,0.0,0.0,,False,,,,0.0,,,True,True,True,True,True,True
2000059045,2020-07,False,0.0,0.0,0.0,0.0,0.0,0.0,0.0,0.0,,,,0.0,0.0,0.0,0.0,0.0,,False,,,,0.0,,,True,True,True,True,True,True
2000059045,2020-12,False,0.0,0.0,2.0,0.0,0.0,3.0,0.0,0.0,,,,0.0,973.9,486.95,0.0,0.0,123.0,False,0.0,0.5,0.5,1.0,,,True,True,True,True,False,False
2000059045,2021-03,False,0.0,4.0,4.0,0.0,0.0,3.0,0.0,0.0,,,,15004.869999999999,15004.869999999999,7154.44,0.0,0.0,68.0,False,0.5,0.0,0.5,2.0,,,True,True,True,True,False,False
2000059045,2021-04,False,2.0,2.0,6.0,0.0,0.0,3.0,0.0,0.0,,,,724.62,15729.49,7154.44,0.0,0.0,3.0,False,0.3333333333333333,0.3333333333333333,0.3333333333333333,4.0,,,True,True,True,True,False,False
2000059045,2021-05,False,1.0,3.0,7.0,0.0,0.0,3.0,0.0,0.0,,,,724.73,15729.599999999999,7154.44,0.0,0.0,3.0,False,0.42857142857142855,0.2857142857142857,0.2857142857142857,5.0,,,True,True,True,True,False,False
2000059045,2021-08,False,0.0,2.0,5.0,0.0,0.0,3.0,0.0,0.0,,,,1107.9,1832.63,692.65,0.0,0.0,68.0,False,0.4,0.4,0.2,4.0,,,True,True,True,True,False,False
2000059045,2022-01,False,0.0,0.0,2.0,0.0,0.0,3.0,0.0,0.0,,,,0.0,1130.38,991.0,0.0,0.0,135.0,False,0.0,1.0,0.0,2.0,,,True,True,True,True,False,False
2000059045,2022-05,False,0.0,0.0,2.0,0.0,0.0,3.0,0.0,0.0,,,,0.0,2497.29,1877.65,0.0,0.0,96.0,False,1.0,0.0,0.0,2.0,,,True,True,True,True,False,False
2000059045,2022-11,False,0.0,0.0,1.0,0.0,0.0,3.0,0.0,0.0,,,,0.0,124.43,124.43,0.0,0.0,172.0,False,1.0,0.0,0.0,1.0,,,True,True,True,True,False,False
2000059045,2022-12,False,1.0,1.0,1.0,0.0,0.0,3.0,0.0,0.0,,,,256.65,256.65,256.65,0.0,0.0,29.0,False,0.0,1.0,0.0,1.0,,,True,True,True,True,False,False
2000059045,2023-01,False,3.0,4.0,4.0,0.0,0.0,3.0,0.0,0.0,,,,3781.29,3781.29,1811.75,0.0,0.0,17.0,False,0.0,1.0,0.0,4.0,,,True,True,True,True,False,False
2000059045,2023-03,False,0.0,4.0,5.0,0.0,0.0,3.0,0.0,0.0,,,,3781.29,4037.94,1811.75,0.0,0.0,33.0,False,0.0,1.0,0.0,5.0,,,True,True,True,True,False,False
2000059045,2023-07,False,0.0,0.0,4.0,0.0,0.0,3.0,0.0,0.0,,,,0.0,3463.4500000000003,2314.0,0.0,0.0,94.0,False,0.75,0.25,0.0,4.0,,,True,True,True,True,False,False
2000059045,2023-09,False,0.0,1.0,4.0,0.0,0.0,3.0,0.0,0.0,,,,69.69,3276.4900000000002,2314.0,0.0,0.0,56.0,False,0.75,0.25,0.0,4.0,,,True,True,True,True,False,False
2000059045,2023-10,False,6.0,7.0,7.0,0.0,0.0,3.0,0.0,0.0,,,,330900.2,330900.2,200707.2,0.0,0.0,16.0,False,0.8571428571428571,0.14285714285714285,0.0,7.0,,,True,True,True,True,False,False
2000059045,2023-11,False,3.0,9.0,10.0,0.0,0.0,3.0,0.0,0.0,,,,380404.9,380474.59,200707.2,0.0,0.0,14.0,False,0.8,0.2,0.0,10.0,,,True,True,True,True,False,False
2000059045,2024-01,False,0.0,5.0,12.0,0.0,0.0,3.0,0.0,0.0,,,,52445.75,383345.95,200707.2,0.0,0.0,32.0,False,0.8333333333333334,0.16666666666666666,0.0,12.0,,,True,True,True,True,False,False
2000059045,2024-03,False,0.0,3.0,14.0,0.0,0.0,3.0,0.0,0.0,,,,186.49,383462.75,200707.2,0.0,0.0,30.0,False,0.8571428571428571,0.14285714285714285,0.0,14.0,,,True,True,True,True,False,False
2000059045,2024-04,False,7.0,10.0,15.0,0.0,0.0,3.0,0.0,0.0,,,,3216.95,55662.7,36407.04,0.0,0.0,12.0,False,0.4666666666666667,0.5333333333333333,0.0,15.0,,,True,True,True,True,False,False
2000059045,2024-05,False,2.0,9.0,14.0,0.0,0.0,3.0,0.0,0.0,,,,3245.09,6302.94,1811.94,0.0,0.0,8.0,False,0.35714285714285715,0.6428571428571429,0.0,14.0,,,True,True,True,True,False,False
2000059045,2024-07,False,0.0,7.0,17.0,0.0,0.0,3.0,0.0,0.0,,,,971.1,4188.05,1811.94,0.0,0.0,38.0,False,0.17647058823529413,0.8235294117647058,0.0,17.0,,,True,True,True,True,False,False
2000059045,2024-08,False,8.0,13.0,22.0,0.0,0.0,3.0,0.0,0.0,,,,4679.75,7924.84,1811.94,0.0,0.0,1.0,False,0.2727272727272727,0.7272727272727273,0.0,22.0,,,True,True,True,True,False,False
2000059045,2024-09,False,18.0,26.0,40.0,0.0,0.0,3.0,0.0,0.0,,,,9996.74,13998.3,1959.15,0.0,0.0,2.0,False,0.375,0.625,0.0,40.0,,,True,True,True,True,False,False
2000059045,2024-10,False,2.0,28.0,35.0,0.0,0.0,3.0,0.0,0.0,,,,25090.699999999997,26061.8,15093.82,0.0,0.0,13.0,False,0.45714285714285713,0.5428571428571428,0.0,35.0,,,True,True,True,True,False,False
2000059045,2024-11,False,13.0,33.0,46.0,0.0,0.0,3.0,0.0,0.0,,,,38805.11,43484.86,15093.82,0.0,0.0,1.0,False,0.5434782608695652,0.45652173913043476,0.0,46.0,,,True,True,True,True,False,False
2000059045,2024-12,False,4.0,19.0,45.0,0.0,0.0,3.0,0.0,0.0,,,,37817.450000000004,47814.189999999995,15093.82,0.0,0.0,12.0,False,0.6222222222222222,0.37777777777777777,0.0,45.0,,,True,True,True,True,False,False
2000059045,2025-01,False,4.0,21.0,49.0,0.0,0.0,3.0,0.0,0.0,,,,27419.940000000002,52510.64,15093.82,0.0,0.0,2.0,False,0.6326530612244898,0.3673469387755102,0.0,49.0,,,True,True,True,True,False,False
2000059045,2025-02,False,4.0,12.0,45.0,1.0,1.0,4.0,0.0,0.0,,,,9900.58,48705.689999999995,15093.82,0.0,0.0,3.0,True,0.6222222222222222,0.37777777777777777,0.0,45.0,,,True,True,True,True,False,False
2000059045,2025-03,False,4.0,12.0,31.0,1.0,1.0,4.0,25902.0,25902.0,0.000463284688441047,3.860705737008725e-05,0.19638174658327542,5086.68,42904.13,15093.82,0.0,0.0,11.0,True,0.6129032258064516,0.3870967741935484,0.0,31.0,,,False,False,False,False,False,False
2000059045,2025-04,False,1.0,9.0,30.0,1.0,1.0,4.0,64096.0,64096.0,0.00014041437843235148,1.560159760359461e-05,0.02331237518721917,1494.23,28914.17,5909.04,0.0,0.0,13.0,True,0.6,0.4,0.0,30.0,,,False,False,False,False,False,False
2000059045,2025-05,False,4.0,9.0,21.0,0.0,1.0,4.0,124243.0,124243.0,7.243868869875968e-05,0.0,0.03143533237284998,3905.6200000000003,13806.2,4723.45,0.0,0.0,13.0,False,0.5238095238095238,0.47619047619047616,0.0,21.0,,,False,False,False,False,False,False
2000059045,2025-06,False,8.0,13.0,25.0,0.0,1.0,4.0,120686.0,146588.0,0.00010771754801716852,0.0,0.045404935120892234,5479.74,10566.420000000002,4077.54,0.0,0.0,3.0,False,0.36,0.64,0.0,25.0,-0.00035556714042387846,-3.860705737008725e-05,False,False,False,False,False,False
2000059045,2025-07,False,4.0,16.0,25.0,0.0,1.0,4.0,94695.0,158791.0,0.00016896351444110037,0.0,0.058182269391203335,5509.57,7003.8,2160.03,0.0,0.0,5.0,False,0.32,0.68,0.0,25.0,2.8549136008748887e-05,-1.560159760359461e-05,False,False,False,False,False,False
2000059045,2025-08,False,4.0,16.0,25.0,0.0,0.0,3.0,45142.0,169385.0,0.0003544371095653715,0.0,0.07262925878339463,3278.63,7184.25,2160.03,0.0,0.0,3.0,False,0.28,0.72,0.0,25.0,0.00028199842086661184,0.0,False,False,False,False,False,False
2000059045,2025-09,False,1.0,9.0,22.0,0.0,0.0,3.0,31289.0,151975.0,0.00028764102400204546,0.0,0.06424941672792354,2010.3,7490.040000000001,2160.03,0.0,0.0,26.0,False,0.3181818181818182,0.6818181818181818,0.0,22.0,0.00017992347598487694,0.0,False,False,False,False,False,False
2000059045,2025-10,False,3.0,8.0,24.0,0.0,0.0,3.0,38301.0,132996.0,0.0002088718310226887,0.0,0.029759797394323904,1139.83,6649.400000000001,2160.03,0.0,0.0,12.0,False,0.2916666666666667,0.7083333333333334,0.0,24.0,3.990831658158832e-05,0.0,False,False,False,False,False,False
2000059045,2025-11,False,2.0,6.0,22.0,0.0,0.0,3.0,29662.0,74804.0,0.00020227901018137685,0.0,0.052062234508799134,1544.27,4822.900000000001,1348.5,0.0,0.0,10.0,False,0.22727272727272727,0.7727272727272727,0.0,22.0,-0.00015215809938399466,0.0,False,False,False,False,False,False
2000059045,2025-12,False,0.0,5.0,14.0,0.0,0.0,3.0,28730.0,60019.0,0.0001740341106856944,0.0,0.0336435781413157,966.58,2976.88,619.64,0.0,0.0,40.0,False,0.2857142857142857,0.7142857142857143,0.0,14.0,-0.00011360691331635105,0.0,False,False,False,False,False,False
2000059045,2026-01,False,4.0,6.0,14.0,0.0,0.0,3.0,10691.0,48992.0,0.0005612197175194089,0.0,0.10521840800673463,1124.8899999999999,2264.7200000000003,578.79,0.0,0.0,21.0,False,0.14285714285714285,0.8571428571428571,0.0,14.0,0.00035234788649672014,0.0,False,False,False,False,False,False
2000059045,2026-02,False,0.0,4.0,10.0,0.0,0.0,3.0,8813.0,38475.0,0.0004538749574492227,0.0,0.04784636332690343,421.66999999999996,1965.94,578.79,0.0,0.0,52.0,False,0.1,0.9,0.0,10.0,0.00025159594726784583,0.0,False,False,False,False,False,False
2000061556,2025-04,False,0.0,0.0,0.0,0.0,0.0,0.0,0.0,0.0,,,,0.0,0.0,0.0,0.0,0.0,,False,,,,0.0,,,True,True,True,True,True,True
2000061556,2025-05,False,0.0,0.0,0.0,0.0,0.0,0.0,-2180.0,-2180.0,,,,0.0,0.0,0.0,0.0,0.0,,False,,,,0.0,,,True,True,True,True,True,True
2000067889,2025-02,False,0.0,0.0,0.0,0.0,0.0,0.0,0.0,0.0,,,,0.0,0.0,0.0,0.0,0.0,,False,,,,0.0,,,True,True,True,True,True,True
2000067889,2025-03,False,0.0,0.0,0.0,0.0,0.0,0.0,41.0,41.0,0.0,0.0,0.0,0.0,0.0,0.0,0.0,0.0,,False,,,,0.0,,,False,False,False,False,True,True
2000067889,2025-04,False,0.0,0.0,0.0,0.0,0.0,0.0,793.0,793.0,0.0,0.0,0.0,0.0,0.0,0.0,0.0,0.0,,False,,,,0.0,,,False,False,False,False,True,True
2000067889,2025-05,False,0.0,0.0,0.0,0.0,0.0,0.0,1153.0,1153.0,0.0,0.0,0.0,0.0,0.0,0.0,0.0,0.0,,False,,,,0.0,,,False,False,False,False,True,True
2000067889,2025-06,False,0.0,0.0,0.0,0.0,0.0,0.0,1828.0,1869.0,0.0,0.0,0.0,0.0,0.0,0.0,0.0,0.0,,False,,,,0.0,0.0,0.0,False,False,False,False,True,True
2000067889,2025-07,False,0.0,0.0,0.0,0.0,0.0,0.0,1792.0,2585.0,0.0,0.0,0.0,0.0,0.0,0.0,0.0,0.0,,False,,,,0.0,0.0,0.0,False,False,False,False,True,True
2000067889,2025-08,False,0.0,0.0,0.0,0.0,0.0,0.0,1790.0,2943.0,0.0,0.0,0.0,0.0,0.0,0.0,0.0,0.0,,False,,,,0.0,0.0,0.0,False,False,False,False,True,True
2000067889,2025-09,False,0.0,0.0,0.0,0.0,0.0,0.0,1432.0,3260.0,0.0,0.0,0.0,0.0,0.0,0.0,0.0,0.0,,False,,,,0.0,0.0,0.0,False,False,False,False,True,True
2000067889,2025-10,False,0.0,0.0,0.0,0.0,0.0,0.0,1430.0,3222.0,0.0,0.0,0.0,0.0,0.0,0.0,0.0,0.0,,False,,,,0.0,0.0,0.0,False,False,False,False,True,True
2000069606,2022-04,False,0.0,0.0,0.0,0.0,0.0,0.0,0.0,0.0,,,,0.0,0.0,0.0,0.0,0.0,,False,,,,0.0,,,True,True,True,True,True,True
2000071093,2025-05,False,0.0,0.0,0.0,0.0,0.0,0.0,0.0,0.0,,,,0.0,0.0,0.0,0.0,0.0,,False,,,,0.0,,,True,True,True,True,True,True
2000071463,2023-11,False,0.0,0.0,0.0,0.0,0.0,0.0,0.0,0.0,,,,0.0,0.0,0.0,0.0,0.0,,False,,,,0.0,,,True,True,True,True,True,True
2000071463,2023-12,False,1.0,1.0,1.0,0.0,0.0,3.0,0.0,0.0,,,,0.0,0.0,0.0,0.0,0.0,2.0,False,0.0,1.0,0.0,1.0,,,True,True,True,True,False,False
2000071463,2024-01,False,5.0,6.0,6.0,0.0,0.0,3.0,0.0,0.0,,,,0.0,0.0,0.0,0.0,0.0,14.0,False,0.0,1.0,0.0,6.0,,,True,True,True,True,False,False
2000071463,2024-02,False,2.0,8.0,8.0,0.0,0.0,3.0,0.0,0.0,,,,0.0,0.0,0.0,0.0,0.0,28.0,False,0.0,1.0,0.0,8.0,,,True,True,True,True,False,False
2000071463,2024-03,False,1.0,8.0,9.0,0.0,0.0,3.0,0.0,0.0,,,,0.0,0.0,0.0,0.0,0.0,21.0,False,0.0,0.8888888888888888,0.1111111111111111,8.0,,,True,True,True,True,False,False
2000071463,2024-09,False,0.0,0.0,1.0,0.0,0.0,3.0,0.0,0.0,,,,0.0,0.0,0.0,0.0,0.0,174.0,False,0.0,1.0,0.0,1.0,,,True,True,True,True,False,False
2000071463,2025-03,False,0.0,0.0,1.0,0.0,0.0,3.0,0.0,0.0,,,,0.0,0.0,0.0,0.0,0.0,159.0,False,0.0,1.0,0.0,1.0,,,True,True,True,True,False,False
2000071463,2025-05,False,0.0,0.0,0.0,0.0,0.0,0.0,0.0,0.0,,,,0.0,0.0,0.0,0.0,0.0,220.0,False,,,,0.0,,,True,True,True,True,False,True
2000071463,2025-09,False,0.0,0.0,0.0,0.0,0.0,0.0,0.0,-36256.0,,,,0.0,0.0,0.0,0.0,0.0,343.0,False,,,,0.0,,,True,True,True,True,False,True
2000071463,2025-10,False,0.0,0.0,0.0,0.0,0.0,0.0,117879.7,81623.7,0.0,0.0,0.0,0.0,0.0,0.0,0.0,0.0,373.0,False,,,,0.0,,,False,False,False,False,False,True
2000072566,2021-07,False,0.0,0.0,0.0,0.0,0.0,0.0,0.0,0.0,,,,0.0,0.0,0.0,0.0,0.0,,False,,,,0.0,,,True,True,True,True,True,True
2000072566,2021-12,False,0.0,0.0,7.0,0.0,7.0,4.0,0.0,0.0,,,,0.0,91339.8,27666.46,0.0,0.0,138.0,False,1.0,0.0,0.0,7.0,,,True,True,True,True,False,False
2000072566,2022-03,False,0.0,1.0,1.0,0.0,0.0,3.0,0.0,0.0,,,,60.48,60.48,60.48,0.0,0.0,84.0,False,0.0,1.0,0.0,1.0,,,True,True,True,True,False,False
2000072566,2022-08,False,0.0,0.0,2.0,0.0,0.0,3.0,0.0,0.0,,,,0.0,1853.3899999999999,1588.62,0.0,0.0,123.0,False,1.0,0.0,0.0,2.0,,,True,True,True,True,False,False
2000072566,2022-09,False,1.0,1.0,3.0,0.0,0.0,3.0,0.0,0.0,,,,2.33,1855.7199999999998,1588.62,0.0,0.0,9.0,False,0.6666666666666666,0.3333333333333333,0.0,3.0,,,True,True,True,True,False,False
2000072566,2022-11,False,0.0,2.0,2.0,0.0,0.0,3.0,0.0,0.0,,,,4191.17,4191.17,4188.84,0.0,0.0,35.0,False,0.5,0.5,0.0,2.0,,,True,True,True,True,False,False
2000072566,2023-02,False,0.0,11.0,13.0,0.0,0.0,3.0,0.0,0.0,,,,159115.38,163306.55000000002,42145.12,0.0,0.0,78.0,False,0.23076923076923078,0.6923076923076923,0.07692307692307693,12.0,,,True,True,True,True,False,False
2000072566,2023-04,False,0.0,1.0,12.0,0.0,0.0,3.0,0.0,0.0,,,,2653.57,161768.95,42145.12,0.0,0.0,53.0,False,0.16666666666666666,0.75,0.08333333333333333,11.0,,,True,True,True,True,False,False
2000072566,2023-05,False,1.0,2.0,13.0,0.0,0.0,3.0,0.0,0.0,,,,8642.82,167758.2,42145.12,0.0,0.0,14.0,False,0.15384615384615385,0.7692307692307693,0.07692307692307693,12.0,,,True,True,True,True,False,False
2000072566,2023-06,False,6.0,7.0,8.0,0.0,0.0,3.0,0.0,0.0,,,,14975.48,17629.05,5989.25,1.0,1.0,6.0,False,0.25,0.625,0.125,7.0,,,True,True,True,True,False,False
2000072566,2023-07,False,5.0,12.0,13.0,0.0,0.0,3.0,0.0,0.0,,,,21105.57,23759.14,5989.25,1.0,1.0,4.0,False,0.46153846153846156,0.46153846153846156,0.07692307692307693,12.0,,,True,True,True,True,False,False
2000072566,2023-08,False,4.0,15.0,17.0,0.0,0.0,3.0,0.0,0.0,,,,20374.08,29016.9,5989.25,1.0,1.0,7.0,False,0.4117647058823529,0.5294117647058824,0.058823529411764705,16.0,,,True,True,True,True,False,False
2000072566,2023-09,False,2.0,11.0,18.0,0.0,0.0,3.0,0.0,0.0,,,,12116.57,27092.05,5989.25,0.0,1.0,29.0,False,0.5,0.4444444444444444,0.05555555555555555,17.0,,,True,True,True,True,False,False
2000072566,2023-10,False,2.0,8.0,20.0,0.0,0.0,3.0,0.0,0.0,,,,8885.380000000001,29990.95,5989.25,0.0,1.0,24.0,False,0.55,0.4,0.05,19.0,,,True,True,True,True,False,False
2000072566,2023-11,False,5.0,9.0,24.0,0.0,0.0,3.0,0.0,0.0,,,,19790.21,40164.29,5989.25,0.0,1.0,2.0,False,0.5833333333333334,0.375,0.041666666666666664,23.0,,,True,True,True,True,False,False
2000072566,2023-12,False,2.0,9.0,20.0,0.0,0.0,3.0,0.0,0.0,,,,23938.29,36054.86,5989.25,0.0,0.0,2.0,False,0.65,0.35,0.0,20.0,,,True,True,True,True,False,False
2000072566,2024-01,False,8.0,15.0,23.0,0.0,0.0,3.0,0.0,0.0,,,,35126.26,44011.64,5989.25,0.0,0.0,6.0,False,0.6956521739130435,0.30434782608695654,0.0,23.0,,,True,True,True,True,False,False
2000072566,2024-02,False,5.0,15.0,24.0,0.0,0.0,3.0,0.0,0.0,,,,47894.630000000005,67684.84,27666.46,0.0,0.0,6.0,False,0.6666666666666666,0.3333333333333333,0.0,24.0,,,True,True,True,True,False,False
2000072566,2024-03,False,4.0,17.0,26.0,0.0,0.0,3.0,0.0,0.0,,,,62172.11,86110.4,27666.46,0.0,0.0,7.0,False,0.6538461538461539,0.34615384615384615,0.0,26.0,,,True,True,True,True,False,False
2000072566,2024-04,False,4.0,13.0,28.0,0.0,0.0,3.0,0.0,0.0,,,,59810.350000000006,94936.61,27666.46,0.0,0.0,7.0,False,0.5714285714285714,0.42857142857142855,0.0,28.0,,,True,True,True,True,False,False
2000072566,2024-05,False,2.0,10.0,25.0,0.0,0.0,3.0,0.0,0.0,,,,33638.88,81533.51,27666.46,0.0,0.0,6.0,False,0.6,0.4,0.0,25.0,,,True,True,True,True,False,False
2000072566,2024-06,False,4.0,10.0,27.0,0.0,0.0,3.0,0.0,0.0,,,,15573.36,77745.47,27666.46,0.0,0.0,15.0,False,0.5925925925925926,0.4074074074074074,0.0,27.0,,,True,True,True,True,False,False
2000072566,2024-07,False,7.0,13.0,26.0,0.0,0.0,3.0,0.0,0.0,,,,30954.29,90764.64,27666.46,0.0,0.0,3.0,False,0.6153846153846154,0.38461538461538464,0.0,26.0,,,True,True,True,True,False,False
2000072566,2024-08,False,8.0,19.0,29.0,0.0,0.0,3.0,0.0,0.0,,,,107103.85,140742.73,36572.9,0.0,0.0,1.0,False,0.7931034482758621,0.20689655172413793,0.0,29.0,,,True,True,True,True,False,False
2000072566,2024-09,False,6.0,21.0,31.0,0.0,0.0,3.0,0.0,0.0,,,,223306.34,238879.7,110665.84,0.0,0.0,16.0,False,0.8064516129032258,0.1935483870967742,0.0,31.0,,,True,True,True,True,False,False
2000072566,2024-10,False,2.0,16.0,29.0,0.0,0.0,3.0,0.0,0.0,,,,199237.03999999998,230191.33,110665.84,0.0,0.0,1.0,False,0.8620689655172413,0.13793103448275862,0.0,29.0,,,True,True,True,True,False,False
2000072566,2024-11,False,12.0,20.0,39.0,0.0,0.0,3.0,0.0,0.0,,,,489120.69,596224.54,110665.84,0.0,0.0,1.0,False,0.8974358974358975,0.10256410256410256,0.0,39.0,,,True,True,True,True,False,False
2000072566,2024-12,False,4.0,18.0,39.0,0.0,0.0,3.0,0.0,0.0,,,,373112.22000000003,596418.5599999999,110665.84,0.0,0.0,11.0,False,0.9487179487179487,0.05128205128205128,0.0,39.0,,,True,True,True,True,False,False
2000072566,2025-01,False,11.0,27.0,43.0,0.0,0.0,3.0,0.0,0.0,,,,433681.04000000004,632918.08,110665.84,0.0,0.0,21.0,False,0.9069767441860465,0.09302325581395349,0.0,43.0,,,True,True,True,True,False,False
2000072566,2025-02,False,3.0,18.0,38.0,0.0,0.0,3.0,0.0,0.0,,,,78923.87999999999,568044.57,110665.84,0.0,0.0,1.0,False,0.868421052631579,0.13157894736842105,0.0,38.0,,,True,True,True,True,False,False
2000072566,2025-03,False,8.0,22.0,40.0,0.0,0.0,3.0,318.0,318.0,0.06918238993710692,0.0,279.4951572327044,88879.45999999999,461991.68,84290.24,0.0,0.0,1.0,False,0.825,0.175,0.0,40.0,,,False,False,False,False,False,False
2000072566,2025-04,False,6.0,17.0,44.0,0.0,0.0,3.0,918.0,918.0,0.018518518518518517,0.0,39.920947712418304,36647.43,470328.47000000003,84290.24,0.0,0.0,26.0,False,0.8636363636363636,0.13636363636363635,0.0,44.0,,,False,False,False,False,False,False
2000072566,2025-05,False,6.0,20.0,38.0,0.0,0.0,3.0,1705.0,1705.0,0.011730205278592375,0.0,20.29231671554252,34598.399999999994,113522.28,19450.72,0.0,0.0,2.0,False,0.8157894736842105,0.18421052631578946,0.0,38.0,,,False,False,False,False,False,False
2000072566,2025-06,False,5.0,17.0,39.0,0.0,0.0,3.0,1464.0,1782.0,0.011612021857923498,0.0,19.40925546448087,28415.149999999998,117294.61,19450.72,0.0,0.0,3.0,False,0.7948717948717948,0.20512820512820512,0.0,39.0,-0.05757036807918342,0.0,False,False,False,False,False,False
2000072566,2025-07,False,3.0,14.0,31.0,0.0,0.0,3.0,4380.0,5298.0,0.0031963470319634705,0.0,4.763111872146118,20862.429999999997,57509.86,13833.23,0.0,0.0,7.0,False,0.8064516129032258,0.1935483870967742,0.0,31.0,-0.015322171486555047,0.0,False,False,False,False,False,False
2000072566,2025-08,False,2.0,10.0,30.0,0.0,0.0,3.0,4819.0,6524.0,0.002075119319360863,0.0,2.9100643286989003,14023.6,48622.0,5989.25,0.0,0.0,21.0,False,0.8,0.2,0.0,30.0,-0.009655085959231513,0.0,False,False,False,False,False,False
2000072566,2025-09,False,4.0,9.0,26.0,0.0,0.0,3.0,4846.0,6310.0,0.0018572018159306646,0.0,3.6946780850185728,17904.410000000003,46319.56,5989.25,0.0,0.0,7.0,False,0.8461538461538461,0.15384615384615385,0.0,26.0,-0.009754820041992834,0.0,False,False,False,False,False,False
2000072566,2025-10,False,2.0,8.0,22.0,0.0,0.0,3.0,6037.0,10417.0,0.001325161504058307,0.0,2.595315554083154,15667.92,36530.35,5989.25,0.0,0.0,12.0,False,0.7727272727272727,0.22727272727272727,0.0,22.0,-0.0018711855279051634,0.0,False,False,False,False,False,False
2000072566,2025-11,False,5.0,11.0,21.0,0.0,0.0,3.0,5003.0,9822.0,0.002198680791525085,0.0,2.725886468119129,13637.61,27661.21,5989.25,0.0,0.0,10.0,False,0.7619047619047619,0.23809523809523808,0.0,21.0,0.00012356147216422168,0.0,False,False,False,False,False,False
2000072566,2025-12,False,4.0,11.0,20.0,0.0,0.0,3.0,5102.0,9948.0,0.002156017248137985,0.0,4.290503724029793,21890.15,39794.56,5989.25,0.0,0.0,11.0,False,0.8,0.2,0.0,20.0,0.0002988154322073205,0.0,False,False,False,False,False,False
2000072566,2026-01,False,5.0,14.0,22.0,0.0,0.0,3.0,445.0,6482.0,0.03146067415730337,0.0,76.77130337078653,34163.23,49831.15,5989.25,0.0,0.0,15.0,False,0.7727272727272727,0.22727272727272727,0.0,22.0,0.030135512653245065,0.0,False,False,False,False,False,False
2000073976,2022-02,False,0.0,0.0,0.0,0.0,0.0,0.0,0.0,0.0,,,,0.0,0.0,0.0,0.0,0.0,,False,,,,0.0,,,True,True,True,True,True,True
2000073976,2022-03,False,1.0,1.0,1.0,0.0,0.0,3.0,0.0,0.0,,,,160.25,160.25,160.25,0.0,0.0,5.0,False,1.0,0.0,0.0,1.0,,,True,True,True,True,False,False
2000073976,2022-04,False,4.0,5.0,5.0,0.0,0.0,3.0,0.0,0.0,,,,23758.05,23758.05,16677.14,0.0,0.0,3.0,False,0.6,0.4,0.0,5.0,,,True,True,True,True,False,False
2000073976,2022-06,False,0.0,5.0,6.0,0.0,0.0,3.0,0.0,0.0,,,,23680.66,23840.91,16677.14,0.0,0.0,35.0,False,0.6666666666666666,0.3333333333333333,0.0,6.0,,,True,True,True,True,False,False
2000073976,2022-07,False,1.0,2.0,7.0,0.0,0.0,3.0,0.0,0.0,,,,16760.0,40518.05,16677.14,0.0,0.0,17.0,False,0.7142857142857143,0.2857142857142857,0.0,7.0,,,True,True,True,True,False,False
2000073976,2022-10,False,0.0,2.0,4.0,0.0,0.0,2.0,0.0,0.0,,,,50833.02,67593.01999999999,50031.42,0.0,0.0,65.0,False,1.0,0.0,0.0,4.0,,,True,True,True,True,False,False
2000073976,2022-11,False,3.0,3.0,6.0,0.0,0.0,3.0,0.0,0.0,,,,19681.71,87191.87,50031.42,0.0,0.0,4.0,False,0.8333333333333334,0.16666666666666666,0.0,6.0,,,True,True,True,True,False,False
2000073976,2022-12,False,5.0,8.0,11.0,0.0,0.0,3.0,0.0,0.0,,,,27749.25,95259.40999999999,50031.42,0.0,0.0,15.0,False,0.8181818181818182,0.18181818181818182,0.0,11.0,,,True,True,True,True,False,False
2000073976,2023-01,False,3.0,11.0,13.0,0.0,0.0,3.0,0.0,0.0,,,,28550.85,79383.87,50031.42,0.0,0.0,20.0,False,0.8461538461538461,0.15384615384615385,0.0,13.0,,,True,True,True,True,False,False
2000073976,2023-02,False,2.0,10.0,13.0,0.0,0.0,3.0,0.0,0.0,,,,9403.539999999999,29085.25,16677.14,0.0,0.0,6.0,False,0.8461538461538461,0.15384615384615385,0.0,13.0,,,True,True,True,True,False,False
2000073976,2023-03,False,6.0,11.0,19.0,0.0,0.0,3.0,0.0,0.0,,,,2939.2,30688.449999999997,16677.14,0.0,0.0,7.0,False,0.8947368421052632,0.10526315789473684,0.0,19.0,,,True,True,True,True,False,False
2000073976,2023-04,False,4.0,12.0,23.0,0.0,0.0,3.0,0.0,0.0,,,,3901.0499999999997,32451.899999999998,16677.14,0.0,0.0,1.0,False,0.9130434782608695,0.08695652173913043,0.0,23.0,,,True,True,True,True,False,False
2000073976,2023-05,False,4.0,14.0,24.0,0.0,0.0,3.0,0.0,0.0,,,,4702.65,14106.189999999999,6998.74,0.0,0.0,4.0,False,0.9583333333333334,0.041666666666666664,0.0,24.0,,,True,True,True,True,False,False
2000073976,2023-06,False,9.0,17.0,28.0,0.0,0.0,3.0,0.0,0.0,,,,8972.099999999999,11911.3,2127.84,0.0,0.0,7.0,False,0.9285714285714286,0.07142857142857142,0.0,28.0,,,True,True,True,True,False,False
2000073976,2023-07,False,7.0,20.0,32.0,0.0,0.0,3.0,0.0,0.0,,,,9346.25,13247.3,2127.84,0.0,0.0,1.0,False,0.9375,0.0625,0.0,32.0,,,True,True,True,True,False,False
2000073976,2023-08,False,3.0,19.0,33.0,0.0,0.0,3.0,0.0,0.0,,,,8811.849999999999,13514.5,2127.84,0.0,0.0,6.0,False,0.9393939393939394,0.06060606060606061,0.0,33.0,,,True,True,True,True,False,False
2000073976,2023-09,False,5.0,15.0,32.0,0.0,0.0,3.0,0.0,0.0,,,,4275.2,13247.3,2127.84,0.0,0.0,7.0,False,0.9375,0.0625,0.0,32.0,,,True,True,True,True,False,False
2000073976,2023-10,False,4.0,12.0,32.0,0.0,0.0,3.0,0.0,0.0,,,,5193.04,14539.289999999999,2253.84,0.0,0.0,3.0,False,0.90625,0.09375,0.0,32.0,,,True,True,True,True,False,False
2000073976,2023-11,False,6.0,15.0,34.0,0.0,0.0,3.0,0.0,0.0,,,,6478.72,15290.57,2253.84,0.0,0.0,9.0,False,0.8823529411764706,0.11764705882352941,0.0,34.0,,,True,True,True,True,False,False
2000073976,2023-12,False,2.0,12.0,27.0,0.0,0.0,3.0,0.0,0.0,,,,5677.119999999999,9952.32,2253.84,0.0,0.0,3.0,False,0.8888888888888888,0.07407407407407407,0.037037037037037035,26.0,,,True,True,True,True,False,False
2000073976,2024-01,False,9.0,17.0,29.0,0.0,0.0,3.0,0.0,0.0,,,,5828.08,11021.119999999999,2253.84,0.0,0.0,10.0,False,0.896551724137931,0.06896551724137931,0.034482758620689655,28.0,,,True,True,True,True,False,False
2000073976,2024-02,False,7.0,18.0,33.0,0.0,0.0,3.0,0.0,0.0,,,,6145.6,12624.32,2253.84,0.0,0.0,1.0,False,0.8484848484848485,0.06060606060606061,0.09090909090909091,30.0,,,True,True,True,True,False,False
2000073976,2024-03,False,3.0,19.0,31.0,0.0,0.0,3.0,0.0,0.0,,,,6412.8,12089.92,2253.84,0.0,0.0,10.0,False,0.8387096774193549,0.06451612903225806,0.0967741935483871,28.0,,,True,True,True,True,False,False
2000073976,2024-04,False,5.0,15.0,32.0,0.0,0.0,3.0,0.0,0.0,,,,6505.279999999999,12333.36,2230.08,0.0,0.0,4.0,False,0.875,0.03125,0.09375,29.0,,,True,True,True,True,False,False
2000073976,2024-05,False,2.0,10.0,28.0,0.0,0.0,3.0,0.0,0.0,,,,4634.88,10780.48,2230.08,0.0,0.0,14.0,False,0.8928571428571429,0.0,0.10714285714285714,25.0,,,True,True,True,True,False,False
2000073976,2024-06,False,12.0,19.0,38.0,0.0,0.0,3.0,0.0,0.0,,,,15100.869999999999,21513.67,6587.69,0.0,0.0,15.0,False,0.9210526315789473,0.02631578947368421,0.05263157894736842,36.0,,,True,True,True,True,False,False
2000073976,2024-07,False,3.0,17.0,32.0,0.0,0.0,3.0,0.0,0.0,,,,12496.64,19001.92,6587.69,0.0,0.0,18.0,False,0.875,0.0625,0.0625,30.0,,,True,True,True,True,False,False
2000073976,2024-08,False,2.0,17.0,27.0,0.0,0.0,3.0,0.0,0.0,,,,12761.4,17396.28,6587.69,0.0,0.0,30.0,False,0.9259259259259259,0.07407407407407407,0.0,27.0,,,True,True,True,True,False,False
2000073976,2024-09,False,10.0,15.0,34.0,0.0,0.0,3.0,0.0,0.0,,,,4350.61,19451.48,6587.69,0.0,0.0,5.0,False,0.9117647058823529,0.058823529411764705,0.029411764705882353,33.0,,,True,True,True,True,False,False
2000073976,2024-10,False,6.0,18.0,35.0,0.0,0.0,3.0,0.0,0.0,,,,5705.83,18202.47,6587.69,0.0,0.0,11.0,False,0.9142857142857143,0.05714285714285714,0.02857142857142857,34.0,,,True,True,True,True,False,False
2000073976,2024-11,False,1.0,17.0,34.0,0.0,0.0,3.0,0.0,0.0,,,,5353.339999999999,18114.74,6587.69,0.0,0.0,31.0,False,0.8823529411764706,0.08823529411764706,0.029411764705882353,33.0,,,True,True,True,True,False,False
2000073976,2024-12,False,1.0,8.0,23.0,0.0,0.0,3.0,0.0,0.0,,,,3560.46,7911.07,1063.92,0.0,0.0,10.0,False,0.8695652173913043,0.08695652173913043,0.043478260869565216,22.0,,,True,True,True,True,False,False
2000073976,2025-01,False,1.0,3.0,21.0,0.0,0.0,3.0,0.0,0.0,,,,1698.41,7404.24,1063.92,0.0,0.0,19.0,False,0.8571428571428571,0.09523809523809523,0.047619047619047616,20.0,,,True,True,True,True,False,False
2000073976,2025-02,False,1.0,3.0,20.0,0.0,0.0,3.0,0.0,0.0,,,,1572.24,6925.579999999999,1063.92,0.0,0.0,22.0,False,0.8,0.15,0.05,19.0,,,True,True,True,True,False,False
2000073976,2025-03,False,5.0,7.0,15.0,0.0,0.0,3.0,3.0,3.0,2.3333333333333335,0.0,2942.6800000000003,8828.04,12388.5,4487.0,0.0,0.0,4.0,False,0.5333333333333333,0.4666666666666667,0.0,15.0,,,False,False,False,False,False,False
2000073976,2025-04,False,0.0,6.0,9.0,0.0,0.0,3.0,12.0,12.0,0.5,0.0,720.0183333333334,8640.220000000001,10338.630000000001,4487.0,0.0,0.0,35.0,False,0.2222222222222222,0.7777777777777778,0.0,9.0,,,False,False,False,False,False,False
2000073976,2025-05,False,0.0,5.0,8.0,0.0,0.0,3.0,754.0,754.0,0.006631299734748011,0.0,11.034111405835546,8319.720000000001,9891.960000000001,4487.0,0.0,0.0,65.0,False,0.25,0.75,0.0,8.0,,,False,False,False,False,False,False
2000073976,2025-06,False,1.0,1.0,8.0,0.0,0.0,3.0,1708.0,1711.0,0.000585480093676815,0.0,1.2458079625292742,2127.84,10955.880000000001,4487.0,0.0,0.0,5.0,False,0.25,0.75,0.0,8.0,-2.3327478532396566,0.0,False,False,False,False,False,False
2000073976,2025-07,False,4.0,5.0,11.0,0.0,0.0,3.0,20061.0,20073.0,0.00024923981855341207,0.0,1.7214286426399483,34533.58,43173.799999999996,16677.14,0.0,0.0,7.0,False,0.5454545454545454,0.45454545454545453,0.0,11.0,-0.4997507601814466,0.0,False,False,False,False,False,False
2000073976,2025-08,False,0.0,5.0,10.0,0.0,0.0,3.0,19321.0,20075.0,0.0002587857771336887,0.0,1.7873598675016822,34533.58,42853.299999999996,16677.14,0.0,0.0,38.0,False,0.6,0.4,0.0,10.0,-0.006372513957614322,0.0,False,False,False,False,False,False
2000073976,2025-12,False,0.0,0.0,5.0,0.0,0.0,3.0,0.0,18364.0,,,,0.0,33206.98999999999,16677.14,0.0,0.0,95.0,False,0.8,0.2,0.0,5.0,,,True,True,True,True,False,False
2000077242,2025-05,False,0.0,0.0,0.0,0.0,0.0,0.0,0.0,0.0,,,,0.0,0.0,0.0,0.0,0.0,,False,,,,0.0,,,True,True,True,True,True,True
2000077242,2025-08,False,0.0,0.0,0.0,0.0,0.0,0.0,0.0,0.0,,,,0.0,0.0,0.0,0.0,0.0,,False,,,,0.0,,,True,True,True,True,True,True
2000077242,2025-09,False,0.0,0.0,0.0,0.0,0.0,0.0,0.0,0.0,,,,0.0,0.0,0.0,0.0,0.0,,False,,,,0.0,,,True,True,True,True,True,True
2000077242,2026-01,False,0.0,0.0,0.0,0.0,0.0,0.0,0.0,0.0,,,,0.0,0.0,0.0,0.0,0.0,,False,,,,0.0,,,True,True,True,True,True,True
2000077594,2022-09,False,0.0,0.0,0.0,0.0,0.0,0.0,0.0,0.0,,,,0.0,0.0,0.0,0.0,0.0,,False,,,,0.0,,,True,True,True,True,True,True
2000077594,2023-07,False,0.0,0.0,0.0,0.0,0.0,0.0,0.0,0.0,,,,0.0,0.0,0.0,0.0,0.0,276.0,False,,,,0.0,,,True,True,True,True,False,True
2000077594,2024-06,False,0.0,0.0,0.0,0.0,0.0,0.0,0.0,0.0,,,,0.0,0.0,0.0,0.0,0.0,323.0,False,,,,0.0,,,True,True,True,True,False,True
2000077594,2024-09,False,0.0,1.0,1.0,0.0,0.0,3.0,0.0,0.0,,,,12555.5,12555.5,12555.5,0.0,0.0,66.0,False,0.0,1.0,0.0,1.0,,,True,True,True,True,False,False
2000077594,2024-10,False,1.0,1.0,2.0,0.0,0.0,3.0,0.0,0.0,,,,2710.43,15265.93,12555.5,0.0,0.0,21.0,False,0.0,1.0,0.0,2.0,,,True,True,True,True,False,False
2000077594,2024-11,False,2.0,3.0,4.0,0.0,0.0,3.0,0.0,0.0,,,,7931.959999999999,20487.46,12555.5,0.0,0.0,1.0,False,0.25,0.75,0.0,4.0,,,True,True,True,True,False,False
2000077594,2024-12,False,1.0,4.0,5.0,0.0,0.0,3.0,0.0,0.0,,,,21747.96,34303.46,13816.0,0.0,0.0,4.0,False,0.2,0.8,0.0,5.0,,,True,True,True,True,False,False
2000077594,2025-02,False,0.0,2.0,5.0,0.0,0.0,3.0,0.0,0.0,,,,16526.43,24458.39,13816.0,0.0,0.0,59.0,False,0.4,0.6,0.0,5.0,,,True,True,True,True,False,False
2000077594,2025-03,False,1.0,2.0,6.0,0.0,0.0,3.0,40.0,40.0,0.05,0.0,130.53825,5221.53,26969.489999999998,13816.0,0.0,0.0,24.0,False,0.3333333333333333,0.6666666666666666,0.0,6.0,,,False,False,False,False,False,False
2000077594,2025-04,False,1.0,2.0,6.0,0.0,0.0,3.0,124.0,124.0,0.016129032258064516,0.0,40.501612903225805,5022.2,26770.16,13816.0,0.0,0.0,11.0,False,0.5,0.5,0.0,6.0,,,False,False,False,False,False,False
2000077594,2025-05,False,0.0,2.0,4.0,0.0,0.0,3.0,193.0,193.0,0.010362694300518135,0.0,26.02176165803109,5022.2,21548.63,13816.0,0.0,0.0,41.0,False,0.5,0.5,0.0,4.0,,,False,False,False,False,False,False
2000077594,2025-06,False,0.0,1.0,3.0,0.0,0.0,3.0,245.0,285.0,0.004081632653061225,0.0,10.24938775510204,2511.1,7732.629999999999,2710.43,0.0,0.0,72.0,False,0.6666666666666666,0.3333333333333333,0.0,3.0,-0.04591836734693878,0.0,False,False,False,False,False,False
2000077594,2025-07,False,0.0,0.0,2.0,0.0,0.0,3.0,229.0,353.0,0.0,0.0,0.0,0.0,5022.199999999999,2511.1,0.0,0.0,102.0,False,0.5,0.5,0.0,2.0,-0.016129032258064516,0.0,False,False,False,False,False,False
2000077594,2025-08,False,0.0,0.0,2.0,0.0,0.0,3.0,269.0,462.0,0.0,0.0,0.0,0.0,5022.199999999999,2511.1,0.0,0.0,133.0,False,0.5,0.5,0.0,2.0,-0.010362694300518135,0.0,False,False,False,False,False,False
2000077594,2025-09,False,0.0,0.0,1.0,0.0,0.0,3.0,239.0,484.0,0.0,0.0,0.0,0.0,2511.1,2511.1,0.0,0.0,164.0,False,1.0,0.0,0.0,1.0,-0.004081632653061225,0.0,False,False,False,False,False,False
2000077594,2025-10,False,0.0,0.0,0.0,0.0,0.0,0.0,281.0,510.0,0.0,0.0,0.0,0.0,0.0,0.0,0.0,0.0,194.0,False,,,,0.0,0.0,0.0,False,False,False,False,False,True
2000077594,2025-11,False,2.0,2.0,2.0,0.0,0.0,3.0,340.0,609.0,0.0058823529411764705,0.0,23.91555882352941,8131.289999999999,8131.289999999999,5420.86,0.0,0.0,3.0,False,1.0,0.0,0.0,2.0,0.0058823529411764705,0.0,False,False,False,False,False,False
2000077594,2025-12,False,0.0,2.0,2.0,0.0,0.0,3.0,348.0,587.0,0.005747126436781609,0.0,23.36577586206896,8131.289999999999,8131.289999999999,5420.86,0.0,0.0,33.0,False,1.0,0.0,0.0,2.0,0.005747126436781609,0.0,False,False,False,False,False,False
2000077594,2026-02,False,0.0,1.0,3.0,0.0,0.0,3.0,262.0,602.0,0.003816793893129771,0.0,10.345152671755725,2710.43,10841.72,5420.86,0.0,0.0,53.0,False,1.0,0.0,0.0,3.0,-0.0020655590480466997,0.0,False,False,False,False,False,False
2000081442,2024-06,False,0.0,0.0,0.0,0.0,0.0,0.0,0.0,0.0,,,,0.0,0.0,0.0,0.0,0.0,,False,,,,0.0,,,True,True,True,True,True,True
2000081442,2024-07,False,1.0,1.0,1.0,0.0,0.0,3.0,0.0,0.0,,,,333.9,333.9,333.9,0.0,0.0,28.0,False,1.0,0.0,0.0,1.0,,,True,True,True,True,False,False
2000081442,2024-09,False,0.0,2.0,2.0,0.0,0.0,3.0,0.0,0.0,,,,3292.03,3292.03,2958.13,0.0,0.0,54.0,False,1.0,0.0,0.0,2.0,,,True,True,True,True,False,False
2000081442,2025-01,False,0.0,0.0,2.0,0.0,0.0,3.0,0.0,0.0,,,,0.0,6630.320000000001,3672.19,0.0,0.0,118.0,False,0.5,0.5,0.0,2.0,,,True,True,True,True,False,False
2000081442,2025-02,False,2.0,2.0,3.0,0.0,0.0,3.0,0.0,0.0,,,,7344.38,11016.57,3672.19,0.0,0.0,26.0,False,0.0,1.0,0.0,3.0,,,True,True,True,True,False,False
2000081442,2025-03,False,0.0,2.0,3.0,0.0,0.0,3.0,649.0,649.0,0.0030816640986132513,0.0,11.316456086286594,7344.38,11016.57,3672.19,0.0,0.0,54.0,False,0.0,1.0,0.0,3.0,,,False,False,False,False,False,False
2000081442,2025-04,False,1.0,3.0,3.0,0.0,0.0,3.0,1011.0,1011.0,0.002967359050445104,0.0,10.896706231454006,11016.57,11016.57,3672.19,0.0,0.0,20.0,False,0.3333333333333333,0.6666666666666666,0.0,3.0,,,False,False,False,False,False,False
2000081442,2025-05,False,0.0,1.0,3.0,0.0,0.0,3.0,34860.0,34860.0,2.8686173264486518e-05,0.0,0.10534107860011474,3672.19,11016.57,3672.19,0.0,0.0,50.0,False,0.3333333333333333,0.6666666666666666,0.0,3.0,,,False,False,False,False,False,False
2000081442,2025-06,False,1.0,2.0,4.0,0.0,0.0,3.0,34211.0,34860.0,5.84607290052907e-05,0.0,0.5366972611148462,18360.95,25705.33,14688.76,0.0,0.0,12.0,False,0.5,0.5,0.0,4.0,-0.0030232033696079605,0.0,False,False,False,False,False,False
2000081442,2025-07,False,1.0,2.0,5.0,0.0,0.0,3.0,33849.0,34860.0,5.9085940500457917e-05,0.0,0.5424369996159414,18360.95,29377.52,14688.76,0.0,0.0,6.0,False,0.6,0.4,0.0,5.0,-0.002908273109944646,0.0,False,False,False,False,False,False
2000081442,2025-09,False,0.0,1.0,3.0,0.0,0.0,3.0,92.0,34303.0,0.010869565217391304,0.0,39.91510869565217,3672.19,22033.14,14688.76,0.0,0.0,68.0,False,1.0,0.0,0.0,3.0,0.010811104488386014,0.0,False,False,False,False,False,False
2000081442,2025-10,False,1.0,1.0,3.0,0.0,0.0,3.0,92.0,33941.0,0.010869565217391304,0.0,39.91510869565217,3672.19,22033.14,14688.76,0.0,0.0,22.0,False,1.0,0.0,0.0,3.0,0.010810479276890847,0.0,False,False,False,False,False,False
2000081442,2025-11,False,2.0,3.0,5.0,0.0,0.0,3.0,0.0,92.0,,,,11016.57,29377.52,14688.76,0.0,0.0,17.0,False,1.0,0.0,0.0,5.0,,,True,True,True,True,False,False
2000081442,2026-01,False,0.0,3.0,4.0,0.0,0.0,3.0,0.0,92.0,,,,11016.57,14688.76,3672.19,0.0,0.0,42.0,False,1.0,0.0,0.0,4.0,,,True,True,True,True,False,False
2000082994,2025-03,False,0.0,0.0,0.0,0.0,0.0,0.0,0.0,0.0,,,,0.0,0.0,0.0,0.0,0.0,,False,,,,0.0,,,True,True,True,True,True,True
2000082994,2025-06,False,0.0,0.0,0.0,0.0,0.0,0.0,0.0,0.0,,,,0.0,0.0,0.0,0.0,0.0,,False,,,,0.0,,,True,True,True,True,True,True
2000082994,2025-10,False,0.0,0.0,0.0,0.0,0.0,0.0,0.0,0.0,,,,0.0,0.0,0.0,0.0,0.0,,False,,,,0.0,,,True,True,True,True,True,True
2000083539,2025-07,False,0.0,0.0,0.0,0.0,0.0,0.0,0.0,0.0,,,,0.0,0.0,0.0,0.0,0.0,,False,,,,0.0,,,True,True,True,True,True,True
2000085734,2023-10,False,0.0,0.0,0.0,0.0,0.0,0.0,0.0,0.0,,,,0.0,0.0,0.0,0.0,0.0,,False,,,,0.0,,,True,True,True,True,True,True
2000085734,2025-08,False,0.0,0.0,0.0,0.0,0.0,0.0,0.0,0.0,,,,0.0,0.0,0.0,0.0,0.0,655.0,False,,,,0.0,,,True,True,True,True,False,True
2000085734,2025-10,False,0.0,1.0,1.0,0.0,0.0,3.0,0.0,0.0,,,,16.44,16.44,16.44,0.0,0.0,34.0,False,1.0,0.0,0.0,1.0,,,True,True,True,True,False,False
2000087614,2023-05,False,0.0,0.0,0.0,0.0,0.0,0.0,0.0,0.0,,,,0.0,0.0,0.0,0.0,0.0,,False,,,,0.0,,,True,True,True,True,True,True
2000087614,2023-06,False,1.0,1.0,1.0,0.0,0.0,3.0,0.0,0.0,,,,4.03,4.03,4.03,0.0,0.0,15.0,False,0.0,1.0,0.0,1.0,,,True,True,True,True,False,False
2000087614,2023-11,False,0.0,0.0,3.0,0.0,0.0,3.0,0.0,0.0,,,,0.0,89.71000000000001,61.2,0.0,0.0,128.0,False,0.0,1.0,0.0,3.0,,,True,True,True,True,False,False
2000087614,2023-12,False,1.0,1.0,3.0,0.0,0.0,2.0,0.0,0.0,,,,102.0,187.68,102.0,0.0,0.0,1.0,False,0.0,1.0,0.0,3.0,,,True,True,True,True,False,False
2000087614,2024-01,False,3.0,4.0,4.0,0.0,0.0,3.0,0.0,0.0,,,,351.5,351.5,210.96,0.0,0.0,4.0,False,0.0,1.0,0.0,4.0,,,True,True,True,True,False,False
2000087614,2024-03,False,0.0,4.0,5.0,0.0,0.0,3.0,0.0,0.0,,,,251.59,353.59,210.96,0.0,0.0,32.0,False,0.0,1.0,0.0,5.0,,,True,True,True,True,False,False
2000087614,2024-04,False,3.0,4.0,8.0,0.0,0.0,3.0,0.0,0.0,,,,232.68,584.1800000000001,210.96,0.0,0.0,12.0,False,0.125,0.875,0.0,8.0,,,True,True,True,True,False,False
2000087614,2024-07,False,0.0,1.0,5.0,0.0,0.0,3.0,0.0,0.0,,,,39.94,272.62,105.48,0.0,0.0,69.0,False,0.2,0.8,0.0,5.0,,,True,True,True,True,False,False
2000087614,2024-08,False,7.0,7.0,11.0,0.0,0.0,3.0,0.0,0.0,,,,190.15,460.68000000000006,140.27,0.0,0.0,7.0,False,0.18181818181818182,0.8181818181818182,0.0,11.0,,,True,True,True,True,False,False
2000087614,2024-09,False,1.0,8.0,12.0,0.0,0.0,3.0,0.0,0.0,,,,470.69000000000005,741.22,280.54,0.0,0.0,19.0,False,0.25,0.75,0.0,12.0,,,True,True,True,True,False,False
2000087614,2025-02,False,0.0,0.0,3.0,0.0,0.0,3.0,0.0,0.0,,,,0.0,439.15,280.54,0.0,0.0,135.0,False,0.3333333333333333,0.6666666666666666,0.0,3.0,,,True,True,True,True,False,False
2000087614,2025-04,False,0.0,1.0,1.0,0.0,0.0,2.0,30.0,30.0,0.03333333333333333,0.0,15.476666666666665,464.29999999999995,464.3,464.3,0.0,0.0,35.0,False,1.0,0.0,0.0,1.0,,,False,False,False,False,False,False
2000087614,2025-05,False,0.0,1.0,1.0,0.0,0.0,2.0,432.0,432.0,0.0023148148148148147,0.0,1.0747685185185185,464.29999999999995,464.3,464.3,0.0,0.0,65.0,False,1.0,0.0,0.0,1.0,,,False,False,False,False,False,False
2000087614,2025-06,False,2.0,2.0,3.0,0.0,0.0,3.0,402.0,432.0,0.004975124378109453,0.0,0.019402985074626723,7.799999999999943,472.1,464.3,0.0,0.0,5.0,False,0.3333333333333333,0.6666666666666666,0.0,3.0,-0.028358208955223882,0.0,False,False,False,False,False,False
2000087614,2025-07,False,0.0,2.0,3.0,0.0,0.0,3.0,469.0,499.0,0.0042643923240938165,0.0,0.016631130063965764,7.799999999999943,472.1,464.3,0.0,0.0,35.0,False,0.3333333333333333,0.6666666666666666,0.0,3.0,-0.029068941009239516,0.0,False,False,False,False,False,False
2000087614,2025-08,False,1.0,3.0,4.0,0.0,0.0,3.0,78.0,510.0,0.038461538461538464,0.0,1.898333333333333,148.06999999999996,612.37,464.3,0.0,0.0,25.0,False,0.5,0.5,0.0,4.0,0.03614672364672365,0.0,False,False,False,False,False,False
2000087614,2025-09,False,1.0,2.0,4.0,0.0,0.0,3.0,1477.0,1879.0,0.0013540961408259986,0.0,0.10701421800947863,158.05999999999995,165.86,140.27,0.0,0.0,26.0,False,0.25,0.75,0.0,4.0,-0.0036210282372834543,0.0,False,False,False,False,False,False
2000087614,2025-10,False,1.0,3.0,5.0,0.0,0.0,3.0,3097.0,3566.0,0.0009686793671294801,0.0,0.05926380368098158,183.53999999999996,191.34000000000003,140.27,0.0,0.0,8.0,False,0.2,0.8,0.0,5.0,-0.0032957129569643365,0.0,False,False,False,False,False,False
2000087614,2025-12,False,0.0,3.0,5.0,0.0,0.0,3.0,3279.0,4756.0,0.0009149130832570906,0.0,0.03135407136322048,102.80999999999995,260.87,140.27,0.0,0.0,40.0,False,0.6,0.4,0.0,5.0,-0.000439183057568908,0.0,False,False,False,False,False,False
2000087614,2026-01,False,0.0,2.0,5.0,0.0,0.0,3.0,3136.0,6233.0,0.0006377551020408163,0.0,0.024658801020408145,77.32999999999994,260.87,140.27,0.0,0.0,71.0,False,0.6,0.4,0.0,5.0,-0.0003309242650886638,0.0,False,False,False,False,False,False
2000090776,2025-02,False,0.0,0.0,0.0,0.0,0.0,0.0,0.0,0.0,,,,0.0,0.0,0.0,0.0,0.0,,False,,,,0.0,,,True,True,True,True,True,True
2000090776,2025-05,False,0.0,0.0,0.0,0.0,0.0,0.0,0.0,0.0,,,,0.0,0.0,0.0,0.0,0.0,,False,,,,0.0,,,True,True,True,True,True,True
2000090776,2025-07,False,0.0,0.0,0.0,0.0,0.0,0.0,-0.024,-0.024,,,,0.0,0.0,0.0,0.0,0.0,,False,,,,0.0,,,True,True,True,True,True,True
2000090776,2025-08,False,0.0,0.0,0.0,0.0,0.0,0.0,-0.024,-0.024,,,,0.0,0.0,0.0,0.0,0.0,,False,,,,0.0,,,True,True,True,True,True,True
2000090776,2025-09,False,0.0,0.0,0.0,0.0,0.0,0.0,9.0,8.976,0.0,0.0,0.0,0.0,0.0,0.0,0.0,0.0,,False,,,,0.0,,,False,False,False,False,True,True
2000090776,2025-10,False,0.0,0.0,0.0,0.0,0.0,0.0,9.0,8.976,0.0,0.0,0.0,0.0,0.0,0.0,0.0,0.0,,False,,,,0.0,,,False,False,False,False,True,True
2000090818,2025-05,False,0.0,0.0,0.0,0.0,0.0,0.0,0.0,0.0,,,,0.0,0.0,0.0,0.0,0.0,,False,,,,0.0,,,True,True,True,True,True,True
2000090989,2024-08,False,0.0,0.0,0.0,0.0,0.0,0.0,0.0,0.0,,,,0.0,0.0,0.0,0.0,0.0,,False,,,,0.0,,,True,True,True,True,True,True
2000104029,2025-05,False,0.0,0.0,0.0,0.0,0.0,0.0,0.0,0.0,,,,0.0,0.0,0.0,0.0,0.0,,False,,,,0.0,,,True,True,True,True,True,True
2000104031,2025-02,False,0.0,0.0,0.0,0.0,0.0,0.0,0.0,0.0,,,,0.0,0.0,0.0,0.0,0.0,,False,,,,0.0,,,True,True,True,True,True,True
2000104031,2025-07,False,0.0,0.0,0.0,0.0,0.0,0.0,0.0,17260.0,,,,0.0,0.0,0.0,0.0,0.0,,False,,,,0.0,,,True,True,True,True,True,True
2000104031,2025-08,False,0.0,0.0,0.0,0.0,0.0,0.0,9463.0,26723.0,0.0,0.0,0.0,0.0,0.0,0.0,0.0,0.0,,False,,,,0.0,0.0,0.0,False,False,False,False,True,True
2000104031,2025-12,False,0.0,0.0,0.0,0.0,0.0,0.0,0.0,10812.0,,,,0.0,0.0,0.0,0.0,0.0,,False,,,,0.0,,,True,True,True,True,True,True
2000104031,2026-01,False,0.0,0.0,0.0,0.0,0.0,0.0,10572.0,21384.0,0.0,0.0,0.0,0.0,0.0,0.0,0.0,0.0,,False,,,,0.0,0.0,0.0,False,False,False,False,True,True
2000104129,2025-09,False,0.0,0.0,0.0,0.0,0.0,0.0,0.0,0.0,,,,0.0,0.0,0.0,0.0,0.0,,False,,,,0.0,,,True,True,True,True,True,True
2000104129,2025-10,False,2.0,2.0,2.0,0.0,0.0,3.0,0.0,0.0,,,,1475.78,1475.78,824.68,0.0,0.0,11.0,False,0.5,0.5,0.0,2.0,,,True,True,True,True,False,False
2000104129,2025-11,False,8.0,10.0,10.0,0.0,0.0,3.0,0.0,0.0,,,,101519.53000000001,101519.53000000001,95486.85,0.0,0.0,5.0,False,0.5,0.5,0.0,10.0,,,True,True,True,True,False,False
2000104129,2025-12,False,11.0,21.0,21.0,0.0,0.0,3.0,0.0,0.0,,,,124163.14000000001,124163.14000000001,95486.85,0.0,0.0,10.0,False,0.2857142857142857,0.7142857142857143,0.0,21.0,,,True,True,True,True,False,False
2000104129,2026-01,False,7.0,26.0,28.0,0.0,0.0,3.0,0.0,0.0,,,,133256.80000000002,134732.58000000002,95486.85,0.0,0.0,9.0,False,0.35714285714285715,0.6428571428571429,0.0,28.0,,,True,True,True,True,False,False
2000104129,2026-02,False,1.0,19.0,29.0,0.0,0.0,3.0,0.0,0.0,,,,65042.0,166561.53000000003,95486.85,0.0,0.0,12.0,False,0.3448275862068966,0.6551724137931034,0.0,29.0,,,True,True,True,True,False,False
2000107050,2025-02,False,0.0,0.0,0.0,0.0,0.0,0.0,0.0,0.0,,,,0.0,0.0,0.0,0.0,0.0,,False,,,,0.0,,,True,True,True,True,True,True
2000107050,2025-03,False,0.0,0.0,0.0,0.0,0.0,0.0,8.0,8.0,0.0,0.0,0.0,0.0,0.0,0.0,0.0,0.0,,False,,,,0.0,,,False,False,False,False,True,True
2000107050,2025-09,False,0.0,0.0,0.0,0.0,0.0,0.0,0.0,12.0,,,,0.0,0.0,0.0,0.0,0.0,,False,,,,0.0,,,True,True,True,True,True,True
2000107050,2025-10,False,0.0,0.0,0.0,0.0,0.0,0.0,8.0,8.0,0.0,0.0,0.0,0.0,0.0,0.0,0.0,0.0,,False,,,,0.0,,,False,False,False,False,True,True
2000107050,2025-12,False,0.0,0.0,0.0,0.0,0.0,0.0,18.0,18.0,0.0,0.0,0.0,0.0,0.0,0.0,0.0,0.0,,False,,,,0.0,,,False,False,False,False,True,True
2000107050,2026-02,False,0.0,0.0,0.0,0.0,0.0,0.0,16.0,34.0,0.0,0.0,0.0,0.0,0.0,0.0,0.0,0.0,,False,,,,0.0,0.0,0.0,False,False,False,False,True,True
2000112440,2025-04,False,0.0,0.0,0.0,0.0,0.0,0.0,0.0,0.0,,,,0.0,0.0,0.0,0.0,0.0,,False,,,,0.0,,,True,True,True,True,True,True
2000114038,2025-06,False,0.0,0.0,0.0,0.0,0.0,0.0,0.0,0.0,,,,0.0,0.0,0.0,0.0,0.0,,False,,,,0.0,,,True,True,True,True,True,True
2000119277,2025-08,False,0.0,0.0,0.0,0.0,0.0,0.0,0.0,0.0,,,,0.0,0.0,0.0,0.0,0.0,,False,,,,0.0,,,True,True,True,True,True,True
2000121455,2025-07,False,0.0,0.0,0.0,0.0,0.0,0.0,0.0,0.0,,,,0.0,0.0,0.0,0.0,0.0,,False,,,,0.0,,,True,True,True,True,True,True
2000121455,2025-09,False,0.0,0.0,0.0,0.0,0.0,0.0,51645.0,51645.0,0.0,0.0,0.0,0.0,0.0,0.0,0.0,0.0,,False,,,,0.0,,,False,False,False,False,True,True
2000122483,2025-11,False,0.0,0.0,0.0,0.0,0.0,0.0,0.0,0.0,,,,0.0,0.0,0.0,0.0,0.0,,False,,,,0.0,,,True,True,True,True,True,True
2000122483,2025-12,False,0.0,0.0,0.0,0.0,0.0,0.0,125.0,125.0,0.0,0.0,0.0,0.0,0.0,0.0,0.0,0.0,,False,,,,0.0,,,False,False,False,False,True,True
2000122761,2025-10,False,0.0,0.0,0.0,0.0,0.0,0.0,0.0,0.0,,,,0.0,0.0,0.0,0.0,0.0,,False,,,,0.0,,,True,True,True,True,True,True
2000122761,2025-11,False,0.0,0.0,0.0,0.0,0.0,0.0,777.0,777.0,0.0,0.0,0.0,0.0,0.0,0.0,0.0,0.0,,False,,,,0.0,,,False,False,False,False,True,True
